{
  "type": "FeatureCollection",
  "crs": {
    "type": "name",
    "properties": {
      "name": "urn:ogc:def:crs:OGC:1.3:CRS84"
    }
  },
  "features": [
    {
      "type": "Feature",
      "geometry": {
        "type": "MultiPolygon",
        "coordinates": [
          [
            [
              [
                -76.1732,
                9.3878
              ],
              [
                -76.1792,
                9.3983
              ],
              [
                -76.189,
                9.3931
              ],
              [
                -76.1902,
                9.3837
              ],
              [
                -76.1787,
                9.378
              ],
              [
                -76.1732,
                9.3878
              ]
            ]
          ],
          [
            [
              [
                -75.8512,
                9.8046
              ],
              [
                -75.851,
                9.7898
              ],
              [
                -75.8286,
                9.7899
              ],
              [
                -75.828,
                9.796
              ],
              [
                -75.8491,
                9.7998
              ],
              [
                -75.8512,
                9.8046
              ]
            ]
          ],
          [
            [
              [
                -75.5754,
                10.3814
              ],
              [
                -75.5799,
                10.3692
              ],
              [
                -75.5915,
                10.358
              ],
              [
                -75.5914,
                10.3234
              ],
              [
                -75.5769,
                10.3248
              ],
              [
                -75.5698,
                10.3414
              ],
              [
                -75.5467,
                10.342
              ],
              [
                -75.5395,
                10.3469
              ],
              [
                -75.5754,
                10.3814
              ]
            ]
          ],
          [
            [
              [
                -75.342,
                10.6142
              ],
              [
                -75.3424,
                10.6313
              ],
              [
                -75.309,
                10.636
              ],
              [
                -75.3001,
                10.6532
              ],
              [
                -75.287,
                10.6704
              ],
              [
                -75.2879,
                10.6913
              ],
              [
                -75.2938,
                10.7032
              ],
              [
                -75.3197,
                10.6938
              ],
              [
                -75.3573,
                10.6906
              ],
              [
                -75.3957,
                10.6817
              ],
              [
                -75.3986,
                10.6628
              ],
              [
                -75.4166,
                10.6515
              ],
              [
                -75.4213,
                10.6436
              ],
              [
                -75.4525,
                10.6261
              ],
              [
                -75.4582,
                10.5957
              ],
              [
                -75.4763,
                10.5809
              ],
              [
                -75.5115,
                10.5723
              ],
              [
                -75.5153,
                10.5605
              ],
              [
                -75.5036,
                10.5512
              ],
              [
                -75.4945,
                10.534
              ],
              [
                -75.5021,
                10.5104
              ],
              [
                -75.5012,
                10.4978
              ],
              [
                -75.4916,
                10.489
              ],
              [
                -75.5019,
                10.468
              ],
              [
                -75.5332,
                10.4381
              ],
              [
                -75.5548,
                10.424
              ],
              [
                -75.5466,
                10.413
              ],
              [
                -75.5279,
                10.4046
              ],
              [
                -75.533,
                10.3901
              ],
              [
                -75.5128,
                10.3827
              ],
              [
                -75.5074,
                10.3416
              ],
              [
                -75.5099,
                10.3253
              ],
              [
                -75.5032,
                10.3012
              ],
              [
                -75.5159,
                10.2982
              ],
              [
                -75.5346,
                10.2873
              ],
              [
                -75.5398,
                10.2757
              ],
              [
                -75.549,
                10.278
              ],
              [
                -75.5619,
                10.2695
              ],
              [
                -75.5778,
                10.2742
              ],
              [
                -75.5784,
                10.2994
              ],
              [
                -75.5905,
                10.2935
              ],
              [
                -75.5949,
                10.2816
              ],
              [
                -75.5907,
                10.2642
              ],
              [
                -75.6124,
                10.26
              ],
              [
                -75.6215,
                10.2489
              ],
              [
                -75.6052,
                10.2392
              ],
              [
                -75.6055,
                10.2297
              ],
              [
                -75.6312,
                10.1914
              ],
              [
                -75.6396,
                10.1879
              ],
              [
                -75.6493,
                10.1687
              ],
              [
                -75.659,
                10.161
              ],
              [
                -75.685,
                10.1578
              ],
              [
                -75.6986,
                10.1334
              ],
              [
                -75.6845,
                10.1307
              ],
              [
                -75.6779,
                10.1402
              ],
              [
                -75.669,
                10.1376
              ],
              [
                -75.6539,
                10.153
              ],
              [
                -75.6489,
                10.1637
              ],
              [
                -75.62,
                10.1968
              ],
              [
                -75.6026,
                10.2002
              ],
              [
                -75.5771,
                10.2235
              ],
              [
                -75.5563,
                10.2293
              ],
              [
                -75.5482,
                10.2405
              ],
              [
                -75.5246,
                10.2211
              ],
              [
                -75.5216,
                10.1925
              ],
              [
                -75.5239,
                10.1737
              ],
              [
                -75.5338,
                10.1755
              ],
              [
                -75.5168,
                10.1619
              ],
              [
                -75.5037,
                10.1625
              ],
              [
                -75.5173,
                10.2104
              ],
              [
                -75.4894,
                10.215
              ],
              [
                -75.4834,
                10.24
              ],
              [
                -75.501,
                10.2465
              ],
              [
                -75.4887,
                10.2566
              ],
              [
                -75.4862,
                10.2836
              ],
              [
                -75.4781,
                10.2852
              ],
              [
                -75.4826,
                10.3189
              ],
              [
                -75.4739,
                10.3208
              ],
              [
                -75.4424,
                10.3106
              ],
              [
                -75.4422,
                10.3157
              ],
              [
                -75.4632,
                10.3277
              ],
              [
                -75.4624,
                10.3486
              ],
              [
                -75.476,
                10.364
              ],
              [
                -75.4514,
                10.3896
              ],
              [
                -75.4246,
                10.3961
              ],
              [
                -75.423,
                10.4023
              ],
              [
                -75.44,
                10.4148
              ],
              [
                -75.4241,
                10.4256
              ],
              [
                -75.416,
                10.4391
              ],
              [
                -75.411,
                10.459
              ],
              [
                -75.4127,
                10.472
              ],
              [
                -75.4047,
                10.5094
              ],
              [
                -75.3953,
                10.5169
              ],
              [
                -75.3903,
                10.5352
              ],
              [
                -75.3712,
                10.533
              ],
              [
                -75.3713,
                10.5428
              ],
              [
                -75.3762,
                10.5524
              ],
              [
                -75.3655,
                10.561
              ],
              [
                -75.3621,
                10.5799
              ],
              [
                -75.3498,
                10.5836
              ],
              [
                -75.3481,
                10.6007
              ],
              [
                -75.342,
                10.6142
              ]
            ]
          ]
        ]
      },
      "properties": {
        "OBJECTID": 150,
        "DPTO_CCDGO": "05",
        "MPIO_CCDGO": "001",
        "name": "05001",
        "MPIO_CRSLC": "1599",
        "MPIO_NANO_": 1993,
        "MPIO_NAREA": 631.31394902,
        "MPIO_CSMBL": "4",
        "MPIO_CCNCT": "13001",
        "MPIO_NANO": 2012,
        "SHAPE_Leng": 4.12722035005,
        "SHAPE_Area": 0.0520967184508,
        "NOMBRE": "CARTAGENA",
        "DANE": {
          "dpto_ccdgo": "13",
          "mpio_ccdgo": "001",
          "mpio_cdpmp": "13001",
          "dpto_cnmbr": "BOLÍVAR",
          "mpio_cnmbr": "CARTAGENA DE INDIAS",
          "mpio_crslc": "1599",
          "mpio_tipo": "MUNICIPIO",
          "mpio_narea": 598.718656844,
          "mpio_nano": 2024,
          "shape_Leng": 4.27203883353,
          "shape_Area": 0.0494104473663
        }
      }
    },
    {
      "type": "Feature",
      "geometry": {
        "type": "Polygon",
        "coordinates": [
          [
            [
              -74.4692,
              8.824
            ],
            [
              -74.5194,
              8.83
            ],
            [
              -74.5389,
              8.8374
            ],
            [
              -74.5647,
              8.837
            ],
            [
              -74.5397,
              8.8053
            ],
            [
              -74.5642,
              8.7955
            ],
            [
              -74.5752,
              8.7855
            ],
            [
              -74.576,
              8.7747
            ],
            [
              -74.5873,
              8.7625
            ],
            [
              -74.6066,
              8.7629
            ],
            [
              -74.6099,
              8.7537
            ],
            [
              -74.6002,
              8.7452
            ],
            [
              -74.6083,
              8.7304
            ],
            [
              -74.5945,
              8.6884
            ],
            [
              -74.5971,
              8.6779
            ],
            [
              -74.5919,
              8.6655
            ],
            [
              -74.5985,
              8.6513
            ],
            [
              -74.5867,
              8.6308
            ],
            [
              -74.5878,
              8.6106
            ],
            [
              -74.5953,
              8.6004
            ],
            [
              -74.594,
              8.591
            ],
            [
              -74.5732,
              8.5814
            ],
            [
              -74.5638,
              8.5718
            ],
            [
              -74.5639,
              8.5492
            ],
            [
              -74.5726,
              8.5474
            ],
            [
              -74.5741,
              8.5301
            ],
            [
              -74.5695,
              8.51
            ],
            [
              -74.546,
              8.4956
            ],
            [
              -74.5343,
              8.4766
            ],
            [
              -74.5327,
              8.4582
            ],
            [
              -74.5375,
              8.4466
            ],
            [
              -74.539,
              8.428
            ],
            [
              -74.5304,
              8.4255
            ],
            [
              -74.5239,
              8.412
            ],
            [
              -74.5335,
              8.3914
            ],
            [
              -74.5265,
              8.3738
            ],
            [
              -74.5177,
              8.367
            ],
            [
              -74.5127,
              8.4084
            ],
            [
              -74.4956,
              8.4067
            ],
            [
              -74.4893,
              8.4112
            ],
            [
              -74.4769,
              8.4047
            ],
            [
              -74.4666,
              8.4106
            ],
            [
              -74.4561,
              8.4083
            ],
            [
              -74.4496,
              8.4273
            ],
            [
              -74.4432,
              8.4296
            ],
            [
              -74.429,
              8.4386
            ],
            [
              -74.4135,
              8.4677
            ],
            [
              -74.4061,
              8.4688
            ],
            [
              -74.3916,
              8.4597
            ],
            [
              -74.3814,
              8.459
            ],
            [
              -74.3781,
              8.4746
            ],
            [
              -74.363,
              8.4818
            ],
            [
              -74.3581,
              8.4951
            ],
            [
              -74.386,
              8.502
            ],
            [
              -74.395,
              8.5148
            ],
            [
              -74.3914,
              8.5275
            ],
            [
              -74.3777,
              8.5321
            ],
            [
              -74.3493,
              8.5362
            ],
            [
              -74.3411,
              8.5565
            ],
            [
              -74.3475,
              8.5655
            ],
            [
              -74.3472,
              8.5809
            ],
            [
              -74.3287,
              8.5948
            ],
            [
              -74.3233,
              8.6071
            ],
            [
              -74.3441,
              8.6207
            ],
            [
              -74.3582,
              8.6204
            ],
            [
              -74.3648,
              8.6272
            ],
            [
              -74.3751,
              8.6646
            ],
            [
              -74.3763,
              8.688
            ],
            [
              -74.3696,
              8.6932
            ],
            [
              -74.3891,
              8.716
            ],
            [
              -74.3863,
              8.7252
            ],
            [
              -74.372,
              8.7395
            ],
            [
              -74.3882,
              8.7503
            ],
            [
              -74.3881,
              8.7606
            ],
            [
              -74.4013,
              8.7694
            ],
            [
              -74.4216,
              8.7749
            ],
            [
              -74.4177,
              8.7885
            ],
            [
              -74.4756,
              8.7886
            ],
            [
              -74.4766,
              8.799
            ],
            [
              -74.4566,
              8.805
            ],
            [
              -74.4538,
              8.8132
            ],
            [
              -74.4692,
              8.824
            ]
          ]
        ]
      },
      "properties": {
        "OBJECTID": 151,
        "DPTO_CCDGO": "05",
        "MPIO_CCDGO": "006",
        "name": "05004",
        "MPIO_CRSLC": "Ordenanza 15 de Abril 18 de 1934",
        "MPIO_NANO_": 1993,
        "MPIO_NAREA": 972.39779334,
        "MPIO_CSMBL": "4",
        "MPIO_CCNCT": "13006",
        "MPIO_NANO": 2012,
        "SHAPE_Leng": 1.70792347969,
        "SHAPE_Area": 0.0798744131581,
        "NOMBRE": "ACHI",
        "DANE": {
          "dpto_ccdgo": "13",
          "mpio_ccdgo": "006",
          "mpio_cdpmp": "13006",
          "dpto_cnmbr": "BOLÍVAR",
          "mpio_cnmbr": "ACHÍ",
          "mpio_crslc": "Ordenanza 15 de Abril 18 de 1934",
          "mpio_tipo": "MUNICIPIO",
          "mpio_narea": 951.732702292,
          "mpio_nano": 2024,
          "shape_Leng": 1.83820228516,
          "shape_Area": 0.0781763297888
        }
      }
    },
    {
      "type": "Feature",
      "geometry": {
        "type": "Polygon",
        "coordinates": [
          [
            [
              -74.1772,
              8.6563
            ],
            [
              -74.1673,
              8.6614
            ],
            [
              -74.1639,
              8.6744
            ],
            [
              -74.1672,
              8.6887
            ],
            [
              -74.1907,
              8.6808
            ],
            [
              -74.207,
              8.6858
            ],
            [
              -74.2023,
              8.7102
            ],
            [
              -74.1738,
              8.7137
            ],
            [
              -74.1434,
              8.7099
            ],
            [
              -74.1154,
              8.7335
            ],
            [
              -74.1163,
              8.7427
            ],
            [
              -74.0885,
              8.7726
            ],
            [
              -74.0709,
              8.8063
            ],
            [
              -74.0776,
              8.8224
            ],
            [
              -74.0962,
              8.819
            ],
            [
              -74.1037,
              8.8234
            ],
            [
              -74.1137,
              8.8392
            ],
            [
              -74.1289,
              8.8277
            ],
            [
              -74.1394,
              8.8245
            ],
            [
              -74.1624,
              8.834
            ],
            [
              -74.1907,
              8.8253
            ],
            [
              -74.2006,
              8.8137
            ],
            [
              -74.2121,
              8.8156
            ],
            [
              -74.2259,
              8.8024
            ],
            [
              -74.2399,
              8.7983
            ],
            [
              -74.2789,
              8.8104
            ],
            [
              -74.2926,
              8.8075
            ],
            [
              -74.301,
              8.8172
            ],
            [
              -74.3165,
              8.8144
            ],
            [
              -74.3189,
              8.8035
            ],
            [
              -74.3096,
              8.7885
            ],
            [
              -74.2897,
              8.7771
            ],
            [
              -74.2939,
              8.7405
            ],
            [
              -74.2925,
              8.727
            ],
            [
              -74.2791,
              8.7248
            ],
            [
              -74.2831,
              8.7078
            ],
            [
              -74.2633,
              8.6983
            ],
            [
              -74.2515,
              8.683
            ],
            [
              -74.2116,
              8.6499
            ],
            [
              -74.2006,
              8.6559
            ],
            [
              -74.1772,
              8.6563
            ]
          ]
        ]
      },
      "properties": {
        "OBJECTID": 152,
        "DPTO_CCDGO": "05",
        "MPIO_CCDGO": "030",
        "name": "05006",
        "MPIO_CRSLC": "Ordenanza 30 de diciembre 13 de 1994",
        "MPIO_NANO_": 1996,
        "MPIO_NAREA": 311.49281796,
        "MPIO_CSMBL": "4",
        "MPIO_CCNCT": "13030",
        "MPIO_NANO": 2012,
        "SHAPE_Leng": 0.942562218277,
        "SHAPE_Area": 0.025596339124,
        "NOMBRE": "ALTOS DEL ROSARIO",
        "DANE": {
          "dpto_ccdgo": "13",
          "mpio_ccdgo": "030",
          "mpio_cdpmp": "13030",
          "dpto_cnmbr": "BOLÍVAR",
          "mpio_cnmbr": "ALTOS DEL ROSARIO",
          "mpio_crslc": "Ordenanza 30 de diciembre 13 de 1994",
          "mpio_tipo": "MUNICIPIO",
          "mpio_narea": 303.693097473,
          "mpio_nano": 2024,
          "shape_Leng": 0.99405199504,
          "shape_Area": 0.0249554580661
        }
      }
    },
    {
      "type": "Feature",
      "geometry": {
        "type": "Polygon",
        "coordinates": [
          [
            [
              -73.8805,
              8.4717
            ],
            [
              -73.9143,
              8.4766
            ],
            [
              -73.9311,
              8.486
            ],
            [
              -73.9511,
              8.4858
            ],
            [
              -73.9925,
              8.4632
            ],
            [
              -74.006,
              8.4492
            ],
            [
              -74.0084,
              8.4366
            ],
            [
              -74.0339,
              8.4354
            ],
            [
              -74.0544,
              8.4301
            ],
            [
              -74.0576,
              8.4153
            ],
            [
              -74.0765,
              8.4117
            ],
            [
              -74.0937,
              8.3925
            ],
            [
              -74.1075,
              8.3938
            ],
            [
              -74.1173,
              8.4031
            ],
            [
              -74.1317,
              8.3971
            ],
            [
              -74.1379,
              8.3863
            ],
            [
              -74.1489,
              8.3819
            ],
            [
              -74.16,
              8.3684
            ],
            [
              -74.1703,
              8.3705
            ],
            [
              -74.1774,
              8.3588
            ],
            [
              -74.1764,
              8.3487
            ],
            [
              -74.2058,
              8.3355
            ],
            [
              -74.231,
              8.3286
            ],
            [
              -74.231,
              8.3186
            ],
            [
              -74.2569,
              8.2832
            ],
            [
              -74.2753,
              8.2775
            ],
            [
              -74.2921,
              8.2622
            ],
            [
              -74.2947,
              8.2517
            ],
            [
              -74.3114,
              8.2461
            ],
            [
              -74.3224,
              8.2346
            ],
            [
              -74.3226,
              8.2163
            ],
            [
              -74.3335,
              8.205
            ],
            [
              -74.3322,
              8.189
            ],
            [
              -74.3281,
              8.1779
            ],
            [
              -74.313,
              8.162
            ],
            [
              -74.285,
              8.1546
            ],
            [
              -74.2722,
              8.157
            ],
            [
              -74.2569,
              8.1848
            ],
            [
              -74.2391,
              8.2014
            ],
            [
              -74.2436,
              8.2093
            ],
            [
              -74.2146,
              8.2299
            ],
            [
              -74.2196,
              8.2395
            ],
            [
              -74.2063,
              8.2512
            ],
            [
              -74.1995,
              8.2638
            ],
            [
              -74.1766,
              8.2684
            ],
            [
              -74.1532,
              8.3093
            ],
            [
              -74.141,
              8.3065
            ],
            [
              -74.1375,
              8.3185
            ],
            [
              -74.1246,
              8.3246
            ],
            [
              -74.1159,
              8.3223
            ],
            [
              -74.1044,
              8.3335
            ],
            [
              -74.066,
              8.3463
            ],
            [
              -74.0568,
              8.3593
            ],
            [
              -74.0399,
              8.3653
            ],
            [
              -74.0278,
              8.3629
            ],
            [
              -74.0195,
              8.3777
            ],
            [
              -74.0078,
              8.3755
            ],
            [
              -73.992,
              8.3833
            ],
            [
              -73.9785,
              8.3801
            ],
            [
              -73.9579,
              8.3872
            ],
            [
              -73.9488,
              8.3793
            ],
            [
              -73.9238,
              8.3716
            ],
            [
              -73.9156,
              8.3829
            ],
            [
              -73.8941,
              8.3829
            ],
            [
              -73.8919,
              8.3961
            ],
            [
              -73.8765,
              8.397
            ],
            [
              -73.8718,
              8.4128
            ],
            [
              -73.875,
              8.4271
            ],
            [
              -73.8851,
              8.447
            ],
            [
              -73.8805,
              8.4717
            ]
          ]
        ]
      },
      "properties": {
        "OBJECTID": 153,
        "DPTO_CCDGO": "05",
        "MPIO_CCDGO": "042",
        "name": "05005",
        "MPIO_CRSLC": "ORD 18 DE MAYO 16 DE 1996",
        "MPIO_NANO_": 1996,
        "MPIO_NAREA": 461.62666382,
        "MPIO_CSMBL": "4",
        "MPIO_CCNCT": "13042",
        "MPIO_NANO": 2012,
        "SHAPE_Leng": 1.49119321231,
        "SHAPE_Area": 0.0378931144935,
        "NOMBRE": "ARENAL",
        "DANE": {
          "dpto_ccdgo": "13",
          "mpio_ccdgo": "042",
          "mpio_cdpmp": "13042",
          "dpto_cnmbr": "BOLÍVAR",
          "mpio_cnmbr": "ARENAL",
          "mpio_crslc": "ORD 18 DE MAYO 16 DE 1996",
          "mpio_tipo": "MUNICIPIO",
          "mpio_narea": 461.980004927,
          "mpio_nano": 2024,
          "shape_Leng": 1.55968934174,
          "shape_Area": 0.0379220499619
        }
      }
    },
    {
      "type": "Feature",
      "geometry": {
        "type": "Polygon",
        "coordinates": [
          [
            [
              -75.2962,
              10.3337
            ],
            [
              -75.3067,
              10.3214
            ],
            [
              -75.3198,
              10.3283
            ],
            [
              -75.3263,
              10.3136
            ],
            [
              -75.3485,
              10.3045
            ],
            [
              -75.3546,
              10.2955
            ],
            [
              -75.3732,
              10.2978
            ],
            [
              -75.3894,
              10.2844
            ],
            [
              -75.3836,
              10.2717
            ],
            [
              -75.3898,
              10.2526
            ],
            [
              -75.3863,
              10.2365
            ],
            [
              -75.3995,
              10.23
            ],
            [
              -75.4016,
              10.2179
            ],
            [
              -75.4396,
              10.2063
            ],
            [
              -75.435,
              10.1886
            ],
            [
              -75.4367,
              10.1717
            ],
            [
              -75.4557,
              10.158
            ],
            [
              -75.4846,
              10.1544
            ],
            [
              -75.4975,
              10.1455
            ],
            [
              -75.5448,
              10.0464
            ],
            [
              -75.5206,
              10.0258
            ],
            [
              -75.5093,
              10.0258
            ],
            [
              -75.5017,
              10.0353
            ],
            [
              -75.4873,
              10.0368
            ],
            [
              -75.4765,
              10.0419
            ],
            [
              -75.4551,
              10.0367
            ],
            [
              -75.439,
              10.0174
            ],
            [
              -75.4278,
              10.0285
            ],
            [
              -75.42,
              10.0275
            ],
            [
              -75.4136,
              10.0458
            ],
            [
              -75.3987,
              10.0645
            ],
            [
              -75.3762,
              10.0728
            ],
            [
              -75.3597,
              10.0905
            ],
            [
              -75.3347,
              10.0876
            ],
            [
              -75.2845,
              10.0936
            ],
            [
              -75.2515,
              10.0903
            ],
            [
              -75.2456,
              10.0953
            ],
            [
              -75.243,
              10.1322
            ],
            [
              -75.2645,
              10.1363
            ],
            [
              -75.2674,
              10.1511
            ],
            [
              -75.2773,
              10.1553
            ],
            [
              -75.2761,
              10.1764
            ],
            [
              -75.2678,
              10.1865
            ],
            [
              -75.2564,
              10.1912
            ],
            [
              -75.2483,
              10.2101
            ],
            [
              -75.256,
              10.2219
            ],
            [
              -75.2754,
              10.2248
            ],
            [
              -75.2782,
              10.2425
            ],
            [
              -75.2537,
              10.2574
            ],
            [
              -75.2355,
              10.2776
            ],
            [
              -75.2523,
              10.2885
            ],
            [
              -75.2583,
              10.297
            ],
            [
              -75.252,
              10.3062
            ],
            [
              -75.2573,
              10.3178
            ],
            [
              -75.276,
              10.3278
            ],
            [
              -75.2962,
              10.3337
            ]
          ]
        ]
      },
      "properties": {
        "OBJECTID": 154,
        "DPTO_CCDGO": "05",
        "MPIO_CCDGO": "052",
        "name": "05007",
        "MPIO_CRSLC": "1770",
        "MPIO_NANO_": 1993,
        "MPIO_NAREA": 589.4879037,
        "MPIO_CSMBL": "4",
        "MPIO_CCNCT": "13052",
        "MPIO_NANO": 2012,
        "SHAPE_Leng": 1.31621072787,
        "SHAPE_Area": 0.0486095414946,
        "NOMBRE": "ARJONA",
        "DANE": {
          "dpto_ccdgo": "13",
          "mpio_ccdgo": "052",
          "mpio_cdpmp": "13052",
          "dpto_cnmbr": "BOLÍVAR",
          "mpio_cnmbr": "ARJONA",
          "mpio_crslc": "1770",
          "mpio_tipo": "MUNICIPIO",
          "mpio_narea": 587.425466361,
          "mpio_nano": 2024,
          "shape_Leng": 1.32480469668,
          "shape_Area": 0.0484395463867
        }
      }
    },
    {
      "type": "Feature",
      "geometry": {
        "type": "Polygon",
        "coordinates": [
          [
            [
              -75.0666,
              10.2755
            ],
            [
              -75.0764,
              10.2791
            ],
            [
              -75.0919,
              10.265
            ],
            [
              -75.0908,
              10.2389
            ],
            [
              -75.0945,
              10.2183
            ],
            [
              -75.0928,
              10.2034
            ],
            [
              -75.1041,
              10.1976
            ],
            [
              -75.0962,
              10.183
            ],
            [
              -75.1002,
              10.1737
            ],
            [
              -75.073,
              10.1613
            ],
            [
              -75.0623,
              10.1636
            ],
            [
              -75.0629,
              10.1752
            ],
            [
              -75.0535,
              10.1906
            ],
            [
              -75.0457,
              10.1887
            ],
            [
              -75.0321,
              10.2037
            ],
            [
              -75.0144,
              10.2
            ],
            [
              -74.9911,
              10.2066
            ],
            [
              -74.9708,
              10.2013
            ],
            [
              -74.9595,
              10.2114
            ],
            [
              -74.9578,
              10.2257
            ],
            [
              -74.9593,
              10.2579
            ],
            [
              -74.9563,
              10.2696
            ],
            [
              -74.9614,
              10.2894
            ],
            [
              -74.9719,
              10.29
            ],
            [
              -74.9801,
              10.298
            ],
            [
              -74.9751,
              10.3089
            ],
            [
              -74.9779,
              10.3251
            ],
            [
              -74.9866,
              10.3297
            ],
            [
              -75.0021,
              10.3225
            ],
            [
              -75.0157,
              10.3085
            ],
            [
              -75.0242,
              10.2924
            ],
            [
              -75.017,
              10.2874
            ],
            [
              -75.032,
              10.2738
            ],
            [
              -75.0385,
              10.277
            ],
            [
              -75.048,
              10.2642
            ],
            [
              -75.0666,
              10.2755
            ]
          ]
        ]
      },
      "properties": {
        "OBJECTID": 155,
        "DPTO_CCDGO": "05",
        "MPIO_CCDGO": "062",
        "name": "05009",
        "MPIO_CRSLC": "ORD 41 DE DICIEMBRE 02 DE 1997",
        "MPIO_NANO_": 1997,
        "MPIO_NAREA": 164.48993602,
        "MPIO_CSMBL": "4",
        "MPIO_CCNCT": "13062",
        "MPIO_NANO": 2012,
        "SHAPE_Leng": 0.653149010416,
        "SHAPE_Area": 0.0135699347241,
        "NOMBRE": "ARROYO HONDO",
        "DANE": {
          "dpto_ccdgo": "13",
          "mpio_ccdgo": "062",
          "mpio_cdpmp": "13062",
          "dpto_cnmbr": "BOLÍVAR",
          "mpio_cnmbr": "ARROYOHONDO",
          "mpio_crslc": "ORD 41 DE DICIEMBRE 02 DE 1997",
          "mpio_tipo": "MUNICIPIO",
          "mpio_narea": 163.809551531,
          "mpio_nano": 2024,
          "shape_Leng": 0.783486015331,
          "shape_Area": 0.0135141676309
        }
      }
    },
    {
      "type": "Feature",
      "geometry": {
        "type": "Polygon",
        "coordinates": [
          [
            [
              -74.0718,
              8.9482
            ],
            [
              -74.1078,
              8.9554
            ],
            [
              -74.1346,
              8.9423
            ],
            [
              -74.1431,
              8.949
            ],
            [
              -74.153,
              8.9399
            ],
            [
              -74.1714,
              8.9479
            ],
            [
              -74.1928,
              8.9504
            ],
            [
              -74.2058,
              8.941
            ],
            [
              -74.2255,
              8.9471
            ],
            [
              -74.2331,
              8.9344
            ],
            [
              -74.2437,
              8.9312
            ],
            [
              -74.2411,
              8.9181
            ],
            [
              -74.2486,
              8.9029
            ],
            [
              -74.2506,
              8.8857
            ],
            [
              -74.272,
              8.8673
            ],
            [
              -74.3056,
              8.8608
            ],
            [
              -74.3098,
              8.8774
            ],
            [
              -74.3287,
              8.8693
            ],
            [
              -74.3396,
              8.8786
            ],
            [
              -74.3456,
              8.8723
            ],
            [
              -74.3243,
              8.8596
            ],
            [
              -74.3167,
              8.8491
            ],
            [
              -74.301,
              8.8172
            ],
            [
              -74.2926,
              8.8075
            ],
            [
              -74.2789,
              8.8104
            ],
            [
              -74.2399,
              8.7983
            ],
            [
              -74.2259,
              8.8024
            ],
            [
              -74.2121,
              8.8156
            ],
            [
              -74.2006,
              8.8137
            ],
            [
              -74.1907,
              8.8253
            ],
            [
              -74.1624,
              8.834
            ],
            [
              -74.1394,
              8.8245
            ],
            [
              -74.1289,
              8.8277
            ],
            [
              -74.1137,
              8.8392
            ],
            [
              -74.1037,
              8.8234
            ],
            [
              -74.0962,
              8.819
            ],
            [
              -74.0776,
              8.8224
            ],
            [
              -74.0709,
              8.8063
            ],
            [
              -74.0885,
              8.7726
            ],
            [
              -74.1163,
              8.7427
            ],
            [
              -74.1154,
              8.7335
            ],
            [
              -74.1434,
              8.7099
            ],
            [
              -74.1738,
              8.7137
            ],
            [
              -74.2023,
              8.7102
            ],
            [
              -74.207,
              8.6858
            ],
            [
              -74.1907,
              8.6808
            ],
            [
              -74.1672,
              8.6887
            ],
            [
              -74.1639,
              8.6744
            ],
            [
              -74.1673,
              8.6614
            ],
            [
              -74.1772,
              8.6563
            ],
            [
              -74.138,
              8.6545
            ],
            [
              -74.1279,
              8.6671
            ],
            [
              -74.0954,
              8.6883
            ],
            [
              -74.0888,
              8.7014
            ],
            [
              -74.0659,
              8.7244
            ],
            [
              -74.051,
              8.7355
            ],
            [
              -74.0601,
              8.7541
            ],
            [
              -74.0497,
              8.7599
            ],
            [
              -74.0512,
              8.7766
            ],
            [
              -74.037,
              8.7954
            ],
            [
              -74.0456,
              8.8114
            ],
            [
              -74.0694,
              8.8307
            ],
            [
              -74.0772,
              8.8684
            ],
            [
              -74.0706,
              8.8845
            ],
            [
              -74.0775,
              8.8922
            ],
            [
              -74.0718,
              8.9482
            ]
          ]
        ]
      },
      "properties": {
        "OBJECTID": 156,
        "DPTO_CCDGO": "05",
        "MPIO_CCDGO": "074",
        "name": "05010",
        "MPIO_CRSLC": "Ordenanza 29 del 29 de Abril  de 1931",
        "MPIO_NANO_": 1993,
        "MPIO_NAREA": 427.71371177,
        "MPIO_CSMBL": "4",
        "MPIO_CCNCT": "13074",
        "MPIO_NANO": 2012,
        "SHAPE_Leng": 1.56635420538,
        "SHAPE_Area": 0.0351542418313,
        "NOMBRE": "BARRANCO DE LOBA",
        "DANE": {
          "dpto_ccdgo": "13",
          "mpio_ccdgo": "074",
          "mpio_cdpmp": "13074",
          "dpto_cnmbr": "BOLÍVAR",
          "mpio_cnmbr": "BARRANCO DE LOBA",
          "mpio_crslc": "Ordenanza 29 del 29 de Abril  de 1931",
          "mpio_tipo": "MUNICIPIO",
          "mpio_narea": 430.801107578,
          "mpio_nano": 2024,
          "shape_Leng": 1.60102647233,
          "shape_Area": 0.0354077568305
        }
      }
    },
    {
      "type": "Feature",
      "geometry": {
        "type": "Polygon",
        "coordinates": [
          [
            [
              -74.9373,
              10.2895
            ],
            [
              -74.9653,
              10.3261
            ],
            [
              -74.9832,
              10.3434
            ],
            [
              -75.005,
              10.3603
            ],
            [
              -75.0241,
              10.3636
            ],
            [
              -75.048,
              10.3436
            ],
            [
              -75.0699,
              10.3443
            ],
            [
              -75.0689,
              10.3186
            ],
            [
              -75.0754,
              10.3074
            ],
            [
              -75.0864,
              10.304
            ],
            [
              -75.0838,
              10.2814
            ],
            [
              -75.0635,
              10.2929
            ],
            [
              -75.0666,
              10.2755
            ],
            [
              -75.048,
              10.2642
            ],
            [
              -75.0385,
              10.277
            ],
            [
              -75.032,
              10.2738
            ],
            [
              -75.017,
              10.2874
            ],
            [
              -75.0242,
              10.2924
            ],
            [
              -75.0157,
              10.3085
            ],
            [
              -75.0021,
              10.3225
            ],
            [
              -74.9866,
              10.3297
            ],
            [
              -74.9779,
              10.3251
            ],
            [
              -74.9751,
              10.3089
            ],
            [
              -74.9801,
              10.298
            ],
            [
              -74.9719,
              10.29
            ],
            [
              -74.9614,
              10.2894
            ],
            [
              -74.9563,
              10.2696
            ],
            [
              -74.9593,
              10.2579
            ],
            [
              -74.9578,
              10.2257
            ],
            [
              -74.9595,
              10.2114
            ],
            [
              -74.9708,
              10.2013
            ],
            [
              -74.9911,
              10.2066
            ],
            [
              -75.0144,
              10.2
            ],
            [
              -75.0321,
              10.2037
            ],
            [
              -75.0457,
              10.1887
            ],
            [
              -75.0535,
              10.1906
            ],
            [
              -75.0629,
              10.1752
            ],
            [
              -75.0623,
              10.1636
            ],
            [
              -75.073,
              10.1613
            ],
            [
              -75.0871,
              10.1283
            ],
            [
              -75.0857,
              10.1191
            ],
            [
              -75.0773,
              10.1137
            ],
            [
              -75.0574,
              10.1208
            ],
            [
              -75.0418,
              10.1202
            ],
            [
              -75.0295,
              10.1109
            ],
            [
              -74.9955,
              10.1047
            ],
            [
              -74.9828,
              10.1141
            ],
            [
              -74.9454,
              10.1286
            ],
            [
              -74.946,
              10.1449
            ],
            [
              -74.9313,
              10.1842
            ],
            [
              -74.9296,
              10.2105
            ],
            [
              -74.9157,
              10.2383
            ],
            [
              -74.9108,
              10.2542
            ],
            [
              -74.9373,
              10.2895
            ]
          ]
        ]
      },
      "properties": {
        "OBJECTID": 157,
        "DPTO_CCDGO": "05",
        "MPIO_CCDGO": "140",
        "name": "05013",
        "MPIO_CRSLC": "Ordenanza 42 del 27 de Abril de 1923",
        "MPIO_NANO_": 1993,
        "MPIO_NAREA": 273.11372493,
        "MPIO_CSMBL": "4",
        "MPIO_CCNCT": "13140",
        "MPIO_NANO": 2012,
        "SHAPE_Leng": 1.18722267773,
        "SHAPE_Area": 0.022530746815,
        "NOMBRE": "CALAMAR",
        "DANE": {
          "dpto_ccdgo": "13",
          "mpio_ccdgo": "140",
          "mpio_cdpmp": "13140",
          "dpto_cnmbr": "BOLÍVAR",
          "mpio_cnmbr": "CALAMAR",
          "mpio_crslc": "Ordenanza 42 del 27 de Abril de 1923",
          "mpio_tipo": "MUNICIPIO",
          "mpio_narea": 255.342636526,
          "mpio_nano": 2024,
          "shape_Leng": 1.29219487798,
          "shape_Area": 0.0210644116577
        }
      }
    },
    {
      "type": "Feature",
      "geometry": {
        "type": "Polygon",
        "coordinates": [
          [
            [
              -73.9159,
              7.2956
            ],
            [
              -73.9137,
              7.3185
            ],
            [
              -73.904,
              7.3591
            ],
            [
              -73.9075,
              7.3814
            ],
            [
              -73.9009,
              7.3862
            ],
            [
              -73.896,
              7.4088
            ],
            [
              -73.8954,
              7.4301
            ],
            [
              -73.9513,
              7.4305
            ],
            [
              -73.9644,
              7.4151
            ],
            [
              -73.9734,
              7.4151
            ],
            [
              -73.9929,
              7.3916
            ],
            [
              -74.0021,
              7.3916
            ],
            [
              -74.0169,
              7.3777
            ],
            [
              -74.0319,
              7.3721
            ],
            [
              -74.0504,
              7.3815
            ],
            [
              -74.0896,
              7.3838
            ],
            [
              -74.1008,
              7.3632
            ],
            [
              -74.1098,
              7.3585
            ],
            [
              -74.1352,
              7.3341
            ],
            [
              -74.1445,
              7.3156
            ],
            [
              -74.1307,
              7.3172
            ],
            [
              -74.1249,
              7.3057
            ],
            [
              -74.1251,
              7.2907
            ],
            [
              -74.1423,
              7.287
            ],
            [
              -74.1755,
              7.2911
            ],
            [
              -74.1943,
              7.2762
            ],
            [
              -74.2117,
              7.2737
            ],
            [
              -74.2198,
              7.263
            ],
            [
              -74.2441,
              7.262
            ],
            [
              -74.2563,
              7.2482
            ],
            [
              -74.2748,
              7.2515
            ],
            [
              -74.2827,
              7.2475
            ],
            [
              -74.2907,
              7.2304
            ],
            [
              -74.2853,
              7.2124
            ],
            [
              -74.2871,
              7.2017
            ],
            [
              -74.2806,
              7.1883
            ],
            [
              -74.2679,
              7.1796
            ],
            [
              -74.251,
              7.1762
            ],
            [
              -74.2325,
              7.1613
            ],
            [
              -74.2304,
              7.1481
            ],
            [
              -74.2368,
              7.1419
            ],
            [
              -74.236,
              7.1218
            ],
            [
              -74.2257,
              7.1127
            ],
            [
              -74.2238,
              7.1027
            ],
            [
              -74.2472,
              7.0857
            ],
            [
              -74.2596,
              7.0703
            ],
            [
              -74.2739,
              7.046
            ],
            [
              -74.2781,
              7.0263
            ],
            [
              -74.2926,
              7.0217
            ],
            [
              -74.2839,
              7.0086
            ],
            [
              -74.2772,
              7.0122
            ],
            [
              -74.2442,
              7.0042
            ],
            [
              -74.2074,
              7.0377
            ],
            [
              -74.0785,
              7.1513
            ],
            [
              -73.9159,
              7.2956
            ]
          ]
        ]
      },
      "properties": {
        "OBJECTID": 158,
        "DPTO_CCDGO": "05",
        "MPIO_CCDGO": "160",
        "name": "05014",
        "MPIO_CRSLC": "Ordenanza 30 de diciembre 13 de 1994",
        "MPIO_NANO_": 1996,
        "MPIO_NAREA": 883.60788914,
        "MPIO_CSMBL": "4",
        "MPIO_CCNCT": "13160",
        "MPIO_NANO": 2012,
        "SHAPE_Leng": 1.70119085227,
        "SHAPE_Area": 0.0723465875168,
        "NOMBRE": "CANTAGALLO",
        "DANE": {
          "dpto_ccdgo": "13",
          "mpio_ccdgo": "160",
          "mpio_cdpmp": "13160",
          "dpto_cnmbr": "BOLÍVAR",
          "mpio_cnmbr": "CANTAGALLO",
          "mpio_crslc": "Ordenanza 30 de diciembre 13 de 1994",
          "mpio_tipo": "MUNICIPIO",
          "mpio_narea": 881.51066087,
          "mpio_nano": 2024,
          "shape_Leng": 1.71531272457,
          "shape_Area": 0.0721747243395
        }
      }
    },
    {
      "type": "Feature",
      "geometry": {
        "type": "Polygon",
        "coordinates": [
          [
            [
              -74.6508,
              9.1921
            ],
            [
              -74.6585,
              9.2047
            ],
            [
              -74.6427,
              9.2302
            ],
            [
              -74.631,
              9.2596
            ],
            [
              -74.6211,
              9.2672
            ],
            [
              -74.6293,
              9.276
            ],
            [
              -74.6235,
              9.2918
            ],
            [
              -74.651,
              9.2929
            ],
            [
              -74.6594,
              9.2841
            ],
            [
              -74.6727,
              9.2878
            ],
            [
              -74.6781,
              9.3058
            ],
            [
              -74.6912,
              9.293
            ],
            [
              -74.7101,
              9.2864
            ],
            [
              -74.7336,
              9.2639
            ],
            [
              -74.7422,
              9.2279
            ],
            [
              -74.7602,
              9.2158
            ],
            [
              -74.7587,
              9.2056
            ],
            [
              -74.7366,
              9.2022
            ],
            [
              -74.7265,
              9.1918
            ],
            [
              -74.7253,
              9.1791
            ],
            [
              -74.707,
              9.1734
            ],
            [
              -74.6963,
              9.1743
            ],
            [
              -74.6832,
              9.1685
            ],
            [
              -74.6633,
              9.1689
            ],
            [
              -74.6508,
              9.1921
            ]
          ]
        ]
      },
      "properties": {
        "OBJECTID": 159,
        "DPTO_CCDGO": "05",
        "MPIO_CCDGO": "188",
        "name": "05015",
        "MPIO_CRSLC": "Ordenanza 30 de diciembre 30 de 1994",
        "MPIO_NANO_": 1996,
        "MPIO_NAREA": 133.22852644,
        "MPIO_CSMBL": "4",
        "MPIO_CCNCT": "13188",
        "MPIO_NANO": 2012,
        "SHAPE_Leng": 0.515488586828,
        "SHAPE_Area": 0.0109607480326,
        "NOMBRE": "CICUCO",
        "DANE": {
          "dpto_ccdgo": "13",
          "mpio_ccdgo": "188",
          "mpio_cdpmp": "13188",
          "dpto_cnmbr": "BOLÍVAR",
          "mpio_cnmbr": "CICUCO",
          "mpio_crslc": "Ordenanza 30 de diciembre 30 de 1994",
          "mpio_tipo": "MUNICIPIO",
          "mpio_narea": 133.17648176,
          "mpio_nano": 2024,
          "shape_Leng": 0.517257551783,
          "shape_Area": 0.0109564586123
        }
      }
    },
    {
      "type": "Feature",
      "geometry": {
        "type": "Polygon",
        "coordinates": [
          [
            [
              -74.9612,
              9.6808
            ],
            [
              -74.9796,
              9.6756
            ],
            [
              -74.9635,
              9.6583
            ],
            [
              -74.9766,
              9.6426
            ],
            [
              -74.9591,
              9.6268
            ],
            [
              -74.9651,
              9.6158
            ],
            [
              -74.9782,
              9.61
            ],
            [
              -74.983,
              9.5886
            ],
            [
              -74.9961,
              9.5672
            ],
            [
              -74.9892,
              9.5584
            ],
            [
              -75.0053,
              9.531
            ],
            [
              -75.0124,
              9.5283
            ],
            [
              -75.0206,
              9.525
            ],
            [
              -75.0289,
              9.51
            ],
            [
              -75.027,
              9.4964
            ],
            [
              -75.0358,
              9.4736
            ],
            [
              -75.0322,
              9.4666
            ],
            [
              -74.9964,
              9.4466
            ],
            [
              -74.9809,
              9.4455
            ],
            [
              -74.9696,
              9.4353
            ],
            [
              -74.9599,
              9.4338
            ],
            [
              -74.9458,
              9.4371
            ],
            [
              -74.9356,
              9.4478
            ],
            [
              -74.9139,
              9.4404
            ],
            [
              -74.8865,
              9.4251
            ],
            [
              -74.9124,
              9.4158
            ],
            [
              -74.922,
              9.3997
            ],
            [
              -74.9223,
              9.3885
            ],
            [
              -74.9083,
              9.3903
            ],
            [
              -74.9041,
              9.397
            ],
            [
              -74.8828,
              9.4068
            ],
            [
              -74.8755,
              9.4001
            ],
            [
              -74.8593,
              9.4042
            ],
            [
              -74.8509,
              9.4203
            ],
            [
              -74.8383,
              9.4291
            ],
            [
              -74.83,
              9.4281
            ],
            [
              -74.8008,
              9.4421
            ],
            [
              -74.8089,
              9.4565
            ],
            [
              -74.8068,
              9.4653
            ],
            [
              -74.79,
              9.4786
            ],
            [
              -74.7769,
              9.4961
            ],
            [
              -74.7777,
              9.5076
            ],
            [
              -74.7877,
              9.5265
            ],
            [
              -74.8068,
              9.5453
            ],
            [
              -74.8054,
              9.5538
            ],
            [
              -74.7809,
              9.5736
            ],
            [
              -74.7744,
              9.5835
            ],
            [
              -74.7721,
              9.6044
            ],
            [
              -74.777,
              9.6262
            ],
            [
              -74.7907,
              9.6526
            ],
            [
              -74.8576,
              9.6531
            ],
            [
              -74.8722,
              9.6598
            ],
            [
              -74.8911,
              9.6572
            ],
            [
              -74.8959,
              9.6651
            ],
            [
              -74.9323,
              9.6653
            ],
            [
              -74.9612,
              9.6808
            ]
          ]
        ]
      },
      "properties": {
        "OBJECTID": 160,
        "DPTO_CCDGO": "05",
        "MPIO_CCDGO": "212",
        "name": "05016",
        "MPIO_CRSLC": "1909",
        "MPIO_NANO_": 1993,
        "MPIO_NAREA": 598.68013867,
        "MPIO_CSMBL": "4",
        "MPIO_CCNCT": "13212",
        "MPIO_NANO": 2012,
        "SHAPE_Leng": 1.27921917704,
        "SHAPE_Area": 0.049291800717,
        "NOMBRE": "CORDOBA",
        "DANE": {
          "dpto_ccdgo": "13",
          "mpio_ccdgo": "212",
          "mpio_cdpmp": "13212",
          "dpto_cnmbr": "BOLÍVAR",
          "mpio_cnmbr": "CÓRDOBA",
          "mpio_crslc": "1909",
          "mpio_tipo": "MUNICIPIO",
          "mpio_narea": 597.342585624,
          "mpio_nano": 2024,
          "shape_Leng": 1.20868281839,
          "shape_Area": 0.0491812918125
        }
      }
    },
    {
      "type": "Feature",
      "geometry": {
        "type": "Polygon",
        "coordinates": [
          [
            [
              -75.248,
              10.5049
            ],
            [
              -75.2551,
              10.522
            ],
            [
              -75.2513,
              10.5335
            ],
            [
              -75.2385,
              10.5511
            ],
            [
              -75.2539,
              10.5607
            ],
            [
              -75.2564,
              10.5495
            ],
            [
              -75.2754,
              10.5592
            ],
            [
              -75.2925,
              10.5553
            ],
            [
              -75.2953,
              10.5626
            ],
            [
              -75.2927,
              10.5827
            ],
            [
              -75.3146,
              10.598
            ],
            [
              -75.3226,
              10.6117
            ],
            [
              -75.3347,
              10.6091
            ],
            [
              -75.342,
              10.6142
            ],
            [
              -75.3481,
              10.6007
            ],
            [
              -75.3498,
              10.5836
            ],
            [
              -75.3621,
              10.5799
            ],
            [
              -75.3655,
              10.561
            ],
            [
              -75.3762,
              10.5524
            ],
            [
              -75.3713,
              10.5428
            ],
            [
              -75.3636,
              10.5367
            ],
            [
              -75.3461,
              10.5333
            ],
            [
              -75.3414,
              10.5224
            ],
            [
              -75.317,
              10.525
            ],
            [
              -75.309,
              10.5218
            ],
            [
              -75.2842,
              10.5178
            ],
            [
              -75.2719,
              10.5276
            ],
            [
              -75.2597,
              10.5204
            ],
            [
              -75.26,
              10.5128
            ],
            [
              -75.248,
              10.5049
            ]
          ]
        ]
      },
      "properties": {
        "OBJECTID": 161,
        "DPTO_CCDGO": "05",
        "MPIO_CCDGO": "222",
        "name": "05018",
        "MPIO_CRSLC": "Ordenanza 017 del 3 de Agosto de 1995",
        "MPIO_NANO_": 1996,
        "MPIO_NAREA": 87.72858089,
        "MPIO_CSMBL": "4",
        "MPIO_CCNCT": "13222",
        "MPIO_NANO": 2012,
        "SHAPE_Leng": 0.670708965307,
        "SHAPE_Area": 0.00724329623291,
        "NOMBRE": "CLEMENCIA",
        "DANE": {
          "dpto_ccdgo": "13",
          "mpio_ccdgo": "222",
          "mpio_cdpmp": "13222",
          "dpto_cnmbr": "BOLÍVAR",
          "mpio_cnmbr": "CLEMENCIA",
          "mpio_crslc": "Ordenanza 017 del 3 de Agosto de 1995",
          "mpio_tipo": "MUNICIPIO",
          "mpio_narea": 85.3481956865,
          "mpio_nano": 2024,
          "shape_Leng": 0.699448791561,
          "shape_Area": 0.00704677628597
        }
      }
    },
    {
      "type": "Feature",
      "geometry": {
        "type": "Polygon",
        "coordinates": [
          [
            [
              -74.9516,
              9.7663
            ],
            [
              -74.9703,
              9.7671
            ],
            [
              -74.9922,
              9.7588
            ],
            [
              -74.9981,
              9.7724
            ],
            [
              -75.0223,
              9.7859
            ],
            [
              -75.037,
              9.7769
            ],
            [
              -75.0499,
              9.7847
            ],
            [
              -75.0636,
              9.7711
            ],
            [
              -75.0786,
              9.7705
            ],
            [
              -75.1105,
              9.7588
            ],
            [
              -75.1412,
              9.7711
            ],
            [
              -75.1447,
              9.778
            ],
            [
              -75.1727,
              9.7863
            ],
            [
              -75.1853,
              9.7754
            ],
            [
              -75.195,
              9.7841
            ],
            [
              -75.2341,
              9.7829
            ],
            [
              -75.2317,
              9.7966
            ],
            [
              -75.2445,
              9.8058
            ],
            [
              -75.2335,
              9.8385
            ],
            [
              -75.2359,
              9.8597
            ],
            [
              -75.2616,
              9.8731
            ],
            [
              -75.2719,
              9.8666
            ],
            [
              -75.2946,
              9.8713
            ],
            [
              -75.3046,
              9.8782
            ],
            [
              -75.3195,
              9.8774
            ],
            [
              -75.3312,
              9.8581
            ],
            [
              -75.3314,
              9.8447
            ],
            [
              -75.3387,
              9.8284
            ],
            [
              -75.3356,
              9.8119
            ],
            [
              -75.347,
              9.7734
            ],
            [
              -75.3543,
              9.7592
            ],
            [
              -75.36,
              9.7375
            ],
            [
              -75.377,
              9.7157
            ],
            [
              -75.3719,
              9.7113
            ],
            [
              -75.3717,
              9.6755
            ],
            [
              -75.3759,
              9.6464
            ],
            [
              -75.3732,
              9.6294
            ],
            [
              -75.3625,
              9.6307
            ],
            [
              -75.3619,
              9.6462
            ],
            [
              -75.3447,
              9.6436
            ],
            [
              -75.3273,
              9.6167
            ],
            [
              -75.3147,
              9.6528
            ],
            [
              -75.3003,
              9.6579
            ],
            [
              -75.2998,
              9.67
            ],
            [
              -75.2795,
              9.6855
            ],
            [
              -75.2697,
              9.6698
            ],
            [
              -75.2544,
              9.6602
            ],
            [
              -75.2474,
              9.6608
            ],
            [
              -75.2288,
              9.6505
            ],
            [
              -75.2002,
              9.652
            ],
            [
              -75.1801,
              9.639
            ],
            [
              -75.188,
              9.6244
            ],
            [
              -75.1856,
              9.611
            ],
            [
              -75.1778,
              9.6028
            ],
            [
              -75.1676,
              9.6134
            ],
            [
              -75.1542,
              9.6004
            ],
            [
              -75.133,
              9.5959
            ],
            [
              -75.1323,
              9.5807
            ],
            [
              -75.1186,
              9.5741
            ],
            [
              -75.0848,
              9.5453
            ],
            [
              -75.0773,
              9.5327
            ],
            [
              -75.0564,
              9.5325
            ],
            [
              -75.0423,
              9.5404
            ],
            [
              -75.027,
              9.529
            ],
            [
              -75.0124,
              9.5283
            ],
            [
              -75.0053,
              9.531
            ],
            [
              -74.9892,
              9.5584
            ],
            [
              -74.9961,
              9.5672
            ],
            [
              -74.983,
              9.5886
            ],
            [
              -74.9782,
              9.61
            ],
            [
              -74.9651,
              9.6158
            ],
            [
              -74.9591,
              9.6268
            ],
            [
              -74.9766,
              9.6426
            ],
            [
              -74.9635,
              9.6583
            ],
            [
              -74.9796,
              9.6756
            ],
            [
              -74.9612,
              9.6808
            ],
            [
              -74.9544,
              9.694
            ],
            [
              -74.9539,
              9.7062
            ],
            [
              -74.9618,
              9.7114
            ],
            [
              -74.9663,
              9.7257
            ],
            [
              -74.9627,
              9.7415
            ],
            [
              -74.9493,
              9.7492
            ],
            [
              -74.9516,
              9.7663
            ]
          ]
        ]
      },
      "properties": {
        "OBJECTID": 162,
        "DPTO_CCDGO": "05",
        "MPIO_CCDGO": "244",
        "name": "05022",
        "MPIO_CRSLC": "Ley 13 de 1857",
        "MPIO_NANO_": 1993,
        "MPIO_NAREA": 933.78280218,
        "MPIO_CSMBL": "4",
        "MPIO_CCNCT": "13244",
        "MPIO_NANO": 2012,
        "SHAPE_Leng": 2.10273884631,
        "SHAPE_Area": 0.076905439913,
        "NOMBRE": "EL CARMEN DE BOLIVAR",
        "DANE": {
          "dpto_ccdgo": "13",
          "mpio_ccdgo": "244",
          "mpio_cdpmp": "13244",
          "dpto_cnmbr": "BOLÍVAR",
          "mpio_cnmbr": "EL CARMEN DE BOLÍVAR",
          "mpio_crslc": "Ley 13 de 1857",
          "mpio_tipo": "MUNICIPIO",
          "mpio_narea": 946.273763473,
          "mpio_nano": 2024,
          "shape_Leng": 2.06881610958,
          "shape_Area": 0.0779340778813
        }
      }
    },
    {
      "type": "Feature",
      "geometry": {
        "type": "Polygon",
        "coordinates": [
          [
            [
              -74.8251,
              10.0592
            ],
            [
              -74.8397,
              10.0787
            ],
            [
              -74.8595,
              10.0912
            ],
            [
              -74.8961,
              10.1072
            ],
            [
              -74.9267,
              10.1081
            ],
            [
              -74.9364,
              10.114
            ],
            [
              -74.9454,
              10.1286
            ],
            [
              -74.9828,
              10.1141
            ],
            [
              -74.9955,
              10.1047
            ],
            [
              -75.0295,
              10.1109
            ],
            [
              -75.0278,
              10.106
            ],
            [
              -75.0458,
              10.0822
            ],
            [
              -75.0543,
              10.0601
            ],
            [
              -75.0604,
              10.035
            ],
            [
              -75.0592,
              10.0226
            ],
            [
              -75.0099,
              10.0073
            ],
            [
              -75.0184,
              9.9834
            ],
            [
              -75.026,
              9.9758
            ],
            [
              -75.0077,
              9.9683
            ],
            [
              -75.0008,
              9.9764
            ],
            [
              -74.9776,
              9.9626
            ],
            [
              -74.9687,
              9.9507
            ],
            [
              -74.943,
              9.969
            ],
            [
              -74.9201,
              9.9698
            ],
            [
              -74.9159,
              9.9776
            ],
            [
              -74.9025,
              9.9772
            ],
            [
              -74.8815,
              9.9686
            ],
            [
              -74.8719,
              9.9439
            ],
            [
              -74.8626,
              9.944
            ],
            [
              -74.8529,
              9.9544
            ],
            [
              -74.838,
              9.958
            ],
            [
              -74.8204,
              9.9673
            ],
            [
              -74.7993,
              9.9899
            ],
            [
              -74.788,
              10.0063
            ],
            [
              -74.7896,
              10.0138
            ],
            [
              -74.802,
              10.0289
            ],
            [
              -74.8167,
              10.0404
            ],
            [
              -74.8251,
              10.0592
            ]
          ]
        ]
      },
      "properties": {
        "OBJECTID": 163,
        "DPTO_CCDGO": "05",
        "MPIO_CCDGO": "248",
        "name": "05025",
        "MPIO_CRSLC": "1853",
        "MPIO_NANO_": 1993,
        "MPIO_NAREA": 383.68004993,
        "MPIO_CSMBL": "4",
        "MPIO_CCNCT": "13248",
        "MPIO_NANO": 2012,
        "SHAPE_Leng": 0.865981774837,
        "SHAPE_Area": 0.0316350840622,
        "NOMBRE": "EL GUAMO",
        "DANE": {
          "dpto_ccdgo": "13",
          "mpio_ccdgo": "248",
          "mpio_cdpmp": "13248",
          "dpto_cnmbr": "BOLÍVAR",
          "mpio_cnmbr": "EL GUAMO",
          "mpio_crslc": "1853",
          "mpio_tipo": "MUNICIPIO",
          "mpio_narea": 383.23984103,
          "mpio_nano": 2024,
          "shape_Leng": 0.895617150026,
          "shape_Area": 0.0315987628238
        }
      }
    },
    {
      "type": "Feature",
      "geometry": {
        "type": "Polygon",
        "coordinates": [
          [
            [
              -73.9777,
              8.9839
            ],
            [
              -73.9821,
              8.9751
            ],
            [
              -73.9882,
              8.936
            ],
            [
              -73.9713,
              8.9255
            ],
            [
              -73.9669,
              8.8953
            ],
            [
              -73.9755,
              8.8912
            ],
            [
              -73.9779,
              8.8724
            ],
            [
              -73.9652,
              8.8569
            ],
            [
              -73.9507,
              8.8491
            ],
            [
              -73.9578,
              8.827
            ],
            [
              -73.9659,
              8.8121
            ],
            [
              -73.9447,
              8.7891
            ],
            [
              -73.9381,
              8.7497
            ],
            [
              -73.9326,
              8.7363
            ],
            [
              -73.9231,
              8.7279
            ],
            [
              -73.909,
              8.7316
            ],
            [
              -73.8952,
              8.7272
            ],
            [
              -73.8876,
              8.7382
            ],
            [
              -73.8758,
              8.7234
            ],
            [
              -73.8571,
              8.7324
            ],
            [
              -73.8663,
              8.7425
            ],
            [
              -73.8673,
              8.755
            ],
            [
              -73.8576,
              8.761
            ],
            [
              -73.863,
              8.7752
            ],
            [
              -73.8722,
              8.7797
            ],
            [
              -73.8728,
              8.7924
            ],
            [
              -73.8478,
              8.8177
            ],
            [
              -73.8323,
              8.821
            ],
            [
              -73.8183,
              8.8352
            ],
            [
              -73.8666,
              8.887
            ],
            [
              -73.8734,
              8.9118
            ],
            [
              -73.8677,
              8.9365
            ],
            [
              -73.8656,
              8.9476
            ],
            [
              -73.8712,
              8.9613
            ],
            [
              -73.883,
              8.9662
            ],
            [
              -73.9004,
              8.9808
            ],
            [
              -73.9181,
              8.9777
            ],
            [
              -73.9398,
              8.9855
            ],
            [
              -73.9577,
              8.9958
            ],
            [
              -73.9671,
              8.9944
            ],
            [
              -73.9777,
              8.9839
            ]
          ]
        ]
      },
      "properties": {
        "OBJECTID": 164,
        "DPTO_CCDGO": "05",
        "MPIO_CCDGO": "268",
        "name": "05027",
        "MPIO_CRSLC": "Ordenanza 42 de Noviembre 1 de 1995",
        "MPIO_NANO_": 1996,
        "MPIO_NAREA": 322.7252711,
        "MPIO_CSMBL": "4",
        "MPIO_CCNCT": "13268",
        "MPIO_NANO": 2012,
        "SHAPE_Leng": 0.935134160193,
        "SHAPE_Area": 0.0265268615997,
        "NOMBRE": "EL PEÑON",
        "DANE": {
          "dpto_ccdgo": "13",
          "mpio_ccdgo": "268",
          "mpio_cdpmp": "13268",
          "dpto_cnmbr": "BOLÍVAR",
          "mpio_cnmbr": "EL PEÑÓN",
          "mpio_crslc": "Ordenanza 42 de Noviembre 1 de 1995",
          "mpio_tipo": "MUNICIPIO",
          "mpio_narea": 318.932921883,
          "mpio_nano": 2024,
          "shape_Leng": 0.93472578228,
          "shape_Area": 0.0262151026927
        }
      }
    },
    {
      "type": "Feature",
      "geometry": {
        "type": "MultiPolygon",
        "coordinates": [
          [
            [
              [
                -74.2638,
                8.9916
              ],
              [
                -74.2738,
                8.9843
              ],
              [
                -74.294,
                8.9881
              ],
              [
                -74.3159,
                8.9823
              ],
              [
                -74.3315,
                8.9871
              ],
              [
                -74.3362,
                8.9967
              ],
              [
                -74.3513,
                9.0086
              ],
              [
                -74.3887,
                9.0178
              ],
              [
                -74.4193,
                9.0183
              ],
              [
                -74.4326,
                9.0093
              ],
              [
                -74.4244,
                9.012
              ],
              [
                -74.405,
                9.0025
              ],
              [
                -74.3931,
                8.9889
              ],
              [
                -74.3819,
                8.9848
              ],
              [
                -74.3787,
                8.9679
              ],
              [
                -74.3636,
                8.9735
              ],
              [
                -74.3415,
                8.9708
              ],
              [
                -74.3094,
                8.9795
              ],
              [
                -74.3104,
                8.9728
              ],
              [
                -74.284,
                8.9677
              ],
              [
                -74.2776,
                8.9724
              ],
              [
                -74.2638,
                8.9916
              ]
            ]
          ],
          [
            [
              [
                -74.2255,
                8.9471
              ],
              [
                -74.2058,
                8.941
              ],
              [
                -74.1928,
                8.9504
              ],
              [
                -74.1714,
                8.9479
              ],
              [
                -74.153,
                8.9399
              ],
              [
                -74.1431,
                8.949
              ],
              [
                -74.1346,
                8.9423
              ],
              [
                -74.1078,
                8.9554
              ],
              [
                -74.0718,
                8.9482
              ],
              [
                -74.0256,
                8.9601
              ],
              [
                -74.0088,
                8.9534
              ],
              [
                -74.0061,
                8.9685
              ],
              [
                -73.9961,
                8.9783
              ],
              [
                -73.9777,
                8.9839
              ],
              [
                -73.9895,
                8.9955
              ],
              [
                -74.0019,
                8.9955
              ],
              [
                -74.0024,
                9.0287
              ],
              [
                -74.0284,
                9.027
              ],
              [
                -74.0432,
                9.0406
              ],
              [
                -74.0474,
                9.0232
              ],
              [
                -74.0582,
                9.0184
              ],
              [
                -74.0747,
                9.026
              ],
              [
                -74.0926,
                9.0151
              ],
              [
                -74.1003,
                9.0187
              ],
              [
                -74.1092,
                8.9912
              ],
              [
                -74.1263,
                9.0031
              ],
              [
                -74.1466,
                8.9895
              ],
              [
                -74.1622,
                8.9934
              ],
              [
                -74.1793,
                8.9924
              ],
              [
                -74.1939,
                8.9871
              ],
              [
                -74.1969,
                8.9783
              ],
              [
                -74.2099,
                8.9722
              ],
              [
                -74.2267,
                8.948
              ],
              [
                -74.2255,
                8.9471
              ]
            ]
          ]
        ]
      },
      "properties": {
        "OBJECTID": 165,
        "DPTO_CCDGO": "05",
        "MPIO_CCDGO": "300",
        "name": "05026",
        "MPIO_CRSLC": "Ordenanza 30 de diciembre 13 de 1994",
        "MPIO_NANO_": 1996,
        "MPIO_NAREA": 195.24806693,
        "MPIO_CSMBL": "4",
        "MPIO_CCNCT": "13300",
        "MPIO_NANO": 2012,
        "SHAPE_Leng": 1.13729277896,
        "SHAPE_Area": 0.0160537947054,
        "NOMBRE": "HATILLO DE LOBA",
        "DANE": {
          "dpto_ccdgo": "13",
          "mpio_ccdgo": "300",
          "mpio_cdpmp": "13300",
          "dpto_cnmbr": "BOLÍVAR",
          "mpio_cnmbr": "HATILLO DE LOBA",
          "mpio_crslc": "Ordenanza 30 de diciembre 13 de 1994",
          "mpio_tipo": "MUNICIPIO",
          "mpio_narea": 194.262781835,
          "mpio_nano": 2024,
          "shape_Leng": 1.17987868265,
          "shape_Area": 0.0159727772458
        }
      }
    },
    {
      "type": "Feature",
      "geometry": {
        "type": "Polygon",
        "coordinates": [
          [
            [
              -74.7391,
              9.426
            ],
            [
              -74.7392,
              9.4396
            ],
            [
              -74.7529,
              9.459
            ],
            [
              -74.7642,
              9.4639
            ],
            [
              -74.7787,
              9.4618
            ],
            [
              -74.8008,
              9.4421
            ],
            [
              -74.83,
              9.4281
            ],
            [
              -74.8383,
              9.4291
            ],
            [
              -74.8509,
              9.4203
            ],
            [
              -74.8593,
              9.4042
            ],
            [
              -74.8755,
              9.4001
            ],
            [
              -74.8828,
              9.4068
            ],
            [
              -74.9041,
              9.397
            ],
            [
              -74.9083,
              9.3903
            ],
            [
              -74.9223,
              9.3885
            ],
            [
              -74.9421,
              9.3514
            ],
            [
              -74.9433,
              9.3349
            ],
            [
              -74.9329,
              9.3284
            ],
            [
              -74.9426,
              9.3035
            ],
            [
              -74.9412,
              9.2922
            ],
            [
              -74.9312,
              9.2917
            ],
            [
              -74.924,
              9.2685
            ],
            [
              -74.9312,
              9.2602
            ],
            [
              -74.9279,
              9.2509
            ],
            [
              -74.9102,
              9.2446
            ],
            [
              -74.9051,
              9.2199
            ],
            [
              -74.9083,
              9.205
            ],
            [
              -74.9024,
              9.1936
            ],
            [
              -74.9064,
              9.1742
            ],
            [
              -74.9028,
              9.1633
            ],
            [
              -74.8806,
              9.1603
            ],
            [
              -74.8644,
              9.1485
            ],
            [
              -74.8573,
              9.1325
            ],
            [
              -74.8466,
              9.1218
            ],
            [
              -74.8435,
              9.1072
            ],
            [
              -74.8385,
              9.0945
            ],
            [
              -74.8291,
              9.0853
            ],
            [
              -74.8282,
              9.0619
            ],
            [
              -74.8134,
              9.0505
            ],
            [
              -74.7856,
              9.0468
            ],
            [
              -74.7756,
              9.0377
            ],
            [
              -74.7553,
              9.0444
            ],
            [
              -74.7473,
              9.0389
            ],
            [
              -74.7476,
              9.0277
            ],
            [
              -74.7369,
              9.0158
            ],
            [
              -74.7263,
              9.0154
            ],
            [
              -74.7049,
              9.0078
            ],
            [
              -74.6851,
              9.0115
            ],
            [
              -74.6691,
              9.0048
            ],
            [
              -74.67,
              8.9981
            ],
            [
              -74.652,
              8.9888
            ],
            [
              -74.639,
              8.9771
            ],
            [
              -74.6234,
              8.939
            ],
            [
              -74.6234,
              8.9305
            ],
            [
              -74.6066,
              8.9316
            ],
            [
              -74.6086,
              8.9195
            ],
            [
              -74.5947,
              8.901
            ],
            [
              -74.5894,
              8.8715
            ],
            [
              -74.5792,
              8.8688
            ],
            [
              -74.586,
              8.8412
            ],
            [
              -74.5647,
              8.837
            ],
            [
              -74.5389,
              8.8374
            ],
            [
              -74.5194,
              8.83
            ],
            [
              -74.4692,
              8.824
            ],
            [
              -74.474,
              8.8379
            ],
            [
              -74.4612,
              8.8394
            ],
            [
              -74.4763,
              8.8675
            ],
            [
              -74.4646,
              8.8762
            ],
            [
              -74.4743,
              8.8885
            ],
            [
              -74.4764,
              8.905
            ],
            [
              -74.4883,
              8.9292
            ],
            [
              -74.4976,
              8.9399
            ],
            [
              -74.5201,
              8.9538
            ],
            [
              -74.5302,
              8.9672
            ],
            [
              -74.5349,
              8.9951
            ],
            [
              -74.5946,
              9.0028
            ],
            [
              -74.6062,
              9.0204
            ],
            [
              -74.624,
              9.027
            ],
            [
              -74.6339,
              9.0192
            ],
            [
              -74.6402,
              9.0328
            ],
            [
              -74.6624,
              9.0564
            ],
            [
              -74.6825,
              9.0676
            ],
            [
              -74.6957,
              9.0877
            ],
            [
              -74.7295,
              9.127
            ],
            [
              -74.7293,
              9.169
            ],
            [
              -74.7253,
              9.1791
            ],
            [
              -74.7265,
              9.1918
            ],
            [
              -74.7366,
              9.2022
            ],
            [
              -74.7587,
              9.2056
            ],
            [
              -74.7602,
              9.2158
            ],
            [
              -74.7422,
              9.2279
            ],
            [
              -74.7336,
              9.2639
            ],
            [
              -74.7101,
              9.2864
            ],
            [
              -74.6912,
              9.293
            ],
            [
              -74.6781,
              9.3058
            ],
            [
              -74.6806,
              9.3254
            ],
            [
              -74.6873,
              9.3362
            ],
            [
              -74.729,
              9.356
            ],
            [
              -74.7436,
              9.3664
            ],
            [
              -74.7563,
              9.388
            ],
            [
              -74.7536,
              9.4028
            ],
            [
              -74.7391,
              9.426
            ]
          ]
        ]
      },
      "properties": {
        "OBJECTID": 166,
        "DPTO_CCDGO": "05",
        "MPIO_CCDGO": "430",
        "name": "05028",
        "MPIO_CRSLC": "1813",
        "MPIO_NANO_": 1993,
        "MPIO_NAREA": 1110.47611768,
        "MPIO_CSMBL": "4",
        "MPIO_CCNCT": "13430",
        "MPIO_NANO": 2012,
        "SHAPE_Leng": 2.11419085164,
        "SHAPE_Area": 0.0913399843368,
        "NOMBRE": "MAGANGUE",
        "DANE": {
          "dpto_ccdgo": "13",
          "mpio_ccdgo": "430",
          "mpio_cdpmp": "13430",
          "dpto_cnmbr": "BOLÍVAR",
          "mpio_cnmbr": "MAGANGUÉ",
          "mpio_crslc": "1813",
          "mpio_tipo": "MUNICIPIO",
          "mpio_narea": 1130.03308973,
          "mpio_nano": 2024,
          "shape_Leng": 2.23176704269,
          "shape_Area": 0.0929491676715
        }
      }
    },
    {
      "type": "Feature",
      "geometry": {
        "type": "Polygon",
        "coordinates": [
          [
            [
              -75.1732,
              10.2864
            ],
            [
              -75.1903,
              10.2814
            ],
            [
              -75.2017,
              10.3005
            ],
            [
              -75.213,
              10.2884
            ],
            [
              -75.2259,
              10.2883
            ],
            [
              -75.2355,
              10.2776
            ],
            [
              -75.2537,
              10.2574
            ],
            [
              -75.2782,
              10.2425
            ],
            [
              -75.2754,
              10.2248
            ],
            [
              -75.256,
              10.2219
            ],
            [
              -75.2483,
              10.2101
            ],
            [
              -75.2564,
              10.1912
            ],
            [
              -75.2678,
              10.1865
            ],
            [
              -75.2761,
              10.1764
            ],
            [
              -75.2773,
              10.1553
            ],
            [
              -75.2674,
              10.1511
            ],
            [
              -75.2645,
              10.1363
            ],
            [
              -75.243,
              10.1322
            ],
            [
              -75.2456,
              10.0953
            ],
            [
              -75.2515,
              10.0903
            ],
            [
              -75.2845,
              10.0936
            ],
            [
              -75.2803,
              10.0791
            ],
            [
              -75.2582,
              10.0687
            ],
            [
              -75.2401,
              10.0656
            ],
            [
              -75.2352,
              10.0762
            ],
            [
              -75.2217,
              10.0708
            ],
            [
              -75.2293,
              10.0528
            ],
            [
              -75.2052,
              10.0391
            ],
            [
              -75.1922,
              10.0403
            ],
            [
              -75.1807,
              10.0542
            ],
            [
              -75.1725,
              10.0763
            ],
            [
              -75.1658,
              10.0683
            ],
            [
              -75.153,
              10.0784
            ],
            [
              -75.1343,
              10.1088
            ],
            [
              -75.1214,
              10.1134
            ],
            [
              -75.1152,
              10.1016
            ],
            [
              -75.1048,
              10.097
            ],
            [
              -75.0857,
              10.1191
            ],
            [
              -75.0871,
              10.1283
            ],
            [
              -75.073,
              10.1613
            ],
            [
              -75.1002,
              10.1737
            ],
            [
              -75.0962,
              10.183
            ],
            [
              -75.1041,
              10.1976
            ],
            [
              -75.0928,
              10.2034
            ],
            [
              -75.0945,
              10.2183
            ],
            [
              -75.0908,
              10.2389
            ],
            [
              -75.0919,
              10.265
            ],
            [
              -75.0764,
              10.2791
            ],
            [
              -75.0666,
              10.2755
            ],
            [
              -75.0635,
              10.2929
            ],
            [
              -75.0838,
              10.2814
            ],
            [
              -75.0995,
              10.273
            ],
            [
              -75.1274,
              10.2711
            ],
            [
              -75.1311,
              10.2801
            ],
            [
              -75.1543,
              10.2941
            ],
            [
              -75.1732,
              10.2864
            ]
          ]
        ]
      },
      "properties": {
        "OBJECTID": 167,
        "DPTO_CCDGO": "05",
        "MPIO_CCDGO": "433",
        "name": "05031",
        "MPIO_CRSLC": "1610",
        "MPIO_NANO_": 1993,
        "MPIO_NAREA": 416.81908587,
        "MPIO_CSMBL": "4",
        "MPIO_CCNCT": "13433",
        "MPIO_NANO": 2012,
        "SHAPE_Leng": 1.35390740888,
        "SHAPE_Area": 0.034377142744,
        "NOMBRE": "MAHATES",
        "DANE": {
          "dpto_ccdgo": "13",
          "mpio_ccdgo": "433",
          "mpio_cdpmp": "13433",
          "dpto_cnmbr": "BOLÍVAR",
          "mpio_cnmbr": "MAHATES",
          "mpio_crslc": "1610",
          "mpio_tipo": "MUNICIPIO",
          "mpio_narea": 432.331636395,
          "mpio_nano": 2024,
          "shape_Leng": 1.43698949772,
          "shape_Area": 0.0356567562082
        }
      }
    },
    {
      "type": "Feature",
      "geometry": {
        "type": "Polygon",
        "coordinates": [
          [
            [
              -74.2975,
              9.1769
            ],
            [
              -74.303,
              9.1655
            ],
            [
              -74.2979,
              9.1535
            ],
            [
              -74.3094,
              9.1362
            ],
            [
              -74.3179,
              9.1371
            ],
            [
              -74.3238,
              9.1205
            ],
            [
              -74.3145,
              9.0952
            ],
            [
              -74.3041,
              9.0826
            ],
            [
              -74.2852,
              9.0714
            ],
            [
              -74.2813,
              9.055
            ],
            [
              -74.2689,
              9.0493
            ],
            [
              -74.2648,
              9.041
            ],
            [
              -74.2807,
              9.024
            ],
            [
              -74.2872,
              8.9978
            ],
            [
              -74.2801,
              8.99
            ],
            [
              -74.2638,
              8.9916
            ],
            [
              -74.2776,
              8.9724
            ],
            [
              -74.2691,
              8.9609
            ],
            [
              -74.2448,
              8.9458
            ],
            [
              -74.2267,
              8.948
            ],
            [
              -74.2099,
              8.9722
            ],
            [
              -74.1969,
              8.9783
            ],
            [
              -74.1939,
              8.9871
            ],
            [
              -74.1793,
              8.9924
            ],
            [
              -74.1622,
              8.9934
            ],
            [
              -74.1466,
              8.9895
            ],
            [
              -74.1263,
              9.0031
            ],
            [
              -74.1092,
              8.9912
            ],
            [
              -74.1003,
              9.0187
            ],
            [
              -74.1124,
              9.0408
            ],
            [
              -74.1245,
              9.03
            ],
            [
              -74.141,
              9.0311
            ],
            [
              -74.1371,
              9.0432
            ],
            [
              -74.1234,
              9.0429
            ],
            [
              -74.1367,
              9.0641
            ],
            [
              -74.1512,
              9.0563
            ],
            [
              -74.1572,
              9.0699
            ],
            [
              -74.1778,
              9.0779
            ],
            [
              -74.1757,
              9.088
            ],
            [
              -74.2023,
              9.1021
            ],
            [
              -74.2143,
              9.1205
            ],
            [
              -74.2284,
              9.124
            ],
            [
              -74.2196,
              9.135
            ],
            [
              -74.2359,
              9.1478
            ],
            [
              -74.2483,
              9.1647
            ],
            [
              -74.2665,
              9.1696
            ],
            [
              -74.2808,
              9.1586
            ],
            [
              -74.2983,
              9.1599
            ],
            [
              -74.2975,
              9.1769
            ]
          ]
        ]
      },
      "properties": {
        "OBJECTID": 168,
        "DPTO_CCDGO": "05",
        "MPIO_CCDGO": "440",
        "name": "05037",
        "MPIO_CRSLC": "Ley 66 de 1882",
        "MPIO_NANO_": 1993,
        "MPIO_NAREA": 299.13490429,
        "MPIO_CSMBL": "4",
        "MPIO_CCNCT": "13440",
        "MPIO_NANO": 2012,
        "SHAPE_Leng": 0.971668421327,
        "SHAPE_Area": 0.0246003532394,
        "NOMBRE": "MARGARITA",
        "DANE": {
          "dpto_ccdgo": "13",
          "mpio_ccdgo": "440",
          "mpio_cdpmp": "13440",
          "dpto_cnmbr": "BOLÍVAR",
          "mpio_cnmbr": "MARGARITA",
          "mpio_crslc": "Ley 66 de 1882",
          "mpio_tipo": "MUNICIPIO",
          "mpio_narea": 293.623221264,
          "mpio_nano": 2024,
          "shape_Leng": 1.03041497776,
          "shape_Area": 0.0241470392363
        }
      }
    },
    {
      "type": "Feature",
      "geometry": {
        "type": "Polygon",
        "coordinates": [
          [
            [
              -75.2052,
              10.0391
            ],
            [
              -75.2293,
              10.0528
            ],
            [
              -75.2217,
              10.0708
            ],
            [
              -75.2352,
              10.0762
            ],
            [
              -75.2401,
              10.0656
            ],
            [
              -75.2582,
              10.0687
            ],
            [
              -75.2803,
              10.0791
            ],
            [
              -75.2845,
              10.0936
            ],
            [
              -75.3347,
              10.0876
            ],
            [
              -75.3597,
              10.0905
            ],
            [
              -75.3762,
              10.0728
            ],
            [
              -75.3987,
              10.0645
            ],
            [
              -75.4136,
              10.0458
            ],
            [
              -75.42,
              10.0275
            ],
            [
              -75.4278,
              10.0285
            ],
            [
              -75.439,
              10.0174
            ],
            [
              -75.4551,
              10.0367
            ],
            [
              -75.4765,
              10.0419
            ],
            [
              -75.4873,
              10.0368
            ],
            [
              -75.4761,
              10.0186
            ],
            [
              -75.4844,
              10.0069
            ],
            [
              -75.4706,
              10.0025
            ],
            [
              -75.4773,
              9.9927
            ],
            [
              -75.4773,
              9.9736
            ],
            [
              -75.4642,
              9.9611
            ],
            [
              -75.4778,
              9.9351
            ],
            [
              -75.4662,
              9.9088
            ],
            [
              -75.4655,
              9.8918
            ],
            [
              -75.4538,
              9.8994
            ],
            [
              -75.4433,
              9.9141
            ],
            [
              -75.4307,
              9.9095
            ],
            [
              -75.4331,
              9.8971
            ],
            [
              -75.4171,
              9.8852
            ],
            [
              -75.3936,
              9.8808
            ],
            [
              -75.379,
              9.8601
            ],
            [
              -75.3768,
              9.8494
            ],
            [
              -75.3524,
              9.8384
            ],
            [
              -75.3387,
              9.8284
            ],
            [
              -75.3314,
              9.8447
            ],
            [
              -75.3312,
              9.8581
            ],
            [
              -75.3195,
              9.8774
            ],
            [
              -75.2987,
              9.8914
            ],
            [
              -75.2776,
              9.8917
            ],
            [
              -75.235,
              9.8997
            ],
            [
              -75.2394,
              9.9073
            ],
            [
              -75.2354,
              9.9191
            ],
            [
              -75.2465,
              9.9223
            ],
            [
              -75.2428,
              9.9385
            ],
            [
              -75.2325,
              9.9527
            ],
            [
              -75.2244,
              9.9777
            ],
            [
              -75.2091,
              9.9944
            ],
            [
              -75.2138,
              10.0099
            ],
            [
              -75.2144,
              10.0296
            ],
            [
              -75.2052,
              10.0391
            ]
          ]
        ]
      },
      "properties": {
        "OBJECTID": 169,
        "DPTO_CCDGO": "05",
        "MPIO_CCDGO": "442",
        "name": "05040",
        "MPIO_CRSLC": "Ley 119 del 14 de Septiembretiembre de 1936",
        "MPIO_NANO_": 1993,
        "MPIO_NAREA": 539.70227291,
        "MPIO_CSMBL": "4",
        "MPIO_CCNCT": "13442",
        "MPIO_NANO": 2012,
        "SHAPE_Leng": 1.21169125517,
        "SHAPE_Area": 0.0444803820208,
        "NOMBRE": "MARIA LA BAJA",
        "DANE": {
          "dpto_ccdgo": "13",
          "mpio_ccdgo": "442",
          "mpio_cdpmp": "13442",
          "dpto_cnmbr": "BOLÍVAR",
          "mpio_cnmbr": "MARÍA LA BAJA",
          "mpio_crslc": "Ley 119 del 14 de Septiembretiembre de 1936",
          "mpio_tipo": "MUNICIPIO",
          "mpio_narea": 561.311111867,
          "mpio_nano": 2024,
          "shape_Leng": 1.39203239185,
          "shape_Area": 0.0462608127608
        }
      }
    },
    {
      "type": "Feature",
      "geometry": {
        "type": "Polygon",
        "coordinates": [
          [
            [
              -74.3423,
              8.2764
            ],
            [
              -74.3456,
              8.298
            ],
            [
              -74.3662,
              8.2996
            ],
            [
              -74.3769,
              8.3166
            ],
            [
              -74.401,
              8.3155
            ],
            [
              -74.4303,
              8.3413
            ],
            [
              -74.4261,
              8.3662
            ],
            [
              -74.435,
              8.3713
            ],
            [
              -74.4471,
              8.4003
            ],
            [
              -74.4425,
              8.4086
            ],
            [
              -74.4432,
              8.4296
            ],
            [
              -74.4496,
              8.4273
            ],
            [
              -74.4561,
              8.4083
            ],
            [
              -74.4666,
              8.4106
            ],
            [
              -74.4769,
              8.4047
            ],
            [
              -74.4893,
              8.4112
            ],
            [
              -74.4956,
              8.4067
            ],
            [
              -74.5127,
              8.4084
            ],
            [
              -74.5177,
              8.367
            ],
            [
              -74.5187,
              8.3513
            ],
            [
              -74.5266,
              8.3248
            ],
            [
              -74.5083,
              8.3147
            ],
            [
              -74.5016,
              8.2923
            ],
            [
              -74.5077,
              8.2849
            ],
            [
              -74.5248,
              8.2759
            ],
            [
              -74.5253,
              8.2599
            ],
            [
              -74.5327,
              8.2524
            ],
            [
              -74.5639,
              8.2646
            ],
            [
              -74.6058,
              8.2512
            ],
            [
              -74.6387,
              8.2294
            ],
            [
              -74.6605,
              8.2269
            ],
            [
              -74.6764,
              8.2045
            ],
            [
              -74.6834,
              8.1891
            ],
            [
              -74.6771,
              8.1682
            ],
            [
              -74.6513,
              8.1338
            ],
            [
              -74.6509,
              8.1242
            ],
            [
              -74.6366,
              8.1018
            ],
            [
              -74.6166,
              8.0837
            ],
            [
              -74.6099,
              8.0509
            ],
            [
              -74.6146,
              8.0318
            ],
            [
              -74.6041,
              8.0334
            ],
            [
              -74.5977,
              8.0248
            ],
            [
              -74.5912,
              8.0043
            ],
            [
              -74.5792,
              7.9951
            ],
            [
              -74.5741,
              7.9794
            ],
            [
              -74.5611,
              7.9675
            ],
            [
              -74.5474,
              7.9495
            ],
            [
              -74.5389,
              7.9469
            ],
            [
              -74.5353,
              7.9144
            ],
            [
              -74.5198,
              7.9008
            ],
            [
              -74.5238,
              7.8836
            ],
            [
              -74.5228,
              7.8634
            ],
            [
              -74.5268,
              7.8377
            ],
            [
              -74.5195,
              7.8237
            ],
            [
              -74.5172,
              7.8017
            ],
            [
              -74.5253,
              7.7826
            ],
            [
              -74.5136,
              7.781
            ],
            [
              -74.5124,
              7.7502
            ],
            [
              -74.508,
              7.7245
            ],
            [
              -74.4977,
              7.7115
            ],
            [
              -74.4869,
              7.7133
            ],
            [
              -74.4749,
              7.7043
            ],
            [
              -74.4765,
              7.6822
            ],
            [
              -74.4908,
              7.6753
            ],
            [
              -74.5169,
              7.6767
            ],
            [
              -74.5306,
              7.6712
            ],
            [
              -74.5444,
              7.6554
            ],
            [
              -74.5611,
              7.6465
            ],
            [
              -74.5661,
              7.6177
            ],
            [
              -74.5625,
              7.6102
            ],
            [
              -74.5705,
              7.5777
            ],
            [
              -74.5669,
              7.5391
            ],
            [
              -74.5682,
              7.5195
            ],
            [
              -74.5902,
              7.511
            ],
            [
              -74.5928,
              7.4906
            ],
            [
              -74.5879,
              7.4823
            ],
            [
              -74.5984,
              7.4619
            ],
            [
              -74.5791,
              7.4336
            ],
            [
              -74.5632,
              7.4329
            ],
            [
              -74.5682,
              7.4415
            ],
            [
              -74.5692,
              7.4605
            ],
            [
              -74.5554,
              7.4665
            ],
            [
              -74.5262,
              7.5005
            ],
            [
              -74.5192,
              7.4921
            ],
            [
              -74.5077,
              7.4907
            ],
            [
              -74.5066,
              7.4802
            ],
            [
              -74.492,
              7.4854
            ],
            [
              -74.4892,
              7.5123
            ],
            [
              -74.4924,
              7.522
            ],
            [
              -74.4933,
              7.5507
            ],
            [
              -74.4779,
              7.56
            ],
            [
              -74.4669,
              7.5801
            ],
            [
              -74.4674,
              7.5962
            ],
            [
              -74.4756,
              7.6143
            ],
            [
              -74.4624,
              7.6254
            ],
            [
              -74.4609,
              7.6399
            ],
            [
              -74.466,
              7.6512
            ],
            [
              -74.4601,
              7.6705
            ],
            [
              -74.4516,
              7.6756
            ],
            [
              -74.4513,
              7.686
            ],
            [
              -74.4586,
              7.696
            ],
            [
              -74.458,
              7.7148
            ],
            [
              -74.4485,
              7.7431
            ],
            [
              -74.4533,
              7.7559
            ],
            [
              -74.4523,
              7.7867
            ],
            [
              -74.4399,
              7.8026
            ],
            [
              -74.4108,
              7.7934
            ],
            [
              -74.3797,
              7.7955
            ],
            [
              -74.3651,
              7.8111
            ],
            [
              -74.3578,
              7.8285
            ],
            [
              -74.3708,
              7.8361
            ],
            [
              -74.3446,
              7.861
            ],
            [
              -74.3387,
              7.8768
            ],
            [
              -74.3481,
              7.8814
            ],
            [
              -74.3459,
              7.8979
            ],
            [
              -74.3309,
              7.9065
            ],
            [
              -74.3301,
              7.9218
            ],
            [
              -74.3156,
              7.9281
            ],
            [
              -74.2985,
              7.9199
            ],
            [
              -74.276,
              7.93
            ],
            [
              -74.257,
              7.9476
            ],
            [
              -74.2565,
              7.9641
            ],
            [
              -74.2687,
              8.0005
            ],
            [
              -74.2761,
              8.0018
            ],
            [
              -74.2872,
              8.0229
            ],
            [
              -74.2984,
              8.0322
            ],
            [
              -74.2836,
              8.0447
            ],
            [
              -74.268,
              8.0808
            ],
            [
              -74.2611,
              8.1047
            ],
            [
              -74.2721,
              8.1115
            ],
            [
              -74.2738,
              8.13
            ],
            [
              -74.2833,
              8.1396
            ],
            [
              -74.285,
              8.1546
            ],
            [
              -74.313,
              8.162
            ],
            [
              -74.3281,
              8.1779
            ],
            [
              -74.3322,
              8.189
            ],
            [
              -74.3605,
              8.1997
            ],
            [
              -74.373,
              8.2086
            ],
            [
              -74.3669,
              8.2539
            ],
            [
              -74.3687,
              8.2647
            ],
            [
              -74.356,
              8.2653
            ],
            [
              -74.3423,
              8.2764
            ]
          ]
        ]
      },
      "properties": {
        "OBJECTID": 170,
        "DPTO_CCDGO": "05",
        "MPIO_CCDGO": "458",
        "name": "05041",
        "MPIO_CRSLC": "Ordenanza 30 de diciembre 13 de 1994",
        "MPIO_NANO_": 1996,
        "MPIO_NAREA": 2087.39812483,
        "MPIO_CSMBL": "4",
        "MPIO_CCNCT": "13458",
        "MPIO_NANO": 2012,
        "SHAPE_Leng": 3.25879054378,
        "SHAPE_Area": 0.171205256203,
        "NOMBRE": "MONTECRISTO",
        "DANE": {
          "dpto_ccdgo": "13",
          "mpio_ccdgo": "458",
          "mpio_cdpmp": "13458",
          "dpto_cnmbr": "BOLÍVAR",
          "mpio_cnmbr": "MONTECRISTO",
          "mpio_crslc": "Ordenanza 30 de diciembre 13 de 1994",
          "mpio_tipo": "MUNICIPIO",
          "mpio_narea": 2092.81355815,
          "mpio_nano": 2024,
          "shape_Leng": 3.38102200829,
          "shape_Area": 0.171648538409
        }
      }
    },
    {
      "type": "Feature",
      "geometry": {
        "type": "Polygon",
        "coordinates": [
          [
            [
              -74.4179,
              9.2362
            ],
            [
              -74.4397,
              9.274
            ],
            [
              -74.4494,
              9.2689
            ],
            [
              -74.4638,
              9.2713
            ],
            [
              -74.4868,
              9.2504
            ],
            [
              -74.5142,
              9.2338
            ],
            [
              -74.5306,
              9.2421
            ],
            [
              -74.5447,
              9.2423
            ],
            [
              -74.5681,
              9.2304
            ],
            [
              -74.5641,
              9.2205
            ],
            [
              -74.5748,
              9.2089
            ],
            [
              -74.5863,
              9.2167
            ],
            [
              -74.6146,
              9.1967
            ],
            [
              -74.6442,
              9.2008
            ],
            [
              -74.6508,
              9.1921
            ],
            [
              -74.6633,
              9.1689
            ],
            [
              -74.6832,
              9.1685
            ],
            [
              -74.6963,
              9.1743
            ],
            [
              -74.707,
              9.1734
            ],
            [
              -74.7253,
              9.1791
            ],
            [
              -74.7293,
              9.169
            ],
            [
              -74.7295,
              9.127
            ],
            [
              -74.6957,
              9.0877
            ],
            [
              -74.6825,
              9.0676
            ],
            [
              -74.6624,
              9.0564
            ],
            [
              -74.6402,
              9.0328
            ],
            [
              -74.6339,
              9.0192
            ],
            [
              -74.624,
              9.027
            ],
            [
              -74.6062,
              9.0204
            ],
            [
              -74.5959,
              9.0242
            ],
            [
              -74.5853,
              9.0174
            ],
            [
              -74.5749,
              9.0255
            ],
            [
              -74.5756,
              9.0362
            ],
            [
              -74.56,
              9.0379
            ],
            [
              -74.5478,
              9.0456
            ],
            [
              -74.5372,
              9.0381
            ],
            [
              -74.5181,
              9.0326
            ],
            [
              -74.5059,
              9.0398
            ],
            [
              -74.5005,
              9.0319
            ],
            [
              -74.4881,
              9.0414
            ],
            [
              -74.4976,
              9.0595
            ],
            [
              -74.4801,
              9.0781
            ],
            [
              -74.4688,
              9.0866
            ],
            [
              -74.4551,
              9.0824
            ],
            [
              -74.4392,
              9.0987
            ],
            [
              -74.4354,
              9.1183
            ],
            [
              -74.4245,
              9.1257
            ],
            [
              -74.4159,
              9.1412
            ],
            [
              -74.4051,
              9.1387
            ],
            [
              -74.4007,
              9.147
            ],
            [
              -74.3844,
              9.1471
            ],
            [
              -74.3691,
              9.1566
            ],
            [
              -74.3522,
              9.1511
            ],
            [
              -74.3597,
              9.1711
            ],
            [
              -74.3544,
              9.1875
            ],
            [
              -74.3679,
              9.1951
            ],
            [
              -74.3745,
              9.2077
            ],
            [
              -74.3918,
              9.2152
            ],
            [
              -74.403,
              9.2137
            ],
            [
              -74.4179,
              9.2362
            ]
          ]
        ]
      },
      "properties": {
        "OBJECTID": 171,
        "DPTO_CCDGO": "05",
        "MPIO_CCDGO": "468",
        "name": "05043",
        "MPIO_CRSLC": "Ley 10 del 10 de Octubre de 1852",
        "MPIO_NANO_": 1993,
        "MPIO_NAREA": 622.15890257,
        "MPIO_CSMBL": "4",
        "MPIO_CCNCT": "13468",
        "MPIO_NANO": 2012,
        "SHAPE_Leng": 1.30663966727,
        "SHAPE_Area": 0.051174011644,
        "NOMBRE": "MOMPOS",
        "DANE": {
          "dpto_ccdgo": "13",
          "mpio_ccdgo": "468",
          "mpio_cdpmp": "13468",
          "dpto_cnmbr": "BOLÍVAR",
          "mpio_cnmbr": "SANTA CRUZ DE MOMPOX",
          "mpio_crslc": "Ley 10 del 10 de Octubre de 1852",
          "mpio_tipo": "MUNICIPIO",
          "mpio_narea": 652.145555885,
          "mpio_nano": 2024,
          "shape_Leng": 1.37346368475,
          "shape_Area": 0.0536408617422
        }
      }
    },
    {
      "type": "Feature",
      "geometry": {
        "type": "Polygon",
        "coordinates": [
          [
            [
              -73.7495,
              8.4054
            ],
            [
              -73.7685,
              8.4022
            ],
            [
              -73.7691,
              8.424
            ],
            [
              -73.7842,
              8.4257
            ],
            [
              -73.8009,
              8.4134
            ],
            [
              -73.8083,
              8.4134
            ],
            [
              -73.8265,
              8.4345
            ],
            [
              -73.841,
              8.4329
            ],
            [
              -73.8506,
              8.4412
            ],
            [
              -73.8399,
              8.4518
            ],
            [
              -73.8486,
              8.464
            ],
            [
              -73.8639,
              8.4629
            ],
            [
              -73.8805,
              8.4717
            ],
            [
              -73.8851,
              8.447
            ],
            [
              -73.875,
              8.4271
            ],
            [
              -73.8718,
              8.4128
            ],
            [
              -73.8765,
              8.397
            ],
            [
              -73.8919,
              8.3961
            ],
            [
              -73.8941,
              8.3829
            ],
            [
              -73.9156,
              8.3829
            ],
            [
              -73.9238,
              8.3716
            ],
            [
              -73.9488,
              8.3793
            ],
            [
              -73.9579,
              8.3872
            ],
            [
              -73.9785,
              8.3801
            ],
            [
              -73.992,
              8.3833
            ],
            [
              -74.0078,
              8.3755
            ],
            [
              -74.0195,
              8.3777
            ],
            [
              -74.0278,
              8.3629
            ],
            [
              -74.0399,
              8.3653
            ],
            [
              -74.0568,
              8.3593
            ],
            [
              -74.066,
              8.3463
            ],
            [
              -74.1044,
              8.3335
            ],
            [
              -74.1159,
              8.3223
            ],
            [
              -74.1246,
              8.3246
            ],
            [
              -74.1375,
              8.3185
            ],
            [
              -74.141,
              8.3065
            ],
            [
              -74.1532,
              8.3093
            ],
            [
              -74.1766,
              8.2684
            ],
            [
              -74.1995,
              8.2638
            ],
            [
              -74.2063,
              8.2512
            ],
            [
              -74.2196,
              8.2395
            ],
            [
              -74.2146,
              8.2299
            ],
            [
              -74.2436,
              8.2093
            ],
            [
              -74.2391,
              8.2014
            ],
            [
              -74.2569,
              8.1848
            ],
            [
              -74.2722,
              8.157
            ],
            [
              -74.285,
              8.1546
            ],
            [
              -74.2833,
              8.1396
            ],
            [
              -74.2738,
              8.13
            ],
            [
              -74.2721,
              8.1115
            ],
            [
              -74.2611,
              8.1047
            ],
            [
              -74.2029,
              8.1101
            ],
            [
              -74.1898,
              8.1049
            ],
            [
              -74.1725,
              8.1077
            ],
            [
              -74.154,
              8.1221
            ],
            [
              -74.1293,
              8.1356
            ],
            [
              -74.1225,
              8.1363
            ],
            [
              -74.1058,
              8.1553
            ],
            [
              -74.0914,
              8.1633
            ],
            [
              -74.0776,
              8.1628
            ],
            [
              -74.0595,
              8.1567
            ],
            [
              -74.0485,
              8.1607
            ],
            [
              -74.0328,
              8.1762
            ],
            [
              -74.0235,
              8.1755
            ],
            [
              -73.9856,
              8.1708
            ],
            [
              -73.97,
              8.1748
            ],
            [
              -73.9573,
              8.1706
            ],
            [
              -73.9584,
              8.1601
            ],
            [
              -73.9305,
              8.1451
            ],
            [
              -73.9232,
              8.1457
            ],
            [
              -73.9131,
              8.1309
            ],
            [
              -73.9015,
              8.1217
            ],
            [
              -73.8809,
              8.1194
            ],
            [
              -73.875,
              8.0964
            ],
            [
              -73.8823,
              8.0894
            ],
            [
              -73.8772,
              8.0754
            ],
            [
              -73.8676,
              8.0636
            ],
            [
              -73.8615,
              8.0785
            ],
            [
              -73.8236,
              8.1056
            ],
            [
              -73.8068,
              8.1304
            ],
            [
              -73.7863,
              8.1344
            ],
            [
              -73.7753,
              8.145
            ],
            [
              -73.7712,
              8.1546
            ],
            [
              -73.7796,
              8.2081
            ],
            [
              -73.7747,
              8.2261
            ],
            [
              -73.7646,
              8.2405
            ],
            [
              -73.7603,
              8.2629
            ],
            [
              -73.7502,
              8.2746
            ],
            [
              -73.7587,
              8.2908
            ],
            [
              -73.7597,
              8.3036
            ],
            [
              -73.7471,
              8.3192
            ],
            [
              -73.7576,
              8.3315
            ],
            [
              -73.7489,
              8.3604
            ],
            [
              -73.7495,
              8.4054
            ]
          ]
        ]
      },
      "properties": {
        "OBJECTID": 172,
        "DPTO_CCDGO": "05",
        "MPIO_CCDGO": "473",
        "name": "05044",
        "MPIO_CRSLC": "Decreto 312 de Diciembre 4 de 1886",
        "MPIO_NANO_": 1993,
        "MPIO_NAREA": 1342.14717186,
        "MPIO_CSMBL": "4",
        "MPIO_CCNCT": "13473",
        "MPIO_NANO": 2012,
        "SHAPE_Leng": 2.00786295153,
        "SHAPE_Area": 0.110146770503,
        "NOMBRE": "MORALES",
        "DANE": {
          "dpto_ccdgo": "13",
          "mpio_ccdgo": "473",
          "mpio_cdpmp": "13473",
          "dpto_cnmbr": "BOLÍVAR",
          "mpio_cnmbr": "MORALES",
          "mpio_crslc": "Decreto 312 de Diciembre 4 de 1886",
          "mpio_tipo": "MUNICIPIO",
          "mpio_narea": 1347.60784145,
          "mpio_nano": 2024,
          "shape_Leng": 2.09284505537,
          "shape_Area": 0.110595290028
        }
      }
    },
    {
      "type": "Feature",
      "geometry": {
        "type": "Polygon",
        "coordinates": [
          [
            [
              -74.2575,
              8.3832
            ],
            [
              -74.254,
              8.3711
            ],
            [
              -74.2399,
              8.3672
            ],
            [
              -74.189,
              8.3827
            ],
            [
              -74.173,
              8.3966
            ],
            [
              -74.1583,
              8.4049
            ],
            [
              -74.1466,
              8.4234
            ],
            [
              -74.1255,
              8.437
            ],
            [
              -74.1096,
              8.4422
            ],
            [
              -74.1125,
              8.4567
            ],
            [
              -74.0789,
              8.4574
            ],
            [
              -74.0623,
              8.4483
            ],
            [
              -74.0543,
              8.4698
            ],
            [
              -74.0349,
              8.4804
            ],
            [
              -74.0048,
              8.5172
            ],
            [
              -73.979,
              8.5338
            ],
            [
              -73.9755,
              8.5433
            ],
            [
              -73.9903,
              8.5564
            ],
            [
              -73.985,
              8.573
            ],
            [
              -73.9991,
              8.5851
            ],
            [
              -73.9976,
              8.5954
            ],
            [
              -74.0157,
              8.5986
            ],
            [
              -74.0362,
              8.6082
            ],
            [
              -74.0948,
              8.6109
            ],
            [
              -74.1145,
              8.6189
            ],
            [
              -74.1268,
              8.6185
            ],
            [
              -74.1514,
              8.6035
            ],
            [
              -74.1569,
              8.593
            ],
            [
              -74.1573,
              8.5789
            ],
            [
              -74.1669,
              8.5724
            ],
            [
              -74.1598,
              8.5612
            ],
            [
              -74.1611,
              8.5342
            ],
            [
              -74.1577,
              8.5207
            ],
            [
              -74.1727,
              8.5159
            ],
            [
              -74.206,
              8.4877
            ],
            [
              -74.2079,
              8.4769
            ],
            [
              -74.2225,
              8.4695
            ],
            [
              -74.2361,
              8.4568
            ],
            [
              -74.2559,
              8.4435
            ],
            [
              -74.257,
              8.4353
            ],
            [
              -74.2338,
              8.4305
            ],
            [
              -74.2387,
              8.4163
            ],
            [
              -74.2379,
              8.4021
            ],
            [
              -74.2489,
              8.3866
            ],
            [
              -74.2575,
              8.3832
            ]
          ]
        ]
      },
      "properties": {
        "OBJECTID": 173,
        "DPTO_CCDGO": "05",
        "MPIO_CCDGO": "490",
        "name": "05050",
        "MPIO_CRSLC": "Decreto 699 de Diciembre 20 de 2007",
        "MPIO_NANO_": 2007,
        "MPIO_NAREA": 415.83108439,
        "MPIO_CSMBL": "4",
        "MPIO_CCNCT": "13490",
        "MPIO_NANO": 2012,
        "SHAPE_Leng": 1.18093260184,
        "SHAPE_Area": 0.0341481982903,
        "NOMBRE": "NOROSI",
        "DANE": {
          "dpto_ccdgo": "13",
          "mpio_ccdgo": "490",
          "mpio_cdpmp": "13490",
          "dpto_cnmbr": "BOLÍVAR",
          "mpio_cnmbr": "NOROSÍ",
          "mpio_crslc": "Decreto 699 de Diciembre 20 de 2007",
          "mpio_tipo": "MUNICIPIO",
          "mpio_narea": 416.384423168,
          "mpio_nano": 2024,
          "shape_Leng": 1.22963089626,
          "shape_Area": 0.0341936129177
        }
      }
    },
    {
      "type": "Feature",
      "geometry": {
        "type": "Polygon",
        "coordinates": [
          [
            [
              -74.4326,
              9.0093
            ],
            [
              -74.4366,
              9.0293
            ],
            [
              -74.4475,
              9.0523
            ],
            [
              -74.4602,
              9.0649
            ],
            [
              -74.4781,
              9.0637
            ],
            [
              -74.4801,
              9.0781
            ],
            [
              -74.4976,
              9.0595
            ],
            [
              -74.4881,
              9.0414
            ],
            [
              -74.5005,
              9.0319
            ],
            [
              -74.5059,
              9.0398
            ],
            [
              -74.5181,
              9.0326
            ],
            [
              -74.5372,
              9.0381
            ],
            [
              -74.5478,
              9.0456
            ],
            [
              -74.56,
              9.0379
            ],
            [
              -74.5756,
              9.0362
            ],
            [
              -74.5749,
              9.0255
            ],
            [
              -74.5853,
              9.0174
            ],
            [
              -74.5959,
              9.0242
            ],
            [
              -74.6062,
              9.0204
            ],
            [
              -74.5946,
              9.0028
            ],
            [
              -74.5349,
              8.9951
            ],
            [
              -74.5302,
              8.9672
            ],
            [
              -74.5201,
              8.9538
            ],
            [
              -74.4976,
              8.9399
            ],
            [
              -74.4883,
              8.9292
            ],
            [
              -74.4764,
              8.905
            ],
            [
              -74.4743,
              8.8885
            ],
            [
              -74.4646,
              8.8762
            ],
            [
              -74.4763,
              8.8675
            ],
            [
              -74.4612,
              8.8394
            ],
            [
              -74.474,
              8.8379
            ],
            [
              -74.4692,
              8.824
            ],
            [
              -74.4538,
              8.8132
            ],
            [
              -74.4566,
              8.805
            ],
            [
              -74.4766,
              8.799
            ],
            [
              -74.4756,
              8.7886
            ],
            [
              -74.4177,
              8.7885
            ],
            [
              -74.4216,
              8.7749
            ],
            [
              -74.4013,
              8.7694
            ],
            [
              -74.3881,
              8.7606
            ],
            [
              -74.3882,
              8.7503
            ],
            [
              -74.372,
              8.7395
            ],
            [
              -74.3863,
              8.7252
            ],
            [
              -74.3891,
              8.716
            ],
            [
              -74.3696,
              8.6932
            ],
            [
              -74.3763,
              8.688
            ],
            [
              -74.3751,
              8.6646
            ],
            [
              -74.3603,
              8.6617
            ],
            [
              -74.3498,
              8.6528
            ],
            [
              -74.2684,
              8.6534
            ],
            [
              -74.2116,
              8.6499
            ],
            [
              -74.2515,
              8.683
            ],
            [
              -74.2633,
              8.6983
            ],
            [
              -74.2831,
              8.7078
            ],
            [
              -74.2791,
              8.7248
            ],
            [
              -74.2925,
              8.727
            ],
            [
              -74.2939,
              8.7405
            ],
            [
              -74.2897,
              8.7771
            ],
            [
              -74.3096,
              8.7885
            ],
            [
              -74.3189,
              8.8035
            ],
            [
              -74.3165,
              8.8144
            ],
            [
              -74.301,
              8.8172
            ],
            [
              -74.3167,
              8.8491
            ],
            [
              -74.3243,
              8.8596
            ],
            [
              -74.3456,
              8.8723
            ],
            [
              -74.3396,
              8.8786
            ],
            [
              -74.3287,
              8.8693
            ],
            [
              -74.3098,
              8.8774
            ],
            [
              -74.3056,
              8.8608
            ],
            [
              -74.272,
              8.8673
            ],
            [
              -74.2506,
              8.8857
            ],
            [
              -74.2486,
              8.9029
            ],
            [
              -74.2411,
              8.9181
            ],
            [
              -74.2437,
              8.9312
            ],
            [
              -74.2331,
              8.9344
            ],
            [
              -74.2255,
              8.9471
            ],
            [
              -74.2267,
              8.948
            ],
            [
              -74.2448,
              8.9458
            ],
            [
              -74.2691,
              8.9609
            ],
            [
              -74.2776,
              8.9724
            ],
            [
              -74.284,
              8.9677
            ],
            [
              -74.3104,
              8.9728
            ],
            [
              -74.3094,
              8.9795
            ],
            [
              -74.3415,
              8.9708
            ],
            [
              -74.3636,
              8.9735
            ],
            [
              -74.3787,
              8.9679
            ],
            [
              -74.3819,
              8.9848
            ],
            [
              -74.3931,
              8.9889
            ],
            [
              -74.405,
              9.0025
            ],
            [
              -74.4244,
              9.012
            ],
            [
              -74.4326,
              9.0093
            ]
          ]
        ]
      },
      "properties": {
        "OBJECTID": 174,
        "DPTO_CCDGO": "05",
        "MPIO_CCDGO": "549",
        "name": "05059",
        "MPIO_CRSLC": "1900",
        "MPIO_NANO_": 1993,
        "MPIO_NAREA": 753.87990475,
        "MPIO_CSMBL": "4",
        "MPIO_CCNCT": "13549",
        "MPIO_NANO": 2012,
        "SHAPE_Leng": 2.12049954629,
        "SHAPE_Area": 0.0619663675651,
        "NOMBRE": "PINILLOS",
        "DANE": {
          "dpto_ccdgo": "13",
          "mpio_ccdgo": "549",
          "mpio_cdpmp": "13549",
          "dpto_cnmbr": "BOLÍVAR",
          "mpio_cnmbr": "PINILLOS",
          "mpio_crslc": "1900",
          "mpio_tipo": "MUNICIPIO",
          "mpio_narea": 775.520006089,
          "mpio_nano": 2024,
          "shape_Leng": 2.16027197354,
          "shape_Area": 0.0637447199324
        }
      }
    },
    {
      "type": "Feature",
      "geometry": {
        "type": "Polygon",
        "coordinates": [
          [
            [
              -73.8183,
              8.8352
            ],
            [
              -73.8323,
              8.821
            ],
            [
              -73.8478,
              8.8177
            ],
            [
              -73.8728,
              8.7924
            ],
            [
              -73.8722,
              8.7797
            ],
            [
              -73.863,
              8.7752
            ],
            [
              -73.8576,
              8.761
            ],
            [
              -73.8673,
              8.755
            ],
            [
              -73.8663,
              8.7425
            ],
            [
              -73.8571,
              8.7324
            ],
            [
              -73.8758,
              8.7234
            ],
            [
              -73.8848,
              8.7128
            ],
            [
              -73.9168,
              8.6887
            ],
            [
              -73.9415,
              8.6938
            ],
            [
              -73.939,
              8.6789
            ],
            [
              -73.9563,
              8.6644
            ],
            [
              -73.9483,
              8.6547
            ],
            [
              -73.9379,
              8.6522
            ],
            [
              -73.8747,
              8.6598
            ],
            [
              -73.8717,
              8.6327
            ],
            [
              -73.851,
              8.6434
            ],
            [
              -73.8464,
              8.6327
            ],
            [
              -73.846,
              8.6154
            ],
            [
              -73.8311,
              8.6205
            ],
            [
              -73.8271,
              8.6387
            ],
            [
              -73.8268,
              8.6603
            ],
            [
              -73.8203,
              8.6619
            ],
            [
              -73.8092,
              8.6937
            ],
            [
              -73.8158,
              8.7199
            ],
            [
              -73.8115,
              8.7315
            ],
            [
              -73.7943,
              8.743
            ],
            [
              -73.7892,
              8.7515
            ],
            [
              -73.7948,
              8.7669
            ],
            [
              -73.7919,
              8.7903
            ],
            [
              -73.7963,
              8.8186
            ],
            [
              -73.8079,
              8.8317
            ],
            [
              -73.8183,
              8.8352
            ]
          ]
        ]
      },
      "properties": {
        "OBJECTID": 175,
        "DPTO_CCDGO": "05",
        "MPIO_CCDGO": "580",
        "name": "05063",
        "MPIO_CRSLC": "Ordenanza 40 de diciembre 1 de 1995",
        "MPIO_NANO_": 1996,
        "MPIO_NAREA": 178.50558068,
        "MPIO_CSMBL": "4",
        "MPIO_CCNCT": "13580",
        "MPIO_NANO": 2012,
        "SHAPE_Leng": 0.789879530395,
        "SHAPE_Area": 0.0146668855566,
        "NOMBRE": "REGIDOR",
        "DANE": {
          "dpto_ccdgo": "13",
          "mpio_ccdgo": "580",
          "mpio_cdpmp": "13580",
          "dpto_cnmbr": "BOLÍVAR",
          "mpio_cnmbr": "REGIDOR",
          "mpio_crslc": "Ordenanza 40 de diciembre 1 de 1995",
          "mpio_tipo": "MUNICIPIO",
          "mpio_narea": 183.45268914,
          "mpio_nano": 2024,
          "shape_Leng": 0.898604567712,
          "shape_Area": 0.0150733562498
        }
      }
    },
    {
      "type": "Feature",
      "geometry": {
        "type": "Polygon",
        "coordinates": [
          [
            [
              -73.9563,
              8.6644
            ],
            [
              -73.9616,
              8.6526
            ],
            [
              -73.9751,
              8.6626
            ],
            [
              -73.9809,
              8.6553
            ],
            [
              -73.996,
              8.674
            ],
            [
              -74.01,
              8.6595
            ],
            [
              -74.0386,
              8.6563
            ],
            [
              -74.0535,
              8.6652
            ],
            [
              -74.0754,
              8.6636
            ],
            [
              -74.0803,
              8.6479
            ],
            [
              -74.0909,
              8.6392
            ],
            [
              -74.1143,
              8.6434
            ],
            [
              -74.1196,
              8.6385
            ],
            [
              -74.138,
              8.6545
            ],
            [
              -74.1339,
              8.6387
            ],
            [
              -74.1514,
              8.6035
            ],
            [
              -74.1268,
              8.6185
            ],
            [
              -74.1145,
              8.6189
            ],
            [
              -74.0948,
              8.6109
            ],
            [
              -74.0362,
              8.6082
            ],
            [
              -74.0157,
              8.5986
            ],
            [
              -73.9976,
              8.5954
            ],
            [
              -73.9991,
              8.5851
            ],
            [
              -73.985,
              8.573
            ],
            [
              -73.9903,
              8.5564
            ],
            [
              -73.9755,
              8.5433
            ],
            [
              -73.979,
              8.5338
            ],
            [
              -74.0048,
              8.5172
            ],
            [
              -74.0349,
              8.4804
            ],
            [
              -74.0543,
              8.4698
            ],
            [
              -74.0623,
              8.4483
            ],
            [
              -74.0789,
              8.4574
            ],
            [
              -74.1125,
              8.4567
            ],
            [
              -74.1096,
              8.4422
            ],
            [
              -74.1255,
              8.437
            ],
            [
              -74.1466,
              8.4234
            ],
            [
              -74.1583,
              8.4049
            ],
            [
              -74.173,
              8.3966
            ],
            [
              -74.189,
              8.3827
            ],
            [
              -74.2399,
              8.3672
            ],
            [
              -74.254,
              8.3711
            ],
            [
              -74.2575,
              8.3832
            ],
            [
              -74.266,
              8.3691
            ],
            [
              -74.2813,
              8.3651
            ],
            [
              -74.2775,
              8.3517
            ],
            [
              -74.3088,
              8.3185
            ],
            [
              -74.334,
              8.3086
            ],
            [
              -74.3423,
              8.2764
            ],
            [
              -74.356,
              8.2653
            ],
            [
              -74.3687,
              8.2647
            ],
            [
              -74.3669,
              8.2539
            ],
            [
              -74.373,
              8.2086
            ],
            [
              -74.3605,
              8.1997
            ],
            [
              -74.3322,
              8.189
            ],
            [
              -74.3335,
              8.205
            ],
            [
              -74.3226,
              8.2163
            ],
            [
              -74.3224,
              8.2346
            ],
            [
              -74.3114,
              8.2461
            ],
            [
              -74.2947,
              8.2517
            ],
            [
              -74.2921,
              8.2622
            ],
            [
              -74.2753,
              8.2775
            ],
            [
              -74.2569,
              8.2832
            ],
            [
              -74.231,
              8.3186
            ],
            [
              -74.231,
              8.3286
            ],
            [
              -74.2058,
              8.3355
            ],
            [
              -74.1764,
              8.3487
            ],
            [
              -74.1774,
              8.3588
            ],
            [
              -74.1703,
              8.3705
            ],
            [
              -74.16,
              8.3684
            ],
            [
              -74.1489,
              8.3819
            ],
            [
              -74.1379,
              8.3863
            ],
            [
              -74.1317,
              8.3971
            ],
            [
              -74.1173,
              8.4031
            ],
            [
              -74.1075,
              8.3938
            ],
            [
              -74.0937,
              8.3925
            ],
            [
              -74.0765,
              8.4117
            ],
            [
              -74.0576,
              8.4153
            ],
            [
              -74.0544,
              8.4301
            ],
            [
              -74.0339,
              8.4354
            ],
            [
              -74.0084,
              8.4366
            ],
            [
              -74.006,
              8.4492
            ],
            [
              -73.9925,
              8.4632
            ],
            [
              -73.9511,
              8.4858
            ],
            [
              -73.9311,
              8.486
            ],
            [
              -73.9143,
              8.4766
            ],
            [
              -73.8805,
              8.4717
            ],
            [
              -73.8639,
              8.4629
            ],
            [
              -73.8486,
              8.464
            ],
            [
              -73.8399,
              8.4518
            ],
            [
              -73.8506,
              8.4412
            ],
            [
              -73.841,
              8.4329
            ],
            [
              -73.8265,
              8.4345
            ],
            [
              -73.8083,
              8.4134
            ],
            [
              -73.8009,
              8.4134
            ],
            [
              -73.7842,
              8.4257
            ],
            [
              -73.7691,
              8.424
            ],
            [
              -73.7685,
              8.4022
            ],
            [
              -73.7495,
              8.4054
            ],
            [
              -73.7467,
              8.4492
            ],
            [
              -73.7469,
              8.4659
            ],
            [
              -73.7743,
              8.4971
            ],
            [
              -73.7799,
              8.5119
            ],
            [
              -73.778,
              8.5484
            ],
            [
              -73.7746,
              8.5587
            ],
            [
              -73.7827,
              8.5664
            ],
            [
              -73.7942,
              8.5902
            ],
            [
              -73.7984,
              8.6086
            ],
            [
              -73.8163,
              8.631
            ],
            [
              -73.8203,
              8.6619
            ],
            [
              -73.8268,
              8.6603
            ],
            [
              -73.8271,
              8.6387
            ],
            [
              -73.8311,
              8.6205
            ],
            [
              -73.846,
              8.6154
            ],
            [
              -73.8464,
              8.6327
            ],
            [
              -73.851,
              8.6434
            ],
            [
              -73.8717,
              8.6327
            ],
            [
              -73.8747,
              8.6598
            ],
            [
              -73.9379,
              8.6522
            ],
            [
              -73.9483,
              8.6547
            ],
            [
              -73.9563,
              8.6644
            ]
          ]
        ]
      },
      "properties": {
        "OBJECTID": 176,
        "DPTO_CCDGO": "05",
        "MPIO_CCDGO": "600",
        "name": "05065",
        "MPIO_CRSLC": "Ordenanza 10 de Noviembre 26 de 1982",
        "MPIO_NANO_": 1993,
        "MPIO_NAREA": 849.55497055,
        "MPIO_CSMBL": "4",
        "MPIO_CCNCT": "13600",
        "MPIO_NANO": 2012,
        "SHAPE_Leng": 2.98115978646,
        "SHAPE_Area": 0.069762628903,
        "NOMBRE": "RIOVIEJO",
        "DANE": {
          "dpto_ccdgo": "13",
          "mpio_ccdgo": "600",
          "mpio_cdpmp": "13600",
          "dpto_cnmbr": "BOLÍVAR",
          "mpio_cnmbr": "RÍO VIEJO",
          "mpio_crslc": "Ordenanza 10 de Noviembre 26 de 1982",
          "mpio_tipo": "MUNICIPIO",
          "mpio_narea": 845.182815819,
          "mpio_nano": 2024,
          "shape_Leng": 3.03107279109,
          "shape_Area": 0.069403867942
        }
      }
    },
    {
      "type": "Feature",
      "geometry": {
        "type": "Polygon",
        "coordinates": [
          [
            [
              -75.0743,
              10.4094
            ],
            [
              -75.0894,
              10.4105
            ],
            [
              -75.0869,
              10.3963
            ],
            [
              -75.1092,
              10.3756
            ],
            [
              -75.1092,
              10.3453
            ],
            [
              -75.0699,
              10.3443
            ],
            [
              -75.048,
              10.3436
            ],
            [
              -75.0241,
              10.3636
            ],
            [
              -75.0334,
              10.3689
            ],
            [
              -75.053,
              10.3819
            ],
            [
              -75.0743,
              10.4094
            ]
          ]
        ]
      },
      "properties": {
        "OBJECTID": 177,
        "DPTO_CCDGO": "05",
        "MPIO_CCDGO": "620",
        "name": "05072",
        "MPIO_CRSLC": "ORD 36 DE FEBRERO DE 1996",
        "MPIO_NANO_": 1996,
        "MPIO_NAREA": 42.40013052,
        "MPIO_CSMBL": "4",
        "MPIO_CCNCT": "13620",
        "MPIO_NANO": 2012,
        "SHAPE_Leng": 0.295645241662,
        "SHAPE_Area": 0.00349927287508,
        "NOMBRE": "SAN CRISTOBAL",
        "DANE": {
          "dpto_ccdgo": "13",
          "mpio_ccdgo": "620",
          "mpio_cdpmp": "13620",
          "dpto_cnmbr": "BOLÍVAR",
          "mpio_cnmbr": "SAN CRISTÓBAL",
          "mpio_crslc": "ORD 36 DE FEBRERO DE 1996",
          "mpio_tipo": "MUNICIPIO",
          "mpio_narea": 42.2688054814,
          "mpio_nano": 2024,
          "shape_Leng": 0.301724883611,
          "shape_Area": 0.00348843336285
        }
      }
    },
    {
      "type": "Feature",
      "geometry": {
        "type": "Polygon",
        "coordinates": [
          [
            [
              -75.1293,
              10.3973
            ],
            [
              -75.1322,
              10.4066
            ],
            [
              -75.1527,
              10.4231
            ],
            [
              -75.1531,
              10.4346
            ],
            [
              -75.1683,
              10.4518
            ],
            [
              -75.1763,
              10.4552
            ],
            [
              -75.1959,
              10.4463
            ],
            [
              -75.2424,
              10.4321
            ],
            [
              -75.2496,
              10.4214
            ],
            [
              -75.2447,
              10.3859
            ],
            [
              -75.2658,
              10.3772
            ],
            [
              -75.2807,
              10.3627
            ],
            [
              -75.285,
              10.3402
            ],
            [
              -75.2962,
              10.3337
            ],
            [
              -75.276,
              10.3278
            ],
            [
              -75.2573,
              10.3178
            ],
            [
              -75.252,
              10.3062
            ],
            [
              -75.2583,
              10.297
            ],
            [
              -75.2523,
              10.2885
            ],
            [
              -75.2355,
              10.2776
            ],
            [
              -75.2259,
              10.2883
            ],
            [
              -75.213,
              10.2884
            ],
            [
              -75.2017,
              10.3005
            ],
            [
              -75.1903,
              10.2814
            ],
            [
              -75.1732,
              10.2864
            ],
            [
              -75.1492,
              10.3256
            ],
            [
              -75.15,
              10.3593
            ],
            [
              -75.142,
              10.3886
            ],
            [
              -75.1293,
              10.3973
            ]
          ]
        ]
      },
      "properties": {
        "OBJECTID": 178,
        "DPTO_CCDGO": "05",
        "MPIO_CCDGO": "647",
        "name": "05070",
        "MPIO_CRSLC": "1936",
        "MPIO_NANO_": 1993,
        "MPIO_NAREA": 214.69947197,
        "MPIO_CSMBL": "4",
        "MPIO_CCNCT": "13647",
        "MPIO_NANO": 2012,
        "SHAPE_Leng": 0.700662488579,
        "SHAPE_Area": 0.017717393761,
        "NOMBRE": "SAN ESTANISLAO",
        "DANE": {
          "dpto_ccdgo": "13",
          "mpio_ccdgo": "647",
          "mpio_cdpmp": "13647",
          "dpto_cnmbr": "BOLÍVAR",
          "mpio_cnmbr": "SAN ESTANISLAO",
          "mpio_crslc": "1936",
          "mpio_tipo": "MUNICIPIO",
          "mpio_narea": 211.639256676,
          "mpio_nano": 2024,
          "shape_Leng": 0.71586972225,
          "shape_Area": 0.0174648073883
        }
      }
    },
    {
      "type": "Feature",
      "geometry": {
        "type": "Polygon",
        "coordinates": [
          [
            [
              -74.2997,
              9.2041
            ],
            [
              -74.3281,
              9.2194
            ],
            [
              -74.3442,
              9.2318
            ],
            [
              -74.36,
              9.2314
            ],
            [
              -74.3918,
              9.2152
            ],
            [
              -74.3745,
              9.2077
            ],
            [
              -74.3679,
              9.1951
            ],
            [
              -74.3544,
              9.1875
            ],
            [
              -74.3597,
              9.1711
            ],
            [
              -74.3522,
              9.1511
            ],
            [
              -74.3691,
              9.1566
            ],
            [
              -74.3844,
              9.1471
            ],
            [
              -74.4007,
              9.147
            ],
            [
              -74.4051,
              9.1387
            ],
            [
              -74.4159,
              9.1412
            ],
            [
              -74.4245,
              9.1257
            ],
            [
              -74.4354,
              9.1183
            ],
            [
              -74.4392,
              9.0987
            ],
            [
              -74.4551,
              9.0824
            ],
            [
              -74.4688,
              9.0866
            ],
            [
              -74.4801,
              9.0781
            ],
            [
              -74.4781,
              9.0637
            ],
            [
              -74.4602,
              9.0649
            ],
            [
              -74.4475,
              9.0523
            ],
            [
              -74.4366,
              9.0293
            ],
            [
              -74.4326,
              9.0093
            ],
            [
              -74.4193,
              9.0183
            ],
            [
              -74.3887,
              9.0178
            ],
            [
              -74.3513,
              9.0086
            ],
            [
              -74.3362,
              8.9967
            ],
            [
              -74.3315,
              8.9871
            ],
            [
              -74.3159,
              8.9823
            ],
            [
              -74.294,
              8.9881
            ],
            [
              -74.2738,
              8.9843
            ],
            [
              -74.2638,
              8.9916
            ],
            [
              -74.2801,
              8.99
            ],
            [
              -74.2872,
              8.9978
            ],
            [
              -74.2807,
              9.024
            ],
            [
              -74.2648,
              9.041
            ],
            [
              -74.2689,
              9.0493
            ],
            [
              -74.2813,
              9.055
            ],
            [
              -74.2852,
              9.0714
            ],
            [
              -74.3041,
              9.0826
            ],
            [
              -74.3145,
              9.0952
            ],
            [
              -74.3238,
              9.1205
            ],
            [
              -74.3179,
              9.1371
            ],
            [
              -74.3094,
              9.1362
            ],
            [
              -74.2979,
              9.1535
            ],
            [
              -74.303,
              9.1655
            ],
            [
              -74.2975,
              9.1769
            ],
            [
              -74.2911,
              9.1916
            ],
            [
              -74.2997,
              9.2041
            ]
          ]
        ]
      },
      "properties": {
        "OBJECTID": 179,
        "DPTO_CCDGO": "05",
        "MPIO_CCDGO": "650",
        "name": "05073",
        "MPIO_CRSLC": "1832",
        "MPIO_NANO_": 1993,
        "MPIO_NAREA": 323.8266744,
        "MPIO_CSMBL": "4",
        "MPIO_CCNCT": "13650",
        "MPIO_NANO": 2012,
        "SHAPE_Leng": 1.09181032858,
        "SHAPE_Area": 0.0266331593607,
        "NOMBRE": "SAN FERNANDO",
        "DANE": {
          "dpto_ccdgo": "13",
          "mpio_ccdgo": "650",
          "mpio_cdpmp": "13650",
          "dpto_cnmbr": "BOLÍVAR",
          "mpio_cnmbr": "SAN FERNANDO",
          "mpio_crslc": "1832",
          "mpio_tipo": "MUNICIPIO",
          "mpio_narea": 317.350530231,
          "mpio_nano": 2024,
          "shape_Leng": 1.11631628606,
          "shape_Area": 0.0261004951744
        }
      }
    },
    {
      "type": "Feature",
      "geometry": {
        "type": "Polygon",
        "coordinates": [
          [
            [
              -74.9401,
              9.8635
            ],
            [
              -74.9514,
              9.8635
            ],
            [
              -74.9594,
              9.8712
            ],
            [
              -74.9768,
              9.8712
            ],
            [
              -74.9846,
              9.8611
            ],
            [
              -74.9937,
              9.8649
            ],
            [
              -75.0361,
              9.8679
            ],
            [
              -75.055,
              9.8735
            ],
            [
              -75.0501,
              9.889
            ],
            [
              -75.0704,
              9.8791
            ],
            [
              -75.0992,
              9.8805
            ],
            [
              -75.1059,
              9.887
            ],
            [
              -75.1078,
              9.9004
            ],
            [
              -75.1183,
              9.9024
            ],
            [
              -75.1272,
              9.9135
            ],
            [
              -75.1554,
              9.9185
            ],
            [
              -75.1739,
              9.9066
            ],
            [
              -75.1793,
              9.9126
            ],
            [
              -75.2131,
              9.9213
            ],
            [
              -75.218,
              9.9125
            ],
            [
              -75.235,
              9.8997
            ],
            [
              -75.2776,
              9.8917
            ],
            [
              -75.2987,
              9.8914
            ],
            [
              -75.3195,
              9.8774
            ],
            [
              -75.3046,
              9.8782
            ],
            [
              -75.2946,
              9.8713
            ],
            [
              -75.2719,
              9.8666
            ],
            [
              -75.2616,
              9.8731
            ],
            [
              -75.2359,
              9.8597
            ],
            [
              -75.2335,
              9.8385
            ],
            [
              -75.2445,
              9.8058
            ],
            [
              -75.2317,
              9.7966
            ],
            [
              -75.2341,
              9.7829
            ],
            [
              -75.195,
              9.7841
            ],
            [
              -75.1853,
              9.7754
            ],
            [
              -75.1727,
              9.7863
            ],
            [
              -75.1447,
              9.778
            ],
            [
              -75.1412,
              9.7711
            ],
            [
              -75.1105,
              9.7588
            ],
            [
              -75.0786,
              9.7705
            ],
            [
              -75.0636,
              9.7711
            ],
            [
              -75.0499,
              9.7847
            ],
            [
              -75.037,
              9.7769
            ],
            [
              -75.0223,
              9.7859
            ],
            [
              -74.9981,
              9.7724
            ],
            [
              -74.9922,
              9.7588
            ],
            [
              -74.9703,
              9.7671
            ],
            [
              -74.9516,
              9.7663
            ],
            [
              -74.952,
              9.7737
            ],
            [
              -74.9197,
              9.7971
            ],
            [
              -74.9401,
              9.8177
            ],
            [
              -74.9313,
              9.8327
            ],
            [
              -74.9504,
              9.8462
            ],
            [
              -74.9401,
              9.8635
            ]
          ]
        ]
      },
      "properties": {
        "OBJECTID": 180,
        "DPTO_CCDGO": "05",
        "MPIO_CCDGO": "654",
        "name": "05076",
        "MPIO_CRSLC": "1899",
        "MPIO_NANO_": 1993,
        "MPIO_NAREA": 440.60943681,
        "MPIO_CSMBL": "4",
        "MPIO_CCNCT": "13654",
        "MPIO_NANO": 2012,
        "SHAPE_Leng": 1.31701521834,
        "SHAPE_Area": 0.0363037079867,
        "NOMBRE": "SAN JACINTO",
        "DANE": {
          "dpto_ccdgo": "13",
          "mpio_ccdgo": "654",
          "mpio_cdpmp": "13654",
          "dpto_cnmbr": "BOLÍVAR",
          "mpio_cnmbr": "SAN JACINTO",
          "mpio_crslc": "1899",
          "mpio_tipo": "MUNICIPIO",
          "mpio_narea": 442.915990485,
          "mpio_nano": 2024,
          "shape_Leng": 1.34925514997,
          "shape_Area": 0.0364937883693
        }
      }
    },
    {
      "type": "Feature",
      "geometry": {
        "type": "Polygon",
        "coordinates": [
          [
            [
              -74.5177,
              8.367
            ],
            [
              -74.5265,
              8.3738
            ],
            [
              -74.5335,
              8.3914
            ],
            [
              -74.5239,
              8.412
            ],
            [
              -74.5304,
              8.4255
            ],
            [
              -74.539,
              8.428
            ],
            [
              -74.5544,
              8.4134
            ],
            [
              -74.5611,
              8.3901
            ],
            [
              -74.5856,
              8.3842
            ],
            [
              -74.5968,
              8.4033
            ],
            [
              -74.6108,
              8.3968
            ],
            [
              -74.616,
              8.3858
            ],
            [
              -74.6109,
              8.3758
            ],
            [
              -74.6181,
              8.3579
            ],
            [
              -74.6159,
              8.3467
            ],
            [
              -74.6294,
              8.3294
            ],
            [
              -74.6486,
              8.3136
            ],
            [
              -74.6518,
              8.2986
            ],
            [
              -74.6496,
              8.2833
            ],
            [
              -74.6596,
              8.2796
            ],
            [
              -74.668,
              8.2953
            ],
            [
              -74.6808,
              8.2921
            ],
            [
              -74.7127,
              8.3041
            ],
            [
              -74.7228,
              8.3011
            ],
            [
              -74.7244,
              8.2869
            ],
            [
              -74.7348,
              8.2886
            ],
            [
              -74.7478,
              8.2991
            ],
            [
              -74.7644,
              8.2945
            ],
            [
              -74.7712,
              8.2793
            ],
            [
              -74.7809,
              8.2779
            ],
            [
              -74.7953,
              8.2689
            ],
            [
              -74.8086,
              8.2739
            ],
            [
              -74.8061,
              8.2572
            ],
            [
              -74.797,
              8.2526
            ],
            [
              -74.8096,
              8.2306
            ],
            [
              -74.8171,
              8.2247
            ],
            [
              -74.833,
              8.223
            ],
            [
              -74.8306,
              8.1999
            ],
            [
              -74.8242,
              8.1983
            ],
            [
              -74.8113,
              8.1825
            ],
            [
              -74.8126,
              8.1681
            ],
            [
              -74.7986,
              8.1595
            ],
            [
              -74.789,
              8.1372
            ],
            [
              -74.7713,
              8.1216
            ],
            [
              -74.7603,
              8.1304
            ],
            [
              -74.7369,
              8.1163
            ],
            [
              -74.7253,
              8.1165
            ],
            [
              -74.7183,
              8.0984
            ],
            [
              -74.7036,
              8.0886
            ],
            [
              -74.6911,
              8.0903
            ],
            [
              -74.6742,
              8.078
            ],
            [
              -74.6677,
              8.06
            ],
            [
              -74.6516,
              8.0532
            ],
            [
              -74.6311,
              8.0547
            ],
            [
              -74.626,
              8.0364
            ],
            [
              -74.6146,
              8.0318
            ],
            [
              -74.6099,
              8.0509
            ],
            [
              -74.6166,
              8.0837
            ],
            [
              -74.6366,
              8.1018
            ],
            [
              -74.6509,
              8.1242
            ],
            [
              -74.6513,
              8.1338
            ],
            [
              -74.6771,
              8.1682
            ],
            [
              -74.6834,
              8.1891
            ],
            [
              -74.6764,
              8.2045
            ],
            [
              -74.6605,
              8.2269
            ],
            [
              -74.6387,
              8.2294
            ],
            [
              -74.6058,
              8.2512
            ],
            [
              -74.5639,
              8.2646
            ],
            [
              -74.5327,
              8.2524
            ],
            [
              -74.5253,
              8.2599
            ],
            [
              -74.5248,
              8.2759
            ],
            [
              -74.5077,
              8.2849
            ],
            [
              -74.5016,
              8.2923
            ],
            [
              -74.5083,
              8.3147
            ],
            [
              -74.5266,
              8.3248
            ],
            [
              -74.5187,
              8.3513
            ],
            [
              -74.5177,
              8.367
            ]
          ]
        ]
      },
      "properties": {
        "OBJECTID": 181,
        "DPTO_CCDGO": "05",
        "MPIO_CCDGO": "655",
        "name": "05078",
        "MPIO_CRSLC": "ORD 13 DE MAYO 09 DE 1997",
        "MPIO_NANO_": 1997,
        "MPIO_NAREA": 560.82823374,
        "MPIO_CSMBL": "4",
        "MPIO_CCNCT": "13655",
        "MPIO_NANO": 2012,
        "SHAPE_Leng": 1.75653819495,
        "SHAPE_Area": 0.0460196273552,
        "NOMBRE": "SAN JACINTO DEL CAUCA",
        "DANE": {
          "dpto_ccdgo": "13",
          "mpio_ccdgo": "655",
          "mpio_cdpmp": "13655",
          "dpto_cnmbr": "BOLÍVAR",
          "mpio_cnmbr": "SAN JACINTO DEL CAUCA",
          "mpio_crslc": "ORD 13 DE MAYO 09 DE 1997",
          "mpio_tipo": "MUNICIPIO",
          "mpio_narea": 569.950700729,
          "mpio_nano": 2024,
          "shape_Leng": 1.79483464384,
          "shape_Area": 0.0467682030453
        }
      }
    },
    {
      "type": "Feature",
      "geometry": {
        "type": "Polygon",
        "coordinates": [
          [
            [
              -75.0295,
              10.1109
            ],
            [
              -75.0418,
              10.1202
            ],
            [
              -75.0574,
              10.1208
            ],
            [
              -75.0773,
              10.1137
            ],
            [
              -75.0857,
              10.1191
            ],
            [
              -75.1048,
              10.097
            ],
            [
              -75.1152,
              10.1016
            ],
            [
              -75.1214,
              10.1134
            ],
            [
              -75.1343,
              10.1088
            ],
            [
              -75.153,
              10.0784
            ],
            [
              -75.1658,
              10.0683
            ],
            [
              -75.1725,
              10.0763
            ],
            [
              -75.1807,
              10.0542
            ],
            [
              -75.1922,
              10.0403
            ],
            [
              -75.2052,
              10.0391
            ],
            [
              -75.2144,
              10.0296
            ],
            [
              -75.2138,
              10.0099
            ],
            [
              -75.2091,
              9.9944
            ],
            [
              -75.2244,
              9.9777
            ],
            [
              -75.2325,
              9.9527
            ],
            [
              -75.2428,
              9.9385
            ],
            [
              -75.2465,
              9.9223
            ],
            [
              -75.2354,
              9.9191
            ],
            [
              -75.2394,
              9.9073
            ],
            [
              -75.235,
              9.8997
            ],
            [
              -75.218,
              9.9125
            ],
            [
              -75.2131,
              9.9213
            ],
            [
              -75.1793,
              9.9126
            ],
            [
              -75.1739,
              9.9066
            ],
            [
              -75.1554,
              9.9185
            ],
            [
              -75.1272,
              9.9135
            ],
            [
              -75.1183,
              9.9024
            ],
            [
              -75.1078,
              9.9004
            ],
            [
              -75.1059,
              9.887
            ],
            [
              -75.0992,
              9.8805
            ],
            [
              -75.0704,
              9.8791
            ],
            [
              -75.0501,
              9.889
            ],
            [
              -75.055,
              9.8735
            ],
            [
              -75.0361,
              9.8679
            ],
            [
              -74.9937,
              9.8649
            ],
            [
              -74.9846,
              9.8611
            ],
            [
              -74.9768,
              9.8712
            ],
            [
              -74.9594,
              9.8712
            ],
            [
              -74.9514,
              9.8635
            ],
            [
              -74.9401,
              9.8635
            ],
            [
              -74.9253,
              9.8564
            ],
            [
              -74.9024,
              9.8594
            ],
            [
              -74.8839,
              9.8581
            ],
            [
              -74.8823,
              9.8723
            ],
            [
              -74.88,
              9.889
            ],
            [
              -74.8717,
              9.9022
            ],
            [
              -74.8733,
              9.9357
            ],
            [
              -74.8626,
              9.944
            ],
            [
              -74.8719,
              9.9439
            ],
            [
              -74.8815,
              9.9686
            ],
            [
              -74.9025,
              9.9772
            ],
            [
              -74.9159,
              9.9776
            ],
            [
              -74.9201,
              9.9698
            ],
            [
              -74.943,
              9.969
            ],
            [
              -74.9687,
              9.9507
            ],
            [
              -74.9776,
              9.9626
            ],
            [
              -75.0008,
              9.9764
            ],
            [
              -75.0077,
              9.9683
            ],
            [
              -75.026,
              9.9758
            ],
            [
              -75.0184,
              9.9834
            ],
            [
              -75.0099,
              10.0073
            ],
            [
              -75.0592,
              10.0226
            ],
            [
              -75.0604,
              10.035
            ],
            [
              -75.0543,
              10.0601
            ],
            [
              -75.0458,
              10.0822
            ],
            [
              -75.0278,
              10.106
            ],
            [
              -75.0295,
              10.1109
            ]
          ]
        ]
      },
      "properties": {
        "OBJECTID": 182,
        "DPTO_CCDGO": "05",
        "MPIO_CCDGO": "657",
        "name": "05079",
        "MPIO_CRSLC": "1780",
        "MPIO_NANO_": 1993,
        "MPIO_NAREA": 638.90414548,
        "MPIO_CSMBL": "4",
        "MPIO_CCNCT": "13657",
        "MPIO_NANO": 2012,
        "SHAPE_Leng": 1.57137002714,
        "SHAPE_Area": 0.0526640523016,
        "NOMBRE": "SAN JUAN NEPOMUCENO",
        "DANE": {
          "dpto_ccdgo": "13",
          "mpio_ccdgo": "657",
          "mpio_cdpmp": "13657",
          "dpto_cnmbr": "BOLÍVAR",
          "mpio_cnmbr": "SAN JUAN NEPOMUCENO",
          "mpio_crslc": "1780",
          "mpio_tipo": "MUNICIPIO",
          "mpio_narea": 631.207965475,
          "mpio_nano": 2024,
          "shape_Leng": 1.66243801829,
          "shape_Area": 0.052029744437
        }
      }
    },
    {
      "type": "Feature",
      "geometry": {
        "type": "Polygon",
        "coordinates": [
          [
            [
              -73.8758,
              8.7234
            ],
            [
              -73.8876,
              8.7382
            ],
            [
              -73.8952,
              8.7272
            ],
            [
              -73.909,
              8.7316
            ],
            [
              -73.9231,
              8.7279
            ],
            [
              -73.9326,
              8.7363
            ],
            [
              -73.9381,
              8.7497
            ],
            [
              -73.9447,
              8.7891
            ],
            [
              -73.9659,
              8.8121
            ],
            [
              -73.9578,
              8.827
            ],
            [
              -73.9507,
              8.8491
            ],
            [
              -73.9652,
              8.8569
            ],
            [
              -73.9779,
              8.8724
            ],
            [
              -73.9755,
              8.8912
            ],
            [
              -73.9669,
              8.8953
            ],
            [
              -73.9713,
              8.9255
            ],
            [
              -73.9882,
              8.936
            ],
            [
              -73.9821,
              8.9751
            ],
            [
              -73.9777,
              8.9839
            ],
            [
              -73.9961,
              8.9783
            ],
            [
              -74.0061,
              8.9685
            ],
            [
              -74.0088,
              8.9534
            ],
            [
              -74.0256,
              8.9601
            ],
            [
              -74.0718,
              8.9482
            ],
            [
              -74.0775,
              8.8922
            ],
            [
              -74.0706,
              8.8845
            ],
            [
              -74.0772,
              8.8684
            ],
            [
              -74.0694,
              8.8307
            ],
            [
              -74.0456,
              8.8114
            ],
            [
              -74.037,
              8.7954
            ],
            [
              -74.0512,
              8.7766
            ],
            [
              -74.0497,
              8.7599
            ],
            [
              -74.0601,
              8.7541
            ],
            [
              -74.051,
              8.7355
            ],
            [
              -74.0659,
              8.7244
            ],
            [
              -74.0888,
              8.7014
            ],
            [
              -74.0954,
              8.6883
            ],
            [
              -74.1279,
              8.6671
            ],
            [
              -74.138,
              8.6545
            ],
            [
              -74.1196,
              8.6385
            ],
            [
              -74.1143,
              8.6434
            ],
            [
              -74.0909,
              8.6392
            ],
            [
              -74.0803,
              8.6479
            ],
            [
              -74.0754,
              8.6636
            ],
            [
              -74.0535,
              8.6652
            ],
            [
              -74.0386,
              8.6563
            ],
            [
              -74.01,
              8.6595
            ],
            [
              -73.996,
              8.674
            ],
            [
              -73.9809,
              8.6553
            ],
            [
              -73.9751,
              8.6626
            ],
            [
              -73.9616,
              8.6526
            ],
            [
              -73.9563,
              8.6644
            ],
            [
              -73.939,
              8.6789
            ],
            [
              -73.9415,
              8.6938
            ],
            [
              -73.9168,
              8.6887
            ],
            [
              -73.8848,
              8.7128
            ],
            [
              -73.8758,
              8.7234
            ]
          ]
        ]
      },
      "properties": {
        "OBJECTID": 183,
        "DPTO_CCDGO": "05",
        "MPIO_CCDGO": "667",
        "name": "05082",
        "MPIO_CRSLC": "1690",
        "MPIO_NANO_": 1993,
        "MPIO_NAREA": 451.9613581,
        "MPIO_CSMBL": "4",
        "MPIO_CCNCT": "13667",
        "MPIO_NANO": 2012,
        "SHAPE_Leng": 1.37042096286,
        "SHAPE_Area": 0.0371421026174,
        "NOMBRE": "SAN MARTIN DE LOBA",
        "DANE": {
          "dpto_ccdgo": "13",
          "mpio_ccdgo": "667",
          "mpio_cdpmp": "13667",
          "dpto_cnmbr": "BOLÍVAR",
          "mpio_cnmbr": "SAN MARTÍN DE LOBA",
          "mpio_crslc": "1690",
          "mpio_tipo": "MUNICIPIO",
          "mpio_narea": 450.235151579,
          "mpio_nano": 2024,
          "shape_Leng": 1.44696703901,
          "shape_Area": 0.0370003855815
        }
      }
    },
    {
      "type": "Feature",
      "geometry": {
        "type": "Polygon",
        "coordinates": [
          [
            [
              -73.8155,
              7.6918
            ],
            [
              -73.8366,
              7.6929
            ],
            [
              -73.8782,
              7.7242
            ],
            [
              -73.8836,
              7.7118
            ],
            [
              -73.8955,
              7.7047
            ],
            [
              -73.9187,
              7.7056
            ],
            [
              -73.9359,
              7.6979
            ],
            [
              -73.9642,
              7.705
            ],
            [
              -73.9612,
              7.6866
            ],
            [
              -73.9727,
              7.676
            ],
            [
              -74.028,
              7.6827
            ],
            [
              -74.0638,
              7.6642
            ],
            [
              -74.0691,
              7.6675
            ],
            [
              -74.0957,
              7.6526
            ],
            [
              -74.1283,
              7.6421
            ],
            [
              -74.1261,
              7.6324
            ],
            [
              -74.1352,
              7.6151
            ],
            [
              -74.1323,
              7.6017
            ],
            [
              -74.136,
              7.5905
            ],
            [
              -74.1525,
              7.5732
            ],
            [
              -74.1723,
              7.5563
            ],
            [
              -74.1985,
              7.5489
            ],
            [
              -74.2086,
              7.5348
            ],
            [
              -74.2616,
              7.4924
            ],
            [
              -74.2789,
              7.4734
            ],
            [
              -74.3105,
              7.4536
            ],
            [
              -74.3234,
              7.4635
            ],
            [
              -74.3365,
              7.4641
            ],
            [
              -74.3451,
              7.4712
            ],
            [
              -74.3577,
              7.4729
            ],
            [
              -74.3533,
              7.4624
            ],
            [
              -74.335,
              7.4593
            ],
            [
              -74.3194,
              7.4399
            ],
            [
              -74.3434,
              7.4123
            ],
            [
              -74.3475,
              7.4028
            ],
            [
              -74.3736,
              7.3732
            ],
            [
              -74.374,
              7.3643
            ],
            [
              -74.3889,
              7.3595
            ],
            [
              -74.3977,
              7.3479
            ],
            [
              -74.4026,
              7.3238
            ],
            [
              -74.3991,
              7.3108
            ],
            [
              -74.3863,
              7.2988
            ],
            [
              -74.3893,
              7.2668
            ],
            [
              -74.3959,
              7.2565
            ],
            [
              -74.4098,
              7.202
            ],
            [
              -74.3998,
              7.1892
            ],
            [
              -74.3966,
              7.1718
            ],
            [
              -74.3885,
              7.1645
            ],
            [
              -74.3767,
              7.1317
            ],
            [
              -74.3691,
              7.1219
            ],
            [
              -74.3722,
              7.099
            ],
            [
              -74.3514,
              7.0814
            ],
            [
              -74.3507,
              7.0567
            ],
            [
              -74.3548,
              7.0293
            ],
            [
              -74.355,
              7.0105
            ],
            [
              -74.3351,
              7.0124
            ],
            [
              -74.3225,
              7.0189
            ],
            [
              -74.31,
              7.0068
            ],
            [
              -74.2878,
              7.0016
            ],
            [
              -74.2839,
              7.0086
            ],
            [
              -74.2926,
              7.0217
            ],
            [
              -74.2781,
              7.0263
            ],
            [
              -74.2739,
              7.046
            ],
            [
              -74.2596,
              7.0703
            ],
            [
              -74.2472,
              7.0857
            ],
            [
              -74.2238,
              7.1027
            ],
            [
              -74.2257,
              7.1127
            ],
            [
              -74.236,
              7.1218
            ],
            [
              -74.2368,
              7.1419
            ],
            [
              -74.2304,
              7.1481
            ],
            [
              -74.2325,
              7.1613
            ],
            [
              -74.251,
              7.1762
            ],
            [
              -74.2679,
              7.1796
            ],
            [
              -74.2806,
              7.1883
            ],
            [
              -74.2871,
              7.2017
            ],
            [
              -74.2853,
              7.2124
            ],
            [
              -74.2907,
              7.2304
            ],
            [
              -74.2827,
              7.2475
            ],
            [
              -74.2748,
              7.2515
            ],
            [
              -74.2563,
              7.2482
            ],
            [
              -74.2441,
              7.262
            ],
            [
              -74.2198,
              7.263
            ],
            [
              -74.2117,
              7.2737
            ],
            [
              -74.1943,
              7.2762
            ],
            [
              -74.1755,
              7.2911
            ],
            [
              -74.1423,
              7.287
            ],
            [
              -74.1251,
              7.2907
            ],
            [
              -74.1249,
              7.3057
            ],
            [
              -74.1307,
              7.3172
            ],
            [
              -74.1445,
              7.3156
            ],
            [
              -74.1352,
              7.3341
            ],
            [
              -74.1098,
              7.3585
            ],
            [
              -74.1008,
              7.3632
            ],
            [
              -74.0896,
              7.3838
            ],
            [
              -74.0504,
              7.3815
            ],
            [
              -74.0319,
              7.3721
            ],
            [
              -74.0169,
              7.3777
            ],
            [
              -74.0021,
              7.3916
            ],
            [
              -73.9929,
              7.3916
            ],
            [
              -73.9734,
              7.4151
            ],
            [
              -73.9644,
              7.4151
            ],
            [
              -73.9513,
              7.4305
            ],
            [
              -73.8954,
              7.4301
            ],
            [
              -73.9082,
              7.4608
            ],
            [
              -73.9168,
              7.4718
            ],
            [
              -73.91,
              7.4979
            ],
            [
              -73.8797,
              7.5082
            ],
            [
              -73.8777,
              7.5171
            ],
            [
              -73.865,
              7.5337
            ],
            [
              -73.8539,
              7.5323
            ],
            [
              -73.8465,
              7.5416
            ],
            [
              -73.8398,
              7.5675
            ],
            [
              -73.8305,
              7.5757
            ],
            [
              -73.8269,
              7.6044
            ],
            [
              -73.8144,
              7.6102
            ],
            [
              -73.8108,
              7.6239
            ],
            [
              -73.8185,
              7.6364
            ],
            [
              -73.812,
              7.6469
            ],
            [
              -73.8034,
              7.6445
            ],
            [
              -73.7982,
              7.6569
            ],
            [
              -73.8089,
              7.6698
            ],
            [
              -73.8155,
              7.6918
            ]
          ]
        ]
      },
      "properties": {
        "OBJECTID": 184,
        "DPTO_CCDGO": "05",
        "MPIO_CCDGO": "670",
        "name": "05084",
        "MPIO_CRSLC": "Ordenanza 2 de Octubre 30 de 1968",
        "MPIO_NANO_": 1993,
        "MPIO_NAREA": 2021.69058605,
        "MPIO_CSMBL": "4",
        "MPIO_CCNCT": "13670",
        "MPIO_NANO": 2012,
        "SHAPE_Leng": 3.14501004643,
        "SHAPE_Area": 0.165594105393,
        "NOMBRE": "SAN PABLO",
        "DANE": {
          "dpto_ccdgo": "13",
          "mpio_ccdgo": "670",
          "mpio_cdpmp": "13670",
          "dpto_cnmbr": "BOLÍVAR",
          "mpio_cnmbr": "SAN PABLO",
          "mpio_crslc": "Ordenanza 2 de Octubre 30 de 1968",
          "mpio_tipo": "MUNICIPIO",
          "mpio_narea": 2021.01468152,
          "mpio_nano": 2024,
          "shape_Leng": 3.25382031654,
          "shape_Area": 0.165538703557
        }
      }
    },
    {
      "type": "Feature",
      "geometry": {
        "type": "Polygon",
        "coordinates": [
          [
            [
              -75.2222,
              10.7966
            ],
            [
              -75.2383,
              10.7956
            ],
            [
              -75.2618,
              10.8007
            ],
            [
              -75.2704,
              10.7773
            ],
            [
              -75.2725,
              10.7481
            ],
            [
              -75.2658,
              10.7369
            ],
            [
              -75.2735,
              10.7294
            ],
            [
              -75.2756,
              10.7153
            ],
            [
              -75.2938,
              10.7032
            ],
            [
              -75.2879,
              10.6913
            ],
            [
              -75.287,
              10.6704
            ],
            [
              -75.3001,
              10.6532
            ],
            [
              -75.309,
              10.636
            ],
            [
              -75.3424,
              10.6313
            ],
            [
              -75.342,
              10.6142
            ],
            [
              -75.3347,
              10.6091
            ],
            [
              -75.3226,
              10.6117
            ],
            [
              -75.3146,
              10.598
            ],
            [
              -75.2927,
              10.5827
            ],
            [
              -75.2953,
              10.5626
            ],
            [
              -75.2925,
              10.5553
            ],
            [
              -75.2754,
              10.5592
            ],
            [
              -75.2564,
              10.5495
            ],
            [
              -75.2539,
              10.5607
            ],
            [
              -75.2385,
              10.5511
            ],
            [
              -75.2513,
              10.5335
            ],
            [
              -75.2551,
              10.522
            ],
            [
              -75.248,
              10.5049
            ],
            [
              -75.2416,
              10.5042
            ],
            [
              -75.2412,
              10.5196
            ],
            [
              -75.228,
              10.5486
            ],
            [
              -75.2257,
              10.5603
            ],
            [
              -75.2367,
              10.5679
            ],
            [
              -75.2268,
              10.5899
            ],
            [
              -75.2295,
              10.6189
            ],
            [
              -75.2236,
              10.6308
            ],
            [
              -75.2286,
              10.6441
            ],
            [
              -75.2418,
              10.6541
            ],
            [
              -75.2442,
              10.6646
            ],
            [
              -75.242,
              10.689
            ],
            [
              -75.2471,
              10.6957
            ],
            [
              -75.2446,
              10.7167
            ],
            [
              -75.2495,
              10.723
            ],
            [
              -75.2405,
              10.7472
            ],
            [
              -75.2304,
              10.7565
            ],
            [
              -75.2199,
              10.7772
            ],
            [
              -75.2304,
              10.7832
            ],
            [
              -75.2222,
              10.7966
            ]
          ]
        ]
      },
      "properties": {
        "OBJECTID": 185,
        "DPTO_CCDGO": "05",
        "MPIO_CCDGO": "673",
        "name": "05091",
        "MPIO_CRSLC": "1772",
        "MPIO_NANO_": 1993,
        "MPIO_NAREA": 162.01886253,
        "MPIO_CSMBL": "4",
        "MPIO_CCNCT": "13673",
        "MPIO_NANO": 2012,
        "SHAPE_Leng": 0.998307796183,
        "SHAPE_Area": 0.0133814662599,
        "NOMBRE": "SANTA CATALINA",
        "DANE": {
          "dpto_ccdgo": "13",
          "mpio_ccdgo": "673",
          "mpio_cdpmp": "13673",
          "dpto_cnmbr": "BOLÍVAR",
          "mpio_cnmbr": "SANTA CATALINA",
          "mpio_crslc": "1772",
          "mpio_tipo": "MUNICIPIO",
          "mpio_narea": 172.826907013,
          "mpio_nano": 2024,
          "shape_Leng": 1.05061396942,
          "shape_Area": 0.0142742091518
        }
      }
    },
    {
      "type": "Feature",
      "geometry": {
        "type": "Polygon",
        "coordinates": [
          [
            [
              -75.309,
              10.5218
            ],
            [
              -75.317,
              10.525
            ],
            [
              -75.3414,
              10.5224
            ],
            [
              -75.3461,
              10.5333
            ],
            [
              -75.3636,
              10.5367
            ],
            [
              -75.3713,
              10.5428
            ],
            [
              -75.3712,
              10.533
            ],
            [
              -75.3903,
              10.5352
            ],
            [
              -75.3953,
              10.5169
            ],
            [
              -75.4047,
              10.5094
            ],
            [
              -75.4127,
              10.472
            ],
            [
              -75.411,
              10.459
            ],
            [
              -75.416,
              10.4391
            ],
            [
              -75.4241,
              10.4256
            ],
            [
              -75.44,
              10.4148
            ],
            [
              -75.423,
              10.4023
            ],
            [
              -75.4069,
              10.4018
            ],
            [
              -75.3829,
              10.4105
            ],
            [
              -75.3694,
              10.4112
            ],
            [
              -75.3598,
              10.4244
            ],
            [
              -75.3359,
              10.4143
            ],
            [
              -75.3281,
              10.4261
            ],
            [
              -75.3092,
              10.435
            ],
            [
              -75.299,
              10.448
            ],
            [
              -75.2933,
              10.4719
            ],
            [
              -75.3007,
              10.4918
            ],
            [
              -75.3011,
              10.5113
            ],
            [
              -75.309,
              10.5218
            ]
          ]
        ]
      },
      "properties": {
        "OBJECTID": 186,
        "DPTO_CCDGO": "05",
        "MPIO_CCDGO": "683",
        "name": "05094",
        "MPIO_CRSLC": "1799",
        "MPIO_NANO_": 1993,
        "MPIO_NAREA": 152.85109686,
        "MPIO_CSMBL": "4",
        "MPIO_CCNCT": "13683",
        "MPIO_NANO": 2012,
        "SHAPE_Leng": 0.586081218418,
        "SHAPE_Area": 0.0126162128914,
        "NOMBRE": "SANTA ROSA",
        "DANE": {
          "dpto_ccdgo": "13",
          "mpio_ccdgo": "683",
          "mpio_cdpmp": "13683",
          "dpto_cnmbr": "BOLÍVAR",
          "mpio_cnmbr": "SANTA ROSA",
          "mpio_crslc": "1799",
          "mpio_tipo": "MUNICIPIO",
          "mpio_narea": 154.673653226,
          "mpio_nano": 2024,
          "shape_Leng": 0.612740277753,
          "shape_Area": 0.0127666650615
        }
      }
    },
    {
      "type": "Feature",
      "geometry": {
        "type": "Polygon",
        "coordinates": [
          [
            [
              -74.1525,
              7.5732
            ],
            [
              -74.1562,
              7.5867
            ],
            [
              -74.1704,
              7.597
            ],
            [
              -74.192,
              7.5988
            ],
            [
              -74.2222,
              7.585
            ],
            [
              -74.2304,
              7.5989
            ],
            [
              -74.2295,
              7.6109
            ],
            [
              -74.2363,
              7.6247
            ],
            [
              -74.2249,
              7.6411
            ],
            [
              -74.2304,
              7.6532
            ],
            [
              -74.2238,
              7.6773
            ],
            [
              -74.2114,
              7.7021
            ],
            [
              -74.19,
              7.7042
            ],
            [
              -74.1642,
              7.711
            ],
            [
              -74.1384,
              7.7206
            ],
            [
              -74.1397,
              7.7436
            ],
            [
              -74.1566,
              7.7388
            ],
            [
              -74.1775,
              7.7421
            ],
            [
              -74.1386,
              7.781
            ],
            [
              -74.1351,
              7.8188
            ],
            [
              -74.115,
              7.8174
            ],
            [
              -74.094,
              7.8213
            ],
            [
              -74.081,
              7.8332
            ],
            [
              -74.0681,
              7.8365
            ],
            [
              -74.053,
              7.8521
            ],
            [
              -74.045,
              7.8854
            ],
            [
              -74.0292,
              7.8929
            ],
            [
              -74.0033,
              7.9176
            ],
            [
              -74.0015,
              7.9308
            ],
            [
              -73.9901,
              7.9582
            ],
            [
              -73.9944,
              7.9852
            ],
            [
              -73.9931,
              8.0253
            ],
            [
              -73.979,
              8.0345
            ],
            [
              -73.991,
              8.044
            ],
            [
              -73.9899,
              8.0518
            ],
            [
              -74.0052,
              8.0588
            ],
            [
              -74.0035,
              8.0769
            ],
            [
              -74.0271,
              8.0759
            ],
            [
              -74.0447,
              8.0926
            ],
            [
              -74.05,
              8.106
            ],
            [
              -74.0368,
              8.1201
            ],
            [
              -74.031,
              8.1359
            ],
            [
              -74.0398,
              8.1555
            ],
            [
              -74.0235,
              8.1755
            ],
            [
              -74.0328,
              8.1762
            ],
            [
              -74.0485,
              8.1607
            ],
            [
              -74.0595,
              8.1567
            ],
            [
              -74.0776,
              8.1628
            ],
            [
              -74.0914,
              8.1633
            ],
            [
              -74.1058,
              8.1553
            ],
            [
              -74.1225,
              8.1363
            ],
            [
              -74.1293,
              8.1356
            ],
            [
              -74.154,
              8.1221
            ],
            [
              -74.1725,
              8.1077
            ],
            [
              -74.1898,
              8.1049
            ],
            [
              -74.2029,
              8.1101
            ],
            [
              -74.2611,
              8.1047
            ],
            [
              -74.268,
              8.0808
            ],
            [
              -74.2836,
              8.0447
            ],
            [
              -74.2984,
              8.0322
            ],
            [
              -74.2872,
              8.0229
            ],
            [
              -74.2761,
              8.0018
            ],
            [
              -74.2687,
              8.0005
            ],
            [
              -74.2565,
              7.9641
            ],
            [
              -74.257,
              7.9476
            ],
            [
              -74.276,
              7.93
            ],
            [
              -74.2985,
              7.9199
            ],
            [
              -74.3156,
              7.9281
            ],
            [
              -74.3301,
              7.9218
            ],
            [
              -74.3309,
              7.9065
            ],
            [
              -74.3459,
              7.8979
            ],
            [
              -74.3481,
              7.8814
            ],
            [
              -74.3387,
              7.8768
            ],
            [
              -74.3446,
              7.861
            ],
            [
              -74.3708,
              7.8361
            ],
            [
              -74.3578,
              7.8285
            ],
            [
              -74.3651,
              7.8111
            ],
            [
              -74.3797,
              7.7955
            ],
            [
              -74.4108,
              7.7934
            ],
            [
              -74.4399,
              7.8026
            ],
            [
              -74.4523,
              7.7867
            ],
            [
              -74.4533,
              7.7559
            ],
            [
              -74.4485,
              7.7431
            ],
            [
              -74.458,
              7.7148
            ],
            [
              -74.4586,
              7.696
            ],
            [
              -74.4513,
              7.686
            ],
            [
              -74.4516,
              7.6756
            ],
            [
              -74.4601,
              7.6705
            ],
            [
              -74.466,
              7.6512
            ],
            [
              -74.4609,
              7.6399
            ],
            [
              -74.4624,
              7.6254
            ],
            [
              -74.4756,
              7.6143
            ],
            [
              -74.4674,
              7.5962
            ],
            [
              -74.4669,
              7.5801
            ],
            [
              -74.4779,
              7.56
            ],
            [
              -74.4933,
              7.5507
            ],
            [
              -74.4924,
              7.522
            ],
            [
              -74.4892,
              7.5123
            ],
            [
              -74.492,
              7.4854
            ],
            [
              -74.5066,
              7.4802
            ],
            [
              -74.5077,
              7.4907
            ],
            [
              -74.5192,
              7.4921
            ],
            [
              -74.5262,
              7.5005
            ],
            [
              -74.5554,
              7.4665
            ],
            [
              -74.5692,
              7.4605
            ],
            [
              -74.5682,
              7.4415
            ],
            [
              -74.5632,
              7.4329
            ],
            [
              -74.5613,
              7.4283
            ],
            [
              -74.559,
              7.4145
            ],
            [
              -74.5481,
              7.4116
            ],
            [
              -74.5181,
              7.3849
            ],
            [
              -74.5079,
              7.3725
            ],
            [
              -74.5057,
              7.3619
            ],
            [
              -74.491,
              7.3435
            ],
            [
              -74.4699,
              7.3476
            ],
            [
              -74.4671,
              7.3617
            ],
            [
              -74.4523,
              7.3662
            ],
            [
              -74.4481,
              7.3777
            ],
            [
              -74.426,
              7.3812
            ],
            [
              -74.4138,
              7.3994
            ],
            [
              -74.4156,
              7.4214
            ],
            [
              -74.4119,
              7.4396
            ],
            [
              -74.4216,
              7.4405
            ],
            [
              -74.4124,
              7.4604
            ],
            [
              -74.3781,
              7.4669
            ],
            [
              -74.3714,
              7.48
            ],
            [
              -74.3577,
              7.4729
            ],
            [
              -74.3451,
              7.4712
            ],
            [
              -74.3365,
              7.4641
            ],
            [
              -74.3234,
              7.4635
            ],
            [
              -74.3105,
              7.4536
            ],
            [
              -74.2789,
              7.4734
            ],
            [
              -74.2616,
              7.4924
            ],
            [
              -74.2086,
              7.5348
            ],
            [
              -74.1985,
              7.5489
            ],
            [
              -74.1723,
              7.5563
            ],
            [
              -74.1525,
              7.5732
            ]
          ]
        ]
      },
      "properties": {
        "OBJECTID": 187,
        "DPTO_CCDGO": "05",
        "MPIO_CCDGO": "688",
        "name": "05095",
        "MPIO_CRSLC": "Ordenanza 21 de Noviembre 23 de 1984",
        "MPIO_NANO_": 1993,
        "MPIO_NAREA": 2378.18019186,
        "MPIO_CSMBL": "4",
        "MPIO_CCNCT": "13688",
        "MPIO_NANO": 2012,
        "SHAPE_Leng": 3.27141134378,
        "SHAPE_Area": 0.194947358298,
        "NOMBRE": "SANTA ROSA DEL SUR",
        "DANE": {
          "dpto_ccdgo": "13",
          "mpio_ccdgo": "688",
          "mpio_cdpmp": "13688",
          "dpto_cnmbr": "BOLÍVAR",
          "mpio_cnmbr": "SANTA ROSA DEL SUR",
          "mpio_crslc": "Ordenanza 21 de Noviembre 23 de 1984",
          "mpio_tipo": "MUNICIPIO",
          "mpio_narea": 2382.78713804,
          "mpio_nano": 2024,
          "shape_Leng": 3.34734683349,
          "shape_Area": 0.195325018296
        }
      }
    },
    {
      "type": "Feature",
      "geometry": {
        "type": "Polygon",
        "coordinates": [
          [
            [
              -74.0235,
              8.1755
            ],
            [
              -74.0398,
              8.1555
            ],
            [
              -74.031,
              8.1359
            ],
            [
              -74.0368,
              8.1201
            ],
            [
              -74.05,
              8.106
            ],
            [
              -74.0447,
              8.0926
            ],
            [
              -74.0271,
              8.0759
            ],
            [
              -74.0035,
              8.0769
            ],
            [
              -74.0052,
              8.0588
            ],
            [
              -73.9899,
              8.0518
            ],
            [
              -73.991,
              8.044
            ],
            [
              -73.979,
              8.0345
            ],
            [
              -73.9931,
              8.0253
            ],
            [
              -73.9944,
              7.9852
            ],
            [
              -73.9901,
              7.9582
            ],
            [
              -74.0015,
              7.9308
            ],
            [
              -74.0033,
              7.9176
            ],
            [
              -74.0292,
              7.8929
            ],
            [
              -74.045,
              7.8854
            ],
            [
              -74.053,
              7.8521
            ],
            [
              -74.0681,
              7.8365
            ],
            [
              -74.081,
              7.8332
            ],
            [
              -74.094,
              7.8213
            ],
            [
              -74.115,
              7.8174
            ],
            [
              -74.1351,
              7.8188
            ],
            [
              -74.1386,
              7.781
            ],
            [
              -74.1775,
              7.7421
            ],
            [
              -74.1566,
              7.7388
            ],
            [
              -74.1397,
              7.7436
            ],
            [
              -74.1384,
              7.7206
            ],
            [
              -74.1642,
              7.711
            ],
            [
              -74.19,
              7.7042
            ],
            [
              -74.2114,
              7.7021
            ],
            [
              -74.2238,
              7.6773
            ],
            [
              -74.2304,
              7.6532
            ],
            [
              -74.2249,
              7.6411
            ],
            [
              -74.2363,
              7.6247
            ],
            [
              -74.2295,
              7.6109
            ],
            [
              -74.2304,
              7.5989
            ],
            [
              -74.2222,
              7.585
            ],
            [
              -74.192,
              7.5988
            ],
            [
              -74.1704,
              7.597
            ],
            [
              -74.1562,
              7.5867
            ],
            [
              -74.1525,
              7.5732
            ],
            [
              -74.136,
              7.5905
            ],
            [
              -74.1323,
              7.6017
            ],
            [
              -74.1352,
              7.6151
            ],
            [
              -74.1261,
              7.6324
            ],
            [
              -74.1283,
              7.6421
            ],
            [
              -74.0957,
              7.6526
            ],
            [
              -74.0691,
              7.6675
            ],
            [
              -74.0638,
              7.6642
            ],
            [
              -74.028,
              7.6827
            ],
            [
              -73.9727,
              7.676
            ],
            [
              -73.9612,
              7.6866
            ],
            [
              -73.9642,
              7.705
            ],
            [
              -73.9359,
              7.6979
            ],
            [
              -73.9187,
              7.7056
            ],
            [
              -73.8955,
              7.7047
            ],
            [
              -73.8836,
              7.7118
            ],
            [
              -73.8782,
              7.7242
            ],
            [
              -73.8366,
              7.6929
            ],
            [
              -73.8155,
              7.6918
            ],
            [
              -73.8109,
              7.7062
            ],
            [
              -73.8319,
              7.7298
            ],
            [
              -73.8182,
              7.7428
            ],
            [
              -73.798,
              7.7717
            ],
            [
              -73.8107,
              7.809
            ],
            [
              -73.8221,
              7.8258
            ],
            [
              -73.8198,
              7.8479
            ],
            [
              -73.8212,
              7.8649
            ],
            [
              -73.834,
              7.885
            ],
            [
              -73.8356,
              7.9033
            ],
            [
              -73.8311,
              7.932
            ],
            [
              -73.8392,
              7.9503
            ],
            [
              -73.8614,
              7.9713
            ],
            [
              -73.869,
              7.9893
            ],
            [
              -73.8717,
              8.0188
            ],
            [
              -73.8665,
              8.0531
            ],
            [
              -73.8676,
              8.0636
            ],
            [
              -73.8772,
              8.0754
            ],
            [
              -73.8823,
              8.0894
            ],
            [
              -73.875,
              8.0964
            ],
            [
              -73.8809,
              8.1194
            ],
            [
              -73.9015,
              8.1217
            ],
            [
              -73.9131,
              8.1309
            ],
            [
              -73.9232,
              8.1457
            ],
            [
              -73.9305,
              8.1451
            ],
            [
              -73.9584,
              8.1601
            ],
            [
              -73.9573,
              8.1706
            ],
            [
              -73.97,
              8.1748
            ],
            [
              -73.9856,
              8.1708
            ],
            [
              -74.0235,
              8.1755
            ]
          ]
        ]
      },
      "properties": {
        "OBJECTID": 188,
        "DPTO_CCDGO": "05",
        "MPIO_CCDGO": "744",
        "name": "05097",
        "MPIO_CRSLC": "Ordenanza 02 del 25 de Octubre de 1968",
        "MPIO_NANO_": 1993,
        "MPIO_NAREA": 1348.16392468,
        "MPIO_CSMBL": "4",
        "MPIO_CCNCT": "13744",
        "MPIO_NANO": 2012,
        "SHAPE_Leng": 2.48356768065,
        "SHAPE_Area": 0.110534250598,
        "NOMBRE": "SIMITI",
        "DANE": {
          "dpto_ccdgo": "13",
          "mpio_ccdgo": "744",
          "mpio_cdpmp": "13744",
          "dpto_cnmbr": "BOLÍVAR",
          "mpio_cnmbr": "SIMITÍ",
          "mpio_crslc": "Ordenanza 02 del 25 de Octubre de 1968",
          "mpio_tipo": "MUNICIPIO",
          "mpio_narea": 1354.63786698,
          "mpio_nano": 2024,
          "shape_Leng": 2.57085207635,
          "shape_Area": 0.111065365301
        }
      }
    },
    {
      "type": "Feature",
      "geometry": {
        "type": "Polygon",
        "coordinates": [
          [
            [
              -75.0699,
              10.3443
            ],
            [
              -75.1092,
              10.3453
            ],
            [
              -75.1092,
              10.3756
            ],
            [
              -75.0869,
              10.3963
            ],
            [
              -75.0894,
              10.4105
            ],
            [
              -75.1293,
              10.3973
            ],
            [
              -75.142,
              10.3886
            ],
            [
              -75.15,
              10.3593
            ],
            [
              -75.1492,
              10.3256
            ],
            [
              -75.1732,
              10.2864
            ],
            [
              -75.1543,
              10.2941
            ],
            [
              -75.1311,
              10.2801
            ],
            [
              -75.1274,
              10.2711
            ],
            [
              -75.0995,
              10.273
            ],
            [
              -75.0838,
              10.2814
            ],
            [
              -75.0864,
              10.304
            ],
            [
              -75.0754,
              10.3074
            ],
            [
              -75.0689,
              10.3186
            ],
            [
              -75.0699,
              10.3443
            ]
          ]
        ]
      },
      "properties": {
        "OBJECTID": 189,
        "DPTO_CCDGO": "05",
        "MPIO_CCDGO": "760",
        "name": "05106",
        "MPIO_CRSLC": "1908",
        "MPIO_NANO_": 1993,
        "MPIO_NAREA": 92.53586754,
        "MPIO_CSMBL": "4",
        "MPIO_CCNCT": "13760",
        "MPIO_NANO": 2012,
        "SHAPE_Leng": 0.523588752616,
        "SHAPE_Area": 0.00763586845868,
        "NOMBRE": "SOPLAVIENTO",
        "DANE": {
          "dpto_ccdgo": "13",
          "mpio_ccdgo": "760",
          "mpio_cdpmp": "13760",
          "dpto_cnmbr": "BOLÍVAR",
          "mpio_cnmbr": "SOPLAVIENTO",
          "mpio_crslc": "1908",
          "mpio_tipo": "MUNICIPIO",
          "mpio_narea": 92.6041341974,
          "mpio_nano": 2024,
          "shape_Leng": 0.548697558381,
          "shape_Area": 0.00764150066951
        }
      }
    },
    {
      "type": "Feature",
      "geometry": {
        "type": "Polygon",
        "coordinates": [
          [
            [
              -74.6559,
              9.3839
            ],
            [
              -74.6646,
              9.3915
            ],
            [
              -74.6737,
              9.414
            ],
            [
              -74.6916,
              9.4196
            ],
            [
              -74.6987,
              9.4268
            ],
            [
              -74.7202,
              9.4176
            ],
            [
              -74.7391,
              9.426
            ],
            [
              -74.7536,
              9.4028
            ],
            [
              -74.7563,
              9.388
            ],
            [
              -74.7436,
              9.3664
            ],
            [
              -74.729,
              9.356
            ],
            [
              -74.6873,
              9.3362
            ],
            [
              -74.6806,
              9.3254
            ],
            [
              -74.6781,
              9.3058
            ],
            [
              -74.6727,
              9.2878
            ],
            [
              -74.6594,
              9.2841
            ],
            [
              -74.651,
              9.2929
            ],
            [
              -74.6235,
              9.2918
            ],
            [
              -74.6293,
              9.276
            ],
            [
              -74.6211,
              9.2672
            ],
            [
              -74.631,
              9.2596
            ],
            [
              -74.6427,
              9.2302
            ],
            [
              -74.6585,
              9.2047
            ],
            [
              -74.6508,
              9.1921
            ],
            [
              -74.6442,
              9.2008
            ],
            [
              -74.6146,
              9.1967
            ],
            [
              -74.5863,
              9.2167
            ],
            [
              -74.5748,
              9.2089
            ],
            [
              -74.5641,
              9.2205
            ],
            [
              -74.5681,
              9.2304
            ],
            [
              -74.5447,
              9.2423
            ],
            [
              -74.5306,
              9.2421
            ],
            [
              -74.532,
              9.2557
            ],
            [
              -74.5614,
              9.2942
            ],
            [
              -74.5668,
              9.3154
            ],
            [
              -74.5924,
              9.3236
            ],
            [
              -74.6155,
              9.3412
            ],
            [
              -74.6135,
              9.3609
            ],
            [
              -74.6211,
              9.3744
            ],
            [
              -74.6294,
              9.3792
            ],
            [
              -74.6559,
              9.3839
            ]
          ]
        ]
      },
      "properties": {
        "OBJECTID": 190,
        "DPTO_CCDGO": "05",
        "MPIO_CCDGO": "780",
        "name": "05110",
        "MPIO_CRSLC": "Ordenanza 10 de Noviembre 22 de 1984",
        "MPIO_NANO_": 1993,
        "MPIO_NAREA": 282.33361869,
        "MPIO_CSMBL": "4",
        "MPIO_CCNCT": "13780",
        "MPIO_NANO": 2012,
        "SHAPE_Leng": 0.949589006209,
        "SHAPE_Area": 0.0232323910039,
        "NOMBRE": "TALAIGUA NUEVO",
        "DANE": {
          "dpto_ccdgo": "13",
          "mpio_ccdgo": "780",
          "mpio_cdpmp": "13780",
          "dpto_cnmbr": "BOLÍVAR",
          "mpio_cnmbr": "TALAIGUA NUEVO",
          "mpio_crslc": "Ordenanza 10 de Noviembre 22 de 1984",
          "mpio_tipo": "MUNICIPIO",
          "mpio_narea": 249.303904395,
          "mpio_nano": 2024,
          "shape_Leng": 0.914029507009,
          "shape_Area": 0.0205150878
        }
      }
    },
    {
      "type": "Feature",
      "geometry": {
        "type": "Polygon",
        "coordinates": [
          [
            [
              -74.2116,
              8.6499
            ],
            [
              -74.2684,
              8.6534
            ],
            [
              -74.3498,
              8.6528
            ],
            [
              -74.3603,
              8.6617
            ],
            [
              -74.3751,
              8.6646
            ],
            [
              -74.3648,
              8.6272
            ],
            [
              -74.3582,
              8.6204
            ],
            [
              -74.3441,
              8.6207
            ],
            [
              -74.3233,
              8.6071
            ],
            [
              -74.3287,
              8.5948
            ],
            [
              -74.3472,
              8.5809
            ],
            [
              -74.3475,
              8.5655
            ],
            [
              -74.3411,
              8.5565
            ],
            [
              -74.3493,
              8.5362
            ],
            [
              -74.3777,
              8.5321
            ],
            [
              -74.3914,
              8.5275
            ],
            [
              -74.395,
              8.5148
            ],
            [
              -74.386,
              8.502
            ],
            [
              -74.3581,
              8.4951
            ],
            [
              -74.363,
              8.4818
            ],
            [
              -74.3781,
              8.4746
            ],
            [
              -74.3814,
              8.459
            ],
            [
              -74.3916,
              8.4597
            ],
            [
              -74.4061,
              8.4688
            ],
            [
              -74.4135,
              8.4677
            ],
            [
              -74.429,
              8.4386
            ],
            [
              -74.4432,
              8.4296
            ],
            [
              -74.4425,
              8.4086
            ],
            [
              -74.4471,
              8.4003
            ],
            [
              -74.435,
              8.3713
            ],
            [
              -74.4261,
              8.3662
            ],
            [
              -74.4303,
              8.3413
            ],
            [
              -74.401,
              8.3155
            ],
            [
              -74.3769,
              8.3166
            ],
            [
              -74.3662,
              8.2996
            ],
            [
              -74.3456,
              8.298
            ],
            [
              -74.3423,
              8.2764
            ],
            [
              -74.334,
              8.3086
            ],
            [
              -74.3088,
              8.3185
            ],
            [
              -74.2775,
              8.3517
            ],
            [
              -74.2813,
              8.3651
            ],
            [
              -74.266,
              8.3691
            ],
            [
              -74.2575,
              8.3832
            ],
            [
              -74.2489,
              8.3866
            ],
            [
              -74.2379,
              8.4021
            ],
            [
              -74.2387,
              8.4163
            ],
            [
              -74.2338,
              8.4305
            ],
            [
              -74.257,
              8.4353
            ],
            [
              -74.2559,
              8.4435
            ],
            [
              -74.2361,
              8.4568
            ],
            [
              -74.2225,
              8.4695
            ],
            [
              -74.2079,
              8.4769
            ],
            [
              -74.206,
              8.4877
            ],
            [
              -74.1727,
              8.5159
            ],
            [
              -74.1577,
              8.5207
            ],
            [
              -74.1611,
              8.5342
            ],
            [
              -74.1598,
              8.5612
            ],
            [
              -74.1669,
              8.5724
            ],
            [
              -74.1573,
              8.5789
            ],
            [
              -74.1569,
              8.593
            ],
            [
              -74.1514,
              8.6035
            ],
            [
              -74.1339,
              8.6387
            ],
            [
              -74.138,
              8.6545
            ],
            [
              -74.1772,
              8.6563
            ],
            [
              -74.2006,
              8.6559
            ],
            [
              -74.2116,
              8.6499
            ]
          ]
        ]
      },
      "properties": {
        "OBJECTID": 191,
        "DPTO_CCDGO": "05",
        "MPIO_CCDGO": "810",
        "name": "05113",
        "MPIO_CRSLC": "Ordenanza 30 de diciembre 13 de 1994",
        "MPIO_NANO_": 1996,
        "MPIO_NAREA": 767.80002205,
        "MPIO_CSMBL": "4",
        "MPIO_CCNCT": "13810",
        "MPIO_NANO": 2012,
        "SHAPE_Leng": 1.57257591938,
        "SHAPE_Area": 0.0630489511541,
        "NOMBRE": "TIQUISIO (PTO. RICO)",
        "DANE": {
          "dpto_ccdgo": "13",
          "mpio_ccdgo": "810",
          "mpio_cdpmp": "13810",
          "dpto_cnmbr": "BOLÍVAR",
          "mpio_cnmbr": "TIQUISIO",
          "mpio_crslc": "Ordenanza 30 de diciembre 13 de 1994",
          "mpio_tipo": "MUNICIPIO",
          "mpio_narea": 762.842523391,
          "mpio_nano": 2024,
          "shape_Leng": 1.60994232329,
          "shape_Area": 0.0626418223932
        }
      }
    },
    {
      "type": "Feature",
      "geometry": {
        "type": "Polygon",
        "coordinates": [
          [
            [
              -75.3359,
              10.4143
            ],
            [
              -75.3598,
              10.4244
            ],
            [
              -75.3694,
              10.4112
            ],
            [
              -75.3829,
              10.4105
            ],
            [
              -75.4069,
              10.4018
            ],
            [
              -75.423,
              10.4023
            ],
            [
              -75.4246,
              10.3961
            ],
            [
              -75.4514,
              10.3896
            ],
            [
              -75.476,
              10.364
            ],
            [
              -75.4624,
              10.3486
            ],
            [
              -75.4632,
              10.3277
            ],
            [
              -75.4422,
              10.3157
            ],
            [
              -75.4424,
              10.3106
            ],
            [
              -75.4342,
              10.2985
            ],
            [
              -75.4247,
              10.304
            ],
            [
              -75.4127,
              10.2982
            ],
            [
              -75.4121,
              10.2854
            ],
            [
              -75.3836,
              10.2717
            ],
            [
              -75.3894,
              10.2844
            ],
            [
              -75.3732,
              10.2978
            ],
            [
              -75.3546,
              10.2955
            ],
            [
              -75.3485,
              10.3045
            ],
            [
              -75.3263,
              10.3136
            ],
            [
              -75.3198,
              10.3283
            ],
            [
              -75.3067,
              10.3214
            ],
            [
              -75.2962,
              10.3337
            ],
            [
              -75.285,
              10.3402
            ],
            [
              -75.2807,
              10.3627
            ],
            [
              -75.2927,
              10.3621
            ],
            [
              -75.3195,
              10.4039
            ],
            [
              -75.3359,
              10.4143
            ]
          ]
        ]
      },
      "properties": {
        "OBJECTID": 192,
        "DPTO_CCDGO": "05",
        "MPIO_CCDGO": "836",
        "name": "05118",
        "MPIO_CRSLC": "1599",
        "MPIO_NANO_": 1993,
        "MPIO_NAREA": 204.48579769,
        "MPIO_CSMBL": "4",
        "MPIO_CCNCT": "13836",
        "MPIO_NANO": 2012,
        "SHAPE_Leng": 0.669913148545,
        "SHAPE_Area": 0.0168717408925,
        "NOMBRE": "TURBACO",
        "DANE": {
          "dpto_ccdgo": "13",
          "mpio_ccdgo": "836",
          "mpio_cdpmp": "13836",
          "dpto_cnmbr": "BOLÍVAR",
          "mpio_cnmbr": "TURBACO",
          "mpio_crslc": "1599",
          "mpio_tipo": "MUNICIPIO",
          "mpio_narea": 202.579524474,
          "mpio_nano": 2024,
          "shape_Leng": 0.67559223907,
          "shape_Area": 0.0167144645641
        }
      }
    },
    {
      "type": "Feature",
      "geometry": {
        "type": "Polygon",
        "coordinates": [
          [
            [
              -75.4424,
              10.3106
            ],
            [
              -75.4739,
              10.3208
            ],
            [
              -75.4826,
              10.3189
            ],
            [
              -75.4781,
              10.2852
            ],
            [
              -75.4862,
              10.2836
            ],
            [
              -75.4887,
              10.2566
            ],
            [
              -75.501,
              10.2465
            ],
            [
              -75.4834,
              10.24
            ],
            [
              -75.4894,
              10.215
            ],
            [
              -75.5173,
              10.2104
            ],
            [
              -75.5037,
              10.1625
            ],
            [
              -75.5168,
              10.1619
            ],
            [
              -75.5338,
              10.1755
            ],
            [
              -75.5337,
              10.1606
            ],
            [
              -75.5432,
              10.1554
            ],
            [
              -75.556,
              10.1408
            ],
            [
              -75.5641,
              10.1236
            ],
            [
              -75.5807,
              10.1255
            ],
            [
              -75.5809,
              10.116
            ],
            [
              -75.5736,
              10.0864
            ],
            [
              -75.4975,
              10.1455
            ],
            [
              -75.4846,
              10.1544
            ],
            [
              -75.4557,
              10.158
            ],
            [
              -75.4367,
              10.1717
            ],
            [
              -75.435,
              10.1886
            ],
            [
              -75.4396,
              10.2063
            ],
            [
              -75.4016,
              10.2179
            ],
            [
              -75.3995,
              10.23
            ],
            [
              -75.3863,
              10.2365
            ],
            [
              -75.3898,
              10.2526
            ],
            [
              -75.3836,
              10.2717
            ],
            [
              -75.4121,
              10.2854
            ],
            [
              -75.4127,
              10.2982
            ],
            [
              -75.4247,
              10.304
            ],
            [
              -75.4342,
              10.2985
            ],
            [
              -75.4424,
              10.3106
            ]
          ]
        ]
      },
      "properties": {
        "OBJECTID": 193,
        "DPTO_CCDGO": "05",
        "MPIO_CCDGO": "838",
        "name": "05121",
        "MPIO_CRSLC": "Ordenanza 41 de Julio 18 de 1894",
        "MPIO_NANO_": 1993,
        "MPIO_NAREA": 153.438532,
        "MPIO_CSMBL": "4",
        "MPIO_CCNCT": "13838",
        "MPIO_NANO": 2012,
        "SHAPE_Leng": 0.634215995673,
        "SHAPE_Area": 0.0126545273293,
        "NOMBRE": "TURBANA",
        "DANE": {
          "dpto_ccdgo": "13",
          "mpio_ccdgo": "838",
          "mpio_cdpmp": "13838",
          "dpto_cnmbr": "BOLÍVAR",
          "mpio_cnmbr": "TURBANA",
          "mpio_crslc": "Ordenanza 41 de Julio 18 de 1894",
          "mpio_tipo": "MUNICIPIO",
          "mpio_narea": 191.164797606,
          "mpio_nano": 2024,
          "shape_Leng": 1.03201014996,
          "shape_Area": 0.0157648562755
        }
      }
    },
    {
      "type": "Feature",
      "geometry": {
        "type": "Polygon",
        "coordinates": [
          [
            [
              -75.248,
              10.5049
            ],
            [
              -75.26,
              10.5128
            ],
            [
              -75.2597,
              10.5204
            ],
            [
              -75.2719,
              10.5276
            ],
            [
              -75.2842,
              10.5178
            ],
            [
              -75.309,
              10.5218
            ],
            [
              -75.3011,
              10.5113
            ],
            [
              -75.3007,
              10.4918
            ],
            [
              -75.2933,
              10.4719
            ],
            [
              -75.299,
              10.448
            ],
            [
              -75.3092,
              10.435
            ],
            [
              -75.3281,
              10.4261
            ],
            [
              -75.3359,
              10.4143
            ],
            [
              -75.3195,
              10.4039
            ],
            [
              -75.2927,
              10.3621
            ],
            [
              -75.2807,
              10.3627
            ],
            [
              -75.2658,
              10.3772
            ],
            [
              -75.2447,
              10.3859
            ],
            [
              -75.2496,
              10.4214
            ],
            [
              -75.2424,
              10.4321
            ],
            [
              -75.1959,
              10.4463
            ],
            [
              -75.1763,
              10.4552
            ],
            [
              -75.1899,
              10.4675
            ],
            [
              -75.2337,
              10.4795
            ],
            [
              -75.2416,
              10.5042
            ],
            [
              -75.248,
              10.5049
            ]
          ]
        ]
      },
      "properties": {
        "OBJECTID": 194,
        "DPTO_CCDGO": "05",
        "MPIO_CCDGO": "873",
        "name": "05124",
        "MPIO_CRSLC": "1770",
        "MPIO_NANO_": 1993,
        "MPIO_NAREA": 147.13186103,
        "MPIO_CSMBL": "4",
        "MPIO_CCNCT": "13873",
        "MPIO_NANO": 2012,
        "SHAPE_Leng": 0.652608666322,
        "SHAPE_Area": 0.0121442406767,
        "NOMBRE": "VILLANUEVA",
        "DANE": {
          "dpto_ccdgo": "13",
          "mpio_ccdgo": "873",
          "mpio_cdpmp": "13873",
          "dpto_cnmbr": "BOLÍVAR",
          "mpio_cnmbr": "VILLANUEVA",
          "mpio_crslc": "1770",
          "mpio_tipo": "MUNICIPIO",
          "mpio_narea": 137.126413957,
          "mpio_nano": 2024,
          "shape_Leng": 0.674135257765,
          "shape_Area": 0.0113182431391
        }
      }
    },
    {
      "type": "Feature",
      "geometry": {
        "type": "Polygon",
        "coordinates": [
          [
            [
              -74.8394,
              9.8103
            ],
            [
              -74.8556,
              9.8275
            ],
            [
              -74.8643,
              9.8453
            ],
            [
              -74.8732,
              9.8485
            ],
            [
              -74.8823,
              9.8723
            ],
            [
              -74.8839,
              9.8581
            ],
            [
              -74.9024,
              9.8594
            ],
            [
              -74.9253,
              9.8564
            ],
            [
              -74.9401,
              9.8635
            ],
            [
              -74.9504,
              9.8462
            ],
            [
              -74.9313,
              9.8327
            ],
            [
              -74.9401,
              9.8177
            ],
            [
              -74.9197,
              9.7971
            ],
            [
              -74.952,
              9.7737
            ],
            [
              -74.9516,
              9.7663
            ],
            [
              -74.9493,
              9.7492
            ],
            [
              -74.9627,
              9.7415
            ],
            [
              -74.9663,
              9.7257
            ],
            [
              -74.9618,
              9.7114
            ],
            [
              -74.9539,
              9.7062
            ],
            [
              -74.9544,
              9.694
            ],
            [
              -74.9612,
              9.6808
            ],
            [
              -74.9323,
              9.6653
            ],
            [
              -74.8959,
              9.6651
            ],
            [
              -74.8911,
              9.6572
            ],
            [
              -74.8722,
              9.6598
            ],
            [
              -74.8576,
              9.6531
            ],
            [
              -74.7907,
              9.6526
            ],
            [
              -74.8037,
              9.6673
            ],
            [
              -74.8019,
              9.6833
            ],
            [
              -74.7927,
              9.6866
            ],
            [
              -74.7886,
              9.6992
            ],
            [
              -74.7996,
              9.7097
            ],
            [
              -74.8156,
              9.7341
            ],
            [
              -74.8052,
              9.7618
            ],
            [
              -74.8149,
              9.7845
            ],
            [
              -74.8394,
              9.8103
            ]
          ]
        ]
      },
      "properties": {
        "OBJECTID": 195,
        "DPTO_CCDGO": "05",
        "MPIO_CCDGO": "894",
        "name": "05127",
        "MPIO_CRSLC": "1899",
        "MPIO_NANO_": 1993,
        "MPIO_NAREA": 294.91930155,
        "MPIO_CSMBL": "4",
        "MPIO_CCNCT": "13894",
        "MPIO_NANO": 2012,
        "SHAPE_Leng": 0.821081391833,
        "SHAPE_Area": 0.0242962744071,
        "NOMBRE": "ZAMBRANO",
        "DANE": {
          "dpto_ccdgo": "13",
          "mpio_ccdgo": "894",
          "mpio_cdpmp": "13894",
          "dpto_cnmbr": "BOLÍVAR",
          "mpio_cnmbr": "ZAMBRANO",
          "mpio_crslc": "1899",
          "mpio_tipo": "MUNICIPIO",
          "mpio_narea": 309.18061411,
          "mpio_nano": 2024,
          "shape_Leng": 0.81800780657,
          "shape_Area": 0.0254711957625
        }
      }
    }
  ],
  "name": "05"
}