{
  "type": "FeatureCollection",
  "scaleFactor": 50,
  "crs": {
    "type": "name",
    "properties": {
      "name": "urn:ogc:def:crs:OGC:1.3:CRS84"
    }
  },
  "features": [
    {
      "type": "Feature",
      "geometry": {
        "type": "Polygon",
        "coordinates": [
          [
            [
              -73.3273,
              5.5802
            ],
            [
              -73.3413,
              5.5841
            ],
            [
              -73.3561,
              5.5726
            ],
            [
              -73.3615,
              5.559
            ],
            [
              -73.3911,
              5.5574
            ],
            [
              -73.412,
              5.5669
            ],
            [
              -73.4225,
              5.5607
            ],
            [
              -73.4267,
              5.5545
            ],
            [
              -73.4226,
              5.5401
            ],
            [
              -73.4252,
              5.5298
            ],
            [
              -73.4076,
              5.5104
            ],
            [
              -73.4205,
              5.4939
            ],
            [
              -73.4323,
              5.4859
            ],
            [
              -73.4473,
              5.4691
            ],
            [
              -73.4309,
              5.4508
            ],
            [
              -73.4158,
              5.4485
            ],
            [
              -73.3944,
              5.4566
            ],
            [
              -73.3612,
              5.4741
            ],
            [
              -73.3499,
              5.4885
            ],
            [
              -73.3576,
              5.4981
            ],
            [
              -73.3434,
              5.5185
            ],
            [
              -73.3205,
              5.5302
            ],
            [
              -73.3196,
              5.5434
            ],
            [
              -73.3081,
              5.5432
            ],
            [
              -73.3044,
              5.5634
            ],
            [
              -73.3069,
              5.5697
            ],
            [
              -73.3215,
              5.5832
            ],
            [
              -73.3273,
              5.5802
            ]
          ]
        ]
      },
      "properties": {
        "OBJECTID": 196,
        "DPTO_CCDGO": "07",
        "MPIO_CCDGO": "001",
        "name": "07001",
        "MPIO_CRSLC": "1541",
        "MPIO_NANO_": 1993,
        "MPIO_NAREA": 118.02332756,
        "MPIO_CSMBL": "4",
        "MPIO_CCNCT": "15001",
        "MPIO_NANO": 2012,
        "SHAPE_Leng": 0.55993552439,
        "SHAPE_Area": 0.00963033531299,
        "NOMBRE": "TUNJA",
        "DANE": {
          "dpto_ccdgo": "15",
          "mpio_ccdgo": "001",
          "mpio_cdpmp": "15001",
          "dpto_cnmbr": "BOYACÁ",
          "mpio_cnmbr": "TUNJA",
          "mpio_crslc": "1541",
          "mpio_tipo": "MUNICIPIO",
          "mpio_narea": 119.685498122,
          "mpio_nano": 2024,
          "shape_Leng": 0.572274229769,
          "shape_Area": 0.00976596899325
        }
      }
    },
    {
      "type": "Feature",
      "geometry": {
        "type": "Polygon",
        "coordinates": [
          [
            [
              -73.3644,
              5.0143
            ],
            [
              -73.3769,
              5.0159
            ],
            [
              -73.3909,
              4.9808
            ],
            [
              -73.4018,
              4.9616
            ],
            [
              -73.4229,
              4.9448
            ],
            [
              -73.4382,
              4.9187
            ],
            [
              -73.4392,
              4.9072
            ],
            [
              -73.4375,
              4.9063
            ],
            [
              -73.4091,
              4.9058
            ],
            [
              -73.4024,
              4.9181
            ],
            [
              -73.3872,
              4.9208
            ],
            [
              -73.3755,
              4.9286
            ],
            [
              -73.3681,
              4.9401
            ],
            [
              -73.3545,
              4.9509
            ],
            [
              -73.3501,
              4.982
            ],
            [
              -73.356,
              5.0034
            ],
            [
              -73.3644,
              5.0143
            ]
          ]
        ]
      },
      "properties": {
        "OBJECTID": 197,
        "DPTO_CCDGO": "07",
        "MPIO_CCDGO": "022",
        "name": "07007",
        "MPIO_CRSLC": "1908",
        "MPIO_NANO_": 1993,
        "MPIO_NAREA": 54.55631661,
        "MPIO_CSMBL": "4",
        "MPIO_CCNCT": "15022",
        "MPIO_NANO": 2012,
        "SHAPE_Leng": 0.333587718036,
        "SHAPE_Area": 0.00444774874622,
        "NOMBRE": "ALMEIDA",
        "DANE": {
          "dpto_ccdgo": "15",
          "mpio_ccdgo": "022",
          "mpio_cdpmp": "15022",
          "dpto_cnmbr": "BOYACÁ",
          "mpio_cnmbr": "ALMEIDA",
          "mpio_crslc": "1908",
          "mpio_tipo": "MUNICIPIO",
          "mpio_narea": 57.6721192044,
          "mpio_nano": 2024,
          "shape_Leng": 0.348469203467,
          "shape_Area": 0.00470175866203
        }
      }
    },
    {
      "type": "Feature",
      "geometry": {
        "type": "Polygon",
        "coordinates": [
          [
            [
              -72.7133,
              5.625
            ],
            [
              -72.7401,
              5.609
            ],
            [
              -72.7531,
              5.6378
            ],
            [
              -72.7708,
              5.6434
            ],
            [
              -72.788,
              5.6291
            ],
            [
              -72.797,
              5.6089
            ],
            [
              -72.8119,
              5.5853
            ],
            [
              -72.8457,
              5.5971
            ],
            [
              -72.8828,
              5.6065
            ],
            [
              -72.8963,
              5.614
            ],
            [
              -72.9023,
              5.5798
            ],
            [
              -72.9258,
              5.5672
            ],
            [
              -72.9207,
              5.5537
            ],
            [
              -72.9237,
              5.5376
            ],
            [
              -72.9423,
              5.5123
            ],
            [
              -72.9598,
              5.4923
            ],
            [
              -72.9674,
              5.4728
            ],
            [
              -72.9859,
              5.4665
            ],
            [
              -72.992,
              5.4582
            ],
            [
              -72.9866,
              5.4419
            ],
            [
              -72.9958,
              5.4192
            ],
            [
              -73.0025,
              5.4147
            ],
            [
              -73.0163,
              5.3846
            ],
            [
              -73.0431,
              5.3602
            ],
            [
              -73.0464,
              5.3538
            ],
            [
              -73.0406,
              5.3257
            ],
            [
              -73.0416,
              5.3124
            ],
            [
              -73.028,
              5.2999
            ],
            [
              -73.0286,
              5.288
            ],
            [
              -73.0112,
              5.2622
            ],
            [
              -72.9973,
              5.2584
            ],
            [
              -72.9952,
              5.2456
            ],
            [
              -73.0101,
              5.2145
            ],
            [
              -72.9996,
              5.2118
            ],
            [
              -72.9823,
              5.196
            ],
            [
              -72.9511,
              5.2133
            ],
            [
              -72.9373,
              5.2041
            ],
            [
              -72.9233,
              5.2153
            ],
            [
              -72.9104,
              5.2456
            ],
            [
              -72.8972,
              5.26
            ],
            [
              -72.8921,
              5.2871
            ],
            [
              -72.8997,
              5.2994
            ],
            [
              -72.8878,
              5.3161
            ],
            [
              -72.8896,
              5.3311
            ],
            [
              -72.8802,
              5.3506
            ],
            [
              -72.8664,
              5.3526
            ],
            [
              -72.8667,
              5.3405
            ],
            [
              -72.8554,
              5.3419
            ],
            [
              -72.8418,
              5.3636
            ],
            [
              -72.8207,
              5.3701
            ],
            [
              -72.8121,
              5.3782
            ],
            [
              -72.8054,
              5.394
            ],
            [
              -72.7976,
              5.3961
            ],
            [
              -72.7983,
              5.4107
            ],
            [
              -72.7857,
              5.436
            ],
            [
              -72.7585,
              5.4566
            ],
            [
              -72.7508,
              5.4668
            ],
            [
              -72.7378,
              5.4705
            ],
            [
              -72.7272,
              5.4867
            ],
            [
              -72.7075,
              5.479
            ],
            [
              -72.7087,
              5.4573
            ],
            [
              -72.7041,
              5.4469
            ],
            [
              -72.6938,
              5.4408
            ],
            [
              -72.6812,
              5.4501
            ],
            [
              -72.6671,
              5.4361
            ],
            [
              -72.6524,
              5.4493
            ],
            [
              -72.6661,
              5.4591
            ],
            [
              -72.6827,
              5.4907
            ],
            [
              -72.6566,
              5.5003
            ],
            [
              -72.656,
              5.5207
            ],
            [
              -72.6625,
              5.5388
            ],
            [
              -72.6689,
              5.5365
            ],
            [
              -72.684,
              5.5462
            ],
            [
              -72.6895,
              5.5597
            ],
            [
              -72.7253,
              5.5585
            ],
            [
              -72.745,
              5.5647
            ],
            [
              -72.7315,
              5.585
            ],
            [
              -72.7306,
              5.5931
            ],
            [
              -72.7087,
              5.6163
            ],
            [
              -72.7133,
              5.625
            ]
          ]
        ]
      },
      "properties": {
        "OBJECTID": 198,
        "DPTO_CCDGO": "07",
        "MPIO_CCDGO": "047",
        "name": "07008",
        "MPIO_CRSLC": "1789",
        "MPIO_NANO_": 1993,
        "MPIO_NAREA": 856.7721106,
        "MPIO_CSMBL": "4",
        "MPIO_CCNCT": "15047",
        "MPIO_NANO": 2012,
        "SHAPE_Leng": 1.64390262097,
        "SHAPE_Area": 0.0698804235212,
        "NOMBRE": "AQUITANIA (PUEBLOVIEJO)",
        "DANE": {
          "dpto_ccdgo": "15",
          "mpio_ccdgo": "047",
          "mpio_cdpmp": "15047",
          "dpto_cnmbr": "BOYACÁ",
          "mpio_cnmbr": "AQUITANIA",
          "mpio_crslc": "1789",
          "mpio_tipo": "MUNICIPIO",
          "mpio_narea": 942.272588903,
          "mpio_nano": 2024,
          "shape_Leng": 1.82463636282,
          "shape_Area": 0.0768537852644
        }
      }
    },
    {
      "type": "Feature",
      "geometry": {
        "type": "Polygon",
        "coordinates": [
          [
            [
              -73.4716,
              5.8216
            ],
            [
              -73.4772,
              5.8281
            ],
            [
              -73.493,
              5.8311
            ],
            [
              -73.5003,
              5.8437
            ],
            [
              -73.514,
              5.8316
            ],
            [
              -73.4865,
              5.8033
            ],
            [
              -73.5001,
              5.7864
            ],
            [
              -73.5003,
              5.7789
            ],
            [
              -73.5088,
              5.7573
            ],
            [
              -73.4961,
              5.7437
            ],
            [
              -73.5073,
              5.7248
            ],
            [
              -73.5034,
              5.7164
            ],
            [
              -73.4875,
              5.7229
            ],
            [
              -73.4765,
              5.7169
            ],
            [
              -73.4604,
              5.7269
            ],
            [
              -73.4324,
              5.7083
            ],
            [
              -73.4234,
              5.7077
            ],
            [
              -73.4008,
              5.7145
            ],
            [
              -73.3976,
              5.7026
            ],
            [
              -73.3859,
              5.6934
            ],
            [
              -73.3818,
              5.6726
            ],
            [
              -73.3631,
              5.6645
            ],
            [
              -73.3473,
              5.6704
            ],
            [
              -73.3435,
              5.6804
            ],
            [
              -73.356,
              5.7041
            ],
            [
              -73.3782,
              5.7255
            ],
            [
              -73.3745,
              5.7432
            ],
            [
              -73.3817,
              5.7605
            ],
            [
              -73.3905,
              5.7511
            ],
            [
              -73.4273,
              5.7752
            ],
            [
              -73.4315,
              5.793
            ],
            [
              -73.4498,
              5.8039
            ],
            [
              -73.4716,
              5.8216
            ]
          ]
        ]
      },
      "properties": {
        "OBJECTID": 199,
        "DPTO_CCDGO": "07",
        "MPIO_CCDGO": "051",
        "name": "07010",
        "MPIO_CRSLC": "1856",
        "MPIO_NANO_": 1993,
        "MPIO_NAREA": 135.90016976,
        "MPIO_CSMBL": "4",
        "MPIO_CCNCT": "15051",
        "MPIO_NANO": 2012,
        "SHAPE_Leng": 0.731562030243,
        "SHAPE_Area": 0.0110936027135,
        "NOMBRE": "ARCABUCO",
        "DANE": {
          "dpto_ccdgo": "15",
          "mpio_ccdgo": "051",
          "mpio_cdpmp": "15051",
          "dpto_cnmbr": "BOYACÁ",
          "mpio_cnmbr": "ARCABUCO",
          "mpio_crslc": "1856",
          "mpio_tipo": "MUNICIPIO",
          "mpio_narea": 137.898588013,
          "mpio_nano": 2024,
          "shape_Leng": 0.752708970528,
          "shape_Area": 0.0112567377603
        }
      }
    },
    {
      "type": "Feature",
      "geometry": {
        "type": "Polygon",
        "coordinates": [
          [
            [
              -72.8124,
              6.0232
            ],
            [
              -72.8222,
              6.013
            ],
            [
              -72.8456,
              6.0085
            ],
            [
              -72.8621,
              6.013
            ],
            [
              -72.8705,
              6.0232
            ],
            [
              -72.8709,
              6.0393
            ],
            [
              -72.8946,
              6.0521
            ],
            [
              -72.9176,
              6.0802
            ],
            [
              -72.9234,
              6.0983
            ],
            [
              -72.9228,
              6.0879
            ],
            [
              -72.9445,
              6.0765
            ],
            [
              -72.9539,
              6.0651
            ],
            [
              -72.9532,
              6.0494
            ],
            [
              -72.9601,
              6.0434
            ],
            [
              -72.9622,
              6.0283
            ],
            [
              -72.97,
              6.0195
            ],
            [
              -72.9657,
              6.0075
            ],
            [
              -72.9506,
              5.9905
            ],
            [
              -72.9474,
              5.9819
            ],
            [
              -72.9164,
              5.9554
            ],
            [
              -72.9141,
              5.9449
            ],
            [
              -72.8941,
              5.9391
            ],
            [
              -72.8683,
              5.9403
            ],
            [
              -72.8408,
              5.9578
            ],
            [
              -72.8311,
              5.972
            ],
            [
              -72.8183,
              5.978
            ],
            [
              -72.7964,
              5.9948
            ],
            [
              -72.7914,
              6.0065
            ],
            [
              -72.7961,
              6.0155
            ],
            [
              -72.8124,
              6.0232
            ]
          ]
        ]
      },
      "properties": {
        "OBJECTID": 200,
        "DPTO_CCDGO": "07",
        "MPIO_CCDGO": "087",
        "name": "07013",
        "MPIO_CRSLC": "1756",
        "MPIO_NANO_": 1993,
        "MPIO_NAREA": 161.41230671,
        "MPIO_CSMBL": "4",
        "MPIO_CCNCT": "15087",
        "MPIO_NANO": 2012,
        "SHAPE_Leng": 0.634780724371,
        "SHAPE_Area": 0.0131781051493,
        "NOMBRE": "BELEN",
        "DANE": {
          "dpto_ccdgo": "15",
          "mpio_ccdgo": "087",
          "mpio_cdpmp": "15087",
          "dpto_cnmbr": "BOYACÁ",
          "mpio_cnmbr": "BELÉN",
          "mpio_crslc": "1756",
          "mpio_tipo": "MUNICIPIO",
          "mpio_narea": 163.088220076,
          "mpio_nano": 2024,
          "shape_Leng": 0.629348880799,
          "shape_Area": 0.0133149202328
        }
      }
    },
    {
      "type": "Feature",
      "geometry": {
        "type": "Polygon",
        "coordinates": [
          [
            [
              -73.0725,
              5.1689
            ],
            [
              -73.0665,
              5.1858
            ],
            [
              -73.0743,
              5.1978
            ],
            [
              -73.1017,
              5.2099
            ],
            [
              -73.105,
              5.2208
            ],
            [
              -73.1017,
              5.2401
            ],
            [
              -73.0735,
              5.2597
            ],
            [
              -73.0674,
              5.2711
            ],
            [
              -73.0639,
              5.3006
            ],
            [
              -73.0948,
              5.2849
            ],
            [
              -73.1165,
              5.2705
            ],
            [
              -73.1267,
              5.254
            ],
            [
              -73.1455,
              5.2358
            ],
            [
              -73.1482,
              5.229
            ],
            [
              -73.1293,
              5.2088
            ],
            [
              -73.109,
              5.198
            ],
            [
              -73.0982,
              5.1701
            ],
            [
              -73.089,
              5.1607
            ],
            [
              -73.0725,
              5.1689
            ]
          ]
        ]
      },
      "properties": {
        "OBJECTID": 201,
        "DPTO_CCDGO": "07",
        "MPIO_CCDGO": "090",
        "name": "07016",
        "MPIO_CRSLC": "Ordenanza 28 de Abril 9 de 1913",
        "MPIO_NANO_": 1993,
        "MPIO_NAREA": 60.22751717,
        "MPIO_CSMBL": "4",
        "MPIO_CCNCT": "15090",
        "MPIO_NANO": 2012,
        "SHAPE_Leng": 0.443754840572,
        "SHAPE_Area": 0.00491142382447,
        "NOMBRE": "BERBEO",
        "DANE": {
          "dpto_ccdgo": "15",
          "mpio_ccdgo": "090",
          "mpio_cdpmp": "15090",
          "dpto_cnmbr": "BOYACÁ",
          "mpio_cnmbr": "BERBEO",
          "mpio_crslc": "Ordenanza 28 de Abril 9 de 1913",
          "mpio_tipo": "MUNICIPIO",
          "mpio_narea": 58.0130163859,
          "mpio_nano": 2024,
          "shape_Leng": 0.429174257255,
          "shape_Area": 0.00473084990701
        }
      }
    },
    {
      "type": "Feature",
      "geometry": {
        "type": "Polygon",
        "coordinates": [
          [
            [
              -72.7792,
              5.9545
            ],
            [
              -72.7946,
              5.9643
            ],
            [
              -72.8154,
              5.9654
            ],
            [
              -72.8183,
              5.978
            ],
            [
              -72.8311,
              5.972
            ],
            [
              -72.8408,
              5.9578
            ],
            [
              -72.8683,
              5.9403
            ],
            [
              -72.8941,
              5.9391
            ],
            [
              -72.9141,
              5.9449
            ],
            [
              -72.9253,
              5.9286
            ],
            [
              -72.9092,
              5.9165
            ],
            [
              -72.9038,
              5.8992
            ],
            [
              -72.8939,
              5.8871
            ],
            [
              -72.872,
              5.8836
            ],
            [
              -72.8725,
              5.8747
            ],
            [
              -72.8575,
              5.8662
            ],
            [
              -72.851,
              5.8765
            ],
            [
              -72.8266,
              5.879
            ],
            [
              -72.8162,
              5.8924
            ],
            [
              -72.8019,
              5.8992
            ],
            [
              -72.7897,
              5.942
            ],
            [
              -72.7792,
              5.9545
            ]
          ]
        ]
      },
      "properties": {
        "OBJECTID": 202,
        "DPTO_CCDGO": "07",
        "MPIO_CCDGO": "092",
        "name": "07019",
        "MPIO_CRSLC": "1754",
        "MPIO_NANO_": 1993,
        "MPIO_NAREA": 102.09067213,
        "MPIO_CSMBL": "4",
        "MPIO_CCNCT": "15092",
        "MPIO_NANO": 2012,
        "SHAPE_Leng": 0.486754065082,
        "SHAPE_Area": 0.00833341177728,
        "NOMBRE": "BETEITIVA",
        "DANE": {
          "dpto_ccdgo": "15",
          "mpio_ccdgo": "092",
          "mpio_cdpmp": "15092",
          "dpto_cnmbr": "BOYACÁ",
          "mpio_cnmbr": "BETÉITIVA",
          "mpio_crslc": "1754",
          "mpio_tipo": "MUNICIPIO",
          "mpio_narea": 101.899548534,
          "mpio_nano": 2024,
          "shape_Leng": 0.473818434923,
          "shape_Area": 0.00831780959777
        }
      }
    },
    {
      "type": "Feature",
      "geometry": {
        "type": "Polygon",
        "coordinates": [
          [
            [
              -72.6491,
              6.4364
            ],
            [
              -72.6606,
              6.4432
            ],
            [
              -72.6658,
              6.4339
            ],
            [
              -72.6581,
              6.4129
            ],
            [
              -72.655,
              6.3779
            ],
            [
              -72.6571,
              6.3588
            ],
            [
              -72.6518,
              6.3293
            ],
            [
              -72.6446,
              6.3129
            ],
            [
              -72.6467,
              6.294
            ],
            [
              -72.6412,
              6.2791
            ],
            [
              -72.6428,
              6.2511
            ],
            [
              -72.6356,
              6.2199
            ],
            [
              -72.6191,
              6.2257
            ],
            [
              -72.6024,
              6.2715
            ],
            [
              -72.5874,
              6.2661
            ],
            [
              -72.5797,
              6.2788
            ],
            [
              -72.5833,
              6.3
            ],
            [
              -72.5646,
              6.3252
            ],
            [
              -72.5758,
              6.3506
            ],
            [
              -72.588,
              6.3607
            ],
            [
              -72.5971,
              6.3793
            ],
            [
              -72.5972,
              6.3924
            ],
            [
              -72.6027,
              6.4108
            ],
            [
              -72.6224,
              6.4139
            ],
            [
              -72.6258,
              6.4231
            ],
            [
              -72.6234,
              6.4407
            ],
            [
              -72.6491,
              6.4364
            ]
          ]
        ]
      },
      "properties": {
        "OBJECTID": 203,
        "DPTO_CCDGO": "07",
        "MPIO_CCDGO": "097",
        "name": "07022",
        "MPIO_CRSLC": "1613",
        "MPIO_NANO_": 1993,
        "MPIO_NAREA": 144.4543327,
        "MPIO_CSMBL": "4",
        "MPIO_CCNCT": "15097",
        "MPIO_NANO": 2012,
        "SHAPE_Leng": 0.628112458431,
        "SHAPE_Area": 0.0117982116908,
        "NOMBRE": "BOAVITA",
        "DANE": {
          "dpto_ccdgo": "15",
          "mpio_ccdgo": "097",
          "mpio_cdpmp": "15097",
          "dpto_cnmbr": "BOYACÁ",
          "mpio_cnmbr": "BOAVITA",
          "mpio_crslc": "1613",
          "mpio_tipo": "MUNICIPIO",
          "mpio_narea": 145.305291108,
          "mpio_nano": 2024,
          "shape_Leng": 0.659782176085,
          "shape_Area": 0.011867743103
        }
      }
    },
    {
      "type": "Feature",
      "geometry": {
        "type": "Polygon",
        "coordinates": [
          [
            [
              -73.3346,
              5.4414
            ],
            [
              -73.3377,
              5.4672
            ],
            [
              -73.3509,
              5.4758
            ],
            [
              -73.3612,
              5.4741
            ],
            [
              -73.3944,
              5.4566
            ],
            [
              -73.4158,
              5.4485
            ],
            [
              -73.4409,
              5.4151
            ],
            [
              -73.4263,
              5.4084
            ],
            [
              -73.4159,
              5.4172
            ],
            [
              -73.3885,
              5.4191
            ],
            [
              -73.3843,
              5.4046
            ],
            [
              -73.3674,
              5.4149
            ],
            [
              -73.352,
              5.4321
            ],
            [
              -73.3346,
              5.4414
            ]
          ]
        ]
      },
      "properties": {
        "OBJECTID": 204,
        "DPTO_CCDGO": "07",
        "MPIO_CCDGO": "104",
        "name": "07025",
        "MPIO_CRSLC": "1537",
        "MPIO_NANO_": 1993,
        "MPIO_NAREA": 48.79778126,
        "MPIO_CSMBL": "4",
        "MPIO_CCNCT": "15104",
        "MPIO_NANO": 2012,
        "SHAPE_Leng": 0.33861368903,
        "SHAPE_Area": 0.00398124435884,
        "NOMBRE": "BOYACA",
        "DANE": {
          "dpto_ccdgo": "15",
          "mpio_ccdgo": "104",
          "mpio_cdpmp": "15104",
          "dpto_cnmbr": "BOYACÁ",
          "mpio_cnmbr": "BOYACÁ",
          "mpio_crslc": "1537",
          "mpio_tipo": "MUNICIPIO",
          "mpio_narea": 48.0228679457,
          "mpio_nano": 2024,
          "shape_Leng": 0.325613948217,
          "shape_Area": 0.00391802185017
        }
      }
    },
    {
      "type": "Feature",
      "geometry": {
        "type": "Polygon",
        "coordinates": [
          [
            [
              -73.8802,
              5.7076
            ],
            [
              -73.8902,
              5.7373
            ],
            [
              -73.8998,
              5.7375
            ],
            [
              -73.9177,
              5.7096
            ],
            [
              -73.9262,
              5.712
            ],
            [
              -73.9399,
              5.689
            ],
            [
              -73.9457,
              5.6937
            ],
            [
              -73.9498,
              5.687
            ],
            [
              -73.9414,
              5.6595
            ],
            [
              -73.9443,
              5.6492
            ],
            [
              -73.9314,
              5.6281
            ],
            [
              -73.9225,
              5.639
            ],
            [
              -73.9045,
              5.6296
            ],
            [
              -73.8977,
              5.6196
            ],
            [
              -73.8777,
              5.6361
            ],
            [
              -73.8645,
              5.6377
            ],
            [
              -73.8569,
              5.6518
            ],
            [
              -73.8837,
              5.6451
            ],
            [
              -73.9014,
              5.6713
            ],
            [
              -73.8909,
              5.6783
            ],
            [
              -73.8863,
              5.69
            ],
            [
              -73.8802,
              5.7076
            ]
          ]
        ]
      },
      "properties": {
        "OBJECTID": 205,
        "DPTO_CCDGO": "07",
        "MPIO_CCDGO": "106",
        "name": "07028",
        "MPIO_CRSLC": "Ordenanza 14 del 25 de Julio de 1890",
        "MPIO_NANO_": 1993,
        "MPIO_NAREA": 65.27085054,
        "MPIO_CSMBL": "4",
        "MPIO_CCNCT": "15106",
        "MPIO_NANO": 2012,
        "SHAPE_Leng": 0.462766474903,
        "SHAPE_Area": 0.00532807162144,
        "NOMBRE": "BRICEÑO",
        "DANE": {
          "dpto_ccdgo": "15",
          "mpio_ccdgo": "106",
          "mpio_cdpmp": "15106",
          "dpto_cnmbr": "BOYACÁ",
          "mpio_cnmbr": "BRICEÑO",
          "mpio_crslc": "Ordenanza 14 del 25 de Julio de 1890",
          "mpio_tipo": "MUNICIPIO",
          "mpio_narea": 64.5997029703,
          "mpio_nano": 2024,
          "shape_Leng": 0.484975250937,
          "shape_Area": 0.00527325522324
        }
      }
    },
    {
      "type": "Feature",
      "geometry": {
        "type": "Polygon",
        "coordinates": [
          [
            [
              -73.9106,
              5.5237
            ],
            [
              -73.9113,
              5.5499
            ],
            [
              -73.9203,
              5.5433
            ],
            [
              -73.9308,
              5.546
            ],
            [
              -73.9467,
              5.5401
            ],
            [
              -73.9628,
              5.5403
            ],
            [
              -73.9733,
              5.53
            ],
            [
              -73.9903,
              5.5252
            ],
            [
              -73.9939,
              5.5131
            ],
            [
              -74.008,
              5.4977
            ],
            [
              -74.0148,
              5.4776
            ],
            [
              -74.0093,
              5.4651
            ],
            [
              -73.999,
              5.4631
            ],
            [
              -73.9811,
              5.4516
            ],
            [
              -73.9694,
              5.4555
            ],
            [
              -73.9503,
              5.4495
            ],
            [
              -73.9555,
              5.4391
            ],
            [
              -73.9471,
              5.4241
            ],
            [
              -73.9422,
              5.4341
            ],
            [
              -73.9254,
              5.44
            ],
            [
              -73.9125,
              5.4322
            ],
            [
              -73.9053,
              5.446
            ],
            [
              -73.902,
              5.4671
            ],
            [
              -73.9029,
              5.4894
            ],
            [
              -73.9089,
              5.4943
            ],
            [
              -73.9062,
              5.5069
            ],
            [
              -73.9106,
              5.5237
            ]
          ]
        ]
      },
      "properties": {
        "OBJECTID": 206,
        "DPTO_CCDGO": "07",
        "MPIO_CCDGO": "109",
        "name": "07031",
        "MPIO_CRSLC": "1822",
        "MPIO_NANO_": 1993,
        "MPIO_NAREA": 109.94295329,
        "MPIO_CSMBL": "4",
        "MPIO_CCNCT": "15109",
        "MPIO_NANO": 2012,
        "SHAPE_Leng": 0.473363389499,
        "SHAPE_Area": 0.0089718797182,
        "NOMBRE": "BUENAVISTA",
        "DANE": {
          "dpto_ccdgo": "15",
          "mpio_ccdgo": "109",
          "mpio_cdpmp": "15109",
          "dpto_cnmbr": "BOYACÁ",
          "mpio_cnmbr": "BUENAVISTA",
          "mpio_crslc": "1822",
          "mpio_tipo": "MUNICIPIO",
          "mpio_narea": 110.156756538,
          "mpio_nano": 2024,
          "shape_Leng": 0.467781124602,
          "shape_Area": 0.0089893176366
        }
      }
    },
    {
      "type": "Feature",
      "geometry": {
        "type": "Polygon",
        "coordinates": [
          [
            [
              -72.8575,
              5.8662
            ],
            [
              -72.8725,
              5.8747
            ],
            [
              -72.8919,
              5.8657
            ],
            [
              -72.8933,
              5.8457
            ],
            [
              -72.8992,
              5.8367
            ],
            [
              -72.8963,
              5.8121
            ],
            [
              -72.8867,
              5.8175
            ],
            [
              -72.8659,
              5.8179
            ],
            [
              -72.8481,
              5.8595
            ],
            [
              -72.8575,
              5.8662
            ]
          ]
        ]
      },
      "properties": {
        "OBJECTID": 207,
        "DPTO_CCDGO": "07",
        "MPIO_CCDGO": "114",
        "name": "07034",
        "MPIO_CRSLC": "1851",
        "MPIO_NANO_": 1993,
        "MPIO_NAREA": 24.50407299,
        "MPIO_CSMBL": "4",
        "MPIO_CCNCT": "15114",
        "MPIO_NANO": 2012,
        "SHAPE_Leng": 0.191106441415,
        "SHAPE_Area": 0.00199997890531,
        "NOMBRE": "BUSBANZA",
        "DANE": {
          "dpto_ccdgo": "15",
          "mpio_ccdgo": "114",
          "mpio_cdpmp": "15114",
          "dpto_cnmbr": "BOYACÁ",
          "mpio_cnmbr": "BUSBANZÁ",
          "mpio_crslc": "1851",
          "mpio_tipo": "MUNICIPIO",
          "mpio_narea": 25.3527146387,
          "mpio_nano": 2024,
          "shape_Leng": 0.204497975322,
          "shape_Area": 0.00206924119217
        }
      }
    },
    {
      "type": "Feature",
      "geometry": {
        "type": "Polygon",
        "coordinates": [
          [
            [
              -73.8645,
              5.6377
            ],
            [
              -73.8777,
              5.6361
            ],
            [
              -73.8977,
              5.6196
            ],
            [
              -73.9189,
              5.5809
            ],
            [
              -73.9259,
              5.574
            ],
            [
              -73.9244,
              5.5637
            ],
            [
              -73.9113,
              5.5499
            ],
            [
              -73.9106,
              5.5237
            ],
            [
              -73.9049,
              5.5293
            ],
            [
              -73.8906,
              5.5127
            ],
            [
              -73.8807,
              5.5254
            ],
            [
              -73.8688,
              5.5325
            ],
            [
              -73.8575,
              5.5311
            ],
            [
              -73.8479,
              5.5457
            ],
            [
              -73.8428,
              5.5665
            ],
            [
              -73.8446,
              5.5964
            ],
            [
              -73.8552,
              5.6036
            ],
            [
              -73.8515,
              5.623
            ],
            [
              -73.8645,
              5.6377
            ]
          ]
        ]
      },
      "properties": {
        "OBJECTID": 208,
        "DPTO_CCDGO": "07",
        "MPIO_CCDGO": "131",
        "name": "07037",
        "MPIO_CRSLC": "1837",
        "MPIO_NANO_": 1993,
        "MPIO_NAREA": 77.4790491,
        "MPIO_CSMBL": "4",
        "MPIO_CCNCT": "15131",
        "MPIO_NANO": 2012,
        "SHAPE_Leng": 0.383885233895,
        "SHAPE_Area": 0.00632351193522,
        "NOMBRE": "CALDAS",
        "DANE": {
          "dpto_ccdgo": "15",
          "mpio_ccdgo": "131",
          "mpio_cdpmp": "15131",
          "dpto_cnmbr": "BOYACÁ",
          "mpio_cnmbr": "CALDAS",
          "mpio_crslc": "1837",
          "mpio_tipo": "MUNICIPIO",
          "mpio_narea": 78.965574261,
          "mpio_nano": 2024,
          "shape_Leng": 0.402175122378,
          "shape_Area": 0.00644484301777
        }
      }
    },
    {
      "type": "Feature",
      "geometry": {
        "type": "Polygon",
        "coordinates": [
          [
            [
              -73.0289,
              4.9921
            ],
            [
              -73.0273,
              5.025
            ],
            [
              -73.0555,
              5.015
            ],
            [
              -73.0696,
              5.0315
            ],
            [
              -73.0871,
              5.0429
            ],
            [
              -73.0806,
              5.049
            ],
            [
              -73.0676,
              5.0806
            ],
            [
              -73.0712,
              5.0962
            ],
            [
              -73.101,
              5.1011
            ],
            [
              -73.1128,
              5.1119
            ],
            [
              -73.1185,
              5.1021
            ],
            [
              -73.1535,
              5.0747
            ],
            [
              -73.1676,
              5.0741
            ],
            [
              -73.1751,
              5.0669
            ],
            [
              -73.1926,
              5.0633
            ],
            [
              -73.2288,
              5.0776
            ],
            [
              -73.2485,
              5.069
            ],
            [
              -73.2349,
              5.0629
            ],
            [
              -73.228,
              5.0493
            ],
            [
              -73.2296,
              5.0316
            ],
            [
              -73.2156,
              5.0179
            ],
            [
              -73.2123,
              4.9956
            ],
            [
              -73.2192,
              4.9884
            ],
            [
              -73.2229,
              4.973
            ],
            [
              -73.2105,
              4.9317
            ],
            [
              -73.2183,
              4.9147
            ],
            [
              -73.2118,
              4.9067
            ],
            [
              -73.1984,
              4.9131
            ],
            [
              -73.1746,
              4.8961
            ],
            [
              -73.1414,
              4.9219
            ],
            [
              -73.1322,
              4.934
            ],
            [
              -73.1067,
              4.9558
            ],
            [
              -73.08,
              4.9723
            ],
            [
              -73.0614,
              4.9881
            ],
            [
              -73.0373,
              4.9879
            ],
            [
              -73.0289,
              4.9921
            ]
          ]
        ]
      },
      "properties": {
        "OBJECTID": 209,
        "DPTO_CCDGO": "07",
        "MPIO_CCDGO": "135",
        "name": "07040",
        "MPIO_CRSLC": "1823",
        "MPIO_NANO_": 1993,
        "MPIO_NAREA": 300.79064646,
        "MPIO_CSMBL": "4",
        "MPIO_CCNCT": "15135",
        "MPIO_NANO": 2012,
        "SHAPE_Leng": 0.897085618957,
        "SHAPE_Area": 0.0245211324455,
        "NOMBRE": "CAMPOHERMOSO",
        "DANE": {
          "dpto_ccdgo": "15",
          "mpio_ccdgo": "135",
          "mpio_cdpmp": "15135",
          "dpto_cnmbr": "BOYACÁ",
          "mpio_cnmbr": "CAMPOHERMOSO",
          "mpio_crslc": "1823",
          "mpio_tipo": "MUNICIPIO",
          "mpio_narea": 298.728379247,
          "mpio_nano": 2024,
          "shape_Leng": 0.89614570506,
          "shape_Area": 0.0243529763011
        }
      }
    },
    {
      "type": "Feature",
      "geometry": {
        "type": "Polygon",
        "coordinates": [
          [
            [
              -72.9141,
              5.9449
            ],
            [
              -72.9164,
              5.9554
            ],
            [
              -72.9474,
              5.9819
            ],
            [
              -72.9506,
              5.9905
            ],
            [
              -72.9657,
              6.0075
            ],
            [
              -72.97,
              6.0195
            ],
            [
              -72.983,
              6.01
            ],
            [
              -72.9912,
              5.9881
            ],
            [
              -72.9969,
              5.9848
            ],
            [
              -73.0112,
              5.9631
            ],
            [
              -73.0003,
              5.9484
            ],
            [
              -73.0019,
              5.9391
            ],
            [
              -72.9801,
              5.9281
            ],
            [
              -72.9633,
              5.9299
            ],
            [
              -72.9277,
              5.9244
            ],
            [
              -72.9253,
              5.9286
            ],
            [
              -72.9141,
              5.9449
            ]
          ]
        ]
      },
      "properties": {
        "OBJECTID": 210,
        "DPTO_CCDGO": "07",
        "MPIO_CCDGO": "162",
        "name": "07043",
        "MPIO_CRSLC": "1782",
        "MPIO_NANO_": 1993,
        "MPIO_NAREA": 62.51893451,
        "MPIO_CSMBL": "4",
        "MPIO_CCNCT": "15162",
        "MPIO_NANO": 2012,
        "SHAPE_Leng": 0.320048611202,
        "SHAPE_Area": 0.00510405186953,
        "NOMBRE": "CERINZA",
        "DANE": {
          "dpto_ccdgo": "15",
          "mpio_ccdgo": "162",
          "mpio_cdpmp": "15162",
          "dpto_cnmbr": "BOYACÁ",
          "mpio_cnmbr": "CERINZA",
          "mpio_crslc": "1782",
          "mpio_tipo": "MUNICIPIO",
          "mpio_narea": 63.5785818848,
          "mpio_nano": 2024,
          "shape_Leng": 0.334001148939,
          "shape_Area": 0.0051905696446
        }
      }
    },
    {
      "type": "Feature",
      "geometry": {
        "type": "Polygon",
        "coordinates": [
          [
            [
              -73.3296,
              5.2617
            ],
            [
              -73.3371,
              5.2783
            ],
            [
              -73.3474,
              5.2825
            ],
            [
              -73.3577,
              5.2778
            ],
            [
              -73.3642,
              5.2659
            ],
            [
              -73.3782,
              5.2625
            ],
            [
              -73.4013,
              5.2427
            ],
            [
              -73.4041,
              5.2311
            ],
            [
              -73.3924,
              5.2168
            ],
            [
              -73.3808,
              5.1902
            ],
            [
              -73.3854,
              5.183
            ],
            [
              -73.384,
              5.1663
            ],
            [
              -73.364,
              5.1368
            ],
            [
              -73.349,
              5.1399
            ],
            [
              -73.3261,
              5.1493
            ],
            [
              -73.2984,
              5.1548
            ],
            [
              -73.2853,
              5.162
            ],
            [
              -73.2678,
              5.1554
            ],
            [
              -73.2606,
              5.1568
            ],
            [
              -73.2581,
              5.1725
            ],
            [
              -73.2705,
              5.1767
            ],
            [
              -73.2957,
              5.1983
            ],
            [
              -73.2835,
              5.2067
            ],
            [
              -73.3035,
              5.2174
            ],
            [
              -73.3096,
              5.2276
            ],
            [
              -73.3197,
              5.2311
            ],
            [
              -73.3198,
              5.2464
            ],
            [
              -73.3296,
              5.2617
            ]
          ]
        ]
      },
      "properties": {
        "OBJECTID": 211,
        "DPTO_CCDGO": "07",
        "MPIO_CCDGO": "172",
        "name": "07064",
        "MPIO_CRSLC": "1826",
        "MPIO_NANO_": 1993,
        "MPIO_NAREA": 143.04285869,
        "MPIO_CSMBL": "4",
        "MPIO_CCNCT": "15172",
        "MPIO_NANO": 2012,
        "SHAPE_Leng": 0.520781533745,
        "SHAPE_Area": 0.0116657210858,
        "NOMBRE": "CHINAVITA",
        "DANE": {
          "dpto_ccdgo": "15",
          "mpio_ccdgo": "172",
          "mpio_cdpmp": "15172",
          "dpto_cnmbr": "BOYACÁ",
          "mpio_cnmbr": "CHINAVITA",
          "mpio_crslc": "1826",
          "mpio_tipo": "MUNICIPIO",
          "mpio_narea": 136.373456468,
          "mpio_nano": 2024,
          "shape_Leng": 0.52659639482,
          "shape_Area": 0.0111218756841
        }
      }
    },
    {
      "type": "Feature",
      "geometry": {
        "type": "Polygon",
        "coordinates": [
          [
            [
              -73.6861,
              5.6296
            ],
            [
              -73.7252,
              5.6335
            ],
            [
              -73.7355,
              5.6418
            ],
            [
              -73.7526,
              5.6463
            ],
            [
              -73.7799,
              5.6337
            ],
            [
              -73.7943,
              5.6419
            ],
            [
              -73.8061,
              5.6412
            ],
            [
              -73.8349,
              5.6669
            ],
            [
              -73.8318,
              5.694
            ],
            [
              -73.8491,
              5.709
            ],
            [
              -73.8577,
              5.7074
            ],
            [
              -73.866,
              5.6933
            ],
            [
              -73.8863,
              5.69
            ],
            [
              -73.8909,
              5.6783
            ],
            [
              -73.9014,
              5.6713
            ],
            [
              -73.8837,
              5.6451
            ],
            [
              -73.8569,
              5.6518
            ],
            [
              -73.8645,
              5.6377
            ],
            [
              -73.8515,
              5.623
            ],
            [
              -73.8552,
              5.6036
            ],
            [
              -73.8446,
              5.5964
            ],
            [
              -73.8428,
              5.5665
            ],
            [
              -73.8479,
              5.5457
            ],
            [
              -73.8312,
              5.553
            ],
            [
              -73.8181,
              5.5542
            ],
            [
              -73.8047,
              5.5714
            ],
            [
              -73.7895,
              5.553
            ],
            [
              -73.7868,
              5.5747
            ],
            [
              -73.7797,
              5.5951
            ],
            [
              -73.7687,
              5.5926
            ],
            [
              -73.7533,
              5.5769
            ],
            [
              -73.7297,
              5.5813
            ],
            [
              -73.7208,
              5.577
            ],
            [
              -73.7161,
              5.5902
            ],
            [
              -73.6861,
              5.6296
            ]
          ]
        ]
      },
      "properties": {
        "OBJECTID": 212,
        "DPTO_CCDGO": "07",
        "MPIO_CCDGO": "176",
        "name": "07067",
        "MPIO_CRSLC": "1776",
        "MPIO_NANO_": 1993,
        "MPIO_NAREA": 166.6112949,
        "MPIO_CSMBL": "4",
        "MPIO_CCNCT": "15176",
        "MPIO_NANO": 2012,
        "SHAPE_Leng": 0.821453634547,
        "SHAPE_Area": 0.0135990293608,
        "NOMBRE": "CHIQUINQUIRA",
        "DANE": {
          "dpto_ccdgo": "15",
          "mpio_ccdgo": "176",
          "mpio_cdpmp": "15176",
          "dpto_cnmbr": "BOYACÁ",
          "mpio_cnmbr": "CHIQUINQUIRÁ",
          "mpio_crslc": "1776",
          "mpio_tipo": "MUNICIPIO",
          "mpio_narea": 165.013670731,
          "mpio_nano": 2024,
          "shape_Leng": 0.864134278417,
          "shape_Area": 0.0134686208981
        }
      }
    },
    {
      "type": "Feature",
      "geometry": {
        "type": "Polygon",
        "coordinates": [
          [
            [
              -72.2995,
              6.7165
            ],
            [
              -72.2958,
              6.7267
            ],
            [
              -72.2996,
              6.75
            ],
            [
              -72.307,
              6.7589
            ],
            [
              -72.2924,
              6.7654
            ],
            [
              -72.2966,
              6.7851
            ],
            [
              -72.3084,
              6.7925
            ],
            [
              -72.3184,
              6.8158
            ],
            [
              -72.3282,
              6.8178
            ],
            [
              -72.3409,
              6.83
            ],
            [
              -72.3405,
              6.8462
            ],
            [
              -72.3584,
              6.8487
            ],
            [
              -72.3639,
              6.8416
            ],
            [
              -72.3901,
              6.839
            ],
            [
              -72.4099,
              6.8404
            ],
            [
              -72.4235,
              6.849
            ],
            [
              -72.43,
              6.8454
            ],
            [
              -72.4536,
              6.8513
            ],
            [
              -72.4628,
              6.8439
            ],
            [
              -72.4771,
              6.8422
            ],
            [
              -72.4844,
              6.8177
            ],
            [
              -72.4825,
              6.8117
            ],
            [
              -72.4985,
              6.7984
            ],
            [
              -72.4955,
              6.7829
            ],
            [
              -72.4976,
              6.7664
            ],
            [
              -72.4909,
              6.7596
            ],
            [
              -72.4876,
              6.7436
            ],
            [
              -72.4989,
              6.7283
            ],
            [
              -72.488,
              6.7162
            ],
            [
              -72.4849,
              6.6953
            ],
            [
              -72.491,
              6.6812
            ],
            [
              -72.4855,
              6.6719
            ],
            [
              -72.4862,
              6.6545
            ],
            [
              -72.52,
              6.6173
            ],
            [
              -72.5205,
              6.6043
            ],
            [
              -72.527,
              6.5916
            ],
            [
              -72.5422,
              6.5835
            ],
            [
              -72.5459,
              6.5672
            ],
            [
              -72.5367,
              6.5518
            ],
            [
              -72.5363,
              6.5404
            ],
            [
              -72.5495,
              6.5215
            ],
            [
              -72.5434,
              6.5016
            ],
            [
              -72.5344,
              6.4961
            ],
            [
              -72.5335,
              6.503
            ],
            [
              -72.5187,
              6.5151
            ],
            [
              -72.5019,
              6.5391
            ],
            [
              -72.4807,
              6.5497
            ],
            [
              -72.4596,
              6.5485
            ],
            [
              -72.4399,
              6.5293
            ],
            [
              -72.4213,
              6.5195
            ],
            [
              -72.4038,
              6.5136
            ],
            [
              -72.3945,
              6.5298
            ],
            [
              -72.3837,
              6.5285
            ],
            [
              -72.3809,
              6.5531
            ],
            [
              -72.3575,
              6.5529
            ],
            [
              -72.3597,
              6.57
            ],
            [
              -72.3767,
              6.5905
            ],
            [
              -72.3863,
              6.6095
            ],
            [
              -72.3632,
              6.6208
            ],
            [
              -72.3464,
              6.6339
            ],
            [
              -72.3414,
              6.6619
            ],
            [
              -72.3351,
              6.6717
            ],
            [
              -72.3202,
              6.6824
            ],
            [
              -72.3063,
              6.6876
            ],
            [
              -72.2995,
              6.7165
            ]
          ]
        ]
      },
      "properties": {
        "OBJECTID": 213,
        "DPTO_CCDGO": "07",
        "MPIO_CCDGO": "180",
        "name": "07070",
        "MPIO_CRSLC": "1761",
        "MPIO_NANO_": 1993,
        "MPIO_NAREA": 662.51668041,
        "MPIO_CSMBL": "4",
        "MPIO_CCNCT": "15180",
        "MPIO_NANO": 2012,
        "SHAPE_Leng": 1.26402095227,
        "SHAPE_Area": 0.0541530725609,
        "NOMBRE": "CHISCAS",
        "DANE": {
          "dpto_ccdgo": "15",
          "mpio_ccdgo": "180",
          "mpio_cdpmp": "15180",
          "dpto_cnmbr": "BOYACÁ",
          "mpio_cnmbr": "CHISCAS",
          "mpio_crslc": "1761",
          "mpio_tipo": "MUNICIPIO",
          "mpio_narea": 658.814898157,
          "mpio_nano": 2024,
          "shape_Leng": 1.26465210712,
          "shape_Area": 0.0538348995371
        }
      }
    },
    {
      "type": "Feature",
      "geometry": {
        "type": "Polygon",
        "coordinates": [
          [
            [
              -72.3965,
              6.2723
            ],
            [
              -72.4254,
              6.2789
            ],
            [
              -72.4441,
              6.2864
            ],
            [
              -72.455,
              6.3036
            ],
            [
              -72.4728,
              6.3059
            ],
            [
              -72.4835,
              6.3026
            ],
            [
              -72.496,
              6.2871
            ],
            [
              -72.4982,
              6.2543
            ],
            [
              -72.5114,
              6.2474
            ],
            [
              -72.5249,
              6.2279
            ],
            [
              -72.531,
              6.2104
            ],
            [
              -72.5411,
              6.1995
            ],
            [
              -72.5525,
              6.177
            ],
            [
              -72.5429,
              6.1685
            ],
            [
              -72.5301,
              6.1654
            ],
            [
              -72.5161,
              6.1484
            ],
            [
              -72.5168,
              6.1265
            ],
            [
              -72.528,
              6.1225
            ],
            [
              -72.5305,
              6.0899
            ],
            [
              -72.5423,
              6.0698
            ],
            [
              -72.5305,
              6.0517
            ],
            [
              -72.539,
              6.0327
            ],
            [
              -72.5275,
              6.0095
            ],
            [
              -72.5104,
              6.0051
            ],
            [
              -72.4984,
              5.996
            ],
            [
              -72.4831,
              5.9742
            ],
            [
              -72.4668,
              5.9619
            ],
            [
              -72.4505,
              5.9581
            ],
            [
              -72.4468,
              5.9438
            ],
            [
              -72.4358,
              5.9378
            ],
            [
              -72.4236,
              5.9225
            ],
            [
              -72.4155,
              5.904
            ],
            [
              -72.4067,
              5.9002
            ],
            [
              -72.392,
              5.9022
            ],
            [
              -72.3748,
              5.895
            ],
            [
              -72.3686,
              5.8973
            ],
            [
              -72.3398,
              5.8914
            ],
            [
              -72.3277,
              5.9017
            ],
            [
              -72.3251,
              5.935
            ],
            [
              -72.3358,
              5.9439
            ],
            [
              -72.3423,
              5.9649
            ],
            [
              -72.3428,
              6.0012
            ],
            [
              -72.3655,
              6.0367
            ],
            [
              -72.3215,
              6.0678
            ],
            [
              -72.3212,
              6.0882
            ],
            [
              -72.3621,
              6.0752
            ],
            [
              -72.3754,
              6.0925
            ],
            [
              -72.3648,
              6.1002
            ],
            [
              -72.384,
              6.1138
            ],
            [
              -72.3892,
              6.1237
            ],
            [
              -72.3771,
              6.1339
            ],
            [
              -72.3745,
              6.1501
            ],
            [
              -72.3931,
              6.1616
            ],
            [
              -72.3923,
              6.1869
            ],
            [
              -72.4123,
              6.1915
            ],
            [
              -72.3987,
              6.2187
            ],
            [
              -72.3979,
              6.2373
            ],
            [
              -72.3872,
              6.2613
            ],
            [
              -72.3965,
              6.2723
            ]
          ]
        ]
      },
      "properties": {
        "OBJECTID": 214,
        "DPTO_CCDGO": "07",
        "MPIO_CCDGO": "183",
        "name": "07073",
        "MPIO_CRSLC": "1769",
        "MPIO_NANO_": 1993,
        "MPIO_NAREA": 744.19815932,
        "MPIO_CSMBL": "4",
        "MPIO_CCNCT": "15183",
        "MPIO_NANO": 2012,
        "SHAPE_Leng": 1.63766156937,
        "SHAPE_Area": 0.0607575048917,
        "NOMBRE": "CHITA",
        "DANE": {
          "dpto_ccdgo": "15",
          "mpio_ccdgo": "183",
          "mpio_cdpmp": "15183",
          "dpto_cnmbr": "BOYACÁ",
          "mpio_cnmbr": "CHITA",
          "mpio_crslc": "1769",
          "mpio_tipo": "MUNICIPIO",
          "mpio_narea": 677.377002486,
          "mpio_nano": 2024,
          "shape_Leng": 1.36484708082,
          "shape_Area": 0.0552898649698
        }
      }
    },
    {
      "type": "Feature",
      "geometry": {
        "type": "Polygon",
        "coordinates": [
          [
            [
              -73.4035,
              6.0557
            ],
            [
              -73.4217,
              6.0719
            ],
            [
              -73.4297,
              6.0685
            ],
            [
              -73.454,
              6.0791
            ],
            [
              -73.4472,
              6.0648
            ],
            [
              -73.4508,
              6.0464
            ],
            [
              -73.4715,
              6.0233
            ],
            [
              -73.486,
              6.0017
            ],
            [
              -73.496,
              5.9869
            ],
            [
              -73.4691,
              5.9743
            ],
            [
              -73.4654,
              5.9629
            ],
            [
              -73.4534,
              5.9479
            ],
            [
              -73.4609,
              5.9325
            ],
            [
              -73.4338,
              5.8983
            ],
            [
              -73.4205,
              5.8894
            ],
            [
              -73.4016,
              5.9013
            ],
            [
              -73.3974,
              5.9209
            ],
            [
              -73.3863,
              5.9359
            ],
            [
              -73.3892,
              5.9427
            ],
            [
              -73.3763,
              5.9626
            ],
            [
              -73.3714,
              6.0062
            ],
            [
              -73.3876,
              6.0231
            ],
            [
              -73.3891,
              6.0309
            ],
            [
              -73.4035,
              6.0557
            ]
          ]
        ]
      },
      "properties": {
        "OBJECTID": 215,
        "DPTO_CCDGO": "07",
        "MPIO_CCDGO": "185",
        "name": "07076",
        "MPIO_CRSLC": "1621",
        "MPIO_NANO_": 1993,
        "MPIO_NAREA": 154.33378598,
        "MPIO_CSMBL": "4",
        "MPIO_CCNCT": "15185",
        "MPIO_NANO": 2012,
        "SHAPE_Leng": 0.550042654401,
        "SHAPE_Area": 0.0126034222435,
        "NOMBRE": "CHITARAQUE",
        "DANE": {
          "dpto_ccdgo": "15",
          "mpio_ccdgo": "185",
          "mpio_cdpmp": "15185",
          "dpto_cnmbr": "BOYACÁ",
          "mpio_cnmbr": "CHITARAQUE",
          "mpio_crslc": "1621",
          "mpio_tipo": "MUNICIPIO",
          "mpio_narea": 158.534721661,
          "mpio_nano": 2024,
          "shape_Leng": 0.579277168021,
          "shape_Area": 0.0129465244857
        }
      }
    },
    {
      "type": "Feature",
      "geometry": {
        "type": "Polygon",
        "coordinates": [
          [
            [
              -73.2131,
              5.6264
            ],
            [
              -73.2318,
              5.6267
            ],
            [
              -73.2425,
              5.6115
            ],
            [
              -73.2528,
              5.5805
            ],
            [
              -73.2644,
              5.5754
            ],
            [
              -73.282,
              5.5801
            ],
            [
              -73.3069,
              5.5697
            ],
            [
              -73.3044,
              5.5634
            ],
            [
              -73.3081,
              5.5432
            ],
            [
              -73.2954,
              5.5251
            ],
            [
              -73.2848,
              5.5242
            ],
            [
              -73.2771,
              5.524
            ],
            [
              -73.2532,
              5.5397
            ],
            [
              -73.245,
              5.5323
            ],
            [
              -73.2314,
              5.5418
            ],
            [
              -73.228,
              5.5539
            ],
            [
              -73.2312,
              5.5639
            ],
            [
              -73.2449,
              5.5721
            ],
            [
              -73.2296,
              5.6016
            ],
            [
              -73.219,
              5.6131
            ],
            [
              -73.2131,
              5.6264
            ]
          ]
        ]
      },
      "properties": {
        "OBJECTID": 216,
        "DPTO_CCDGO": "07",
        "MPIO_CCDGO": "187",
        "name": "07077",
        "MPIO_CRSLC": "Ordenanza 41 de Diciembre 14 de 1978",
        "MPIO_NANO_": 1993,
        "MPIO_NAREA": 50.00739644,
        "MPIO_CSMBL": "4",
        "MPIO_CCNCT": "15187",
        "MPIO_NANO": 2012,
        "SHAPE_Leng": 0.420467273524,
        "SHAPE_Area": 0.00408054178733,
        "NOMBRE": "CHIVATA",
        "DANE": {
          "dpto_ccdgo": "15",
          "mpio_ccdgo": "187",
          "mpio_cdpmp": "15187",
          "dpto_cnmbr": "BOYACÁ",
          "mpio_cnmbr": "CHIVATÁ",
          "mpio_crslc": "Ordenanza 41 de Diciembre 14 de 1978",
          "mpio_tipo": "MUNICIPIO",
          "mpio_narea": 49.5323401928,
          "mpio_nano": 2024,
          "shape_Leng": 0.4252666089,
          "shape_Area": 0.00404177656248
        }
      }
    },
    {
      "type": "Feature",
      "geometry": {
        "type": "Polygon",
        "coordinates": [
          [
            [
              -73.222,
              5.4069
            ],
            [
              -73.2569,
              5.4068
            ],
            [
              -73.2763,
              5.4169
            ],
            [
              -73.2972,
              5.4188
            ],
            [
              -73.3182,
              5.4252
            ],
            [
              -73.3061,
              5.4406
            ],
            [
              -73.3144,
              5.45
            ],
            [
              -73.3152,
              5.4433
            ],
            [
              -73.3301,
              5.4144
            ],
            [
              -73.319,
              5.4066
            ],
            [
              -73.3226,
              5.392
            ],
            [
              -73.2984,
              5.3622
            ],
            [
              -73.2856,
              5.3497
            ],
            [
              -73.243,
              5.3767
            ],
            [
              -73.222,
              5.4069
            ]
          ]
        ]
      },
      "properties": {
        "OBJECTID": 217,
        "DPTO_CCDGO": "07",
        "MPIO_CCDGO": "189",
        "name": "07046",
        "MPIO_CRSLC": "1817",
        "MPIO_NANO_": 1993,
        "MPIO_NAREA": 54.28803719,
        "MPIO_CSMBL": "4",
        "MPIO_CCNCT": "15189",
        "MPIO_NANO": 2012,
        "SHAPE_Leng": 0.379974957035,
        "SHAPE_Area": 0.00442864146017,
        "NOMBRE": "CIENEGA",
        "DANE": {
          "dpto_ccdgo": "15",
          "mpio_ccdgo": "189",
          "mpio_cdpmp": "15189",
          "dpto_cnmbr": "BOYACÁ",
          "mpio_cnmbr": "CIÉNEGA",
          "mpio_crslc": "1817",
          "mpio_tipo": "MUNICIPIO",
          "mpio_narea": 53.9924224336,
          "mpio_nano": 2024,
          "shape_Leng": 0.385304476559,
          "shape_Area": 0.00440452711278
        }
      }
    },
    {
      "type": "Feature",
      "geometry": {
        "type": "Polygon",
        "coordinates": [
          [
            [
              -73.2673,
              5.6645
            ],
            [
              -73.261,
              5.6849
            ],
            [
              -73.2708,
              5.6859
            ],
            [
              -73.2639,
              5.7036
            ],
            [
              -73.2717,
              5.7088
            ],
            [
              -73.29,
              5.7002
            ],
            [
              -73.3096,
              5.7181
            ],
            [
              -73.3272,
              5.7461
            ],
            [
              -73.3304,
              5.7553
            ],
            [
              -73.3425,
              5.7676
            ],
            [
              -73.3551,
              5.7622
            ],
            [
              -73.3597,
              5.7775
            ],
            [
              -73.3696,
              5.788
            ],
            [
              -73.3817,
              5.7605
            ],
            [
              -73.3745,
              5.7432
            ],
            [
              -73.3782,
              5.7255
            ],
            [
              -73.356,
              5.7041
            ],
            [
              -73.3435,
              5.6804
            ],
            [
              -73.3473,
              5.6704
            ],
            [
              -73.3631,
              5.6645
            ],
            [
              -73.3608,
              5.6606
            ],
            [
              -73.3631,
              5.6293
            ],
            [
              -73.3554,
              5.6137
            ],
            [
              -73.3445,
              5.6047
            ],
            [
              -73.3413,
              5.5841
            ],
            [
              -73.3273,
              5.5802
            ],
            [
              -73.317,
              5.6148
            ],
            [
              -73.2673,
              5.6645
            ]
          ]
        ]
      },
      "properties": {
        "OBJECTID": 218,
        "DPTO_CCDGO": "07",
        "MPIO_CCDGO": "204",
        "name": "07049",
        "MPIO_CRSLC": "1777",
        "MPIO_NANO_": 1993,
        "MPIO_NAREA": 147.57931575,
        "MPIO_CSMBL": "4",
        "MPIO_CCNCT": "15204",
        "MPIO_NANO": 2012,
        "SHAPE_Leng": 0.707143899326,
        "SHAPE_Area": 0.0120451653127,
        "NOMBRE": "COMBITA",
        "DANE": {
          "dpto_ccdgo": "15",
          "mpio_ccdgo": "204",
          "mpio_cdpmp": "15204",
          "dpto_cnmbr": "BOYACÁ",
          "mpio_cnmbr": "CÓMBITA",
          "mpio_crslc": "1777",
          "mpio_tipo": "MUNICIPIO",
          "mpio_narea": 138.284531442,
          "mpio_nano": 2024,
          "shape_Leng": 0.71777748363,
          "shape_Area": 0.0112864409641
        }
      }
    },
    {
      "type": "Feature",
      "geometry": {
        "type": "Polygon",
        "coordinates": [
          [
            [
              -73.9903,
              5.5252
            ],
            [
              -74.0012,
              5.5289
            ],
            [
              -74.021,
              5.5201
            ],
            [
              -74.022,
              5.5092
            ],
            [
              -74.032,
              5.5005
            ],
            [
              -74.047,
              5.5003
            ],
            [
              -74.065,
              5.499
            ],
            [
              -74.0776,
              5.4856
            ],
            [
              -74.094,
              5.4793
            ],
            [
              -74.0969,
              5.4706
            ],
            [
              -74.0949,
              5.4364
            ],
            [
              -74.0736,
              5.4082
            ],
            [
              -74.0556,
              5.4014
            ],
            [
              -74.0449,
              5.4043
            ],
            [
              -74.0405,
              5.393
            ],
            [
              -74.0219,
              5.3864
            ],
            [
              -74.02,
              5.3661
            ],
            [
              -73.9991,
              5.3675
            ],
            [
              -73.9835,
              5.389
            ],
            [
              -73.973,
              5.4194
            ],
            [
              -73.9471,
              5.4241
            ],
            [
              -73.9555,
              5.4391
            ],
            [
              -73.9503,
              5.4495
            ],
            [
              -73.9694,
              5.4555
            ],
            [
              -73.9811,
              5.4516
            ],
            [
              -73.999,
              5.4631
            ],
            [
              -74.0093,
              5.4651
            ],
            [
              -74.0148,
              5.4776
            ],
            [
              -74.008,
              5.4977
            ],
            [
              -73.9939,
              5.5131
            ],
            [
              -73.9903,
              5.5252
            ]
          ]
        ]
      },
      "properties": {
        "OBJECTID": 219,
        "DPTO_CCDGO": "07",
        "MPIO_CCDGO": "212",
        "name": "07052",
        "MPIO_CRSLC": "1784",
        "MPIO_NANO_": 1993,
        "MPIO_NAREA": 161.23331792,
        "MPIO_CSMBL": "4",
        "MPIO_CCNCT": "15212",
        "MPIO_NANO": 2012,
        "SHAPE_Leng": 0.649378655478,
        "SHAPE_Area": 0.0131563520931,
        "NOMBRE": "COPER",
        "DANE": {
          "dpto_ccdgo": "15",
          "mpio_ccdgo": "212",
          "mpio_cdpmp": "15212",
          "dpto_cnmbr": "BOYACÁ",
          "mpio_cnmbr": "COPER",
          "mpio_crslc": "1784",
          "mpio_tipo": "MUNICIPIO",
          "mpio_narea": 149.869726675,
          "mpio_nano": 2024,
          "shape_Leng": 0.639954012645,
          "shape_Area": 0.0122292129435
        }
      }
    },
    {
      "type": "Feature",
      "geometry": {
        "type": "Polygon",
        "coordinates": [
          [
            [
              -72.7981,
              5.8539
            ],
            [
              -72.8102,
              5.8596
            ],
            [
              -72.8266,
              5.879
            ],
            [
              -72.851,
              5.8765
            ],
            [
              -72.8575,
              5.8662
            ],
            [
              -72.8481,
              5.8595
            ],
            [
              -72.8659,
              5.8179
            ],
            [
              -72.8867,
              5.8175
            ],
            [
              -72.8963,
              5.8121
            ],
            [
              -72.8962,
              5.7953
            ],
            [
              -72.8768,
              5.7938
            ],
            [
              -72.8751,
              5.7705
            ],
            [
              -72.8676,
              5.7685
            ],
            [
              -72.8439,
              5.7808
            ],
            [
              -72.8321,
              5.7977
            ],
            [
              -72.8213,
              5.8209
            ],
            [
              -72.8038,
              5.833
            ],
            [
              -72.7981,
              5.8539
            ]
          ]
        ]
      },
      "properties": {
        "OBJECTID": 220,
        "DPTO_CCDGO": "07",
        "MPIO_CCDGO": "215",
        "name": "07055",
        "MPIO_CRSLC": "1789",
        "MPIO_NANO_": 1993,
        "MPIO_NAREA": 61.85701041,
        "MPIO_CSMBL": "4",
        "MPIO_CCNCT": "15215",
        "MPIO_NANO": 2012,
        "SHAPE_Leng": 0.401602274546,
        "SHAPE_Area": 0.00504837776772,
        "NOMBRE": "CORRALES",
        "DANE": {
          "dpto_ccdgo": "15",
          "mpio_ccdgo": "215",
          "mpio_cdpmp": "15215",
          "dpto_cnmbr": "BOYACÁ",
          "mpio_cnmbr": "CORRALES",
          "mpio_crslc": "1789",
          "mpio_tipo": "MUNICIPIO",
          "mpio_narea": 60.8514318837,
          "mpio_nano": 2024,
          "shape_Leng": 0.409898254239,
          "shape_Area": 0.00496630548348
        }
      }
    },
    {
      "type": "Feature",
      "geometry": {
        "type": "Polygon",
        "coordinates": [
          [
            [
              -72.7433,
              6.5658
            ],
            [
              -72.7596,
              6.5811
            ],
            [
              -72.77,
              6.58
            ],
            [
              -72.7953,
              6.5688
            ],
            [
              -72.8042,
              6.5606
            ],
            [
              -72.8109,
              6.5424
            ],
            [
              -72.7971,
              6.5301
            ],
            [
              -72.7879,
              6.5318
            ],
            [
              -72.7753,
              6.5236
            ],
            [
              -72.7725,
              6.5085
            ],
            [
              -72.7561,
              6.4939
            ],
            [
              -72.7359,
              6.4907
            ],
            [
              -72.7368,
              6.473
            ],
            [
              -72.7253,
              6.456
            ],
            [
              -72.738,
              6.4403
            ],
            [
              -72.7167,
              6.4423
            ],
            [
              -72.6966,
              6.4696
            ],
            [
              -72.6795,
              6.4828
            ],
            [
              -72.6868,
              6.5084
            ],
            [
              -72.6941,
              6.5139
            ],
            [
              -72.7042,
              6.5397
            ],
            [
              -72.7212,
              6.5539
            ],
            [
              -72.73,
              6.5515
            ],
            [
              -72.7442,
              6.5596
            ],
            [
              -72.7433,
              6.5658
            ]
          ]
        ]
      },
      "properties": {
        "OBJECTID": 221,
        "DPTO_CCDGO": "07",
        "MPIO_CCDGO": "218",
        "name": "07058",
        "MPIO_CRSLC": "1822",
        "MPIO_NANO_": 1993,
        "MPIO_NAREA": 103.2541899,
        "MPIO_CSMBL": "4",
        "MPIO_CCNCT": "15218",
        "MPIO_NANO": 2012,
        "SHAPE_Leng": 0.485820138934,
        "SHAPE_Area": 0.00843702906479,
        "NOMBRE": "COVARACHIA",
        "DANE": {
          "dpto_ccdgo": "15",
          "mpio_ccdgo": "218",
          "mpio_cdpmp": "15218",
          "dpto_cnmbr": "BOYACÁ",
          "mpio_cnmbr": "COVARACHÍA",
          "mpio_crslc": "1822",
          "mpio_tipo": "MUNICIPIO",
          "mpio_narea": 102.43132245,
          "mpio_nano": 2024,
          "shape_Leng": 0.487024845026,
          "shape_Area": 0.00836979713344
        }
      }
    },
    {
      "type": "Feature",
      "geometry": {
        "type": "Polygon",
        "coordinates": [
          [
            [
              -72.0477,
              7.0383
            ],
            [
              -72.0558,
              7.0369
            ],
            [
              -72.0757,
              7.0454
            ],
            [
              -72.1074,
              7.0327
            ],
            [
              -72.1326,
              7.0305
            ],
            [
              -72.1531,
              7.035
            ],
            [
              -72.1593,
              7.0463
            ],
            [
              -72.1763,
              7.0555
            ],
            [
              -72.1854,
              7.054
            ],
            [
              -72.1997,
              7.0412
            ],
            [
              -72.2057,
              7.0232
            ],
            [
              -72.2044,
              7.0119
            ],
            [
              -72.2203,
              6.9863
            ],
            [
              -72.2449,
              6.9771
            ],
            [
              -72.2556,
              6.985
            ],
            [
              -72.2535,
              7.008
            ],
            [
              -72.2765,
              7.0128
            ],
            [
              -72.2897,
              6.9967
            ],
            [
              -72.302,
              6.9687
            ],
            [
              -72.304,
              6.956
            ],
            [
              -72.3134,
              6.9322
            ],
            [
              -72.3376,
              6.9082
            ],
            [
              -72.3499,
              6.899
            ],
            [
              -72.3773,
              6.8854
            ],
            [
              -72.3873,
              6.8739
            ],
            [
              -72.4083,
              6.8746
            ],
            [
              -72.429,
              6.8814
            ],
            [
              -72.4437,
              6.892
            ],
            [
              -72.4646,
              6.9017
            ],
            [
              -72.4878,
              6.9245
            ],
            [
              -72.4966,
              6.9215
            ],
            [
              -72.5029,
              6.9082
            ],
            [
              -72.4964,
              6.8965
            ],
            [
              -72.5024,
              6.8822
            ],
            [
              -72.4983,
              6.8678
            ],
            [
              -72.4771,
              6.8422
            ],
            [
              -72.4628,
              6.8439
            ],
            [
              -72.4536,
              6.8513
            ],
            [
              -72.43,
              6.8454
            ],
            [
              -72.4235,
              6.849
            ],
            [
              -72.4099,
              6.8404
            ],
            [
              -72.3901,
              6.839
            ],
            [
              -72.3639,
              6.8416
            ],
            [
              -72.3584,
              6.8487
            ],
            [
              -72.3405,
              6.8462
            ],
            [
              -72.3409,
              6.83
            ],
            [
              -72.3282,
              6.8178
            ],
            [
              -72.3184,
              6.8158
            ],
            [
              -72.3084,
              6.7925
            ],
            [
              -72.2966,
              6.7851
            ],
            [
              -72.2924,
              6.7654
            ],
            [
              -72.307,
              6.7589
            ],
            [
              -72.2996,
              6.75
            ],
            [
              -72.2958,
              6.7267
            ],
            [
              -72.2995,
              6.7165
            ],
            [
              -72.2916,
              6.713
            ],
            [
              -72.288,
              6.6959
            ],
            [
              -72.2818,
              6.6955
            ],
            [
              -72.259,
              6.7074
            ],
            [
              -72.2412,
              6.7039
            ],
            [
              -72.2332,
              6.6964
            ],
            [
              -72.2268,
              6.7258
            ],
            [
              -72.2148,
              6.7282
            ],
            [
              -72.2124,
              6.7382
            ],
            [
              -72.199,
              6.7441
            ],
            [
              -72.1862,
              6.7407
            ],
            [
              -72.1631,
              6.7468
            ],
            [
              -72.1424,
              6.7577
            ],
            [
              -72.1253,
              6.7439
            ],
            [
              -72.1132,
              6.7394
            ],
            [
              -72.1001,
              6.7465
            ],
            [
              -72.0927,
              6.7538
            ],
            [
              -72.0787,
              6.7509
            ],
            [
              -72.0599,
              6.7675
            ],
            [
              -72.0508,
              6.7686
            ],
            [
              -72.0376,
              6.7967
            ],
            [
              -72.0387,
              6.8143
            ],
            [
              -72.0345,
              6.8297
            ],
            [
              -72.0181,
              6.8609
            ],
            [
              -72.0173,
              6.8691
            ],
            [
              -71.9966,
              6.9089
            ],
            [
              -71.9937,
              6.927
            ],
            [
              -71.9778,
              6.9651
            ],
            [
              -71.9619,
              6.9897
            ],
            [
              -71.9602,
              7.0016
            ],
            [
              -71.9489,
              7.0113
            ],
            [
              -71.9822,
              7.0237
            ],
            [
              -72.0209,
              7.0358
            ],
            [
              -72.0477,
              7.0383
            ]
          ]
        ]
      },
      "properties": {
        "OBJECTID": 222,
        "DPTO_CCDGO": "07",
        "MPIO_CCDGO": "223",
        "name": "07059",
        "MPIO_CRSLC": "Ordenanza 8 de Diciembre 4 de 1965",
        "MPIO_NANO_": 1993,
        "MPIO_NAREA": 1166.52327031,
        "MPIO_CSMBL": "4",
        "MPIO_CCNCT": "15223",
        "MPIO_NANO": 2012,
        "SHAPE_Leng": 1.85664210417,
        "SHAPE_Area": 0.0954038067302,
        "NOMBRE": "CUBARA",
        "DANE": {
          "dpto_ccdgo": "15",
          "mpio_ccdgo": "223",
          "mpio_cdpmp": "15223",
          "dpto_cnmbr": "BOYACÁ",
          "mpio_cnmbr": "CUBARÁ",
          "mpio_crslc": "Ordenanza 8 de Diciembre 4 de 1965",
          "mpio_tipo": "MUNICIPIO",
          "mpio_narea": 1177.61461024,
          "mpio_nano": 2024,
          "shape_Leng": 1.87186709623,
          "shape_Area": 0.096242303566
        }
      }
    },
    {
      "type": "Feature",
      "geometry": {
        "type": "Polygon",
        "coordinates": [
          [
            [
              -73.4225,
              5.5607
            ],
            [
              -73.4288,
              5.5652
            ],
            [
              -73.4412,
              5.557
            ],
            [
              -73.4607,
              5.5555
            ],
            [
              -73.4692,
              5.5496
            ],
            [
              -73.4907,
              5.549
            ],
            [
              -73.4915,
              5.5355
            ],
            [
              -73.4652,
              5.5159
            ],
            [
              -73.4579,
              5.5165
            ],
            [
              -73.4509,
              5.4959
            ],
            [
              -73.4323,
              5.4859
            ],
            [
              -73.4205,
              5.4939
            ],
            [
              -73.4076,
              5.5104
            ],
            [
              -73.4252,
              5.5298
            ],
            [
              -73.4226,
              5.5401
            ],
            [
              -73.4267,
              5.5545
            ],
            [
              -73.4225,
              5.5607
            ]
          ]
        ]
      },
      "properties": {
        "OBJECTID": 223,
        "DPTO_CCDGO": "07",
        "MPIO_CCDGO": "224",
        "name": "07060",
        "MPIO_CRSLC": "Ordenanza 41 de Diciembre 14 de 1978",
        "MPIO_NANO_": 1993,
        "MPIO_NAREA": 43.65336041,
        "MPIO_CSMBL": "4",
        "MPIO_CCNCT": "15224",
        "MPIO_NANO": 2012,
        "SHAPE_Leng": 0.259310922464,
        "SHAPE_Area": 0.00356213124561,
        "NOMBRE": "CUCAITA",
        "DANE": {
          "dpto_ccdgo": "15",
          "mpio_ccdgo": "224",
          "mpio_cdpmp": "15224",
          "dpto_cnmbr": "BOYACÁ",
          "mpio_cnmbr": "CUCAITA",
          "mpio_crslc": "Ordenanza 41 de Diciembre 14 de 1978",
          "mpio_tipo": "MUNICIPIO",
          "mpio_narea": 42.128066501,
          "mpio_nano": 2024,
          "shape_Leng": 0.291958937416,
          "shape_Area": 0.0034376644241
        }
      }
    },
    {
      "type": "Feature",
      "geometry": {
        "type": "Polygon",
        "coordinates": [
          [
            [
              -72.8963,
              5.614
            ],
            [
              -72.923,
              5.6202
            ],
            [
              -72.9281,
              5.6147
            ],
            [
              -72.945,
              5.6119
            ],
            [
              -72.9507,
              5.5983
            ],
            [
              -72.9713,
              5.5928
            ],
            [
              -72.9864,
              5.5952
            ],
            [
              -73.0036,
              5.5928
            ],
            [
              -72.9952,
              5.583
            ],
            [
              -72.9614,
              5.56
            ],
            [
              -72.9491,
              5.5545
            ],
            [
              -72.9258,
              5.5672
            ],
            [
              -72.9023,
              5.5798
            ],
            [
              -72.8963,
              5.614
            ]
          ]
        ]
      },
      "properties": {
        "OBJECTID": 224,
        "DPTO_CCDGO": "07",
        "MPIO_CCDGO": "226",
        "name": "07061",
        "MPIO_CRSLC": "1700",
        "MPIO_NANO_": 1993,
        "MPIO_NAREA": 46.446544,
        "MPIO_CSMBL": "4",
        "MPIO_CCNCT": "15226",
        "MPIO_NANO": 2012,
        "SHAPE_Leng": 0.336358788247,
        "SHAPE_Area": 0.0037894044038,
        "NOMBRE": "CUITIVA",
        "DANE": {
          "dpto_ccdgo": "15",
          "mpio_ccdgo": "226",
          "mpio_cdpmp": "15226",
          "dpto_cnmbr": "BOYACÁ",
          "mpio_cnmbr": "CUÍTIVA",
          "mpio_crslc": "1700",
          "mpio_tipo": "MUNICIPIO",
          "mpio_narea": 44.1460367583,
          "mpio_nano": 2024,
          "shape_Leng": 0.308718610539,
          "shape_Area": 0.00360171190949
        }
      }
    },
    {
      "type": "Feature",
      "geometry": {
        "type": "Polygon",
        "coordinates": [
          [
            [
              -73.3818,
              5.6726
            ],
            [
              -73.3859,
              5.6934
            ],
            [
              -73.3976,
              5.7026
            ],
            [
              -73.4008,
              5.7145
            ],
            [
              -73.4234,
              5.7077
            ],
            [
              -73.4427,
              5.683
            ],
            [
              -73.4528,
              5.6781
            ],
            [
              -73.4611,
              5.6825
            ],
            [
              -73.4757,
              5.6774
            ],
            [
              -73.4897,
              5.6473
            ],
            [
              -73.4834,
              5.6357
            ],
            [
              -73.4906,
              5.6244
            ],
            [
              -73.4998,
              5.6211
            ],
            [
              -73.5163,
              5.601
            ],
            [
              -73.5117,
              5.5829
            ],
            [
              -73.5027,
              5.5772
            ],
            [
              -73.4989,
              5.5595
            ],
            [
              -73.4822,
              5.5827
            ],
            [
              -73.4653,
              5.5922
            ],
            [
              -73.4524,
              5.5936
            ],
            [
              -73.4431,
              5.607
            ],
            [
              -73.4201,
              5.6195
            ],
            [
              -73.4111,
              5.617
            ],
            [
              -73.4058,
              5.6298
            ],
            [
              -73.3836,
              5.6562
            ],
            [
              -73.3818,
              5.6726
            ]
          ]
        ]
      },
      "properties": {
        "OBJECTID": 225,
        "DPTO_CCDGO": "07",
        "MPIO_CCDGO": "232",
        "name": "07068",
        "MPIO_CRSLC": "Ordenanza 19 de Diciembre 26 de 1982",
        "MPIO_NANO_": 1993,
        "MPIO_NAREA": 115.8019425,
        "MPIO_CSMBL": "4",
        "MPIO_CCNCT": "15232",
        "MPIO_NANO": 2012,
        "SHAPE_Leng": 0.499973442467,
        "SHAPE_Area": 0.00945129097788,
        "NOMBRE": "CHIQUIZA",
        "DANE": {
          "dpto_ccdgo": "15",
          "mpio_ccdgo": "232",
          "mpio_cdpmp": "15232",
          "dpto_cnmbr": "BOYACÁ",
          "mpio_cnmbr": "CHÍQUIZA",
          "mpio_crslc": "Ordenanza 19 de Diciembre 26 de 1982",
          "mpio_tipo": "MUNICIPIO",
          "mpio_narea": 116.511812725,
          "mpio_nano": 2024,
          "shape_Leng": 0.507900029901,
          "shape_Area": 0.00950923321943
        }
      }
    },
    {
      "type": "Feature",
      "geometry": {
        "type": "Polygon",
        "coordinates": [
          [
            [
              -73.299,
              4.903
            ],
            [
              -73.3131,
              4.9194
            ],
            [
              -73.3229,
              4.9049
            ],
            [
              -73.3408,
              4.8941
            ],
            [
              -73.3542,
              4.8935
            ],
            [
              -73.3621,
              4.918
            ],
            [
              -73.3755,
              4.9286
            ],
            [
              -73.3872,
              4.9208
            ],
            [
              -73.4024,
              4.9181
            ],
            [
              -73.4091,
              4.9058
            ],
            [
              -73.4375,
              4.9063
            ],
            [
              -73.4464,
              4.8898
            ],
            [
              -73.4318,
              4.8815
            ],
            [
              -73.402,
              4.8799
            ],
            [
              -73.3939,
              4.8644
            ],
            [
              -73.3912,
              4.849
            ],
            [
              -73.3747,
              4.8398
            ],
            [
              -73.3657,
              4.8254
            ],
            [
              -73.3723,
              4.8111
            ],
            [
              -73.3718,
              4.8008
            ],
            [
              -73.341,
              4.7913
            ],
            [
              -73.3305,
              4.8081
            ],
            [
              -73.3397,
              4.8239
            ],
            [
              -73.3325,
              4.8412
            ],
            [
              -73.3194,
              4.8542
            ],
            [
              -73.2976,
              4.8819
            ],
            [
              -73.299,
              4.903
            ]
          ]
        ]
      },
      "properties": {
        "OBJECTID": 226,
        "DPTO_CCDGO": "07",
        "MPIO_CCDGO": "236",
        "name": "07078",
        "MPIO_CRSLC": "Ordenanza 23 de Diciembre 12 de 1990",
        "MPIO_NANO_": 1993,
        "MPIO_NAREA": 108.99056881,
        "MPIO_CSMBL": "4",
        "MPIO_CCNCT": "15236",
        "MPIO_NANO": 2012,
        "SHAPE_Leng": 0.557337018182,
        "SHAPE_Area": 0.00888434079814,
        "NOMBRE": "CHIVOR",
        "DANE": {
          "dpto_ccdgo": "15",
          "mpio_ccdgo": "236",
          "mpio_cdpmp": "15236",
          "dpto_cnmbr": "BOYACÁ",
          "mpio_cnmbr": "CHIVOR",
          "mpio_crslc": "Ordenanza 23 de Diciembre 12 de 1990",
          "mpio_tipo": "MUNICIPIO",
          "mpio_narea": 108.679640813,
          "mpio_nano": 2024,
          "shape_Leng": 0.566870188132,
          "shape_Area": 0.00885899653945
        }
      }
    },
    {
      "type": "Feature",
      "geometry": {
        "type": "Polygon",
        "coordinates": [
          [
            [
              -73.0312,
              6.0212
            ],
            [
              -73.0471,
              6.0195
            ],
            [
              -73.0622,
              6.0111
            ],
            [
              -73.0676,
              5.9827
            ],
            [
              -73.0822,
              5.9772
            ],
            [
              -73.087,
              5.9656
            ],
            [
              -73.1126,
              5.964
            ],
            [
              -73.1303,
              5.9593
            ],
            [
              -73.1542,
              5.9683
            ],
            [
              -73.1552,
              5.9786
            ],
            [
              -73.1755,
              5.9945
            ],
            [
              -73.1611,
              5.9509
            ],
            [
              -73.1292,
              5.9325
            ],
            [
              -73.1267,
              5.9188
            ],
            [
              -73.1306,
              5.9062
            ],
            [
              -73.1095,
              5.8913
            ],
            [
              -73.1101,
              5.8723
            ],
            [
              -73.1039,
              5.8576
            ],
            [
              -73.0821,
              5.8344
            ],
            [
              -73.0785,
              5.8228
            ],
            [
              -73.077,
              5.7729
            ],
            [
              -73.0508,
              5.7739
            ],
            [
              -73.0419,
              5.7709
            ],
            [
              -73.0283,
              5.7787
            ],
            [
              -73.0162,
              5.7951
            ],
            [
              -73.0133,
              5.809
            ],
            [
              -72.9922,
              5.8052
            ],
            [
              -72.9997,
              5.8316
            ],
            [
              -73.0102,
              5.8243
            ],
            [
              -73.0144,
              5.8478
            ],
            [
              -73.0085,
              5.8698
            ],
            [
              -73.0164,
              5.8944
            ],
            [
              -73.0267,
              5.9127
            ],
            [
              -73.0215,
              5.9259
            ],
            [
              -73.035,
              5.9431
            ],
            [
              -73.0355,
              5.9599
            ],
            [
              -73.0487,
              5.9777
            ],
            [
              -73.0403,
              5.994
            ],
            [
              -73.0312,
              6.0212
            ]
          ]
        ]
      },
      "properties": {
        "OBJECTID": 227,
        "DPTO_CCDGO": "07",
        "MPIO_CCDGO": "238",
        "name": "07079",
        "MPIO_CRSLC": "1790",
        "MPIO_NANO_": 1993,
        "MPIO_NAREA": 234.12372432,
        "MPIO_CSMBL": "4",
        "MPIO_CCNCT": "15238",
        "MPIO_NANO": 2012,
        "SHAPE_Leng": 0.933157891599,
        "SHAPE_Area": 0.0191127659358,
        "NOMBRE": "DUITAMA",
        "DANE": {
          "dpto_ccdgo": "15",
          "mpio_ccdgo": "238",
          "mpio_cdpmp": "15238",
          "dpto_cnmbr": "BOYACÁ",
          "mpio_cnmbr": "DUITAMA",
          "mpio_crslc": "1790",
          "mpio_tipo": "MUNICIPIO",
          "mpio_narea": 234.024392648,
          "mpio_nano": 2024,
          "shape_Leng": 0.959491536552,
          "shape_Area": 0.0191046635898
        }
      }
    },
    {
      "type": "Feature",
      "geometry": {
        "type": "Polygon",
        "coordinates": [
          [
            [
              -72.3149,
              6.358
            ],
            [
              -72.321,
              6.3655
            ],
            [
              -72.3338,
              6.4046
            ],
            [
              -72.3628,
              6.4021
            ],
            [
              -72.383,
              6.4095
            ],
            [
              -72.3896,
              6.4181
            ],
            [
              -72.4001,
              6.4134
            ],
            [
              -72.4241,
              6.4248
            ],
            [
              -72.4309,
              6.44
            ],
            [
              -72.4666,
              6.4082
            ],
            [
              -72.4743,
              6.3929
            ],
            [
              -72.4855,
              6.3908
            ],
            [
              -72.4813,
              6.3769
            ],
            [
              -72.4908,
              6.3692
            ],
            [
              -72.508,
              6.3662
            ],
            [
              -72.5177,
              6.3492
            ],
            [
              -72.5131,
              6.3353
            ],
            [
              -72.5105,
              6.3112
            ],
            [
              -72.5007,
              6.3057
            ],
            [
              -72.496,
              6.2871
            ],
            [
              -72.4835,
              6.3026
            ],
            [
              -72.4728,
              6.3059
            ],
            [
              -72.455,
              6.3036
            ],
            [
              -72.4441,
              6.2864
            ],
            [
              -72.4254,
              6.2789
            ],
            [
              -72.3965,
              6.2723
            ],
            [
              -72.3789,
              6.2931
            ],
            [
              -72.3714,
              6.3192
            ],
            [
              -72.3519,
              6.3447
            ],
            [
              -72.3385,
              6.3456
            ],
            [
              -72.334,
              6.3378
            ],
            [
              -72.3171,
              6.3347
            ],
            [
              -72.3149,
              6.358
            ]
          ]
        ]
      },
      "properties": {
        "OBJECTID": 228,
        "DPTO_CCDGO": "07",
        "MPIO_CCDGO": "244",
        "name": "07082",
        "MPIO_CRSLC": "1725",
        "MPIO_NANO_": 1993,
        "MPIO_NAREA": 253.05286457,
        "MPIO_CSMBL": "4",
        "MPIO_CCNCT": "15244",
        "MPIO_NANO": 2012,
        "SHAPE_Leng": 0.701186326789,
        "SHAPE_Area": 0.0206706268369,
        "NOMBRE": "EL COCUY",
        "DANE": {
          "dpto_ccdgo": "15",
          "mpio_ccdgo": "244",
          "mpio_cdpmp": "15244",
          "dpto_cnmbr": "BOYACÁ",
          "mpio_cnmbr": "EL COCUY",
          "mpio_crslc": "1725",
          "mpio_tipo": "MUNICIPIO",
          "mpio_narea": 238.344619472,
          "mpio_nano": 2024,
          "shape_Leng": 0.715962735461,
          "shape_Area": 0.0194635639778
        }
      }
    },
    {
      "type": "Feature",
      "geometry": {
        "type": "Polygon",
        "coordinates": [
          [
            [
              -72.4213,
              6.5195
            ],
            [
              -72.4399,
              6.5293
            ],
            [
              -72.4596,
              6.5485
            ],
            [
              -72.4807,
              6.5497
            ],
            [
              -72.5019,
              6.5391
            ],
            [
              -72.5187,
              6.5151
            ],
            [
              -72.5335,
              6.503
            ],
            [
              -72.5344,
              6.4961
            ],
            [
              -72.5392,
              6.488
            ],
            [
              -72.519,
              6.4776
            ],
            [
              -72.4994,
              6.4751
            ],
            [
              -72.4857,
              6.4642
            ],
            [
              -72.4758,
              6.4661
            ],
            [
              -72.4713,
              6.4777
            ],
            [
              -72.4541,
              6.4905
            ],
            [
              -72.4365,
              6.4949
            ],
            [
              -72.4213,
              6.5195
            ]
          ]
        ]
      },
      "properties": {
        "OBJECTID": 229,
        "DPTO_CCDGO": "07",
        "MPIO_CCDGO": "248",
        "name": "07085",
        "MPIO_CRSLC": "1792",
        "MPIO_NANO_": 1993,
        "MPIO_NAREA": 69.30619345,
        "MPIO_CSMBL": "4",
        "MPIO_CCNCT": "15248",
        "MPIO_NANO": 2012,
        "SHAPE_Leng": 0.327642428913,
        "SHAPE_Area": 0.0056626655539,
        "NOMBRE": "EL ESPINO",
        "DANE": {
          "dpto_ccdgo": "15",
          "mpio_ccdgo": "248",
          "mpio_cdpmp": "15248",
          "dpto_cnmbr": "BOYACÁ",
          "mpio_cnmbr": "EL ESPINO",
          "mpio_crslc": "1792",
          "mpio_tipo": "MUNICIPIO",
          "mpio_narea": 69.400666281,
          "mpio_nano": 2024,
          "shape_Leng": 0.33890692224,
          "shape_Area": 0.00566938649998
        }
      }
    },
    {
      "type": "Feature",
      "geometry": {
        "type": "Polygon",
        "coordinates": [
          [
            [
              -72.9473,
              5.7144
            ],
            [
              -72.9649,
              5.7087
            ],
            [
              -72.9726,
              5.7206
            ],
            [
              -73.0091,
              5.7196
            ],
            [
              -73.0242,
              5.7245
            ],
            [
              -73.0386,
              5.7084
            ],
            [
              -73.0443,
              5.6957
            ],
            [
              -73.0594,
              5.687
            ],
            [
              -73.0689,
              5.6825
            ],
            [
              -73.1025,
              5.6591
            ],
            [
              -73.0958,
              5.6476
            ],
            [
              -73.0866,
              5.6431
            ],
            [
              -73.0761,
              5.6285
            ],
            [
              -73.0633,
              5.6456
            ],
            [
              -73.0557,
              5.6318
            ],
            [
              -73.0276,
              5.6277
            ],
            [
              -73.0093,
              5.6434
            ],
            [
              -72.9984,
              5.6296
            ],
            [
              -72.9892,
              5.6439
            ],
            [
              -72.9823,
              5.6399
            ],
            [
              -72.9635,
              5.6491
            ],
            [
              -72.9711,
              5.6646
            ],
            [
              -72.9473,
              5.7144
            ]
          ]
        ]
      },
      "properties": {
        "OBJECTID": 230,
        "DPTO_CCDGO": "07",
        "MPIO_CCDGO": "272",
        "name": "07088",
        "MPIO_CRSLC": "1718",
        "MPIO_NANO_": 1993,
        "MPIO_NAREA": 108.45391824,
        "MPIO_CSMBL": "4",
        "MPIO_CCNCT": "15272",
        "MPIO_NANO": 2012,
        "SHAPE_Leng": 0.521902165885,
        "SHAPE_Area": 0.00885009587048,
        "NOMBRE": "FIRAVITOBA",
        "DANE": {
          "dpto_ccdgo": "15",
          "mpio_ccdgo": "272",
          "mpio_cdpmp": "15272",
          "dpto_cnmbr": "BOYACÁ",
          "mpio_cnmbr": "FIRAVITOBA",
          "mpio_crslc": "1718",
          "mpio_tipo": "MUNICIPIO",
          "mpio_narea": 109.343582237,
          "mpio_nano": 2024,
          "shape_Leng": 0.504165950974,
          "shape_Area": 0.00892269989181
        }
      }
    },
    {
      "type": "Feature",
      "geometry": {
        "type": "Polygon",
        "coordinates": [
          [
            [
              -72.8725,
              5.8747
            ],
            [
              -72.872,
              5.8836
            ],
            [
              -72.8939,
              5.8871
            ],
            [
              -72.9038,
              5.8992
            ],
            [
              -72.9092,
              5.9165
            ],
            [
              -72.9253,
              5.9286
            ],
            [
              -72.9277,
              5.9244
            ],
            [
              -72.9309,
              5.9119
            ],
            [
              -72.9484,
              5.9045
            ],
            [
              -72.9497,
              5.8924
            ],
            [
              -72.9758,
              5.8585
            ],
            [
              -72.9713,
              5.8487
            ],
            [
              -72.9483,
              5.8273
            ],
            [
              -72.9432,
              5.8066
            ],
            [
              -72.9334,
              5.7988
            ],
            [
              -72.8962,
              5.7953
            ],
            [
              -72.8963,
              5.8121
            ],
            [
              -72.8992,
              5.8367
            ],
            [
              -72.8933,
              5.8457
            ],
            [
              -72.8919,
              5.8657
            ],
            [
              -72.8725,
              5.8747
            ]
          ]
        ]
      },
      "properties": {
        "OBJECTID": 231,
        "DPTO_CCDGO": "07",
        "MPIO_CCDGO": "276",
        "name": "07091",
        "MPIO_CRSLC": "1818",
        "MPIO_NANO_": 1993,
        "MPIO_NAREA": 87.74702084,
        "MPIO_CSMBL": "4",
        "MPIO_CCNCT": "15276",
        "MPIO_NANO": 2012,
        "SHAPE_Leng": 0.409003171297,
        "SHAPE_Area": 0.00716219438156,
        "NOMBRE": "FLORESTA",
        "DANE": {
          "dpto_ccdgo": "15",
          "mpio_ccdgo": "276",
          "mpio_cdpmp": "15276",
          "dpto_cnmbr": "BOYACÁ",
          "mpio_cnmbr": "FLORESTA",
          "mpio_crslc": "1818",
          "mpio_tipo": "MUNICIPIO",
          "mpio_narea": 88.1284564366,
          "mpio_nano": 2024,
          "shape_Leng": 0.414792867658,
          "shape_Area": 0.00719332757789
        }
      }
    },
    {
      "type": "Feature",
      "geometry": {
        "type": "Polygon",
        "coordinates": [
          [
            [
              -73.5003,
              5.7789
            ],
            [
              -73.503,
              5.7856
            ],
            [
              -73.5239,
              5.7995
            ],
            [
              -73.5277,
              5.7882
            ],
            [
              -73.545,
              5.787
            ],
            [
              -73.564,
              5.796
            ],
            [
              -73.5748,
              5.8059
            ],
            [
              -73.5824,
              5.7901
            ],
            [
              -73.5672,
              5.7753
            ],
            [
              -73.5814,
              5.7726
            ],
            [
              -73.5791,
              5.7452
            ],
            [
              -73.568,
              5.724
            ],
            [
              -73.5647,
              5.7102
            ],
            [
              -73.5741,
              5.692
            ],
            [
              -73.5634,
              5.6767
            ],
            [
              -73.5423,
              5.678
            ],
            [
              -73.5215,
              5.7018
            ],
            [
              -73.5228,
              5.7211
            ],
            [
              -73.5073,
              5.7248
            ],
            [
              -73.4961,
              5.7437
            ],
            [
              -73.5088,
              5.7573
            ],
            [
              -73.5003,
              5.7789
            ]
          ]
        ]
      },
      "properties": {
        "OBJECTID": 232,
        "DPTO_CCDGO": "07",
        "MPIO_CCDGO": "293",
        "name": "07094",
        "MPIO_CRSLC": "1794",
        "MPIO_NANO_": 1993,
        "MPIO_NAREA": 88.01513319,
        "MPIO_CSMBL": "4",
        "MPIO_CCNCT": "15293",
        "MPIO_NANO": 2012,
        "SHAPE_Leng": 0.484833508886,
        "SHAPE_Area": 0.00718492553671,
        "NOMBRE": "GACHANTIVA",
        "DANE": {
          "dpto_ccdgo": "15",
          "mpio_ccdgo": "293",
          "mpio_cdpmp": "15293",
          "dpto_cnmbr": "BOYACÁ",
          "mpio_cnmbr": "GACHANTIVÁ",
          "mpio_crslc": "1794",
          "mpio_tipo": "MUNICIPIO",
          "mpio_narea": 88.1664273029,
          "mpio_nano": 2024,
          "shape_Leng": 0.497657898567,
          "shape_Area": 0.00719727563513
        }
      }
    },
    {
      "type": "Feature",
      "geometry": {
        "type": "Polygon",
        "coordinates": [
          [
            [
              -72.6317,
              5.8291
            ],
            [
              -72.6393,
              5.8166
            ],
            [
              -72.6649,
              5.8085
            ],
            [
              -72.6885,
              5.8173
            ],
            [
              -72.6868,
              5.8321
            ],
            [
              -72.7016,
              5.8358
            ],
            [
              -72.7128,
              5.8296
            ],
            [
              -72.7492,
              5.8177
            ],
            [
              -72.7527,
              5.8252
            ],
            [
              -72.7753,
              5.8477
            ],
            [
              -72.7858,
              5.8449
            ],
            [
              -72.7981,
              5.8539
            ],
            [
              -72.8038,
              5.833
            ],
            [
              -72.8213,
              5.8209
            ],
            [
              -72.8321,
              5.7977
            ],
            [
              -72.806,
              5.7867
            ],
            [
              -72.7963,
              5.7724
            ],
            [
              -72.7825,
              5.7672
            ],
            [
              -72.765,
              5.7666
            ],
            [
              -72.7356,
              5.7737
            ],
            [
              -72.7192,
              5.7712
            ],
            [
              -72.6978,
              5.7744
            ],
            [
              -72.6842,
              5.7833
            ],
            [
              -72.6689,
              5.7807
            ],
            [
              -72.655,
              5.7878
            ],
            [
              -72.626,
              5.7769
            ],
            [
              -72.6236,
              5.8168
            ],
            [
              -72.6317,
              5.8291
            ]
          ]
        ]
      },
      "properties": {
        "OBJECTID": 233,
        "DPTO_CCDGO": "07",
        "MPIO_CCDGO": "296",
        "name": "07097",
        "MPIO_CRSLC": "1776",
        "MPIO_NANO_": 1993,
        "MPIO_NAREA": 121.30198366,
        "MPIO_CSMBL": "4",
        "MPIO_CCNCT": "15296",
        "MPIO_NANO": 2012,
        "SHAPE_Leng": 0.594008127911,
        "SHAPE_Area": 0.00989868318809,
        "NOMBRE": "GAMEZA",
        "DANE": {
          "dpto_ccdgo": "15",
          "mpio_ccdgo": "296",
          "mpio_cdpmp": "15296",
          "dpto_cnmbr": "BOYACÁ",
          "mpio_cnmbr": "GÁMEZA",
          "mpio_crslc": "1776",
          "mpio_tipo": "MUNICIPIO",
          "mpio_narea": 123.681617105,
          "mpio_nano": 2024,
          "shape_Leng": 0.634607757154,
          "shape_Area": 0.0100928578237
        }
      }
    },
    {
      "type": "Feature",
      "geometry": {
        "type": "Polygon",
        "coordinates": [
          [
            [
              -73.2485,
              5.069
            ],
            [
              -73.2561,
              5.0965
            ],
            [
              -73.2417,
              5.1088
            ],
            [
              -73.2325,
              5.1315
            ],
            [
              -73.2365,
              5.1455
            ],
            [
              -73.2521,
              5.1529
            ],
            [
              -73.2678,
              5.1554
            ],
            [
              -73.2853,
              5.162
            ],
            [
              -73.2984,
              5.1548
            ],
            [
              -73.3261,
              5.1493
            ],
            [
              -73.349,
              5.1399
            ],
            [
              -73.364,
              5.1368
            ],
            [
              -73.3639,
              5.1205
            ],
            [
              -73.376,
              5.1027
            ],
            [
              -73.3839,
              5.0848
            ],
            [
              -73.3938,
              5.048
            ],
            [
              -73.3946,
              5.0346
            ],
            [
              -73.3886,
              5.0153
            ],
            [
              -73.3769,
              5.0159
            ],
            [
              -73.3644,
              5.0143
            ],
            [
              -73.3584,
              5.0234
            ],
            [
              -73.3428,
              5.0264
            ],
            [
              -73.3399,
              5.0358
            ],
            [
              -73.3206,
              5.0388
            ],
            [
              -73.2969,
              5.0479
            ],
            [
              -73.2903,
              5.0434
            ],
            [
              -73.282,
              5.0186
            ],
            [
              -73.2557,
              5.0457
            ],
            [
              -73.2485,
              5.069
            ]
          ]
        ]
      },
      "properties": {
        "OBJECTID": 234,
        "DPTO_CCDGO": "07",
        "MPIO_CCDGO": "299",
        "name": "07100",
        "MPIO_CRSLC": "1754",
        "MPIO_NANO_": 1993,
        "MPIO_NAREA": 194.77808575,
        "MPIO_CSMBL": "4",
        "MPIO_CCNCT": "15299",
        "MPIO_NANO": 2012,
        "SHAPE_Leng": 0.598940911264,
        "SHAPE_Area": 0.0158820750761,
        "NOMBRE": "GARAGOA",
        "DANE": {
          "dpto_ccdgo": "15",
          "mpio_ccdgo": "299",
          "mpio_cdpmp": "15299",
          "dpto_cnmbr": "BOYACÁ",
          "mpio_cnmbr": "GARAGOA",
          "mpio_crslc": "1754",
          "mpio_tipo": "MUNICIPIO",
          "mpio_narea": 193.5124911,
          "mpio_nano": 2024,
          "shape_Leng": 0.610179726218,
          "shape_Area": 0.0157788906524
        }
      }
    },
    {
      "type": "Feature",
      "geometry": {
        "type": "Polygon",
        "coordinates": [
          [
            [
              -72.4857,
              6.4642
            ],
            [
              -72.4994,
              6.4751
            ],
            [
              -72.519,
              6.4776
            ],
            [
              -72.5392,
              6.488
            ],
            [
              -72.5483,
              6.4871
            ],
            [
              -72.5535,
              6.4697
            ],
            [
              -72.5565,
              6.4452
            ],
            [
              -72.5479,
              6.4259
            ],
            [
              -72.5314,
              6.4201
            ],
            [
              -72.5025,
              6.3977
            ],
            [
              -72.4968,
              6.4008
            ],
            [
              -72.4879,
              6.4063
            ],
            [
              -72.4861,
              6.4294
            ],
            [
              -72.4714,
              6.4527
            ],
            [
              -72.4857,
              6.4642
            ]
          ]
        ]
      },
      "properties": {
        "OBJECTID": 235,
        "DPTO_CCDGO": "07",
        "MPIO_CCDGO": "317",
        "name": "07103",
        "MPIO_CRSLC": "1763",
        "MPIO_NANO_": 1993,
        "MPIO_NAREA": 58.77375277,
        "MPIO_CSMBL": "4",
        "MPIO_CCNCT": "15317",
        "MPIO_NANO": 2012,
        "SHAPE_Leng": 0.295806968587,
        "SHAPE_Area": 0.00480138620518,
        "NOMBRE": "GUACAMAYAS",
        "DANE": {
          "dpto_ccdgo": "15",
          "mpio_ccdgo": "317",
          "mpio_cdpmp": "15317",
          "dpto_cnmbr": "BOYACÁ",
          "mpio_cnmbr": "GUACAMAYAS",
          "mpio_crslc": "1763",
          "mpio_tipo": "MUNICIPIO",
          "mpio_narea": 57.6523298973,
          "mpio_nano": 2024,
          "shape_Leng": 0.299984591702,
          "shape_Area": 0.00470924756935
        }
      }
    },
    {
      "type": "Feature",
      "geometry": {
        "type": "Polygon",
        "coordinates": [
          [
            [
              -73.4736,
              5.0515
            ],
            [
              -73.4796,
              5.0616
            ],
            [
              -73.4801,
              5.0625
            ],
            [
              -73.4962,
              5.0399
            ],
            [
              -73.516,
              5.0354
            ],
            [
              -73.5224,
              5.0292
            ],
            [
              -73.5157,
              5.0038
            ],
            [
              -73.507,
              4.9964
            ],
            [
              -73.4979,
              4.9876
            ],
            [
              -73.4659,
              4.9829
            ],
            [
              -73.4471,
              4.9947
            ],
            [
              -73.4592,
              4.9999
            ],
            [
              -73.4667,
              5.0226
            ],
            [
              -73.4832,
              5.0358
            ],
            [
              -73.4736,
              5.0515
            ]
          ]
        ]
      },
      "properties": {
        "OBJECTID": 236,
        "DPTO_CCDGO": "07",
        "MPIO_CCDGO": "322",
        "name": "07106",
        "MPIO_CRSLC": "1754",
        "MPIO_NANO_": 1993,
        "MPIO_NAREA": 36.56098834,
        "MPIO_CSMBL": "4",
        "MPIO_CCNCT": "15322",
        "MPIO_NANO": 2012,
        "SHAPE_Leng": 0.287985103702,
        "SHAPE_Area": 0.0029810402652,
        "NOMBRE": "GUATEQUE",
        "DANE": {
          "dpto_ccdgo": "15",
          "mpio_ccdgo": "322",
          "mpio_cdpmp": "15322",
          "dpto_cnmbr": "BOYACÁ",
          "mpio_cnmbr": "GUATEQUE",
          "mpio_crslc": "1754",
          "mpio_tipo": "MUNICIPIO",
          "mpio_narea": 36.1392852562,
          "mpio_nano": 2024,
          "shape_Leng": 0.287084105131,
          "shape_Area": 0.00294665507697
        }
      }
    },
    {
      "type": "Feature",
      "geometry": {
        "type": "Polygon",
        "coordinates": [
          [
            [
              -73.4659,
              4.9829
            ],
            [
              -73.4979,
              4.9876
            ],
            [
              -73.507,
              4.9964
            ],
            [
              -73.517,
              4.9906
            ],
            [
              -73.5338,
              4.9538
            ],
            [
              -73.5443,
              4.9451
            ],
            [
              -73.5488,
              4.9251
            ],
            [
              -73.5424,
              4.9139
            ],
            [
              -73.5387,
              4.8966
            ],
            [
              -73.5246,
              4.8923
            ],
            [
              -73.5206,
              4.879
            ],
            [
              -73.4964,
              4.8833
            ],
            [
              -73.4867,
              4.8908
            ],
            [
              -73.4696,
              4.8927
            ],
            [
              -73.4515,
              4.883
            ],
            [
              -73.4464,
              4.8898
            ],
            [
              -73.4375,
              4.9063
            ],
            [
              -73.4392,
              4.9072
            ],
            [
              -73.4476,
              4.9097
            ],
            [
              -73.4508,
              4.9346
            ],
            [
              -73.4668,
              4.9439
            ],
            [
              -73.4619,
              4.9563
            ],
            [
              -73.4716,
              4.9695
            ],
            [
              -73.4659,
              4.9829
            ]
          ]
        ]
      },
      "properties": {
        "OBJECTID": 237,
        "DPTO_CCDGO": "07",
        "MPIO_CCDGO": "325",
        "name": "07109",
        "MPIO_CRSLC": "1820",
        "MPIO_NANO_": 1993,
        "MPIO_NAREA": 101.47922664,
        "MPIO_CSMBL": "4",
        "MPIO_CCNCT": "15325",
        "MPIO_NANO": 2012,
        "SHAPE_Leng": 0.426976508852,
        "SHAPE_Area": 0.00827322169827,
        "NOMBRE": "GUAYATA",
        "DANE": {
          "dpto_ccdgo": "15",
          "mpio_ccdgo": "325",
          "mpio_cdpmp": "15325",
          "dpto_cnmbr": "BOYACÁ",
          "mpio_cnmbr": "GUAYATÁ",
          "mpio_crslc": "1820",
          "mpio_tipo": "MUNICIPIO",
          "mpio_narea": 99.9668386091,
          "mpio_nano": 2024,
          "shape_Leng": 0.428038622602,
          "shape_Area": 0.00814992567068
        }
      }
    },
    {
      "type": "Feature",
      "geometry": {
        "type": "Polygon",
        "coordinates": [
          [
            [
              -72.1001,
              6.7465
            ],
            [
              -72.1132,
              6.7394
            ],
            [
              -72.1253,
              6.7439
            ],
            [
              -72.1424,
              6.7577
            ],
            [
              -72.1631,
              6.7468
            ],
            [
              -72.1862,
              6.7407
            ],
            [
              -72.199,
              6.7441
            ],
            [
              -72.2124,
              6.7382
            ],
            [
              -72.2148,
              6.7282
            ],
            [
              -72.2268,
              6.7258
            ],
            [
              -72.2332,
              6.6964
            ],
            [
              -72.2412,
              6.7039
            ],
            [
              -72.259,
              6.7074
            ],
            [
              -72.2818,
              6.6955
            ],
            [
              -72.288,
              6.6959
            ],
            [
              -72.2916,
              6.713
            ],
            [
              -72.2995,
              6.7165
            ],
            [
              -72.3063,
              6.6876
            ],
            [
              -72.3202,
              6.6824
            ],
            [
              -72.3351,
              6.6717
            ],
            [
              -72.3414,
              6.6619
            ],
            [
              -72.3464,
              6.6339
            ],
            [
              -72.3632,
              6.6208
            ],
            [
              -72.3863,
              6.6095
            ],
            [
              -72.3767,
              6.5905
            ],
            [
              -72.3597,
              6.57
            ],
            [
              -72.3575,
              6.5529
            ],
            [
              -72.3809,
              6.5531
            ],
            [
              -72.3837,
              6.5285
            ],
            [
              -72.3945,
              6.5298
            ],
            [
              -72.4038,
              6.5136
            ],
            [
              -72.4213,
              6.5195
            ],
            [
              -72.4365,
              6.4949
            ],
            [
              -72.4435,
              6.4628
            ],
            [
              -72.4338,
              6.4542
            ],
            [
              -72.4309,
              6.44
            ],
            [
              -72.4241,
              6.4248
            ],
            [
              -72.4001,
              6.4134
            ],
            [
              -72.3896,
              6.4181
            ],
            [
              -72.383,
              6.4095
            ],
            [
              -72.3628,
              6.4021
            ],
            [
              -72.3338,
              6.4046
            ],
            [
              -72.321,
              6.3655
            ],
            [
              -72.3149,
              6.358
            ],
            [
              -72.3021,
              6.3593
            ],
            [
              -72.2918,
              6.377
            ],
            [
              -72.28,
              6.3885
            ],
            [
              -72.2867,
              6.3961
            ],
            [
              -72.2824,
              6.4163
            ],
            [
              -72.2718,
              6.4278
            ],
            [
              -72.2707,
              6.4383
            ],
            [
              -72.2606,
              6.4422
            ],
            [
              -72.2479,
              6.4293
            ],
            [
              -72.246,
              6.4205
            ],
            [
              -72.2329,
              6.4233
            ],
            [
              -72.219,
              6.4384
            ],
            [
              -72.213,
              6.466
            ],
            [
              -72.2029,
              6.4689
            ],
            [
              -72.1816,
              6.4594
            ],
            [
              -72.1747,
              6.463
            ],
            [
              -72.1729,
              6.4802
            ],
            [
              -72.1779,
              6.4968
            ],
            [
              -72.1669,
              6.5007
            ],
            [
              -72.1532,
              6.5134
            ],
            [
              -72.1386,
              6.5142
            ],
            [
              -72.129,
              6.5247
            ],
            [
              -72.124,
              6.5401
            ],
            [
              -72.1183,
              6.5793
            ],
            [
              -72.112,
              6.5916
            ],
            [
              -72.1132,
              6.6105
            ],
            [
              -72.0947,
              6.6345
            ],
            [
              -72.0913,
              6.6485
            ],
            [
              -72.0985,
              6.6793
            ],
            [
              -72.1,
              6.7237
            ],
            [
              -72.095,
              6.7296
            ],
            [
              -72.1001,
              6.7465
            ]
          ]
        ]
      },
      "properties": {
        "OBJECTID": 238,
        "DPTO_CCDGO": "07",
        "MPIO_CCDGO": "332",
        "name": "07112",
        "MPIO_CRSLC": "1799",
        "MPIO_NANO_": 1993,
        "MPIO_NAREA": 917.93918428,
        "MPIO_CSMBL": "4",
        "MPIO_CCNCT": "15332",
        "MPIO_NANO": 2012,
        "SHAPE_Leng": 1.48977530639,
        "SHAPE_Area": 0.0750212392048,
        "NOMBRE": "GUICAN",
        "DANE": {
          "dpto_ccdgo": "15",
          "mpio_ccdgo": "332",
          "mpio_cdpmp": "15332",
          "dpto_cnmbr": "BOYACÁ",
          "mpio_cnmbr": "GÜICÁN DE LA SIERRA",
          "mpio_crslc": "1799",
          "mpio_tipo": "MUNICIPIO",
          "mpio_narea": 952.217878106,
          "mpio_nano": 2024,
          "shape_Leng": 1.53770156523,
          "shape_Area": 0.0777780975024
        }
      }
    },
    {
      "type": "Feature",
      "geometry": {
        "type": "Polygon",
        "coordinates": [
          [
            [
              -72.923,
              5.6202
            ],
            [
              -72.9289,
              5.6307
            ],
            [
              -72.9405,
              5.6272
            ],
            [
              -72.9618,
              5.6429
            ],
            [
              -72.9635,
              5.6491
            ],
            [
              -72.9823,
              5.6399
            ],
            [
              -72.9892,
              5.6439
            ],
            [
              -72.9984,
              5.6296
            ],
            [
              -73.0038,
              5.6124
            ],
            [
              -73.0036,
              5.5928
            ],
            [
              -72.9864,
              5.5952
            ],
            [
              -72.9713,
              5.5928
            ],
            [
              -72.9507,
              5.5983
            ],
            [
              -72.945,
              5.6119
            ],
            [
              -72.9281,
              5.6147
            ],
            [
              -72.923,
              5.6202
            ]
          ]
        ]
      },
      "properties": {
        "OBJECTID": 239,
        "DPTO_CCDGO": "07",
        "MPIO_CCDGO": "362",
        "name": "07118",
        "MPIO_CRSLC": "1779",
        "MPIO_NANO_": 1993,
        "MPIO_NAREA": 34.80034481,
        "MPIO_CSMBL": "4",
        "MPIO_CCNCT": "15362",
        "MPIO_NANO": 2012,
        "SHAPE_Leng": 0.268256161178,
        "SHAPE_Area": 0.0028394300951,
        "NOMBRE": "IZA",
        "DANE": {
          "dpto_ccdgo": "15",
          "mpio_ccdgo": "362",
          "mpio_cdpmp": "15362",
          "dpto_cnmbr": "BOYACÁ",
          "mpio_cnmbr": "IZA",
          "mpio_crslc": "1779",
          "mpio_tipo": "MUNICIPIO",
          "mpio_narea": 34.2477827747,
          "mpio_nano": 2024,
          "shape_Leng": 0.274831867948,
          "shape_Area": 0.00279434588759
        }
      }
    },
    {
      "type": "Feature",
      "geometry": {
        "type": "Polygon",
        "coordinates": [
          [
            [
              -73.3364,
              5.3145
            ],
            [
              -73.3245,
              5.3253
            ],
            [
              -73.333,
              5.3359
            ],
            [
              -73.3331,
              5.3485
            ],
            [
              -73.3655,
              5.3646
            ],
            [
              -73.36,
              5.3904
            ],
            [
              -73.3475,
              5.4144
            ],
            [
              -73.352,
              5.4321
            ],
            [
              -73.3674,
              5.4149
            ],
            [
              -73.3843,
              5.4046
            ],
            [
              -73.3885,
              5.4191
            ],
            [
              -73.4159,
              5.4172
            ],
            [
              -73.4263,
              5.4084
            ],
            [
              -73.4218,
              5.4041
            ],
            [
              -73.4185,
              5.3715
            ],
            [
              -73.4076,
              5.3713
            ],
            [
              -73.4016,
              5.3588
            ],
            [
              -73.3816,
              5.3566
            ],
            [
              -73.3734,
              5.3384
            ],
            [
              -73.3569,
              5.3328
            ],
            [
              -73.3468,
              5.3174
            ],
            [
              -73.3364,
              5.3145
            ]
          ]
        ]
      },
      "properties": {
        "OBJECTID": 240,
        "DPTO_CCDGO": "07",
        "MPIO_CCDGO": "367",
        "name": "07121",
        "MPIO_CRSLC": "1829",
        "MPIO_NANO_": 1993,
        "MPIO_NAREA": 61.40806945,
        "MPIO_CSMBL": "4",
        "MPIO_CCNCT": "15367",
        "MPIO_NANO": 2012,
        "SHAPE_Leng": 0.468887112863,
        "SHAPE_Area": 0.00500956070856,
        "NOMBRE": "JENESANO",
        "DANE": {
          "dpto_ccdgo": "15",
          "mpio_ccdgo": "367",
          "mpio_cdpmp": "15367",
          "dpto_cnmbr": "BOYACÁ",
          "mpio_cnmbr": "JENESANO",
          "mpio_crslc": "1829",
          "mpio_tipo": "MUNICIPIO",
          "mpio_narea": 59.0082906137,
          "mpio_nano": 2024,
          "shape_Leng": 0.44468525094,
          "shape_Area": 0.00481379076915
        }
      }
    },
    {
      "type": "Feature",
      "geometry": {
        "type": "Polygon",
        "coordinates": [
          [
            [
              -72.5525,
              6.177
            ],
            [
              -72.5641,
              6.1879
            ],
            [
              -72.5952,
              6.204
            ],
            [
              -72.6057,
              6.201
            ],
            [
              -72.6156,
              6.2061
            ],
            [
              -72.6331,
              6.2045
            ],
            [
              -72.6354,
              6.1806
            ],
            [
              -72.6486,
              6.15
            ],
            [
              -72.6562,
              6.1165
            ],
            [
              -72.6275,
              6.1105
            ],
            [
              -72.6178,
              6.1025
            ],
            [
              -72.5916,
              6.1082
            ],
            [
              -72.5803,
              6.1169
            ],
            [
              -72.5657,
              6.1189
            ],
            [
              -72.5607,
              6.0885
            ],
            [
              -72.5517,
              6.0846
            ],
            [
              -72.5423,
              6.0698
            ],
            [
              -72.5305,
              6.0899
            ],
            [
              -72.528,
              6.1225
            ],
            [
              -72.5168,
              6.1265
            ],
            [
              -72.5161,
              6.1484
            ],
            [
              -72.5301,
              6.1654
            ],
            [
              -72.5429,
              6.1685
            ],
            [
              -72.5525,
              6.177
            ]
          ]
        ]
      },
      "properties": {
        "OBJECTID": 241,
        "DPTO_CCDGO": "07",
        "MPIO_CCDGO": "368",
        "name": "07124",
        "MPIO_CRSLC": "1721",
        "MPIO_NANO_": 1993,
        "MPIO_NAREA": 132.02783325,
        "MPIO_CSMBL": "4",
        "MPIO_CCNCT": "15368",
        "MPIO_NANO": 2012,
        "SHAPE_Leng": 0.524782722659,
        "SHAPE_Area": 0.0107791282583,
        "NOMBRE": "JERICO",
        "DANE": {
          "dpto_ccdgo": "15",
          "mpio_ccdgo": "368",
          "mpio_cdpmp": "15368",
          "dpto_cnmbr": "BOYACÁ",
          "mpio_cnmbr": "JERICÓ",
          "mpio_crslc": "1721",
          "mpio_tipo": "MUNICIPIO",
          "mpio_narea": 131.736891166,
          "mpio_nano": 2024,
          "shape_Leng": 0.523156965843,
          "shape_Area": 0.0107553691148
        }
      }
    },
    {
      "type": "Feature",
      "geometry": {
        "type": "Polygon",
        "coordinates": [
          [
            [
              -72.5145,
              5.6086
            ],
            [
              -72.5457,
              5.6243
            ],
            [
              -72.5449,
              5.6372
            ],
            [
              -72.5506,
              5.6555
            ],
            [
              -72.5401,
              5.6773
            ],
            [
              -72.5525,
              5.6852
            ],
            [
              -72.5703,
              5.7093
            ],
            [
              -72.5739,
              5.6863
            ],
            [
              -72.5801,
              5.6805
            ],
            [
              -72.5832,
              5.6632
            ],
            [
              -72.5942,
              5.6498
            ],
            [
              -72.5952,
              5.641
            ],
            [
              -72.6056,
              5.6302
            ],
            [
              -72.6242,
              5.6291
            ],
            [
              -72.6361,
              5.6457
            ],
            [
              -72.6604,
              5.6667
            ],
            [
              -72.6799,
              5.6735
            ],
            [
              -72.6941,
              5.6732
            ],
            [
              -72.7007,
              5.6383
            ],
            [
              -72.7133,
              5.625
            ],
            [
              -72.7087,
              5.6163
            ],
            [
              -72.7306,
              5.5931
            ],
            [
              -72.7315,
              5.585
            ],
            [
              -72.745,
              5.5647
            ],
            [
              -72.7253,
              5.5585
            ],
            [
              -72.6895,
              5.5597
            ],
            [
              -72.684,
              5.5462
            ],
            [
              -72.6689,
              5.5365
            ],
            [
              -72.6625,
              5.5388
            ],
            [
              -72.656,
              5.5207
            ],
            [
              -72.6566,
              5.5003
            ],
            [
              -72.6827,
              5.4907
            ],
            [
              -72.6661,
              5.4591
            ],
            [
              -72.6524,
              5.4493
            ],
            [
              -72.6671,
              5.4361
            ],
            [
              -72.6432,
              5.4254
            ],
            [
              -72.622,
              5.4213
            ],
            [
              -72.6102,
              5.4299
            ],
            [
              -72.5984,
              5.4278
            ],
            [
              -72.5902,
              5.4183
            ],
            [
              -72.5984,
              5.3953
            ],
            [
              -72.584,
              5.382
            ],
            [
              -72.5593,
              5.4018
            ],
            [
              -72.5387,
              5.4141
            ],
            [
              -72.5289,
              5.4275
            ],
            [
              -72.502,
              5.4449
            ],
            [
              -72.4941,
              5.462
            ],
            [
              -72.4899,
              5.4818
            ],
            [
              -72.471,
              5.4955
            ],
            [
              -72.4601,
              5.5088
            ],
            [
              -72.4444,
              5.5207
            ],
            [
              -72.4638,
              5.5491
            ],
            [
              -72.4621,
              5.5655
            ],
            [
              -72.4775,
              5.5683
            ],
            [
              -72.4897,
              5.576
            ],
            [
              -72.5003,
              5.5924
            ],
            [
              -72.5166,
              5.5959
            ],
            [
              -72.5145,
              5.6086
            ]
          ]
        ]
      },
      "properties": {
        "OBJECTID": 242,
        "DPTO_CCDGO": "07",
        "MPIO_CCDGO": "377",
        "name": "07127",
        "MPIO_CRSLC": "1754",
        "MPIO_NANO_": 1993,
        "MPIO_NAREA": 631.68644742,
        "MPIO_CSMBL": "4",
        "MPIO_CCNCT": "15377",
        "MPIO_NANO": 2012,
        "SHAPE_Leng": 1.18282203829,
        "SHAPE_Area": 0.0515188373284,
        "NOMBRE": "LABRANZAGRANDE",
        "DANE": {
          "dpto_ccdgo": "15",
          "mpio_ccdgo": "377",
          "mpio_cdpmp": "15377",
          "dpto_cnmbr": "BOYACÁ",
          "mpio_cnmbr": "LABRANZAGRANDE",
          "mpio_crslc": "1754",
          "mpio_tipo": "MUNICIPIO",
          "mpio_narea": 581.276770139,
          "mpio_nano": 2024,
          "shape_Leng": 1.2856938932,
          "shape_Area": 0.0474073553473
        }
      }
    },
    {
      "type": "Feature",
      "geometry": {
        "type": "Polygon",
        "coordinates": [
          [
            [
              -73.4197,
              5.1219
            ],
            [
              -73.4387,
              5.1481
            ],
            [
              -73.4369,
              5.1594
            ],
            [
              -73.4772,
              5.1481
            ],
            [
              -73.4917,
              5.1289
            ],
            [
              -73.4945,
              5.1064
            ],
            [
              -73.4822,
              5.0832
            ],
            [
              -73.4801,
              5.0625
            ],
            [
              -73.4796,
              5.0616
            ],
            [
              -73.4652,
              5.0699
            ],
            [
              -73.4534,
              5.0714
            ],
            [
              -73.434,
              5.0878
            ],
            [
              -73.4228,
              5.1083
            ],
            [
              -73.4197,
              5.1219
            ]
          ]
        ]
      },
      "properties": {
        "OBJECTID": 243,
        "DPTO_CCDGO": "07",
        "MPIO_CCDGO": "380",
        "name": "07130",
        "MPIO_CRSLC": "1793",
        "MPIO_NANO_": 1993,
        "MPIO_NAREA": 57.48375941,
        "MPIO_CSMBL": "4",
        "MPIO_CCNCT": "15380",
        "MPIO_NANO": 2012,
        "SHAPE_Leng": 0.291110996157,
        "SHAPE_Area": 0.00468764866021,
        "NOMBRE": "LA CAPILLA",
        "DANE": {
          "dpto_ccdgo": "15",
          "mpio_ccdgo": "380",
          "mpio_cdpmp": "15380",
          "dpto_cnmbr": "BOYACÁ",
          "mpio_cnmbr": "LA CAPILLA",
          "mpio_crslc": "1793",
          "mpio_tipo": "MUNICIPIO",
          "mpio_narea": 56.9311692212,
          "mpio_nano": 2024,
          "shape_Leng": 0.294775719033,
          "shape_Area": 0.00464258391491
        }
      }
    },
    {
      "type": "Feature",
      "geometry": {
        "type": "Polygon",
        "coordinates": [
          [
            [
              -74.2154,
              5.4977
            ],
            [
              -74.2241,
              5.5158
            ],
            [
              -74.217,
              5.5225
            ],
            [
              -74.2041,
              5.5227
            ],
            [
              -74.1989,
              5.5342
            ],
            [
              -74.2129,
              5.5553
            ],
            [
              -74.2194,
              5.5453
            ],
            [
              -74.2403,
              5.5392
            ],
            [
              -74.2545,
              5.4979
            ],
            [
              -74.2541,
              5.4891
            ],
            [
              -74.2445,
              5.4763
            ],
            [
              -74.2325,
              5.4802
            ],
            [
              -74.2154,
              5.4977
            ]
          ]
        ]
      },
      "properties": {
        "OBJECTID": 244,
        "DPTO_CCDGO": "07",
        "MPIO_CCDGO": "401",
        "name": "07137",
        "MPIO_CRSLC": "Ordenanza 5 de Diciembre 3 de 1965",
        "MPIO_NANO_": 1993,
        "MPIO_NAREA": 28.32508679,
        "MPIO_CSMBL": "4",
        "MPIO_CCNCT": "15401",
        "MPIO_NANO": 2012,
        "SHAPE_Leng": 0.270413090158,
        "SHAPE_Area": 0.00231156274414,
        "NOMBRE": "LA VICTORIA",
        "DANE": {
          "dpto_ccdgo": "15",
          "mpio_ccdgo": "401",
          "mpio_cdpmp": "15401",
          "dpto_cnmbr": "BOYACÁ",
          "mpio_cnmbr": "LA VICTORIA",
          "mpio_crslc": "Ordenanza 5 de Diciembre 3 de 1965",
          "mpio_tipo": "MUNICIPIO",
          "mpio_narea": 28.0052177244,
          "mpio_nano": 2024,
          "shape_Leng": 0.280691816616,
          "shape_Area": 0.00228545737725
        }
      }
    },
    {
      "type": "Feature",
      "geometry": {
        "type": "Polygon",
        "coordinates": [
          [
            [
              -72.5177,
              6.3492
            ],
            [
              -72.5402,
              6.3531
            ],
            [
              -72.5758,
              6.3506
            ],
            [
              -72.5646,
              6.3252
            ],
            [
              -72.5833,
              6.3
            ],
            [
              -72.5797,
              6.2788
            ],
            [
              -72.5874,
              6.2661
            ],
            [
              -72.6024,
              6.2715
            ],
            [
              -72.6191,
              6.2257
            ],
            [
              -72.6356,
              6.2199
            ],
            [
              -72.6331,
              6.2045
            ],
            [
              -72.6156,
              6.2061
            ],
            [
              -72.6057,
              6.201
            ],
            [
              -72.5952,
              6.204
            ],
            [
              -72.5641,
              6.1879
            ],
            [
              -72.5525,
              6.177
            ],
            [
              -72.5411,
              6.1995
            ],
            [
              -72.531,
              6.2104
            ],
            [
              -72.5249,
              6.2279
            ],
            [
              -72.5114,
              6.2474
            ],
            [
              -72.4982,
              6.2543
            ],
            [
              -72.496,
              6.2871
            ],
            [
              -72.5007,
              6.3057
            ],
            [
              -72.5105,
              6.3112
            ],
            [
              -72.5131,
              6.3353
            ],
            [
              -72.5177,
              6.3492
            ]
          ]
        ]
      },
      "properties": {
        "OBJECTID": 245,
        "DPTO_CCDGO": "07",
        "MPIO_CCDGO": "403",
        "name": "07136",
        "MPIO_CRSLC": "1766",
        "MPIO_NANO_": 1993,
        "MPIO_NAREA": 163.59360493,
        "MPIO_CSMBL": "4",
        "MPIO_CCNCT": "15403",
        "MPIO_NANO": 2012,
        "SHAPE_Leng": 0.643536781444,
        "SHAPE_Area": 0.0133594160398,
        "NOMBRE": "LA UVITA",
        "DANE": {
          "dpto_ccdgo": "15",
          "mpio_ccdgo": "403",
          "mpio_cdpmp": "15403",
          "dpto_cnmbr": "BOYACÁ",
          "mpio_cnmbr": "LA UVITA",
          "mpio_crslc": "1766",
          "mpio_tipo": "MUNICIPIO",
          "mpio_narea": 161.563186225,
          "mpio_nano": 2024,
          "shape_Leng": 0.635572464455,
          "shape_Area": 0.0131930302291
        }
      }
    },
    {
      "type": "Feature",
      "geometry": {
        "type": "Polygon",
        "coordinates": [
          [
            [
              -73.4234,
              5.7077
            ],
            [
              -73.4324,
              5.7083
            ],
            [
              -73.4604,
              5.7269
            ],
            [
              -73.4765,
              5.7169
            ],
            [
              -73.4875,
              5.7229
            ],
            [
              -73.5034,
              5.7164
            ],
            [
              -73.5073,
              5.7248
            ],
            [
              -73.5228,
              5.7211
            ],
            [
              -73.5215,
              5.7018
            ],
            [
              -73.5423,
              5.678
            ],
            [
              -73.5634,
              5.6767
            ],
            [
              -73.5741,
              5.692
            ],
            [
              -73.5778,
              5.6752
            ],
            [
              -73.59,
              5.6476
            ],
            [
              -73.5875,
              5.6307
            ],
            [
              -73.582,
              5.6279
            ],
            [
              -73.566,
              5.6323
            ],
            [
              -73.5641,
              5.6187
            ],
            [
              -73.547,
              5.5985
            ],
            [
              -73.525,
              5.6068
            ],
            [
              -73.5163,
              5.601
            ],
            [
              -73.4998,
              5.6211
            ],
            [
              -73.4906,
              5.6244
            ],
            [
              -73.4834,
              5.6357
            ],
            [
              -73.4897,
              5.6473
            ],
            [
              -73.4757,
              5.6774
            ],
            [
              -73.4611,
              5.6825
            ],
            [
              -73.4528,
              5.6781
            ],
            [
              -73.4427,
              5.683
            ],
            [
              -73.4234,
              5.7077
            ]
          ]
        ]
      },
      "properties": {
        "OBJECTID": 246,
        "DPTO_CCDGO": "07",
        "MPIO_CCDGO": "407",
        "name": "07139",
        "MPIO_CRSLC": "1785",
        "MPIO_NANO_": 1993,
        "MPIO_NAREA": 122.23939541,
        "MPIO_CSMBL": "4",
        "MPIO_CCNCT": "15407",
        "MPIO_NANO": 2012,
        "SHAPE_Leng": 0.610752838326,
        "SHAPE_Area": 0.00997733135778,
        "NOMBRE": "VILLA DE LEIVA",
        "DANE": {
          "dpto_ccdgo": "15",
          "mpio_ccdgo": "407",
          "mpio_cdpmp": "15407",
          "dpto_cnmbr": "BOYACÁ",
          "mpio_cnmbr": "VILLA DE LEYVA",
          "mpio_crslc": "1785",
          "mpio_tipo": "MUNICIPIO",
          "mpio_narea": 126.588412682,
          "mpio_nano": 2024,
          "shape_Leng": 0.631933629544,
          "shape_Area": 0.0103322987425
        }
      }
    },
    {
      "type": "Feature",
      "geometry": {
        "type": "Polygon",
        "coordinates": [
          [
            [
              -73.2229,
              4.973
            ],
            [
              -73.2192,
              4.9884
            ],
            [
              -73.2123,
              4.9956
            ],
            [
              -73.2156,
              5.0179
            ],
            [
              -73.2296,
              5.0316
            ],
            [
              -73.228,
              5.0493
            ],
            [
              -73.2349,
              5.0629
            ],
            [
              -73.2485,
              5.069
            ],
            [
              -73.2557,
              5.0457
            ],
            [
              -73.282,
              5.0186
            ],
            [
              -73.2903,
              5.0434
            ],
            [
              -73.2969,
              5.0479
            ],
            [
              -73.3206,
              5.0388
            ],
            [
              -73.3399,
              5.0358
            ],
            [
              -73.3428,
              5.0264
            ],
            [
              -73.3584,
              5.0234
            ],
            [
              -73.3644,
              5.0143
            ],
            [
              -73.356,
              5.0034
            ],
            [
              -73.3501,
              4.982
            ],
            [
              -73.3545,
              4.9509
            ],
            [
              -73.3681,
              4.9401
            ],
            [
              -73.3755,
              4.9286
            ],
            [
              -73.3621,
              4.918
            ],
            [
              -73.3542,
              4.8935
            ],
            [
              -73.3408,
              4.8941
            ],
            [
              -73.3229,
              4.9049
            ],
            [
              -73.3131,
              4.9194
            ],
            [
              -73.299,
              4.903
            ],
            [
              -73.2808,
              4.9284
            ],
            [
              -73.2633,
              4.9305
            ],
            [
              -73.2335,
              4.9574
            ],
            [
              -73.2229,
              4.973
            ]
          ]
        ]
      },
      "properties": {
        "OBJECTID": 247,
        "DPTO_CCDGO": "07",
        "MPIO_CCDGO": "425",
        "name": "07142",
        "MPIO_CRSLC": "1808",
        "MPIO_NANO_": 1993,
        "MPIO_NAREA": 198.69138734,
        "MPIO_CSMBL": "4",
        "MPIO_CCNCT": "15425",
        "MPIO_NANO": 2012,
        "SHAPE_Leng": 0.684933537103,
        "SHAPE_Area": 0.0161983603468,
        "NOMBRE": "MACANAL",
        "DANE": {
          "dpto_ccdgo": "15",
          "mpio_ccdgo": "425",
          "mpio_cdpmp": "15425",
          "dpto_cnmbr": "BOYACÁ",
          "mpio_cnmbr": "MACANAL",
          "mpio_crslc": "1808",
          "mpio_tipo": "MUNICIPIO",
          "mpio_narea": 199.966005558,
          "mpio_nano": 2024,
          "shape_Leng": 0.692334756912,
          "shape_Area": 0.0163022843815
        }
      }
    },
    {
      "type": "Feature",
      "geometry": {
        "type": "Polygon",
        "coordinates": [
          [
            [
              -73.9259,
              5.574
            ],
            [
              -73.9489,
              5.5659
            ],
            [
              -73.9558,
              5.5923
            ],
            [
              -73.9686,
              5.5977
            ],
            [
              -73.9797,
              5.5956
            ],
            [
              -73.999,
              5.6113
            ],
            [
              -74.0065,
              5.6018
            ],
            [
              -74.0259,
              5.602
            ],
            [
              -74.029,
              5.6115
            ],
            [
              -74.0272,
              5.631
            ],
            [
              -74.0349,
              5.6411
            ],
            [
              -74.0452,
              5.6332
            ],
            [
              -74.0535,
              5.6472
            ],
            [
              -74.0607,
              5.6492
            ],
            [
              -74.0672,
              5.6313
            ],
            [
              -74.0873,
              5.6086
            ],
            [
              -74.0886,
              5.6032
            ],
            [
              -74.0951,
              5.5825
            ],
            [
              -74.0925,
              5.5711
            ],
            [
              -74.0794,
              5.5602
            ],
            [
              -74.0755,
              5.5389
            ],
            [
              -74.06,
              5.5298
            ],
            [
              -74.047,
              5.5003
            ],
            [
              -74.032,
              5.5005
            ],
            [
              -74.022,
              5.5092
            ],
            [
              -74.021,
              5.5201
            ],
            [
              -74.0012,
              5.5289
            ],
            [
              -73.9903,
              5.5252
            ],
            [
              -73.9733,
              5.53
            ],
            [
              -73.9628,
              5.5403
            ],
            [
              -73.9467,
              5.5401
            ],
            [
              -73.9308,
              5.546
            ],
            [
              -73.9203,
              5.5433
            ],
            [
              -73.9113,
              5.5499
            ],
            [
              -73.9244,
              5.5637
            ],
            [
              -73.9259,
              5.574
            ]
          ]
        ]
      },
      "properties": {
        "OBJECTID": 248,
        "DPTO_CCDGO": "07",
        "MPIO_CCDGO": "442",
        "name": "07148",
        "MPIO_CRSLC": "1777",
        "MPIO_NANO_": 1993,
        "MPIO_NAREA": 157.46347439,
        "MPIO_CSMBL": "4",
        "MPIO_CCNCT": "15442",
        "MPIO_NANO": 2012,
        "SHAPE_Leng": 0.691277274896,
        "SHAPE_Area": 0.0128515068602,
        "NOMBRE": "MARIPI",
        "DANE": {
          "dpto_ccdgo": "15",
          "mpio_ccdgo": "442",
          "mpio_cdpmp": "15442",
          "dpto_cnmbr": "BOYACÁ",
          "mpio_cnmbr": "MARIPÍ",
          "mpio_crslc": "1777",
          "mpio_tipo": "MUNICIPIO",
          "mpio_narea": 160.684789397,
          "mpio_nano": 2024,
          "shape_Leng": 0.716032252852,
          "shape_Area": 0.0131144285498
        }
      }
    },
    {
      "type": "Feature",
      "geometry": {
        "type": "Polygon",
        "coordinates": [
          [
            [
              -73.1482,
              5.229
            ],
            [
              -73.1612,
              5.2388
            ],
            [
              -73.1739,
              5.2366
            ],
            [
              -73.1915,
              5.24
            ],
            [
              -73.2154,
              5.2317
            ],
            [
              -73.2178,
              5.2111
            ],
            [
              -73.2405,
              5.1891
            ],
            [
              -73.2578,
              5.185
            ],
            [
              -73.2655,
              5.1914
            ],
            [
              -73.279,
              5.1918
            ],
            [
              -73.2957,
              5.1983
            ],
            [
              -73.2705,
              5.1767
            ],
            [
              -73.2581,
              5.1725
            ],
            [
              -73.2606,
              5.1568
            ],
            [
              -73.2678,
              5.1554
            ],
            [
              -73.2521,
              5.1529
            ],
            [
              -73.2365,
              5.1455
            ],
            [
              -73.2325,
              5.1315
            ],
            [
              -73.2417,
              5.1088
            ],
            [
              -73.2561,
              5.0965
            ],
            [
              -73.2485,
              5.069
            ],
            [
              -73.2288,
              5.0776
            ],
            [
              -73.1926,
              5.0633
            ],
            [
              -73.1751,
              5.0669
            ],
            [
              -73.1676,
              5.0741
            ],
            [
              -73.1535,
              5.0747
            ],
            [
              -73.1185,
              5.1021
            ],
            [
              -73.1128,
              5.1119
            ],
            [
              -73.1023,
              5.1323
            ],
            [
              -73.0894,
              5.1496
            ],
            [
              -73.089,
              5.1607
            ],
            [
              -73.0982,
              5.1701
            ],
            [
              -73.109,
              5.198
            ],
            [
              -73.1293,
              5.2088
            ],
            [
              -73.1482,
              5.229
            ]
          ]
        ]
      },
      "properties": {
        "OBJECTID": 249,
        "DPTO_CCDGO": "07",
        "MPIO_CCDGO": "455",
        "name": "07151",
        "MPIO_CRSLC": "1777",
        "MPIO_NANO_": 1993,
        "MPIO_NAREA": 226.17665468,
        "MPIO_CSMBL": "4",
        "MPIO_CCNCT": "15455",
        "MPIO_NANO": 2012,
        "SHAPE_Leng": 0.620076496512,
        "SHAPE_Area": 0.0184426273097,
        "NOMBRE": "MIRAFLORES",
        "DANE": {
          "dpto_ccdgo": "15",
          "mpio_ccdgo": "455",
          "mpio_cdpmp": "15455",
          "dpto_cnmbr": "BOYACÁ",
          "mpio_cnmbr": "MIRAFLORES",
          "mpio_crslc": "1777",
          "mpio_tipo": "MUNICIPIO",
          "mpio_narea": 258.714180805,
          "mpio_nano": 2024,
          "shape_Leng": 0.735170672689,
          "shape_Area": 0.0210959302718
        }
      }
    },
    {
      "type": "Feature",
      "geometry": {
        "type": "Polygon",
        "coordinates": [
          [
            [
              -72.626,
              5.7769
            ],
            [
              -72.655,
              5.7878
            ],
            [
              -72.6689,
              5.7807
            ],
            [
              -72.6842,
              5.7833
            ],
            [
              -72.6978,
              5.7744
            ],
            [
              -72.7192,
              5.7712
            ],
            [
              -72.7356,
              5.7737
            ],
            [
              -72.765,
              5.7666
            ],
            [
              -72.7825,
              5.7672
            ],
            [
              -72.7963,
              5.7724
            ],
            [
              -72.8199,
              5.7517
            ],
            [
              -72.8253,
              5.7367
            ],
            [
              -72.8227,
              5.7242
            ],
            [
              -72.7971,
              5.7109
            ],
            [
              -72.7988,
              5.694
            ],
            [
              -72.7893,
              5.6835
            ],
            [
              -72.7949,
              5.6651
            ],
            [
              -72.7913,
              5.6594
            ],
            [
              -72.7708,
              5.6434
            ],
            [
              -72.7531,
              5.6378
            ],
            [
              -72.7401,
              5.609
            ],
            [
              -72.7133,
              5.625
            ],
            [
              -72.7007,
              5.6383
            ],
            [
              -72.6941,
              5.6732
            ],
            [
              -72.6799,
              5.6735
            ],
            [
              -72.6604,
              5.6667
            ],
            [
              -72.6361,
              5.6457
            ],
            [
              -72.6242,
              5.6291
            ],
            [
              -72.6056,
              5.6302
            ],
            [
              -72.5952,
              5.641
            ],
            [
              -72.5942,
              5.6498
            ],
            [
              -72.5832,
              5.6632
            ],
            [
              -72.5801,
              5.6805
            ],
            [
              -72.5739,
              5.6863
            ],
            [
              -72.5703,
              5.7093
            ],
            [
              -72.5806,
              5.7137
            ],
            [
              -72.577,
              5.7308
            ],
            [
              -72.581,
              5.7417
            ],
            [
              -72.5836,
              5.7711
            ],
            [
              -72.6047,
              5.7758
            ],
            [
              -72.6219,
              5.7714
            ],
            [
              -72.626,
              5.7769
            ]
          ]
        ]
      },
      "properties": {
        "OBJECTID": 250,
        "DPTO_CCDGO": "07",
        "MPIO_CCDGO": "464",
        "name": "07154",
        "MPIO_CRSLC": "1799",
        "MPIO_NANO_": 1993,
        "MPIO_NAREA": 371.18004283,
        "MPIO_CSMBL": "4",
        "MPIO_CCNCT": "15464",
        "MPIO_NANO": 2012,
        "SHAPE_Leng": 1.00145590503,
        "SHAPE_Area": 0.0302835005511,
        "NOMBRE": "MONGUA",
        "DANE": {
          "dpto_ccdgo": "15",
          "mpio_ccdgo": "464",
          "mpio_cdpmp": "15464",
          "dpto_cnmbr": "BOYACÁ",
          "mpio_cnmbr": "MONGUA",
          "mpio_crslc": "1799",
          "mpio_tipo": "MUNICIPIO",
          "mpio_narea": 360.817159199,
          "mpio_nano": 2024,
          "shape_Leng": 0.953068407568,
          "shape_Area": 0.029438153608
        }
      }
    },
    {
      "type": "Feature",
      "geometry": {
        "type": "Polygon",
        "coordinates": [
          [
            [
              -72.8253,
              5.7367
            ],
            [
              -72.8478,
              5.7388
            ],
            [
              -72.855,
              5.7515
            ],
            [
              -72.8711,
              5.742
            ],
            [
              -72.8712,
              5.7217
            ],
            [
              -72.8753,
              5.7054
            ],
            [
              -72.8705,
              5.689
            ],
            [
              -72.8534,
              5.6842
            ],
            [
              -72.8521,
              5.6744
            ],
            [
              -72.8339,
              5.6542
            ],
            [
              -72.8243,
              5.6539
            ],
            [
              -72.8185,
              5.6432
            ],
            [
              -72.7913,
              5.6594
            ],
            [
              -72.7949,
              5.6651
            ],
            [
              -72.7893,
              5.6835
            ],
            [
              -72.7988,
              5.694
            ],
            [
              -72.7971,
              5.7109
            ],
            [
              -72.8227,
              5.7242
            ],
            [
              -72.8253,
              5.7367
            ]
          ]
        ]
      },
      "properties": {
        "OBJECTID": 251,
        "DPTO_CCDGO": "07",
        "MPIO_CCDGO": "466",
        "name": "07157",
        "MPIO_CRSLC": "1621",
        "MPIO_NANO_": 1993,
        "MPIO_NAREA": 69.59910076,
        "MPIO_CSMBL": "4",
        "MPIO_CCNCT": "15466",
        "MPIO_NANO": 2012,
        "SHAPE_Leng": 0.359745920299,
        "SHAPE_Area": 0.00567894356196,
        "NOMBRE": "MONGUI",
        "DANE": {
          "dpto_ccdgo": "15",
          "mpio_ccdgo": "466",
          "mpio_cdpmp": "15466",
          "dpto_cnmbr": "BOYACÁ",
          "mpio_cnmbr": "MONGUÍ",
          "mpio_crslc": "1621",
          "mpio_tipo": "MUNICIPIO",
          "mpio_narea": 68.8544075772,
          "mpio_nano": 2024,
          "shape_Leng": 0.359844314839,
          "shape_Area": 0.00561817822923
        }
      }
    },
    {
      "type": "Feature",
      "geometry": {
        "type": "Polygon",
        "coordinates": [
          [
            [
              -73.5499,
              5.9507
            ],
            [
              -73.5752,
              5.9573
            ],
            [
              -73.5846,
              5.9533
            ],
            [
              -73.5932,
              5.9594
            ],
            [
              -73.6074,
              5.9307
            ],
            [
              -73.6215,
              5.9244
            ],
            [
              -73.6359,
              5.9112
            ],
            [
              -73.6303,
              5.8942
            ],
            [
              -73.6113,
              5.8871
            ],
            [
              -73.6002,
              5.8694
            ],
            [
              -73.6077,
              5.8487
            ],
            [
              -73.6189,
              5.8272
            ],
            [
              -73.6292,
              5.7895
            ],
            [
              -73.6262,
              5.7786
            ],
            [
              -73.5951,
              5.795
            ],
            [
              -73.5824,
              5.7901
            ],
            [
              -73.5748,
              5.8059
            ],
            [
              -73.564,
              5.796
            ],
            [
              -73.545,
              5.787
            ],
            [
              -73.5277,
              5.7882
            ],
            [
              -73.5239,
              5.7995
            ],
            [
              -73.503,
              5.7856
            ],
            [
              -73.5003,
              5.7789
            ],
            [
              -73.5001,
              5.7864
            ],
            [
              -73.4865,
              5.8033
            ],
            [
              -73.514,
              5.8316
            ],
            [
              -73.5003,
              5.8437
            ],
            [
              -73.493,
              5.8311
            ],
            [
              -73.4772,
              5.8281
            ],
            [
              -73.4716,
              5.8216
            ],
            [
              -73.4622,
              5.8425
            ],
            [
              -73.4637,
              5.8484
            ],
            [
              -73.4919,
              5.8718
            ],
            [
              -73.504,
              5.8757
            ],
            [
              -73.5123,
              5.8943
            ],
            [
              -73.5219,
              5.8922
            ],
            [
              -73.538,
              5.91
            ],
            [
              -73.5284,
              5.9238
            ],
            [
              -73.5293,
              5.9413
            ],
            [
              -73.5499,
              5.9507
            ]
          ]
        ]
      },
      "properties": {
        "OBJECTID": 252,
        "DPTO_CCDGO": "07",
        "MPIO_CCDGO": "469",
        "name": "07160",
        "MPIO_CRSLC": "1790",
        "MPIO_NANO_": 1993,
        "MPIO_NAREA": 218.04340195,
        "MPIO_CSMBL": "4",
        "MPIO_CCNCT": "15469",
        "MPIO_NANO": 2012,
        "SHAPE_Leng": 0.88062163764,
        "SHAPE_Area": 0.0178032665242,
        "NOMBRE": "MONIQUIRA",
        "DANE": {
          "dpto_ccdgo": "15",
          "mpio_ccdgo": "469",
          "mpio_cdpmp": "15469",
          "dpto_cnmbr": "BOYACÁ",
          "mpio_cnmbr": "MONIQUIRÁ",
          "mpio_crslc": "1790",
          "mpio_tipo": "MUNICIPIO",
          "mpio_narea": 218.228560428,
          "mpio_nano": 2024,
          "shape_Leng": 0.875183215804,
          "shape_Area": 0.0178183740316
        }
      }
    },
    {
      "type": "Feature",
      "geometry": {
        "type": "Polygon",
        "coordinates": [
          [
            [
              -73.3413,
              5.5841
            ],
            [
              -73.3445,
              5.6047
            ],
            [
              -73.3554,
              5.6137
            ],
            [
              -73.3631,
              5.6293
            ],
            [
              -73.3608,
              5.6606
            ],
            [
              -73.3631,
              5.6645
            ],
            [
              -73.3818,
              5.6726
            ],
            [
              -73.3836,
              5.6562
            ],
            [
              -73.4058,
              5.6298
            ],
            [
              -73.4111,
              5.617
            ],
            [
              -73.3953,
              5.5868
            ],
            [
              -73.412,
              5.5669
            ],
            [
              -73.3911,
              5.5574
            ],
            [
              -73.3615,
              5.559
            ],
            [
              -73.3561,
              5.5726
            ],
            [
              -73.3413,
              5.5841
            ]
          ]
        ]
      },
      "properties": {
        "OBJECTID": 253,
        "DPTO_CCDGO": "07",
        "MPIO_CCDGO": "476",
        "name": "07161",
        "MPIO_CRSLC": "Ordenanza 41 de Diciembre 14 de 1978",
        "MPIO_NANO_": 1993,
        "MPIO_NAREA": 60.46653478,
        "MPIO_CSMBL": "4",
        "MPIO_CCNCT": "15476",
        "MPIO_NANO": 2012,
        "SHAPE_Leng": 0.3624992083,
        "SHAPE_Area": 0.00493458969337,
        "NOMBRE": "MOTAVITA",
        "DANE": {
          "dpto_ccdgo": "15",
          "mpio_ccdgo": "476",
          "mpio_cdpmp": "15476",
          "dpto_cnmbr": "BOYACÁ",
          "mpio_cnmbr": "MOTAVITA",
          "mpio_crslc": "Ordenanza 41 de Diciembre 14 de 1978",
          "mpio_tipo": "MUNICIPIO",
          "mpio_narea": 60.044832223,
          "mpio_nano": 2024,
          "shape_Leng": 0.363919821517,
          "shape_Area": 0.00490018483689
        }
      }
    },
    {
      "type": "Feature",
      "geometry": {
        "type": "Polygon",
        "coordinates": [
          [
            [
              -74.0886,
              5.6032
            ],
            [
              -74.1228,
              5.6073
            ],
            [
              -74.132,
              5.597
            ],
            [
              -74.1589,
              5.5961
            ],
            [
              -74.1616,
              5.5979
            ],
            [
              -74.1645,
              5.5832
            ],
            [
              -74.1553,
              5.548
            ],
            [
              -74.1426,
              5.5335
            ],
            [
              -74.1292,
              5.5268
            ],
            [
              -74.1347,
              5.5049
            ],
            [
              -74.1437,
              5.4996
            ],
            [
              -74.157,
              5.4782
            ],
            [
              -74.1732,
              5.4735
            ],
            [
              -74.1753,
              5.4622
            ],
            [
              -74.161,
              5.4493
            ],
            [
              -74.1371,
              5.4432
            ],
            [
              -74.1288,
              5.4299
            ],
            [
              -74.1131,
              5.467
            ],
            [
              -74.0969,
              5.4706
            ],
            [
              -74.094,
              5.4793
            ],
            [
              -74.0776,
              5.4856
            ],
            [
              -74.065,
              5.499
            ],
            [
              -74.047,
              5.5003
            ],
            [
              -74.06,
              5.5298
            ],
            [
              -74.0755,
              5.5389
            ],
            [
              -74.0794,
              5.5602
            ],
            [
              -74.0925,
              5.5711
            ],
            [
              -74.0951,
              5.5825
            ],
            [
              -74.0886,
              5.6032
            ]
          ]
        ]
      },
      "properties": {
        "OBJECTID": 254,
        "DPTO_CCDGO": "07",
        "MPIO_CCDGO": "480",
        "name": "07163",
        "MPIO_CRSLC": "1558",
        "MPIO_NANO_": 1993,
        "MPIO_NAREA": 138.40015115,
        "MPIO_CSMBL": "4",
        "MPIO_CCNCT": "15480",
        "MPIO_NANO": 2012,
        "SHAPE_Leng": 0.657482178629,
        "SHAPE_Area": 0.0112948388961,
        "NOMBRE": "MUZO",
        "DANE": {
          "dpto_ccdgo": "15",
          "mpio_ccdgo": "480",
          "mpio_cdpmp": "15480",
          "dpto_cnmbr": "BOYACÁ",
          "mpio_cnmbr": "MUZO",
          "mpio_crslc": "1558",
          "mpio_tipo": "MUNICIPIO",
          "mpio_narea": 137.874127282,
          "mpio_nano": 2024,
          "shape_Leng": 0.68907441901,
          "shape_Area": 0.0112519022113
        }
      }
    },
    {
      "type": "Feature",
      "geometry": {
        "type": "Polygon",
        "coordinates": [
          [
            [
              -72.9447,
              5.7461
            ],
            [
              -72.9296,
              5.7571
            ],
            [
              -72.9129,
              5.7575
            ],
            [
              -72.8866,
              5.7626
            ],
            [
              -72.8821,
              5.7674
            ],
            [
              -72.8751,
              5.7705
            ],
            [
              -72.8768,
              5.7938
            ],
            [
              -72.8962,
              5.7953
            ],
            [
              -72.9334,
              5.7988
            ],
            [
              -72.9432,
              5.8066
            ],
            [
              -72.9542,
              5.8079
            ],
            [
              -72.9672,
              5.8019
            ],
            [
              -72.9824,
              5.8006
            ],
            [
              -72.9863,
              5.7865
            ],
            [
              -72.9725,
              5.7682
            ],
            [
              -72.9715,
              5.7562
            ],
            [
              -72.9551,
              5.7446
            ],
            [
              -72.9447,
              5.7461
            ]
          ]
        ]
      },
      "properties": {
        "OBJECTID": 255,
        "DPTO_CCDGO": "07",
        "MPIO_CCDGO": "491",
        "name": "07166",
        "MPIO_CRSLC": "1796",
        "MPIO_NANO_": 1993,
        "MPIO_NAREA": 55.54941178,
        "MPIO_CSMBL": "4",
        "MPIO_CCNCT": "15491",
        "MPIO_NANO": 2012,
        "SHAPE_Leng": 0.365961150325,
        "SHAPE_Area": 0.00453350831419,
        "NOMBRE": "NOBSA",
        "DANE": {
          "dpto_ccdgo": "15",
          "mpio_ccdgo": "491",
          "mpio_cdpmp": "15491",
          "dpto_cnmbr": "BOYACÁ",
          "mpio_cnmbr": "NOBSA",
          "mpio_crslc": "1796",
          "mpio_tipo": "MUNICIPIO",
          "mpio_narea": 55.4915090347,
          "mpio_nano": 2024,
          "shape_Leng": 0.377768275981,
          "shape_Area": 0.00452878847573
        }
      }
    },
    {
      "type": "Feature",
      "geometry": {
        "type": "Polygon",
        "coordinates": [
          [
            [
              -73.4263,
              5.4084
            ],
            [
              -73.4409,
              5.4151
            ],
            [
              -73.442,
              5.3979
            ],
            [
              -73.4472,
              5.3873
            ],
            [
              -73.4666,
              5.3789
            ],
            [
              -73.4776,
              5.3701
            ],
            [
              -73.4817,
              5.355
            ],
            [
              -73.4727,
              5.3471
            ],
            [
              -73.4686,
              5.3174
            ],
            [
              -73.4801,
              5.2971
            ],
            [
              -73.478,
              5.2894
            ],
            [
              -73.4585,
              5.2952
            ],
            [
              -73.4519,
              5.3036
            ],
            [
              -73.4464,
              5.3279
            ],
            [
              -73.4298,
              5.3405
            ],
            [
              -73.4187,
              5.3554
            ],
            [
              -73.4185,
              5.3715
            ],
            [
              -73.4218,
              5.4041
            ],
            [
              -73.4263,
              5.4084
            ]
          ]
        ]
      },
      "properties": {
        "OBJECTID": 256,
        "DPTO_CCDGO": "07",
        "MPIO_CCDGO": "494",
        "name": "07169",
        "MPIO_CRSLC": "1783",
        "MPIO_NANO_": 1993,
        "MPIO_NAREA": 50.32351045,
        "MPIO_CSMBL": "4",
        "MPIO_CCNCT": "15494",
        "MPIO_NANO": 2012,
        "SHAPE_Leng": 0.350905158044,
        "SHAPE_Area": 0.00410527017627,
        "NOMBRE": "NUEVO COLON",
        "DANE": {
          "dpto_ccdgo": "15",
          "mpio_ccdgo": "494",
          "mpio_cdpmp": "15494",
          "dpto_cnmbr": "BOYACÁ",
          "mpio_cnmbr": "NUEVO COLÓN",
          "mpio_crslc": "1783",
          "mpio_tipo": "MUNICIPIO",
          "mpio_narea": 51.396797323,
          "mpio_nano": 2024,
          "shape_Leng": 0.357775624262,
          "shape_Area": 0.00419283053422
        }
      }
    },
    {
      "type": "Feature",
      "geometry": {
        "type": "Polygon",
        "coordinates": [
          [
            [
              -73.2318,
              5.6267
            ],
            [
              -73.245,
              5.6275
            ],
            [
              -73.257,
              5.6403
            ],
            [
              -73.2559,
              5.6564
            ],
            [
              -73.2673,
              5.6645
            ],
            [
              -73.317,
              5.6148
            ],
            [
              -73.3273,
              5.5802
            ],
            [
              -73.3215,
              5.5832
            ],
            [
              -73.3069,
              5.5697
            ],
            [
              -73.282,
              5.5801
            ],
            [
              -73.2644,
              5.5754
            ],
            [
              -73.2528,
              5.5805
            ],
            [
              -73.2425,
              5.6115
            ],
            [
              -73.2318,
              5.6267
            ]
          ]
        ]
      },
      "properties": {
        "OBJECTID": 257,
        "DPTO_CCDGO": "07",
        "MPIO_CCDGO": "500",
        "name": "07173",
        "MPIO_CRSLC": "Ordenanza 41 de Diciembre 14 de 1978",
        "MPIO_NANO_": 1993,
        "MPIO_NAREA": 59.64707037,
        "MPIO_CSMBL": "4",
        "MPIO_CCNCT": "15500",
        "MPIO_NANO": 2012,
        "SHAPE_Leng": 0.338318862564,
        "SHAPE_Area": 0.00486754438121,
        "NOMBRE": "OICATA",
        "DANE": {
          "dpto_ccdgo": "15",
          "mpio_ccdgo": "500",
          "mpio_cdpmp": "15500",
          "dpto_cnmbr": "BOYACÁ",
          "mpio_cnmbr": "OICATÁ",
          "mpio_crslc": "Ordenanza 41 de Diciembre 14 de 1978",
          "mpio_tipo": "MUNICIPIO",
          "mpio_narea": 60.3021762043,
          "mpio_nano": 2024,
          "shape_Leng": 0.337624870809,
          "shape_Area": 0.00492100542826
        }
      }
    },
    {
      "type": "Feature",
      "geometry": {
        "type": "Polygon",
        "coordinates": [
          [
            [
              -74.0791,
              5.8328
            ],
            [
              -74.089,
              5.8415
            ],
            [
              -74.0893,
              5.8498
            ],
            [
              -74.1,
              5.8722
            ],
            [
              -74.1333,
              5.8759
            ],
            [
              -74.1477,
              5.8899
            ],
            [
              -74.1662,
              5.8979
            ],
            [
              -74.1804,
              5.9111
            ],
            [
              -74.1873,
              5.8988
            ],
            [
              -74.1896,
              5.8842
            ],
            [
              -74.1977,
              5.878
            ],
            [
              -74.1952,
              5.8557
            ],
            [
              -74.2146,
              5.8539
            ],
            [
              -74.2318,
              5.8358
            ],
            [
              -74.2661,
              5.8346
            ],
            [
              -74.2618,
              5.8171
            ],
            [
              -74.2702,
              5.8042
            ],
            [
              -74.2722,
              5.7921
            ],
            [
              -74.2969,
              5.7641
            ],
            [
              -74.2872,
              5.7455
            ],
            [
              -74.3023,
              5.7242
            ],
            [
              -74.3042,
              5.7097
            ],
            [
              -74.2933,
              5.7017
            ],
            [
              -74.2771,
              5.6964
            ],
            [
              -74.2835,
              5.6796
            ],
            [
              -74.2852,
              5.6637
            ],
            [
              -74.3086,
              5.6471
            ],
            [
              -74.3062,
              5.6384
            ],
            [
              -74.2689,
              5.631
            ],
            [
              -74.2565,
              5.6387
            ],
            [
              -74.2463,
              5.6252
            ],
            [
              -74.2235,
              5.618
            ],
            [
              -74.2208,
              5.6094
            ],
            [
              -74.2066,
              5.6076
            ],
            [
              -74.2026,
              5.5859
            ],
            [
              -74.1937,
              5.5767
            ],
            [
              -74.1798,
              5.5943
            ],
            [
              -74.1616,
              5.5979
            ],
            [
              -74.1589,
              5.5961
            ],
            [
              -74.1655,
              5.6185
            ],
            [
              -74.1635,
              5.6327
            ],
            [
              -74.1692,
              5.6414
            ],
            [
              -74.1755,
              5.664
            ],
            [
              -74.1708,
              5.6894
            ],
            [
              -74.1737,
              5.7054
            ],
            [
              -74.1701,
              5.7202
            ],
            [
              -74.1614,
              5.7267
            ],
            [
              -74.1579,
              5.7404
            ],
            [
              -74.1391,
              5.7523
            ],
            [
              -74.1273,
              5.7486
            ],
            [
              -74.0926,
              5.7597
            ],
            [
              -74.0876,
              5.7994
            ],
            [
              -74.0793,
              5.8185
            ],
            [
              -74.0791,
              5.8328
            ]
          ]
        ]
      },
      "properties": {
        "OBJECTID": 258,
        "DPTO_CCDGO": "07",
        "MPIO_CCDGO": "507",
        "name": "07176",
        "MPIO_CRSLC": "Ordenanza 40 del 29 de Noviembre de 1960",
        "MPIO_NANO_": 1993,
        "MPIO_NAREA": 481.40144549,
        "MPIO_CSMBL": "4",
        "MPIO_CCNCT": "15507",
        "MPIO_NANO": 2012,
        "SHAPE_Leng": 1.28164667662,
        "SHAPE_Area": 0.0393019170776,
        "NOMBRE": "OTANCHE",
        "DANE": {
          "dpto_ccdgo": "15",
          "mpio_ccdgo": "507",
          "mpio_cdpmp": "15507",
          "dpto_cnmbr": "BOYACÁ",
          "mpio_cnmbr": "OTANCHE",
          "mpio_crslc": "Ordenanza 40 del 29 de Noviembre de 1960",
          "mpio_tipo": "MUNICIPIO",
          "mpio_narea": 475.040067491,
          "mpio_nano": 2024,
          "shape_Leng": 1.3090487414,
          "shape_Area": 0.0387827102293
        }
      }
    },
    {
      "type": "Feature",
      "geometry": {
        "type": "Polygon",
        "coordinates": [
          [
            [
              -73.364,
              5.1368
            ],
            [
              -73.384,
              5.1663
            ],
            [
              -73.3854,
              5.183
            ],
            [
              -73.3808,
              5.1902
            ],
            [
              -73.3924,
              5.2168
            ],
            [
              -73.4068,
              5.1984
            ],
            [
              -73.4256,
              5.1817
            ],
            [
              -73.4369,
              5.1594
            ],
            [
              -73.4387,
              5.1481
            ],
            [
              -73.4197,
              5.1219
            ],
            [
              -73.4197,
              5.1155
            ],
            [
              -73.3979,
              5.102
            ],
            [
              -73.3839,
              5.0848
            ],
            [
              -73.376,
              5.1027
            ],
            [
              -73.3639,
              5.1205
            ],
            [
              -73.364,
              5.1368
            ]
          ]
        ]
      },
      "properties": {
        "OBJECTID": 259,
        "DPTO_CCDGO": "07",
        "MPIO_CCDGO": "511",
        "name": "07178",
        "MPIO_CRSLC": "1796",
        "MPIO_NANO_": 1993,
        "MPIO_NAREA": 66.57109105,
        "MPIO_CSMBL": "4",
        "MPIO_CCNCT": "15511",
        "MPIO_NANO": 2012,
        "SHAPE_Leng": 0.348531297114,
        "SHAPE_Area": 0.0054288580478,
        "NOMBRE": "PACHAVITA",
        "DANE": {
          "dpto_ccdgo": "15",
          "mpio_ccdgo": "511",
          "mpio_cdpmp": "15511",
          "dpto_cnmbr": "BOYACÁ",
          "mpio_cnmbr": "PACHAVITA",
          "mpio_crslc": "1796",
          "mpio_tipo": "MUNICIPIO",
          "mpio_narea": 66.6901693839,
          "mpio_nano": 2024,
          "shape_Leng": 0.349261579267,
          "shape_Area": 0.00543856814813
        }
      }
    },
    {
      "type": "Feature",
      "geometry": {
        "type": "Polygon",
        "coordinates": [
          [
            [
              -72.9373,
              5.2041
            ],
            [
              -72.9511,
              5.2133
            ],
            [
              -72.9823,
              5.196
            ],
            [
              -72.9996,
              5.2118
            ],
            [
              -73.0101,
              5.2145
            ],
            [
              -73.0283,
              5.1877
            ],
            [
              -73.0346,
              5.1738
            ],
            [
              -73.0569,
              5.1616
            ],
            [
              -73.0725,
              5.1689
            ],
            [
              -73.089,
              5.1607
            ],
            [
              -73.0894,
              5.1496
            ],
            [
              -73.1023,
              5.1323
            ],
            [
              -73.1128,
              5.1119
            ],
            [
              -73.101,
              5.1011
            ],
            [
              -73.0712,
              5.0962
            ],
            [
              -73.0676,
              5.0806
            ],
            [
              -73.0806,
              5.049
            ],
            [
              -73.0871,
              5.0429
            ],
            [
              -73.0696,
              5.0315
            ],
            [
              -73.0555,
              5.015
            ],
            [
              -73.0273,
              5.025
            ],
            [
              -73.0289,
              4.9921
            ],
            [
              -73.0305,
              4.9823
            ],
            [
              -73.0165,
              5.0027
            ],
            [
              -72.9996,
              4.9896
            ],
            [
              -72.9882,
              4.9859
            ],
            [
              -72.9753,
              4.9748
            ],
            [
              -72.9662,
              4.991
            ],
            [
              -72.9571,
              4.9969
            ],
            [
              -72.9528,
              5.0096
            ],
            [
              -72.9392,
              5.023
            ],
            [
              -72.9255,
              5.0308
            ],
            [
              -72.9285,
              5.0472
            ],
            [
              -72.9038,
              5.0679
            ],
            [
              -72.9058,
              5.0951
            ],
            [
              -72.9093,
              5.1035
            ],
            [
              -72.9286,
              5.0997
            ],
            [
              -72.9372,
              5.114
            ],
            [
              -72.9731,
              5.1459
            ],
            [
              -72.9634,
              5.1561
            ],
            [
              -72.9484,
              5.1823
            ],
            [
              -72.9488,
              5.1906
            ],
            [
              -72.9373,
              5.2041
            ]
          ]
        ]
      },
      "properties": {
        "OBJECTID": 260,
        "DPTO_CCDGO": "07",
        "MPIO_CCDGO": "514",
        "name": "07179",
        "MPIO_CRSLC": "Ordenanza 38 Noviembre. 30 de 1962",
        "MPIO_NANO_": 1993,
        "MPIO_NAREA": 337.58752738,
        "MPIO_CSMBL": "4",
        "MPIO_CCNCT": "15514",
        "MPIO_NANO": 2012,
        "SHAPE_Leng": 0.96053045325,
        "SHAPE_Area": 0.0275221571021,
        "NOMBRE": "PAEZ",
        "DANE": {
          "dpto_ccdgo": "15",
          "mpio_ccdgo": "514",
          "mpio_cdpmp": "15514",
          "dpto_cnmbr": "BOYACÁ",
          "mpio_cnmbr": "PÁEZ",
          "mpio_crslc": "Ordenanza 38 Noviembre. 30 de 1962",
          "mpio_tipo": "MUNICIPIO",
          "mpio_narea": 339.069083378,
          "mpio_nano": 2024,
          "shape_Leng": 0.963628774498,
          "shape_Area": 0.0276429436295
        }
      }
    },
    {
      "type": "Feature",
      "geometry": {
        "type": "Polygon",
        "coordinates": [
          [
            [
              -73.0508,
              5.7739
            ],
            [
              -73.077,
              5.7729
            ],
            [
              -73.0785,
              5.8228
            ],
            [
              -73.0821,
              5.8344
            ],
            [
              -73.1039,
              5.8576
            ],
            [
              -73.1101,
              5.8723
            ],
            [
              -73.1095,
              5.8913
            ],
            [
              -73.1306,
              5.9062
            ],
            [
              -73.1267,
              5.9188
            ],
            [
              -73.1292,
              5.9325
            ],
            [
              -73.1611,
              5.9509
            ],
            [
              -73.1755,
              5.9945
            ],
            [
              -73.1993,
              6.0031
            ],
            [
              -73.2184,
              5.9813
            ],
            [
              -73.2193,
              5.9601
            ],
            [
              -73.2243,
              5.9402
            ],
            [
              -73.2087,
              5.921
            ],
            [
              -73.2193,
              5.9127
            ],
            [
              -73.221,
              5.8907
            ],
            [
              -73.2095,
              5.8906
            ],
            [
              -73.184,
              5.8504
            ],
            [
              -73.165,
              5.848
            ],
            [
              -73.1429,
              5.8518
            ],
            [
              -73.1339,
              5.8466
            ],
            [
              -73.1324,
              5.8344
            ],
            [
              -73.1374,
              5.8211
            ],
            [
              -73.1574,
              5.801
            ],
            [
              -73.1694,
              5.7832
            ],
            [
              -73.1751,
              5.7661
            ],
            [
              -73.1672,
              5.7493
            ],
            [
              -73.1546,
              5.7362
            ],
            [
              -73.1558,
              5.7274
            ],
            [
              -73.1576,
              5.7196
            ],
            [
              -73.128,
              5.6978
            ],
            [
              -73.1147,
              5.6815
            ],
            [
              -73.1025,
              5.6591
            ],
            [
              -73.0689,
              5.6825
            ],
            [
              -73.0594,
              5.687
            ],
            [
              -73.0674,
              5.7255
            ],
            [
              -73.067,
              5.7419
            ],
            [
              -73.0508,
              5.7739
            ]
          ]
        ]
      },
      "properties": {
        "OBJECTID": 261,
        "DPTO_CCDGO": "07",
        "MPIO_CCDGO": "516",
        "name": "07181",
        "MPIO_CRSLC": "1602",
        "MPIO_NANO_": 1993,
        "MPIO_NAREA": 384.39921358,
        "MPIO_CSMBL": "4",
        "MPIO_CCNCT": "15516",
        "MPIO_NANO": 2012,
        "SHAPE_Leng": 1.20157446578,
        "SHAPE_Area": 0.0313792120413,
        "NOMBRE": "PAIPA",
        "DANE": {
          "dpto_ccdgo": "15",
          "mpio_ccdgo": "516",
          "mpio_cdpmp": "15516",
          "dpto_cnmbr": "BOYACÁ",
          "mpio_cnmbr": "PAIPA",
          "mpio_crslc": "1602",
          "mpio_tipo": "MUNICIPIO",
          "mpio_narea": 305.109194954,
          "mpio_nano": 2024,
          "shape_Leng": 1.06962212808,
          "shape_Area": 0.0249059798178
        }
      }
    },
    {
      "type": "Feature",
      "geometry": {
        "type": "Polygon",
        "coordinates": [
          [
            [
              -72.6671,
              5.4361
            ],
            [
              -72.6812,
              5.4501
            ],
            [
              -72.6938,
              5.4408
            ],
            [
              -72.7041,
              5.4469
            ],
            [
              -72.7087,
              5.4573
            ],
            [
              -72.7075,
              5.479
            ],
            [
              -72.7272,
              5.4867
            ],
            [
              -72.7378,
              5.4705
            ],
            [
              -72.7508,
              5.4668
            ],
            [
              -72.7585,
              5.4566
            ],
            [
              -72.7857,
              5.436
            ],
            [
              -72.7983,
              5.4107
            ],
            [
              -72.7976,
              5.3961
            ],
            [
              -72.8054,
              5.394
            ],
            [
              -72.8121,
              5.3782
            ],
            [
              -72.7983,
              5.3801
            ],
            [
              -72.7783,
              5.3659
            ],
            [
              -72.7755,
              5.3567
            ],
            [
              -72.7609,
              5.3354
            ],
            [
              -72.7425,
              5.3223
            ],
            [
              -72.7265,
              5.3188
            ],
            [
              -72.7182,
              5.3013
            ],
            [
              -72.7201,
              5.2883
            ],
            [
              -72.7006,
              5.2733
            ],
            [
              -72.6815,
              5.2904
            ],
            [
              -72.6671,
              5.2946
            ],
            [
              -72.6521,
              5.308
            ],
            [
              -72.6486,
              5.3218
            ],
            [
              -72.637,
              5.3284
            ],
            [
              -72.6377,
              5.3362
            ],
            [
              -72.6189,
              5.3516
            ],
            [
              -72.6016,
              5.3537
            ],
            [
              -72.5817,
              5.3503
            ],
            [
              -72.5672,
              5.3734
            ],
            [
              -72.584,
              5.382
            ],
            [
              -72.5984,
              5.3953
            ],
            [
              -72.5902,
              5.4183
            ],
            [
              -72.5984,
              5.4278
            ],
            [
              -72.6102,
              5.4299
            ],
            [
              -72.622,
              5.4213
            ],
            [
              -72.6432,
              5.4254
            ],
            [
              -72.6671,
              5.4361
            ]
          ]
        ]
      },
      "properties": {
        "OBJECTID": 262,
        "DPTO_CCDGO": "07",
        "MPIO_CCDGO": "518",
        "name": "07184",
        "MPIO_CRSLC": "1853",
        "MPIO_NANO_": 1993,
        "MPIO_NAREA": 320.52809772,
        "MPIO_CSMBL": "4",
        "MPIO_CCNCT": "15518",
        "MPIO_NANO": 2012,
        "SHAPE_Leng": 0.883532463941,
        "SHAPE_Area": 0.0261371452661,
        "NOMBRE": "PAJARITO",
        "DANE": {
          "dpto_ccdgo": "15",
          "mpio_ccdgo": "518",
          "mpio_cdpmp": "15518",
          "dpto_cnmbr": "BOYACÁ",
          "mpio_cnmbr": "PAJARITO",
          "mpio_crslc": "1853",
          "mpio_tipo": "MUNICIPIO",
          "mpio_narea": 313.682574281,
          "mpio_nano": 2024,
          "shape_Leng": 0.855038804298,
          "shape_Area": 0.0255788507725
        }
      }
    },
    {
      "type": "Feature",
      "geometry": {
        "type": "Polygon",
        "coordinates": [
          [
            [
              -72.4309,
              6.44
            ],
            [
              -72.4338,
              6.4542
            ],
            [
              -72.4435,
              6.4628
            ],
            [
              -72.4365,
              6.4949
            ],
            [
              -72.4541,
              6.4905
            ],
            [
              -72.4713,
              6.4777
            ],
            [
              -72.4758,
              6.4661
            ],
            [
              -72.4857,
              6.4642
            ],
            [
              -72.4714,
              6.4527
            ],
            [
              -72.4861,
              6.4294
            ],
            [
              -72.4879,
              6.4063
            ],
            [
              -72.4968,
              6.4008
            ],
            [
              -72.4855,
              6.3908
            ],
            [
              -72.4743,
              6.3929
            ],
            [
              -72.4666,
              6.4082
            ],
            [
              -72.4309,
              6.44
            ]
          ]
        ]
      },
      "properties": {
        "OBJECTID": 263,
        "DPTO_CCDGO": "07",
        "MPIO_CCDGO": "522",
        "name": "07187",
        "MPIO_CRSLC": "1800",
        "MPIO_NANO_": 1993,
        "MPIO_NAREA": 39.54494719,
        "MPIO_CSMBL": "4",
        "MPIO_CCNCT": "15522",
        "MPIO_NANO": 2012,
        "SHAPE_Leng": 0.316619544407,
        "SHAPE_Area": 0.00323067003826,
        "NOMBRE": "PANQUEBA",
        "DANE": {
          "dpto_ccdgo": "15",
          "mpio_ccdgo": "522",
          "mpio_cdpmp": "15522",
          "dpto_cnmbr": "BOYACÁ",
          "mpio_cnmbr": "PANQUEBA",
          "mpio_crslc": "1800",
          "mpio_tipo": "MUNICIPIO",
          "mpio_narea": 39.7152486334,
          "mpio_nano": 2024,
          "shape_Leng": 0.33165634868,
          "shape_Area": 0.00324389968381
        }
      }
    },
    {
      "type": "Feature",
      "geometry": {
        "type": "Polygon",
        "coordinates": [
          [
            [
              -73.9814,
              5.7207
            ],
            [
              -73.9915,
              5.7291
            ],
            [
              -74.0109,
              5.7744
            ],
            [
              -74.0245,
              5.7831
            ],
            [
              -74.0264,
              5.807
            ],
            [
              -74.0558,
              5.8197
            ],
            [
              -74.0645,
              5.8154
            ],
            [
              -74.0793,
              5.8185
            ],
            [
              -74.0876,
              5.7994
            ],
            [
              -74.0926,
              5.7597
            ],
            [
              -74.085,
              5.7398
            ],
            [
              -74.0593,
              5.724
            ],
            [
              -74.0517,
              5.7227
            ],
            [
              -74.0385,
              5.7063
            ],
            [
              -74.0399,
              5.6903
            ],
            [
              -74.0607,
              5.6492
            ],
            [
              -74.0535,
              5.6472
            ],
            [
              -74.0452,
              5.6332
            ],
            [
              -74.0349,
              5.6411
            ],
            [
              -74.0272,
              5.631
            ],
            [
              -74.029,
              5.6115
            ],
            [
              -74.0259,
              5.602
            ],
            [
              -74.0065,
              5.6018
            ],
            [
              -73.999,
              5.6113
            ],
            [
              -73.9797,
              5.5956
            ],
            [
              -73.9686,
              5.5977
            ],
            [
              -73.9558,
              5.5923
            ],
            [
              -73.9489,
              5.5659
            ],
            [
              -73.9259,
              5.574
            ],
            [
              -73.9189,
              5.5809
            ],
            [
              -73.8977,
              5.6196
            ],
            [
              -73.9045,
              5.6296
            ],
            [
              -73.9225,
              5.639
            ],
            [
              -73.9314,
              5.6281
            ],
            [
              -73.9443,
              5.6492
            ],
            [
              -73.9414,
              5.6595
            ],
            [
              -73.9498,
              5.687
            ],
            [
              -73.9457,
              5.6937
            ],
            [
              -73.954,
              5.7003
            ],
            [
              -73.9712,
              5.7045
            ],
            [
              -73.9814,
              5.7207
            ]
          ]
        ]
      },
      "properties": {
        "OBJECTID": 264,
        "DPTO_CCDGO": "07",
        "MPIO_CCDGO": "531",
        "name": "07190",
        "MPIO_CRSLC": "1842",
        "MPIO_NANO_": 1993,
        "MPIO_NAREA": 258.74910579,
        "MPIO_CSMBL": "4",
        "MPIO_CCNCT": "15531",
        "MPIO_NANO": 2012,
        "SHAPE_Leng": 0.903854667329,
        "SHAPE_Area": 0.0211221444698,
        "NOMBRE": "PAUNA",
        "DANE": {
          "dpto_ccdgo": "15",
          "mpio_ccdgo": "531",
          "mpio_cdpmp": "15531",
          "dpto_cnmbr": "BOYACÁ",
          "mpio_cnmbr": "PAUNA",
          "mpio_crslc": "1842",
          "mpio_tipo": "MUNICIPIO",
          "mpio_narea": 252.62872291,
          "mpio_nano": 2024,
          "shape_Leng": 0.939745218666,
          "shape_Area": 0.020622617321
        }
      }
    },
    {
      "type": "Feature",
      "geometry": {
        "type": "Polygon",
        "coordinates": [
          [
            [
              -72.2483,
              5.6959
            ],
            [
              -72.2563,
              5.7031
            ],
            [
              -72.2692,
              5.7286
            ],
            [
              -72.277,
              5.7324
            ],
            [
              -72.2812,
              5.7486
            ],
            [
              -72.2972,
              5.7545
            ],
            [
              -72.3032,
              5.7289
            ],
            [
              -72.3166,
              5.7006
            ],
            [
              -72.3292,
              5.6881
            ],
            [
              -72.3503,
              5.6891
            ],
            [
              -72.3572,
              5.6973
            ],
            [
              -72.369,
              5.6833
            ],
            [
              -72.387,
              5.6815
            ],
            [
              -72.4024,
              5.6927
            ],
            [
              -72.4169,
              5.6872
            ],
            [
              -72.4244,
              5.6906
            ],
            [
              -72.4449,
              5.6858
            ],
            [
              -72.4613,
              5.697
            ],
            [
              -72.4707,
              5.6788
            ],
            [
              -72.4888,
              5.6553
            ],
            [
              -72.4924,
              5.6386
            ],
            [
              -72.5128,
              5.6155
            ],
            [
              -72.5145,
              5.6086
            ],
            [
              -72.5166,
              5.5959
            ],
            [
              -72.5003,
              5.5924
            ],
            [
              -72.4897,
              5.576
            ],
            [
              -72.4775,
              5.5683
            ],
            [
              -72.4621,
              5.5655
            ],
            [
              -72.4638,
              5.5491
            ],
            [
              -72.4444,
              5.5207
            ],
            [
              -72.4357,
              5.5374
            ],
            [
              -72.4263,
              5.5473
            ],
            [
              -72.4209,
              5.5632
            ],
            [
              -72.3965,
              5.5702
            ],
            [
              -72.3839,
              5.5598
            ],
            [
              -72.3751,
              5.5375
            ],
            [
              -72.3625,
              5.5283
            ],
            [
              -72.3459,
              5.5069
            ],
            [
              -72.3304,
              5.4976
            ],
            [
              -72.3176,
              5.498
            ],
            [
              -72.3009,
              5.506
            ],
            [
              -72.2953,
              5.515
            ],
            [
              -72.2966,
              5.5472
            ],
            [
              -72.2852,
              5.5746
            ],
            [
              -72.2892,
              5.5949
            ],
            [
              -72.2875,
              5.6056
            ],
            [
              -72.2627,
              5.6335
            ],
            [
              -72.2733,
              5.6552
            ],
            [
              -72.2689,
              5.6637
            ],
            [
              -72.2573,
              5.6624
            ],
            [
              -72.2258,
              5.6676
            ],
            [
              -72.2319,
              5.6851
            ],
            [
              -72.2428,
              5.6871
            ],
            [
              -72.2483,
              5.6959
            ]
          ]
        ]
      },
      "properties": {
        "OBJECTID": 265,
        "DPTO_CCDGO": "07",
        "MPIO_CCDGO": "533",
        "name": "07193",
        "MPIO_CRSLC": "1799",
        "MPIO_NANO_": 1993,
        "MPIO_NAREA": 565.01604202,
        "MPIO_CSMBL": "4",
        "MPIO_CCNCT": "15533",
        "MPIO_NANO": 2012,
        "SHAPE_Leng": 1.30069306796,
        "SHAPE_Area": 0.0460975377399,
        "NOMBRE": "PAYA",
        "DANE": {
          "dpto_ccdgo": "15",
          "mpio_ccdgo": "533",
          "mpio_cdpmp": "15533",
          "dpto_cnmbr": "BOYACÁ",
          "mpio_cnmbr": "PAYA",
          "mpio_crslc": "1799",
          "mpio_tipo": "MUNICIPIO",
          "mpio_narea": 443.810457276,
          "mpio_nano": 2024,
          "shape_Leng": 1.14765183358,
          "shape_Area": 0.0361929983964
        }
      }
    },
    {
      "type": "Feature",
      "geometry": {
        "type": "Polygon",
        "coordinates": [
          [
            [
              -72.7016,
              6.0183
            ],
            [
              -72.7113,
              6.0231
            ],
            [
              -72.7198,
              6.0395
            ],
            [
              -72.716,
              6.062
            ],
            [
              -72.739,
              6.0712
            ],
            [
              -72.7582,
              6.082
            ],
            [
              -72.7712,
              6.082
            ],
            [
              -72.7949,
              6.1
            ],
            [
              -72.7999,
              6.0917
            ],
            [
              -72.8104,
              6.0952
            ],
            [
              -72.8142,
              6.082
            ],
            [
              -72.8114,
              6.0476
            ],
            [
              -72.8151,
              6.0408
            ],
            [
              -72.8124,
              6.0232
            ],
            [
              -72.7961,
              6.0155
            ],
            [
              -72.7914,
              6.0065
            ],
            [
              -72.7964,
              5.9948
            ],
            [
              -72.8183,
              5.978
            ],
            [
              -72.8154,
              5.9654
            ],
            [
              -72.7946,
              5.9643
            ],
            [
              -72.7792,
              5.9545
            ],
            [
              -72.7554,
              5.9818
            ],
            [
              -72.7431,
              5.9879
            ],
            [
              -72.7178,
              5.9969
            ],
            [
              -72.7045,
              6.0087
            ],
            [
              -72.7016,
              6.0183
            ]
          ]
        ]
      },
      "properties": {
        "OBJECTID": 266,
        "DPTO_CCDGO": "07",
        "MPIO_CCDGO": "537",
        "name": "07199",
        "MPIO_CRSLC": "1683",
        "MPIO_NANO_": 1993,
        "MPIO_NAREA": 124.3778745,
        "MPIO_CSMBL": "4",
        "MPIO_CCNCT": "15537",
        "MPIO_NANO": 2012,
        "SHAPE_Leng": 0.514460390318,
        "SHAPE_Area": 0.0101539811182,
        "NOMBRE": "PAZ DE RIO",
        "DANE": {
          "dpto_ccdgo": "15",
          "mpio_ccdgo": "537",
          "mpio_cdpmp": "15537",
          "dpto_cnmbr": "BOYACÁ",
          "mpio_cnmbr": "PAZ DE RÍO",
          "mpio_crslc": "1683",
          "mpio_tipo": "MUNICIPIO",
          "mpio_narea": 122.699509124,
          "mpio_nano": 2024,
          "shape_Leng": 0.518166286958,
          "shape_Area": 0.0100169585954
        }
      }
    },
    {
      "type": "Feature",
      "geometry": {
        "type": "Polygon",
        "coordinates": [
          [
            [
              -72.9984,
              5.6296
            ],
            [
              -73.0093,
              5.6434
            ],
            [
              -73.0276,
              5.6277
            ],
            [
              -73.0557,
              5.6318
            ],
            [
              -73.0633,
              5.6456
            ],
            [
              -73.0761,
              5.6285
            ],
            [
              -73.0794,
              5.6181
            ],
            [
              -73.0892,
              5.5848
            ],
            [
              -73.104,
              5.5593
            ],
            [
              -73.1055,
              5.5485
            ],
            [
              -73.1156,
              5.5254
            ],
            [
              -73.135,
              5.5056
            ],
            [
              -73.1405,
              5.4995
            ],
            [
              -73.1409,
              5.4841
            ],
            [
              -73.1473,
              5.4821
            ],
            [
              -73.1241,
              5.4563
            ],
            [
              -73.1325,
              5.4308
            ],
            [
              -73.1415,
              5.4121
            ],
            [
              -73.1306,
              5.401
            ],
            [
              -73.1215,
              5.3853
            ],
            [
              -73.1321,
              5.3684
            ],
            [
              -73.1263,
              5.3573
            ],
            [
              -73.1112,
              5.3481
            ],
            [
              -73.0745,
              5.3691
            ],
            [
              -73.0617,
              5.3665
            ],
            [
              -73.0498,
              5.3733
            ],
            [
              -73.0449,
              5.3844
            ],
            [
              -73.0542,
              5.3945
            ],
            [
              -73.051,
              5.4143
            ],
            [
              -73.0399,
              5.4322
            ],
            [
              -73.065,
              5.4262
            ],
            [
              -73.0679,
              5.4444
            ],
            [
              -73.0606,
              5.4665
            ],
            [
              -73.0568,
              5.4889
            ],
            [
              -73.0435,
              5.5137
            ],
            [
              -73.0442,
              5.5233
            ],
            [
              -73.0313,
              5.5506
            ],
            [
              -73.0112,
              5.5756
            ],
            [
              -73.0127,
              5.5901
            ],
            [
              -73.0036,
              5.5928
            ],
            [
              -73.0038,
              5.6124
            ],
            [
              -72.9984,
              5.6296
            ]
          ]
        ]
      },
      "properties": {
        "OBJECTID": 267,
        "DPTO_CCDGO": "07",
        "MPIO_CCDGO": "542",
        "name": "07202",
        "MPIO_CRSLC": "1754",
        "MPIO_NANO_": 1993,
        "MPIO_NAREA": 272.59545088,
        "MPIO_CSMBL": "4",
        "MPIO_CCNCT": "15542",
        "MPIO_NANO": 2012,
        "SHAPE_Leng": 0.923020676028,
        "SHAPE_Area": 0.02223860514,
        "NOMBRE": "PESCA",
        "DANE": {
          "dpto_ccdgo": "15",
          "mpio_ccdgo": "542",
          "mpio_cdpmp": "15542",
          "dpto_cnmbr": "BOYACÁ",
          "mpio_cnmbr": "PESCA",
          "mpio_crslc": "1754",
          "mpio_tipo": "MUNICIPIO",
          "mpio_narea": 263.092584389,
          "mpio_nano": 2024,
          "shape_Leng": 0.915418046722,
          "shape_Area": 0.0214635408435
        }
      }
    },
    {
      "type": "Feature",
      "geometry": {
        "type": "Polygon",
        "coordinates": [
          [
            [
              -72.2972,
              5.7545
            ],
            [
              -72.2972,
              5.7711
            ],
            [
              -72.3051,
              5.7791
            ],
            [
              -72.3095,
              5.7937
            ],
            [
              -72.3251,
              5.7933
            ],
            [
              -72.331,
              5.8024
            ],
            [
              -72.3457,
              5.8045
            ],
            [
              -72.3506,
              5.8111
            ],
            [
              -72.3642,
              5.8103
            ],
            [
              -72.3929,
              5.8203
            ],
            [
              -72.4014,
              5.8367
            ],
            [
              -72.4349,
              5.8486
            ],
            [
              -72.4586,
              5.8509
            ],
            [
              -72.4618,
              5.847
            ],
            [
              -72.4774,
              5.8399
            ],
            [
              -72.4867,
              5.818
            ],
            [
              -72.5055,
              5.8019
            ],
            [
              -72.526,
              5.7886
            ],
            [
              -72.5413,
              5.7848
            ],
            [
              -72.5493,
              5.7882
            ],
            [
              -72.5662,
              5.7758
            ],
            [
              -72.5836,
              5.7711
            ],
            [
              -72.581,
              5.7417
            ],
            [
              -72.577,
              5.7308
            ],
            [
              -72.5806,
              5.7137
            ],
            [
              -72.5703,
              5.7093
            ],
            [
              -72.5525,
              5.6852
            ],
            [
              -72.5401,
              5.6773
            ],
            [
              -72.5506,
              5.6555
            ],
            [
              -72.5449,
              5.6372
            ],
            [
              -72.5457,
              5.6243
            ],
            [
              -72.5145,
              5.6086
            ],
            [
              -72.5128,
              5.6155
            ],
            [
              -72.4924,
              5.6386
            ],
            [
              -72.4888,
              5.6553
            ],
            [
              -72.4707,
              5.6788
            ],
            [
              -72.4613,
              5.697
            ],
            [
              -72.4449,
              5.6858
            ],
            [
              -72.4244,
              5.6906
            ],
            [
              -72.4169,
              5.6872
            ],
            [
              -72.4024,
              5.6927
            ],
            [
              -72.387,
              5.6815
            ],
            [
              -72.369,
              5.6833
            ],
            [
              -72.3572,
              5.6973
            ],
            [
              -72.3503,
              5.6891
            ],
            [
              -72.3292,
              5.6881
            ],
            [
              -72.3166,
              5.7006
            ],
            [
              -72.3032,
              5.7289
            ],
            [
              -72.2972,
              5.7545
            ]
          ]
        ]
      },
      "properties": {
        "OBJECTID": 268,
        "DPTO_CCDGO": "07",
        "MPIO_CCDGO": "550",
        "name": "07205",
        "MPIO_CRSLC": "1799",
        "MPIO_NANO_": 1993,
        "MPIO_NAREA": 293.13532995,
        "MPIO_CSMBL": "4",
        "MPIO_CCNCT": "15550",
        "MPIO_NANO": 2012,
        "SHAPE_Leng": 0.896273259804,
        "SHAPE_Area": 0.0239169881826,
        "NOMBRE": "PISBA",
        "DANE": {
          "dpto_ccdgo": "15",
          "mpio_ccdgo": "550",
          "mpio_cdpmp": "15550",
          "dpto_cnmbr": "BOYACÁ",
          "mpio_cnmbr": "PISBA",
          "mpio_crslc": "1799",
          "mpio_tipo": "MUNICIPIO",
          "mpio_narea": 464.950746572,
          "mpio_nano": 2024,
          "shape_Leng": 1.01650146102,
          "shape_Area": 0.0379277841115
        }
      }
    },
    {
      "type": "Feature",
      "geometry": {
        "type": "Polygon",
        "coordinates": [
          [
            [
              -74.2661,
              5.8346
            ],
            [
              -74.2743,
              5.8643
            ],
            [
              -74.273,
              5.8721
            ],
            [
              -74.2527,
              5.892
            ],
            [
              -74.2389,
              5.8972
            ],
            [
              -74.228,
              5.9123
            ],
            [
              -74.2246,
              5.9237
            ],
            [
              -74.2352,
              5.9324
            ],
            [
              -74.2388,
              5.9442
            ],
            [
              -74.2222,
              5.9679
            ],
            [
              -74.2387,
              5.988
            ],
            [
              -74.2557,
              6.0025
            ],
            [
              -74.2639,
              6.0304
            ],
            [
              -74.2587,
              6.0655
            ],
            [
              -74.2869,
              6.0825
            ],
            [
              -74.2981,
              6.0841
            ],
            [
              -74.3295,
              6.0644
            ],
            [
              -74.3373,
              6.0644
            ],
            [
              -74.3474,
              6.0389
            ],
            [
              -74.3788,
              6.0396
            ],
            [
              -74.3894,
              6.0563
            ],
            [
              -74.3979,
              6.0608
            ],
            [
              -74.4009,
              6.0791
            ],
            [
              -74.4119,
              6.0885
            ],
            [
              -74.4311,
              6.0873
            ],
            [
              -74.4517,
              6.0993
            ],
            [
              -74.4498,
              6.1091
            ],
            [
              -74.4554,
              6.1264
            ],
            [
              -74.4526,
              6.1357
            ],
            [
              -74.4696,
              6.1544
            ],
            [
              -74.4778,
              6.1566
            ],
            [
              -74.4728,
              6.1799
            ],
            [
              -74.4754,
              6.2041
            ],
            [
              -74.4829,
              6.1998
            ],
            [
              -74.5132,
              6.224
            ],
            [
              -74.5112,
              6.2304
            ],
            [
              -74.5225,
              6.2438
            ],
            [
              -74.5289,
              6.2628
            ],
            [
              -74.5266,
              6.2736
            ],
            [
              -74.5343,
              6.2693
            ],
            [
              -74.5523,
              6.2378
            ],
            [
              -74.5734,
              6.2157
            ],
            [
              -74.5749,
              6.1921
            ],
            [
              -74.5889,
              6.1662
            ],
            [
              -74.5969,
              6.1599
            ],
            [
              -74.6117,
              6.1266
            ],
            [
              -74.6039,
              6.1116
            ],
            [
              -74.5845,
              6.0882
            ],
            [
              -74.5667,
              6.0812
            ],
            [
              -74.5614,
              6.0735
            ],
            [
              -74.5673,
              6.0575
            ],
            [
              -74.5716,
              6.0345
            ],
            [
              -74.5627,
              6.0019
            ],
            [
              -74.569,
              5.9869
            ],
            [
              -74.5786,
              5.983
            ],
            [
              -74.5941,
              5.986
            ],
            [
              -74.6034,
              5.9811
            ],
            [
              -74.6127,
              5.9658
            ],
            [
              -74.6083,
              5.9455
            ],
            [
              -74.5967,
              5.9296
            ],
            [
              -74.5857,
              5.925
            ],
            [
              -74.5854,
              5.9031
            ],
            [
              -74.5904,
              5.8947
            ],
            [
              -74.6124,
              5.8896
            ],
            [
              -74.6339,
              5.8729
            ],
            [
              -74.6405,
              5.8592
            ],
            [
              -74.6518,
              5.8282
            ],
            [
              -74.6471,
              5.8085
            ],
            [
              -74.6533,
              5.7865
            ],
            [
              -74.665,
              5.7685
            ],
            [
              -74.661,
              5.7524
            ],
            [
              -74.652,
              5.7405
            ],
            [
              -74.6396,
              5.7413
            ],
            [
              -74.6384,
              5.7549
            ],
            [
              -74.6261,
              5.7568
            ],
            [
              -74.6015,
              5.7477
            ],
            [
              -74.5786,
              5.7516
            ],
            [
              -74.5511,
              5.765
            ],
            [
              -74.5508,
              5.773
            ],
            [
              -74.5302,
              5.7906
            ],
            [
              -74.5172,
              5.7912
            ],
            [
              -74.5009,
              5.7791
            ],
            [
              -74.4935,
              5.784
            ],
            [
              -74.4856,
              5.7708
            ],
            [
              -74.4812,
              5.776
            ],
            [
              -74.4631,
              5.7746
            ],
            [
              -74.4618,
              5.7664
            ],
            [
              -74.4405,
              5.7654
            ],
            [
              -74.4306,
              5.7583
            ],
            [
              -74.4185,
              5.77
            ],
            [
              -74.3942,
              5.7843
            ],
            [
              -74.3883,
              5.7817
            ],
            [
              -74.3722,
              5.8007
            ],
            [
              -74.3461,
              5.8229
            ],
            [
              -74.334,
              5.8274
            ],
            [
              -74.3178,
              5.8138
            ],
            [
              -74.3153,
              5.8018
            ],
            [
              -74.3028,
              5.7999
            ],
            [
              -74.3014,
              5.7915
            ],
            [
              -74.3117,
              5.7851
            ],
            [
              -74.3071,
              5.7719
            ],
            [
              -74.2969,
              5.7641
            ],
            [
              -74.2722,
              5.7921
            ],
            [
              -74.2702,
              5.8042
            ],
            [
              -74.2618,
              5.8171
            ],
            [
              -74.2661,
              5.8346
            ]
          ]
        ]
      },
      "properties": {
        "OBJECTID": 269,
        "DPTO_CCDGO": "07",
        "MPIO_CCDGO": "572",
        "name": "07214",
        "MPIO_CRSLC": "Decreto 615 del 14 de Diciembre de 1957",
        "MPIO_NANO_": 1993,
        "MPIO_NAREA": 1506.71341563,
        "MPIO_CSMBL": "4",
        "MPIO_CCNCT": "15572",
        "MPIO_NANO": 2012,
        "SHAPE_Leng": 2.52946892253,
        "SHAPE_Area": 0.123047363653,
        "NOMBRE": "PUERTO BOYACA",
        "DANE": {
          "dpto_ccdgo": "15",
          "mpio_ccdgo": "572",
          "mpio_cdpmp": "15572",
          "dpto_cnmbr": "BOYACÁ",
          "mpio_cnmbr": "PUERTO BOYACÁ",
          "mpio_crslc": "Decreto 615 del 14 de Diciembre de 1957",
          "mpio_tipo": "MUNICIPIO",
          "mpio_narea": 1513.60103672,
          "mpio_nano": 2024,
          "shape_Leng": 2.40391521376,
          "shape_Area": 0.123609862445
        }
      }
    },
    {
      "type": "Feature",
      "geometry": {
        "type": "Polygon",
        "coordinates": [
          [
            [
              -74.1616,
              5.5979
            ],
            [
              -74.1798,
              5.5943
            ],
            [
              -74.1937,
              5.5767
            ],
            [
              -74.2026,
              5.5859
            ],
            [
              -74.2066,
              5.6076
            ],
            [
              -74.2208,
              5.6094
            ],
            [
              -74.2235,
              5.618
            ],
            [
              -74.2463,
              5.6252
            ],
            [
              -74.2565,
              5.6387
            ],
            [
              -74.2689,
              5.631
            ],
            [
              -74.3062,
              5.6384
            ],
            [
              -74.3102,
              5.6189
            ],
            [
              -74.3021,
              5.5853
            ],
            [
              -74.2917,
              5.5692
            ],
            [
              -74.2725,
              5.5605
            ],
            [
              -74.2596,
              5.5598
            ],
            [
              -74.2403,
              5.5392
            ],
            [
              -74.2194,
              5.5453
            ],
            [
              -74.2129,
              5.5553
            ],
            [
              -74.1989,
              5.5342
            ],
            [
              -74.2041,
              5.5227
            ],
            [
              -74.217,
              5.5225
            ],
            [
              -74.2241,
              5.5158
            ],
            [
              -74.2154,
              5.4977
            ],
            [
              -74.2019,
              5.497
            ],
            [
              -74.1824,
              5.4637
            ],
            [
              -74.1776,
              5.4596
            ],
            [
              -74.1753,
              5.4622
            ],
            [
              -74.1732,
              5.4735
            ],
            [
              -74.157,
              5.4782
            ],
            [
              -74.1437,
              5.4996
            ],
            [
              -74.1347,
              5.5049
            ],
            [
              -74.1292,
              5.5268
            ],
            [
              -74.1426,
              5.5335
            ],
            [
              -74.1553,
              5.548
            ],
            [
              -74.1645,
              5.5832
            ],
            [
              -74.1616,
              5.5979
            ]
          ]
        ]
      },
      "properties": {
        "OBJECTID": 270,
        "DPTO_CCDGO": "07",
        "MPIO_CCDGO": "580",
        "name": "07215",
        "MPIO_CRSLC": "Ordenanza 28 de Diciembre 2 de 1986",
        "MPIO_NANO_": 1993,
        "MPIO_NAREA": 159.13526854,
        "MPIO_CSMBL": "4",
        "MPIO_CCNCT": "15580",
        "MPIO_NANO": 2012,
        "SHAPE_Leng": 0.808287133349,
        "SHAPE_Area": 0.0129876672317,
        "NOMBRE": "QUIPAMA",
        "DANE": {
          "dpto_ccdgo": "15",
          "mpio_ccdgo": "580",
          "mpio_cdpmp": "15580",
          "dpto_cnmbr": "BOYACÁ",
          "mpio_cnmbr": "QUÍPAMA",
          "mpio_crslc": "Ordenanza 28 de Diciembre 2 de 1986",
          "mpio_tipo": "MUNICIPIO",
          "mpio_narea": 167.326859074,
          "mpio_nano": 2024,
          "shape_Leng": 0.830110613049,
          "shape_Area": 0.0136562717265
        }
      }
    },
    {
      "type": "Feature",
      "geometry": {
        "type": "Polygon",
        "coordinates": [
          [
            [
              -73.3152,
              5.4433
            ],
            [
              -73.3203,
              5.45
            ],
            [
              -73.3346,
              5.4414
            ],
            [
              -73.352,
              5.4321
            ],
            [
              -73.3475,
              5.4144
            ],
            [
              -73.36,
              5.3904
            ],
            [
              -73.3655,
              5.3646
            ],
            [
              -73.3331,
              5.3485
            ],
            [
              -73.333,
              5.3359
            ],
            [
              -73.3245,
              5.3253
            ],
            [
              -73.3364,
              5.3145
            ],
            [
              -73.3263,
              5.2934
            ],
            [
              -73.3086,
              5.2751
            ],
            [
              -73.3296,
              5.2617
            ],
            [
              -73.3198,
              5.2464
            ],
            [
              -73.3197,
              5.2311
            ],
            [
              -73.3096,
              5.2276
            ],
            [
              -73.3035,
              5.2174
            ],
            [
              -73.2835,
              5.2067
            ],
            [
              -73.2757,
              5.2139
            ],
            [
              -73.2564,
              5.2196
            ],
            [
              -73.2575,
              5.2366
            ],
            [
              -73.2793,
              5.2453
            ],
            [
              -73.2777,
              5.257
            ],
            [
              -73.285,
              5.2658
            ],
            [
              -73.2859,
              5.2874
            ],
            [
              -73.2727,
              5.2991
            ],
            [
              -73.2754,
              5.3057
            ],
            [
              -73.2642,
              5.3202
            ],
            [
              -73.2816,
              5.3307
            ],
            [
              -73.2856,
              5.3497
            ],
            [
              -73.2984,
              5.3622
            ],
            [
              -73.3226,
              5.392
            ],
            [
              -73.319,
              5.4066
            ],
            [
              -73.3301,
              5.4144
            ],
            [
              -73.3152,
              5.4433
            ]
          ]
        ]
      },
      "properties": {
        "OBJECTID": 271,
        "DPTO_CCDGO": "07",
        "MPIO_CCDGO": "599",
        "name": "07217",
        "MPIO_CRSLC": "1754",
        "MPIO_NANO_": 1993,
        "MPIO_NAREA": 121.71974352,
        "MPIO_CSMBL": "4",
        "MPIO_CCNCT": "15599",
        "MPIO_NANO": 2012,
        "SHAPE_Leng": 0.748816059902,
        "SHAPE_Area": 0.00992848538501,
        "NOMBRE": "RAMIRIQUI",
        "DANE": {
          "dpto_ccdgo": "15",
          "mpio_ccdgo": "599",
          "mpio_cdpmp": "15599",
          "dpto_cnmbr": "BOYACÁ",
          "mpio_cnmbr": "RAMIRIQUÍ",
          "mpio_crslc": "1754",
          "mpio_tipo": "MUNICIPIO",
          "mpio_narea": 125.683802291,
          "mpio_nano": 2024,
          "shape_Leng": 0.766956900939,
          "shape_Area": 0.0102518284709
        }
      }
    },
    {
      "type": "Feature",
      "geometry": {
        "type": "Polygon",
        "coordinates": [
          [
            [
              -73.5803,
              5.5899
            ],
            [
              -73.5964,
              5.5867
            ],
            [
              -73.6125,
              5.5728
            ],
            [
              -73.6246,
              5.5698
            ],
            [
              -73.6365,
              5.5633
            ],
            [
              -73.645,
              5.552
            ],
            [
              -73.6537,
              5.551
            ],
            [
              -73.6646,
              5.5384
            ],
            [
              -73.6785,
              5.5419
            ],
            [
              -73.6928,
              5.5252
            ],
            [
              -73.6862,
              5.5173
            ],
            [
              -73.7096,
              5.4914
            ],
            [
              -73.7249,
              5.4864
            ],
            [
              -73.7435,
              5.471
            ],
            [
              -73.7284,
              5.4792
            ],
            [
              -73.718,
              5.4763
            ],
            [
              -73.7195,
              5.4588
            ],
            [
              -73.7068,
              5.4559
            ],
            [
              -73.6967,
              5.4468
            ],
            [
              -73.6791,
              5.454
            ],
            [
              -73.6784,
              5.4348
            ],
            [
              -73.6553,
              5.4262
            ],
            [
              -73.6495,
              5.4149
            ],
            [
              -73.6409,
              5.4179
            ],
            [
              -73.6185,
              5.4048
            ],
            [
              -73.6153,
              5.4101
            ],
            [
              -73.5931,
              5.4225
            ],
            [
              -73.6004,
              5.4309
            ],
            [
              -73.6007,
              5.4486
            ],
            [
              -73.5947,
              5.4664
            ],
            [
              -73.5754,
              5.4678
            ],
            [
              -73.5684,
              5.4779
            ],
            [
              -73.5585,
              5.4782
            ],
            [
              -73.5498,
              5.4903
            ],
            [
              -73.5368,
              5.5003
            ],
            [
              -73.5552,
              5.509
            ],
            [
              -73.5499,
              5.5219
            ],
            [
              -73.5749,
              5.5614
            ],
            [
              -73.5755,
              5.5832
            ],
            [
              -73.5803,
              5.5899
            ]
          ]
        ]
      },
      "properties": {
        "OBJECTID": 272,
        "DPTO_CCDGO": "07",
        "MPIO_CCDGO": "600",
        "name": "07220",
        "MPIO_CRSLC": "1780",
        "MPIO_NANO_": 1993,
        "MPIO_NAREA": 215.50592821,
        "MPIO_CSMBL": "4",
        "MPIO_CCNCT": "15600",
        "MPIO_NANO": 2012,
        "SHAPE_Leng": 0.726678149689,
        "SHAPE_Area": 0.0175855229144,
        "NOMBRE": "RAQUIRA",
        "DANE": {
          "dpto_ccdgo": "15",
          "mpio_ccdgo": "600",
          "mpio_cdpmp": "15600",
          "dpto_cnmbr": "BOYACÁ",
          "mpio_cnmbr": "RÁQUIRA",
          "mpio_crslc": "1780",
          "mpio_tipo": "MUNICIPIO",
          "mpio_narea": 220.666370223,
          "mpio_nano": 2024,
          "shape_Leng": 0.781180067811,
          "shape_Area": 0.0180066165694
        }
      }
    },
    {
      "type": "Feature",
      "geometry": {
        "type": "Polygon",
        "coordinates": [
          [
            [
              -73.1263,
              5.3573
            ],
            [
              -73.1321,
              5.3684
            ],
            [
              -73.1215,
              5.3853
            ],
            [
              -73.1306,
              5.401
            ],
            [
              -73.1415,
              5.4121
            ],
            [
              -73.1325,
              5.4308
            ],
            [
              -73.1241,
              5.4563
            ],
            [
              -73.1473,
              5.4821
            ],
            [
              -73.1639,
              5.4794
            ],
            [
              -73.1747,
              5.4675
            ],
            [
              -73.2041,
              5.4568
            ],
            [
              -73.2157,
              5.4402
            ],
            [
              -73.212,
              5.4262
            ],
            [
              -73.222,
              5.4069
            ],
            [
              -73.243,
              5.3767
            ],
            [
              -73.2856,
              5.3497
            ],
            [
              -73.2816,
              5.3307
            ],
            [
              -73.2642,
              5.3202
            ],
            [
              -73.2754,
              5.3057
            ],
            [
              -73.2727,
              5.2991
            ],
            [
              -73.2607,
              5.2877
            ],
            [
              -73.2336,
              5.2851
            ],
            [
              -73.2199,
              5.3007
            ],
            [
              -73.1579,
              5.3508
            ],
            [
              -73.1431,
              5.3463
            ],
            [
              -73.1263,
              5.3573
            ]
          ]
        ]
      },
      "properties": {
        "OBJECTID": 273,
        "DPTO_CCDGO": "07",
        "MPIO_CCDGO": "621",
        "name": "07223",
        "MPIO_CRSLC": "1904",
        "MPIO_NANO_": 1993,
        "MPIO_NAREA": 199.38289225,
        "MPIO_CSMBL": "4",
        "MPIO_CCNCT": "15621",
        "MPIO_NANO": 2012,
        "SHAPE_Leng": 0.637748501733,
        "SHAPE_Area": 0.0162640217535,
        "NOMBRE": "RONDON",
        "DANE": {
          "dpto_ccdgo": "15",
          "mpio_ccdgo": "621",
          "mpio_cdpmp": "15621",
          "dpto_cnmbr": "BOYACÁ",
          "mpio_cnmbr": "RONDÓN",
          "mpio_crslc": "1904",
          "mpio_tipo": "MUNICIPIO",
          "mpio_narea": 206.363429709,
          "mpio_nano": 2024,
          "shape_Leng": 0.681104141826,
          "shape_Area": 0.0168333729835
        }
      }
    },
    {
      "type": "Feature",
      "geometry": {
        "type": "Polygon",
        "coordinates": [
          [
            [
              -73.6518,
              5.7124
            ],
            [
              -73.6637,
              5.7281
            ],
            [
              -73.6729,
              5.7483
            ],
            [
              -73.6937,
              5.7577
            ],
            [
              -73.7109,
              5.7765
            ],
            [
              -73.7305,
              5.77
            ],
            [
              -73.749,
              5.7687
            ],
            [
              -73.7627,
              5.7732
            ],
            [
              -73.7943,
              5.7294
            ],
            [
              -73.8125,
              5.715
            ],
            [
              -73.8192,
              5.7154
            ],
            [
              -73.8192,
              5.7375
            ],
            [
              -73.8371,
              5.7397
            ],
            [
              -73.854,
              5.7264
            ],
            [
              -73.862,
              5.711
            ],
            [
              -73.8802,
              5.7076
            ],
            [
              -73.8863,
              5.69
            ],
            [
              -73.866,
              5.6933
            ],
            [
              -73.8577,
              5.7074
            ],
            [
              -73.8491,
              5.709
            ],
            [
              -73.8318,
              5.694
            ],
            [
              -73.8349,
              5.6669
            ],
            [
              -73.8061,
              5.6412
            ],
            [
              -73.7943,
              5.6419
            ],
            [
              -73.7799,
              5.6337
            ],
            [
              -73.7526,
              5.6463
            ],
            [
              -73.7355,
              5.6418
            ],
            [
              -73.7252,
              5.6335
            ],
            [
              -73.6861,
              5.6296
            ],
            [
              -73.6808,
              5.6366
            ],
            [
              -73.6703,
              5.6664
            ],
            [
              -73.6696,
              5.6758
            ],
            [
              -73.6565,
              5.692
            ],
            [
              -73.6532,
              5.7025
            ],
            [
              -73.6518,
              5.7124
            ]
          ]
        ]
      },
      "properties": {
        "OBJECTID": 274,
        "DPTO_CCDGO": "07",
        "MPIO_CCDGO": "632",
        "name": "07226",
        "MPIO_CRSLC": "1784",
        "MPIO_NANO_": 1993,
        "MPIO_NAREA": 248.71220426,
        "MPIO_CSMBL": "4",
        "MPIO_CCNCT": "15632",
        "MPIO_NANO": 2012,
        "SHAPE_Leng": 0.785214437621,
        "SHAPE_Area": 0.0203026440176,
        "NOMBRE": "SABOYA",
        "DANE": {
          "dpto_ccdgo": "15",
          "mpio_ccdgo": "632",
          "mpio_cdpmp": "15632",
          "dpto_cnmbr": "BOYACÁ",
          "mpio_cnmbr": "SABOYÁ",
          "mpio_crslc": "1784",
          "mpio_tipo": "MUNICIPIO",
          "mpio_narea": 248.651960673,
          "mpio_nano": 2024,
          "shape_Leng": 0.792257118796,
          "shape_Area": 0.0202977191926
        }
      }
    },
    {
      "type": "Feature",
      "geometry": {
        "type": "Polygon",
        "coordinates": [
          [
            [
              -73.5163,
              5.601
            ],
            [
              -73.525,
              5.6068
            ],
            [
              -73.547,
              5.5985
            ],
            [
              -73.5641,
              5.6187
            ],
            [
              -73.566,
              5.6323
            ],
            [
              -73.582,
              5.6279
            ],
            [
              -73.5768,
              5.6026
            ],
            [
              -73.5803,
              5.5899
            ],
            [
              -73.5755,
              5.5832
            ],
            [
              -73.5749,
              5.5614
            ],
            [
              -73.5499,
              5.5219
            ],
            [
              -73.5429,
              5.528
            ],
            [
              -73.5192,
              5.534
            ],
            [
              -73.4989,
              5.5595
            ],
            [
              -73.5027,
              5.5772
            ],
            [
              -73.5117,
              5.5829
            ],
            [
              -73.5163,
              5.601
            ]
          ]
        ]
      },
      "properties": {
        "OBJECTID": 275,
        "DPTO_CCDGO": "07",
        "MPIO_CCDGO": "638",
        "name": "07232",
        "MPIO_CRSLC": "1809",
        "MPIO_NANO_": 1993,
        "MPIO_NAREA": 64.1803227,
        "MPIO_CSMBL": "4",
        "MPIO_CCNCT": "15638",
        "MPIO_NANO": 2012,
        "SHAPE_Leng": 0.363437546401,
        "SHAPE_Area": 0.0052377250827,
        "NOMBRE": "SACHICA",
        "DANE": {
          "dpto_ccdgo": "15",
          "mpio_ccdgo": "638",
          "mpio_cdpmp": "15638",
          "dpto_cnmbr": "BOYACÁ",
          "mpio_cnmbr": "SÁCHICA",
          "mpio_crslc": "1809",
          "mpio_tipo": "MUNICIPIO",
          "mpio_narea": 63.9272582748,
          "mpio_nano": 2024,
          "shape_Leng": 0.386354543584,
          "shape_Area": 0.00521706467747
        }
      }
    },
    {
      "type": "Feature",
      "geometry": {
        "type": "Polygon",
        "coordinates": [
          [
            [
              -73.4907,
              5.549
            ],
            [
              -73.4989,
              5.5595
            ],
            [
              -73.5192,
              5.534
            ],
            [
              -73.5429,
              5.528
            ],
            [
              -73.5499,
              5.5219
            ],
            [
              -73.5552,
              5.509
            ],
            [
              -73.5368,
              5.5003
            ],
            [
              -73.5498,
              5.4903
            ],
            [
              -73.5585,
              5.4782
            ],
            [
              -73.5684,
              5.4779
            ],
            [
              -73.5754,
              5.4678
            ],
            [
              -73.5947,
              5.4664
            ],
            [
              -73.6007,
              5.4486
            ],
            [
              -73.6004,
              5.4309
            ],
            [
              -73.5931,
              5.4225
            ],
            [
              -73.6153,
              5.4101
            ],
            [
              -73.6185,
              5.4048
            ],
            [
              -73.5926,
              5.3984
            ],
            [
              -73.5757,
              5.4069
            ],
            [
              -73.5539,
              5.4068
            ],
            [
              -73.5415,
              5.4207
            ],
            [
              -73.5227,
              5.4219
            ],
            [
              -73.4964,
              5.4388
            ],
            [
              -73.4782,
              5.4267
            ],
            [
              -73.4584,
              5.4468
            ],
            [
              -73.4473,
              5.4691
            ],
            [
              -73.4323,
              5.4859
            ],
            [
              -73.4509,
              5.4959
            ],
            [
              -73.4579,
              5.5165
            ],
            [
              -73.4652,
              5.5159
            ],
            [
              -73.4915,
              5.5355
            ],
            [
              -73.4907,
              5.549
            ]
          ]
        ]
      },
      "properties": {
        "OBJECTID": 276,
        "DPTO_CCDGO": "07",
        "MPIO_CCDGO": "646",
        "name": "07235",
        "MPIO_CRSLC": "1556",
        "MPIO_NANO_": 1993,
        "MPIO_NAREA": 173.30965527,
        "MPIO_CSMBL": "4",
        "MPIO_CCNCT": "15646",
        "MPIO_NANO": 2012,
        "SHAPE_Leng": 0.688949002427,
        "SHAPE_Area": 0.0141411951766,
        "NOMBRE": "SAMACA",
        "DANE": {
          "dpto_ccdgo": "15",
          "mpio_ccdgo": "646",
          "mpio_cdpmp": "15646",
          "dpto_cnmbr": "BOYACÁ",
          "mpio_cnmbr": "SAMACÁ",
          "mpio_crslc": "1556",
          "mpio_tipo": "MUNICIPIO",
          "mpio_narea": 167.586236764,
          "mpio_nano": 2024,
          "shape_Leng": 0.663348841372,
          "shape_Area": 0.0136741953647
        }
      }
    },
    {
      "type": "Feature",
      "geometry": {
        "type": "Polygon",
        "coordinates": [
          [
            [
              -73.0101,
              5.2145
            ],
            [
              -72.9952,
              5.2456
            ],
            [
              -72.9973,
              5.2584
            ],
            [
              -73.0112,
              5.2622
            ],
            [
              -73.0286,
              5.288
            ],
            [
              -73.028,
              5.2999
            ],
            [
              -73.0416,
              5.3124
            ],
            [
              -73.058,
              5.3081
            ],
            [
              -73.0639,
              5.3006
            ],
            [
              -73.0674,
              5.2711
            ],
            [
              -73.0735,
              5.2597
            ],
            [
              -73.1017,
              5.2401
            ],
            [
              -73.105,
              5.2208
            ],
            [
              -73.1017,
              5.2099
            ],
            [
              -73.0743,
              5.1978
            ],
            [
              -73.0665,
              5.1858
            ],
            [
              -73.0725,
              5.1689
            ],
            [
              -73.0569,
              5.1616
            ],
            [
              -73.0346,
              5.1738
            ],
            [
              -73.0283,
              5.1877
            ],
            [
              -73.0101,
              5.2145
            ]
          ]
        ]
      },
      "properties": {
        "OBJECTID": 277,
        "DPTO_CCDGO": "07",
        "MPIO_CCDGO": "660",
        "name": "07237",
        "MPIO_CRSLC": "Ordenanza 13 de  Diciembre de 1965",
        "MPIO_NANO_": 1993,
        "MPIO_NAREA": 106.30515225,
        "MPIO_CSMBL": "4",
        "MPIO_CCNCT": "15660",
        "MPIO_NANO": 2012,
        "SHAPE_Leng": 0.4487516501,
        "SHAPE_Area": 0.00866875053296,
        "NOMBRE": "SAN EDUARDO",
        "DANE": {
          "dpto_ccdgo": "15",
          "mpio_ccdgo": "660",
          "mpio_cdpmp": "15660",
          "dpto_cnmbr": "BOYACÁ",
          "mpio_cnmbr": "SAN EDUARDO",
          "mpio_crslc": "Ordenanza 13 de  Diciembre de 1965",
          "mpio_tipo": "MUNICIPIO",
          "mpio_narea": 109.469601663,
          "mpio_nano": 2024,
          "shape_Leng": 0.434471029265,
          "shape_Area": 0.00892678699024
        }
      }
    },
    {
      "type": "Feature",
      "geometry": {
        "type": "Polygon",
        "coordinates": [
          [
            [
              -73.5319,
              6.0492
            ],
            [
              -73.5371,
              6.042
            ],
            [
              -73.5478,
              6.0319
            ],
            [
              -73.5595,
              6.029
            ],
            [
              -73.5655,
              6.0183
            ],
            [
              -73.582,
              6.012
            ],
            [
              -73.5882,
              5.9977
            ],
            [
              -73.5932,
              5.9594
            ],
            [
              -73.5846,
              5.9533
            ],
            [
              -73.5752,
              5.9573
            ],
            [
              -73.5499,
              5.9507
            ],
            [
              -73.5328,
              5.9607
            ],
            [
              -73.5215,
              5.9715
            ],
            [
              -73.5134,
              5.9716
            ],
            [
              -73.496,
              5.9869
            ],
            [
              -73.486,
              6.0017
            ],
            [
              -73.508,
              6.026
            ],
            [
              -73.5204,
              6.0289
            ],
            [
              -73.5319,
              6.0492
            ]
          ]
        ]
      },
      "properties": {
        "OBJECTID": 278,
        "DPTO_CCDGO": "07",
        "MPIO_CCDGO": "664",
        "name": "07238",
        "MPIO_CRSLC": "1776",
        "MPIO_NANO_": 1993,
        "MPIO_NAREA": 74.50540757,
        "MPIO_CSMBL": "4",
        "MPIO_CCNCT": "15664",
        "MPIO_NANO": 2012,
        "SHAPE_Leng": 0.370937074894,
        "SHAPE_Area": 0.00608474579878,
        "NOMBRE": "SAN JOSE DE PARE",
        "DANE": {
          "dpto_ccdgo": "15",
          "mpio_ccdgo": "664",
          "mpio_cdpmp": "15664",
          "dpto_cnmbr": "BOYACÁ",
          "mpio_cnmbr": "SAN JOSÉ DE PARE",
          "mpio_crslc": "1776",
          "mpio_tipo": "MUNICIPIO",
          "mpio_narea": 74.4035503165,
          "mpio_nano": 2024,
          "shape_Leng": 0.362712229796,
          "shape_Area": 0.00607642809911
        }
      }
    },
    {
      "type": "Feature",
      "geometry": {
        "type": "Polygon",
        "coordinates": [
          [
            [
              -73.0289,
              4.9921
            ],
            [
              -73.0373,
              4.9879
            ],
            [
              -73.0614,
              4.9881
            ],
            [
              -73.08,
              4.9723
            ],
            [
              -73.1067,
              4.9558
            ],
            [
              -73.1322,
              4.934
            ],
            [
              -73.1414,
              4.9219
            ],
            [
              -73.1746,
              4.8961
            ],
            [
              -73.1844,
              4.8722
            ],
            [
              -73.2,
              4.8624
            ],
            [
              -73.2212,
              4.8555
            ],
            [
              -73.2143,
              4.8347
            ],
            [
              -73.2062,
              4.8294
            ],
            [
              -73.205,
              4.8177
            ],
            [
              -73.2113,
              4.801
            ],
            [
              -73.2286,
              4.7965
            ],
            [
              -73.2394,
              4.7885
            ],
            [
              -73.2326,
              4.7784
            ],
            [
              -73.2022,
              4.7783
            ],
            [
              -73.1929,
              4.7689
            ],
            [
              -73.1822,
              4.7434
            ],
            [
              -73.1703,
              4.7318
            ],
            [
              -73.192,
              4.7113
            ],
            [
              -73.2065,
              4.6911
            ],
            [
              -73.2079,
              4.6806
            ],
            [
              -73.1935,
              4.6721
            ],
            [
              -73.1596,
              4.6624
            ],
            [
              -73.1473,
              4.6553
            ],
            [
              -73.1209,
              4.6714
            ],
            [
              -73.1057,
              4.6598
            ],
            [
              -73.0914,
              4.6762
            ],
            [
              -73.0898,
              4.6931
            ],
            [
              -73.0796,
              4.7044
            ],
            [
              -73.0721,
              4.7199
            ],
            [
              -73.0786,
              4.7265
            ],
            [
              -73.0712,
              4.7399
            ],
            [
              -73.0621,
              4.7318
            ],
            [
              -73.0526,
              4.7363
            ],
            [
              -73.0457,
              4.758
            ],
            [
              -73.0601,
              4.7788
            ],
            [
              -73.0701,
              4.8022
            ],
            [
              -73.0778,
              4.8097
            ],
            [
              -73.0692,
              4.8269
            ],
            [
              -73.0682,
              4.8382
            ],
            [
              -73.0524,
              4.8605
            ],
            [
              -73.0508,
              4.8713
            ],
            [
              -73.0414,
              4.879
            ],
            [
              -73.0476,
              4.9018
            ],
            [
              -73.0491,
              4.9223
            ],
            [
              -73.0391,
              4.9458
            ],
            [
              -73.0357,
              4.962
            ],
            [
              -73.0294,
              4.9699
            ],
            [
              -73.0305,
              4.9823
            ],
            [
              -73.0289,
              4.9921
            ]
          ]
        ]
      },
      "properties": {
        "OBJECTID": 279,
        "DPTO_CCDGO": "07",
        "MPIO_CCDGO": "667",
        "name": "07241",
        "MPIO_CRSLC": "Ordenanza 28 de Diciembre de 1961",
        "MPIO_NANO_": 1993,
        "MPIO_NAREA": 470.5056473,
        "MPIO_CSMBL": "4",
        "MPIO_CCNCT": "15667",
        "MPIO_NANO": 2012,
        "SHAPE_Leng": 1.14463185652,
        "SHAPE_Area": 0.0383454670167,
        "NOMBRE": "SAN LUIS DE GACENO",
        "DANE": {
          "dpto_ccdgo": "15",
          "mpio_ccdgo": "667",
          "mpio_cdpmp": "15667",
          "dpto_cnmbr": "BOYACÁ",
          "mpio_cnmbr": "SAN LUIS DE GACENO",
          "mpio_crslc": "Ordenanza 28 de Diciembre de 1961",
          "mpio_tipo": "MUNICIPIO",
          "mpio_narea": 469.845496076,
          "mpio_nano": 2024,
          "shape_Leng": 1.14831954602,
          "shape_Area": 0.0382916624724
        }
      }
    },
    {
      "type": "Feature",
      "geometry": {
        "type": "Polygon",
        "coordinates": [
          [
            [
              -72.4968,
              6.4008
            ],
            [
              -72.5025,
              6.3977
            ],
            [
              -72.5314,
              6.4201
            ],
            [
              -72.5479,
              6.4259
            ],
            [
              -72.5565,
              6.4452
            ],
            [
              -72.5535,
              6.4697
            ],
            [
              -72.5483,
              6.4871
            ],
            [
              -72.5681,
              6.4836
            ],
            [
              -72.583,
              6.4764
            ],
            [
              -72.6027,
              6.4516
            ],
            [
              -72.6234,
              6.4407
            ],
            [
              -72.6258,
              6.4231
            ],
            [
              -72.6224,
              6.4139
            ],
            [
              -72.6027,
              6.4108
            ],
            [
              -72.5972,
              6.3924
            ],
            [
              -72.5971,
              6.3793
            ],
            [
              -72.588,
              6.3607
            ],
            [
              -72.5758,
              6.3506
            ],
            [
              -72.5402,
              6.3531
            ],
            [
              -72.5177,
              6.3492
            ],
            [
              -72.508,
              6.3662
            ],
            [
              -72.4908,
              6.3692
            ],
            [
              -72.4813,
              6.3769
            ],
            [
              -72.4855,
              6.3908
            ],
            [
              -72.4968,
              6.4008
            ]
          ]
        ]
      },
      "properties": {
        "OBJECTID": 280,
        "DPTO_CCDGO": "07",
        "MPIO_CCDGO": "673",
        "name": "07247",
        "MPIO_CRSLC": "1777",
        "MPIO_NANO_": 1993,
        "MPIO_NAREA": 121.28247894,
        "MPIO_CSMBL": "4",
        "MPIO_CCNCT": "15673",
        "MPIO_NANO": 2012,
        "SHAPE_Leng": 0.512396850919,
        "SHAPE_Area": 0.0099067704914,
        "NOMBRE": "SAN MATEO",
        "DANE": {
          "dpto_ccdgo": "15",
          "mpio_ccdgo": "673",
          "mpio_cdpmp": "15673",
          "dpto_cnmbr": "BOYACÁ",
          "mpio_cnmbr": "SAN MATEO",
          "mpio_crslc": "1777",
          "mpio_tipo": "MUNICIPIO",
          "mpio_narea": 123.879471827,
          "mpio_nano": 2024,
          "shape_Leng": 0.53496414085,
          "shape_Area": 0.0101185762783
        }
      }
    },
    {
      "type": "Feature",
      "geometry": {
        "type": "Polygon",
        "coordinates": [
          [
            [
              -73.7161,
              5.5902
            ],
            [
              -73.7208,
              5.577
            ],
            [
              -73.7297,
              5.5813
            ],
            [
              -73.7533,
              5.5769
            ],
            [
              -73.7687,
              5.5926
            ],
            [
              -73.7797,
              5.5951
            ],
            [
              -73.7868,
              5.5747
            ],
            [
              -73.7895,
              5.553
            ],
            [
              -73.7916,
              5.5315
            ],
            [
              -73.7869,
              5.5106
            ],
            [
              -73.7827,
              5.4998
            ],
            [
              -73.7688,
              5.4866
            ],
            [
              -73.7471,
              5.4896
            ],
            [
              -73.7435,
              5.471
            ],
            [
              -73.7249,
              5.4864
            ],
            [
              -73.7096,
              5.4914
            ],
            [
              -73.6862,
              5.5173
            ],
            [
              -73.6928,
              5.5252
            ],
            [
              -73.7043,
              5.5273
            ],
            [
              -73.7093,
              5.5357
            ],
            [
              -73.7199,
              5.537
            ],
            [
              -73.7218,
              5.5532
            ],
            [
              -73.7131,
              5.5778
            ],
            [
              -73.7161,
              5.5902
            ]
          ]
        ]
      },
      "properties": {
        "OBJECTID": 281,
        "DPTO_CCDGO": "07",
        "MPIO_CCDGO": "676",
        "name": "07248",
        "MPIO_CRSLC": "Ordenanza 24 de Diciembre 9 de 1959",
        "MPIO_NANO_": 1993,
        "MPIO_NAREA": 94.63651141,
        "MPIO_CSMBL": "4",
        "MPIO_CCNCT": "15676",
        "MPIO_NANO": 2012,
        "SHAPE_Leng": 0.463190680116,
        "SHAPE_Area": 0.00772310439039,
        "NOMBRE": "SAN MIGUEL DE SEMA",
        "DANE": {
          "dpto_ccdgo": "15",
          "mpio_ccdgo": "676",
          "mpio_cdpmp": "15676",
          "dpto_cnmbr": "BOYACÁ",
          "mpio_cnmbr": "SAN MIGUEL DE SEMA",
          "mpio_crslc": "Ordenanza 24 de Diciembre 9 de 1959",
          "mpio_tipo": "MUNICIPIO",
          "mpio_narea": 93.9980690539,
          "mpio_nano": 2024,
          "shape_Leng": 0.464967816452,
          "shape_Area": 0.00767101534532
        }
      }
    },
    {
      "type": "Feature",
      "geometry": {
        "type": "Polygon",
        "coordinates": [
          [
            [
              -74.0607,
              5.6492
            ],
            [
              -74.0399,
              5.6903
            ],
            [
              -74.0385,
              5.7063
            ],
            [
              -74.0517,
              5.7227
            ],
            [
              -74.0593,
              5.724
            ],
            [
              -74.085,
              5.7398
            ],
            [
              -74.0926,
              5.7597
            ],
            [
              -74.1273,
              5.7486
            ],
            [
              -74.1391,
              5.7523
            ],
            [
              -74.1579,
              5.7404
            ],
            [
              -74.1614,
              5.7267
            ],
            [
              -74.1701,
              5.7202
            ],
            [
              -74.1737,
              5.7054
            ],
            [
              -74.1708,
              5.6894
            ],
            [
              -74.1755,
              5.664
            ],
            [
              -74.1692,
              5.6414
            ],
            [
              -74.1635,
              5.6327
            ],
            [
              -74.1655,
              5.6185
            ],
            [
              -74.1589,
              5.5961
            ],
            [
              -74.132,
              5.597
            ],
            [
              -74.1228,
              5.6073
            ],
            [
              -74.0886,
              5.6032
            ],
            [
              -74.0873,
              5.6086
            ],
            [
              -74.0672,
              5.6313
            ],
            [
              -74.0607,
              5.6492
            ]
          ]
        ]
      },
      "properties": {
        "OBJECTID": 282,
        "DPTO_CCDGO": "07",
        "MPIO_CCDGO": "681",
        "name": "07249",
        "MPIO_CRSLC": "Ordenanza 24 de Diciembre 9 de 1959",
        "MPIO_NANO_": 1993,
        "MPIO_NAREA": 195.68515408,
        "MPIO_CSMBL": "4",
        "MPIO_CCNCT": "15681",
        "MPIO_NANO": 2012,
        "SHAPE_Leng": 0.627020258952,
        "SHAPE_Area": 0.0159739027245,
        "NOMBRE": "SAN PABLO DE BORBUR",
        "DANE": {
          "dpto_ccdgo": "15",
          "mpio_ccdgo": "681",
          "mpio_cdpmp": "15681",
          "dpto_cnmbr": "BOYACÁ",
          "mpio_cnmbr": "SAN PABLO DE BORBUR",
          "mpio_crslc": "Ordenanza 24 de Diciembre 9 de 1959",
          "mpio_tipo": "MUNICIPIO",
          "mpio_narea": 195.90435675,
          "mpio_nano": 2024,
          "shape_Leng": 0.642192080272,
          "shape_Area": 0.0159917949966
        }
      }
    },
    {
      "type": "Feature",
      "geometry": {
        "type": "Polygon",
        "coordinates": [
          [
            [
              -73.454,
              6.0791
            ],
            [
              -73.4715,
              6.0951
            ],
            [
              -73.4974,
              6.108
            ],
            [
              -73.5132,
              6.0995
            ],
            [
              -73.5139,
              6.0873
            ],
            [
              -73.5256,
              6.0777
            ],
            [
              -73.5319,
              6.0492
            ],
            [
              -73.5204,
              6.0289
            ],
            [
              -73.508,
              6.026
            ],
            [
              -73.486,
              6.0017
            ],
            [
              -73.4715,
              6.0233
            ],
            [
              -73.4508,
              6.0464
            ],
            [
              -73.4472,
              6.0648
            ],
            [
              -73.454,
              6.0791
            ]
          ]
        ]
      },
      "properties": {
        "OBJECTID": 283,
        "DPTO_CCDGO": "07",
        "MPIO_CCDGO": "686",
        "name": "07250",
        "MPIO_CRSLC": "1780",
        "MPIO_NANO_": 1993,
        "MPIO_NAREA": 69.09544287,
        "MPIO_CSMBL": "4",
        "MPIO_CCNCT": "15686",
        "MPIO_NANO": 2012,
        "SHAPE_Leng": 0.339309560836,
        "SHAPE_Area": 0.00564345776626,
        "NOMBRE": "SANTANA",
        "DANE": {
          "dpto_ccdgo": "15",
          "mpio_ccdgo": "686",
          "mpio_cdpmp": "15686",
          "dpto_cnmbr": "BOYACÁ",
          "mpio_cnmbr": "SANTANA",
          "mpio_crslc": "1780",
          "mpio_tipo": "MUNICIPIO",
          "mpio_narea": 67.9638235119,
          "mpio_nano": 2024,
          "shape_Leng": 0.320472343856,
          "shape_Area": 0.00555103539195
        }
      }
    },
    {
      "type": "Feature",
      "geometry": {
        "type": "Polygon",
        "coordinates": [
          [
            [
              -73.1746,
              4.8961
            ],
            [
              -73.1984,
              4.9131
            ],
            [
              -73.2118,
              4.9067
            ],
            [
              -73.2183,
              4.9147
            ],
            [
              -73.2105,
              4.9317
            ],
            [
              -73.2229,
              4.973
            ],
            [
              -73.2335,
              4.9574
            ],
            [
              -73.2633,
              4.9305
            ],
            [
              -73.2808,
              4.9284
            ],
            [
              -73.299,
              4.903
            ],
            [
              -73.2976,
              4.8819
            ],
            [
              -73.3194,
              4.8542
            ],
            [
              -73.3325,
              4.8412
            ],
            [
              -73.3397,
              4.8239
            ],
            [
              -73.3305,
              4.8081
            ],
            [
              -73.341,
              4.7913
            ],
            [
              -73.3244,
              4.7796
            ],
            [
              -73.3138,
              4.7705
            ],
            [
              -73.3057,
              4.7466
            ],
            [
              -73.3063,
              4.7314
            ],
            [
              -73.2832,
              4.7223
            ],
            [
              -73.269,
              4.7406
            ],
            [
              -73.2482,
              4.7332
            ],
            [
              -73.2363,
              4.7367
            ],
            [
              -73.223,
              4.7333
            ],
            [
              -73.2197,
              4.7249
            ],
            [
              -73.2282,
              4.715
            ],
            [
              -73.2344,
              4.6943
            ],
            [
              -73.2206,
              4.6767
            ],
            [
              -73.2079,
              4.6806
            ],
            [
              -73.2065,
              4.6911
            ],
            [
              -73.192,
              4.7113
            ],
            [
              -73.1703,
              4.7318
            ],
            [
              -73.1822,
              4.7434
            ],
            [
              -73.1929,
              4.7689
            ],
            [
              -73.2022,
              4.7783
            ],
            [
              -73.2326,
              4.7784
            ],
            [
              -73.2394,
              4.7885
            ],
            [
              -73.2286,
              4.7965
            ],
            [
              -73.2113,
              4.801
            ],
            [
              -73.205,
              4.8177
            ],
            [
              -73.2062,
              4.8294
            ],
            [
              -73.2143,
              4.8347
            ],
            [
              -73.2212,
              4.8555
            ],
            [
              -73.2,
              4.8624
            ],
            [
              -73.1844,
              4.8722
            ],
            [
              -73.1746,
              4.8961
            ]
          ]
        ]
      },
      "properties": {
        "OBJECTID": 284,
        "DPTO_CCDGO": "07",
        "MPIO_CCDGO": "690",
        "name": "07251",
        "MPIO_CRSLC": "Ordenanza 28 de Diciembre 1 de 1961",
        "MPIO_NANO_": 1993,
        "MPIO_NAREA": 309.42523054,
        "MPIO_CSMBL": "4",
        "MPIO_CCNCT": "15690",
        "MPIO_NANO": 2012,
        "SHAPE_Leng": 1.03214239639,
        "SHAPE_Area": 0.025219705844,
        "NOMBRE": "SANTA MARIA",
        "DANE": {
          "dpto_ccdgo": "15",
          "mpio_ccdgo": "690",
          "mpio_cdpmp": "15690",
          "dpto_cnmbr": "BOYACÁ",
          "mpio_cnmbr": "SANTA MARÍA",
          "mpio_crslc": "Ordenanza 28 de Diciembre 1 de 1961",
          "mpio_tipo": "MUNICIPIO",
          "mpio_narea": 309.659673382,
          "mpio_nano": 2024,
          "shape_Leng": 1.04996294395,
          "shape_Area": 0.0252388215592
        }
      }
    },
    {
      "type": "Feature",
      "geometry": {
        "type": "Polygon",
        "coordinates": [
          [
            [
              -73.0112,
              5.9631
            ],
            [
              -73.0207,
              5.9781
            ],
            [
              -73.0216,
              5.9915
            ],
            [
              -73.0281,
              5.9966
            ],
            [
              -73.0312,
              6.0212
            ],
            [
              -73.0403,
              5.994
            ],
            [
              -73.0487,
              5.9777
            ],
            [
              -73.0355,
              5.9599
            ],
            [
              -73.035,
              5.9431
            ],
            [
              -73.0215,
              5.9259
            ],
            [
              -73.0267,
              5.9127
            ],
            [
              -73.0164,
              5.8944
            ],
            [
              -73.0085,
              5.8698
            ],
            [
              -73.0144,
              5.8478
            ],
            [
              -73.0102,
              5.8243
            ],
            [
              -72.9997,
              5.8316
            ],
            [
              -72.9922,
              5.8052
            ],
            [
              -72.9863,
              5.7865
            ],
            [
              -72.9824,
              5.8006
            ],
            [
              -72.9672,
              5.8019
            ],
            [
              -72.9542,
              5.8079
            ],
            [
              -72.9432,
              5.8066
            ],
            [
              -72.9483,
              5.8273
            ],
            [
              -72.9713,
              5.8487
            ],
            [
              -72.9758,
              5.8585
            ],
            [
              -72.9497,
              5.8924
            ],
            [
              -72.9484,
              5.9045
            ],
            [
              -72.9309,
              5.9119
            ],
            [
              -72.9277,
              5.9244
            ],
            [
              -72.9633,
              5.9299
            ],
            [
              -72.9801,
              5.9281
            ],
            [
              -73.0019,
              5.9391
            ],
            [
              -73.0003,
              5.9484
            ],
            [
              -73.0112,
              5.9631
            ]
          ]
        ]
      },
      "properties": {
        "OBJECTID": 285,
        "DPTO_CCDGO": "07",
        "MPIO_CCDGO": "693",
        "name": "07253",
        "MPIO_CRSLC": "1754",
        "MPIO_NANO_": 1993,
        "MPIO_NAREA": 117.40228744,
        "MPIO_CSMBL": "4",
        "MPIO_CCNCT": "15693",
        "MPIO_NANO": 2012,
        "SHAPE_Leng": 0.713598807417,
        "SHAPE_Area": 0.00958374959197,
        "NOMBRE": "SANTA ROSA DE VITERBO",
        "DANE": {
          "dpto_ccdgo": "15",
          "mpio_ccdgo": "693",
          "mpio_cdpmp": "15693",
          "dpto_cnmbr": "BOYACÁ",
          "mpio_cnmbr": "SANTA ROSA DE VITERBO",
          "mpio_crslc": "1754",
          "mpio_tipo": "MUNICIPIO",
          "mpio_narea": 116.706092413,
          "mpio_nano": 2024,
          "shape_Leng": 0.726840248974,
          "shape_Area": 0.00952692584663
        }
      }
    },
    {
      "type": "Feature",
      "geometry": {
        "type": "Polygon",
        "coordinates": [
          [
            [
              -73.5824,
              5.7901
            ],
            [
              -73.5951,
              5.795
            ],
            [
              -73.6262,
              5.7786
            ],
            [
              -73.6295,
              5.7475
            ],
            [
              -73.6388,
              5.7241
            ],
            [
              -73.6518,
              5.7124
            ],
            [
              -73.6532,
              5.7025
            ],
            [
              -73.6233,
              5.6947
            ],
            [
              -73.6209,
              5.6883
            ],
            [
              -73.6031,
              5.6809
            ],
            [
              -73.5778,
              5.6752
            ],
            [
              -73.5741,
              5.692
            ],
            [
              -73.5647,
              5.7102
            ],
            [
              -73.568,
              5.724
            ],
            [
              -73.5791,
              5.7452
            ],
            [
              -73.5814,
              5.7726
            ],
            [
              -73.5672,
              5.7753
            ],
            [
              -73.5824,
              5.7901
            ]
          ]
        ]
      },
      "properties": {
        "OBJECTID": 286,
        "DPTO_CCDGO": "07",
        "MPIO_CCDGO": "696",
        "name": "07256",
        "MPIO_CRSLC": "1899",
        "MPIO_NANO_": 1993,
        "MPIO_NAREA": 76.70087029,
        "MPIO_CSMBL": "4",
        "MPIO_CCNCT": "15696",
        "MPIO_NANO": 2012,
        "SHAPE_Leng": 0.413746017081,
        "SHAPE_Area": 0.00626129550023,
        "NOMBRE": "SANTA SOFIA",
        "DANE": {
          "dpto_ccdgo": "15",
          "mpio_ccdgo": "696",
          "mpio_cdpmp": "15696",
          "dpto_cnmbr": "BOYACÁ",
          "mpio_cnmbr": "SANTA SOFÍA",
          "mpio_crslc": "1899",
          "mpio_tipo": "MUNICIPIO",
          "mpio_narea": 77.5628164441,
          "mpio_nano": 2024,
          "shape_Leng": 0.421030189758,
          "shape_Area": 0.00633165592974
        }
      }
    },
    {
      "type": "Feature",
      "geometry": {
        "type": "Polygon",
        "coordinates": [
          [
            [
              -72.6354,
              6.1806
            ],
            [
              -72.6607,
              6.1795
            ],
            [
              -72.672,
              6.1834
            ],
            [
              -72.6877,
              6.1791
            ],
            [
              -72.6938,
              6.1676
            ],
            [
              -72.7127,
              6.1582
            ],
            [
              -72.7433,
              6.1563
            ],
            [
              -72.7485,
              6.1521
            ],
            [
              -72.7673,
              6.1531
            ],
            [
              -72.7667,
              6.1769
            ],
            [
              -72.7825,
              6.1803
            ],
            [
              -72.7945,
              6.1771
            ],
            [
              -72.8139,
              6.1609
            ],
            [
              -72.8254,
              6.1581
            ],
            [
              -72.8285,
              6.1529
            ],
            [
              -72.8294,
              6.141
            ],
            [
              -72.8375,
              6.1306
            ],
            [
              -72.8104,
              6.0952
            ],
            [
              -72.7999,
              6.0917
            ],
            [
              -72.7949,
              6.1
            ],
            [
              -72.7626,
              6.1073
            ],
            [
              -72.7466,
              6.0978
            ],
            [
              -72.726,
              6.0978
            ],
            [
              -72.7129,
              6.1019
            ],
            [
              -72.7022,
              6.0968
            ],
            [
              -72.6986,
              6.0773
            ],
            [
              -72.6787,
              6.0689
            ],
            [
              -72.6596,
              6.083
            ],
            [
              -72.6544,
              6.0826
            ],
            [
              -72.6562,
              6.1165
            ],
            [
              -72.6486,
              6.15
            ],
            [
              -72.6354,
              6.1806
            ]
          ]
        ]
      },
      "properties": {
        "OBJECTID": 287,
        "DPTO_CCDGO": "07",
        "MPIO_CCDGO": "720",
        "name": "07259",
        "MPIO_CRSLC": "1754",
        "MPIO_NANO_": 1993,
        "MPIO_NAREA": 161.32488221,
        "MPIO_CSMBL": "4",
        "MPIO_CCNCT": "15720",
        "MPIO_NANO": 2012,
        "SHAPE_Leng": 0.684266317293,
        "SHAPE_Area": 0.0131723287679,
        "NOMBRE": "SATIVANORTE",
        "DANE": {
          "dpto_ccdgo": "15",
          "mpio_ccdgo": "720",
          "mpio_cdpmp": "15720",
          "dpto_cnmbr": "BOYACÁ",
          "mpio_cnmbr": "SATIVANORTE",
          "mpio_crslc": "1754",
          "mpio_tipo": "MUNICIPIO",
          "mpio_narea": 161.310164585,
          "mpio_nano": 2024,
          "shape_Leng": 0.7032679779,
          "shape_Area": 0.013171123805
        }
      }
    },
    {
      "type": "Feature",
      "geometry": {
        "type": "Polygon",
        "coordinates": [
          [
            [
              -72.6544,
              6.0826
            ],
            [
              -72.6596,
              6.083
            ],
            [
              -72.6787,
              6.0689
            ],
            [
              -72.6986,
              6.0773
            ],
            [
              -72.7022,
              6.0968
            ],
            [
              -72.7129,
              6.1019
            ],
            [
              -72.726,
              6.0978
            ],
            [
              -72.7466,
              6.0978
            ],
            [
              -72.7626,
              6.1073
            ],
            [
              -72.7949,
              6.1
            ],
            [
              -72.7712,
              6.082
            ],
            [
              -72.7582,
              6.082
            ],
            [
              -72.739,
              6.0712
            ],
            [
              -72.716,
              6.062
            ],
            [
              -72.7198,
              6.0395
            ],
            [
              -72.7113,
              6.0231
            ],
            [
              -72.7016,
              6.0183
            ],
            [
              -72.6832,
              6.0377
            ],
            [
              -72.6771,
              6.0499
            ],
            [
              -72.6606,
              6.056
            ],
            [
              -72.657,
              6.0631
            ],
            [
              -72.6544,
              6.0826
            ]
          ]
        ]
      },
      "properties": {
        "OBJECTID": 288,
        "DPTO_CCDGO": "07",
        "MPIO_CCDGO": "723",
        "name": "07262",
        "MPIO_CRSLC": "1878",
        "MPIO_NANO_": 1993,
        "MPIO_NAREA": 54.25665681,
        "MPIO_CSMBL": "4",
        "MPIO_CCNCT": "15723",
        "MPIO_NANO": 2012,
        "SHAPE_Leng": 0.435930834151,
        "SHAPE_Area": 0.0044295608707,
        "NOMBRE": "SATIVASUR",
        "DANE": {
          "dpto_ccdgo": "15",
          "mpio_ccdgo": "723",
          "mpio_cdpmp": "15723",
          "dpto_cnmbr": "BOYACÁ",
          "mpio_cnmbr": "SATIVASUR",
          "mpio_crslc": "1878",
          "mpio_tipo": "MUNICIPIO",
          "mpio_narea": 54.88468107,
          "mpio_nano": 2024,
          "shape_Leng": 0.455346954678,
          "shape_Area": 0.00448083153083
        }
      }
    },
    {
      "type": "Feature",
      "geometry": {
        "type": "Polygon",
        "coordinates": [
          [
            [
              -73.135,
              5.5056
            ],
            [
              -73.1391,
              5.5093
            ],
            [
              -73.1772,
              5.5259
            ],
            [
              -73.197,
              5.5423
            ],
            [
              -73.2151,
              5.5453
            ],
            [
              -73.228,
              5.5539
            ],
            [
              -73.2314,
              5.5418
            ],
            [
              -73.245,
              5.5323
            ],
            [
              -73.2532,
              5.5397
            ],
            [
              -73.2771,
              5.524
            ],
            [
              -73.2848,
              5.5242
            ],
            [
              -73.2785,
              5.5062
            ],
            [
              -73.2875,
              5.4971
            ],
            [
              -73.2859,
              5.4854
            ],
            [
              -73.2759,
              5.4838
            ],
            [
              -73.2621,
              5.4617
            ],
            [
              -73.2321,
              5.4555
            ],
            [
              -73.2157,
              5.4402
            ],
            [
              -73.2041,
              5.4568
            ],
            [
              -73.1747,
              5.4675
            ],
            [
              -73.1639,
              5.4794
            ],
            [
              -73.1473,
              5.4821
            ],
            [
              -73.1409,
              5.4841
            ],
            [
              -73.1405,
              5.4995
            ],
            [
              -73.135,
              5.5056
            ]
          ]
        ]
      },
      "properties": {
        "OBJECTID": 289,
        "DPTO_CCDGO": "07",
        "MPIO_CCDGO": "740",
        "name": "07265",
        "MPIO_CRSLC": "Decreto 2871 de 1982",
        "MPIO_NANO_": 1993,
        "MPIO_NAREA": 122.12412053,
        "MPIO_CSMBL": "4",
        "MPIO_CCNCT": "15740",
        "MPIO_NANO": 2012,
        "SHAPE_Leng": 0.533391376608,
        "SHAPE_Area": 0.00996384218425,
        "NOMBRE": "SIACHOQUE",
        "DANE": {
          "dpto_ccdgo": "15",
          "mpio_ccdgo": "740",
          "mpio_cdpmp": "15740",
          "dpto_cnmbr": "BOYACÁ",
          "mpio_cnmbr": "SIACHOQUE",
          "mpio_crslc": "Decreto 2871 de 1982",
          "mpio_tipo": "MUNICIPIO",
          "mpio_narea": 119.22296694,
          "mpio_nano": 2024,
          "shape_Leng": 0.483355006183,
          "shape_Area": 0.00972716855873
        }
      }
    },
    {
      "type": "Feature",
      "geometry": {
        "type": "Polygon",
        "coordinates": [
          [
            [
              -72.655,
              6.3779
            ],
            [
              -72.676,
              6.3791
            ],
            [
              -72.6825,
              6.3853
            ],
            [
              -72.7133,
              6.3835
            ],
            [
              -72.7258,
              6.3716
            ],
            [
              -72.7314,
              6.3569
            ],
            [
              -72.7484,
              6.3476
            ],
            [
              -72.7499,
              6.3236
            ],
            [
              -72.7576,
              6.317
            ],
            [
              -72.754,
              6.2789
            ],
            [
              -72.7459,
              6.2749
            ],
            [
              -72.7333,
              6.2955
            ],
            [
              -72.7059,
              6.285
            ],
            [
              -72.693,
              6.273
            ],
            [
              -72.6872,
              6.2576
            ],
            [
              -72.6595,
              6.2616
            ],
            [
              -72.6412,
              6.2791
            ],
            [
              -72.6467,
              6.294
            ],
            [
              -72.6446,
              6.3129
            ],
            [
              -72.6518,
              6.3293
            ],
            [
              -72.6571,
              6.3588
            ],
            [
              -72.655,
              6.3779
            ]
          ]
        ]
      },
      "properties": {
        "OBJECTID": 290,
        "DPTO_CCDGO": "07",
        "MPIO_CCDGO": "753",
        "name": "07268",
        "MPIO_CRSLC": "1729",
        "MPIO_NANO_": 1993,
        "MPIO_NAREA": 111.77293435,
        "MPIO_CSMBL": "4",
        "MPIO_CCNCT": "15753",
        "MPIO_NANO": 2012,
        "SHAPE_Leng": 0.436962915366,
        "SHAPE_Area": 0.00912934340709,
        "NOMBRE": "SOATA",
        "DANE": {
          "dpto_ccdgo": "15",
          "mpio_ccdgo": "753",
          "mpio_cdpmp": "15753",
          "dpto_cnmbr": "BOYACÁ",
          "mpio_cnmbr": "SOATÁ",
          "mpio_crslc": "1729",
          "mpio_tipo": "MUNICIPIO",
          "mpio_narea": 123.095437726,
          "mpio_nano": 2024,
          "shape_Leng": 0.501444859563,
          "shape_Area": 0.0100541414776
        }
      }
    },
    {
      "type": "Feature",
      "geometry": {
        "type": "Polygon",
        "coordinates": [
          [
            [
              -72.5423,
              6.0698
            ],
            [
              -72.5517,
              6.0846
            ],
            [
              -72.5607,
              6.0885
            ],
            [
              -72.5657,
              6.1189
            ],
            [
              -72.5803,
              6.1169
            ],
            [
              -72.5916,
              6.1082
            ],
            [
              -72.6178,
              6.1025
            ],
            [
              -72.6275,
              6.1105
            ],
            [
              -72.6562,
              6.1165
            ],
            [
              -72.6544,
              6.0826
            ],
            [
              -72.657,
              6.0631
            ],
            [
              -72.6466,
              6.0537
            ],
            [
              -72.6413,
              6.035
            ],
            [
              -72.6573,
              6.0038
            ],
            [
              -72.6537,
              5.9918
            ],
            [
              -72.6431,
              5.9899
            ],
            [
              -72.6333,
              5.981
            ],
            [
              -72.6396,
              5.9638
            ],
            [
              -72.6439,
              5.9283
            ],
            [
              -72.6509,
              5.9191
            ],
            [
              -72.6507,
              5.9069
            ],
            [
              -72.6202,
              5.9129
            ],
            [
              -72.6163,
              5.9046
            ],
            [
              -72.6218,
              5.8944
            ],
            [
              -72.6286,
              5.8625
            ],
            [
              -72.6271,
              5.8491
            ],
            [
              -72.6317,
              5.8291
            ],
            [
              -72.6236,
              5.8168
            ],
            [
              -72.626,
              5.7769
            ],
            [
              -72.6219,
              5.7714
            ],
            [
              -72.6047,
              5.7758
            ],
            [
              -72.5836,
              5.7711
            ],
            [
              -72.5662,
              5.7758
            ],
            [
              -72.5493,
              5.7882
            ],
            [
              -72.5413,
              5.7848
            ],
            [
              -72.526,
              5.7886
            ],
            [
              -72.5055,
              5.8019
            ],
            [
              -72.4867,
              5.818
            ],
            [
              -72.4774,
              5.8399
            ],
            [
              -72.4618,
              5.847
            ],
            [
              -72.4613,
              5.8596
            ],
            [
              -72.4509,
              5.8784
            ],
            [
              -72.4155,
              5.904
            ],
            [
              -72.4236,
              5.9225
            ],
            [
              -72.4358,
              5.9378
            ],
            [
              -72.4468,
              5.9438
            ],
            [
              -72.4505,
              5.9581
            ],
            [
              -72.4668,
              5.9619
            ],
            [
              -72.4831,
              5.9742
            ],
            [
              -72.4984,
              5.996
            ],
            [
              -72.5104,
              6.0051
            ],
            [
              -72.5275,
              6.0095
            ],
            [
              -72.539,
              6.0327
            ],
            [
              -72.5305,
              6.0517
            ],
            [
              -72.5423,
              6.0698
            ]
          ]
        ]
      },
      "properties": {
        "OBJECTID": 291,
        "DPTO_CCDGO": "07",
        "MPIO_CCDGO": "755",
        "name": "07271",
        "MPIO_CRSLC": "1827",
        "MPIO_NANO_": 1993,
        "MPIO_NAREA": 623.28504506,
        "MPIO_CSMBL": "4",
        "MPIO_CCNCT": "15755",
        "MPIO_NANO": 2012,
        "SHAPE_Leng": 1.34836516003,
        "SHAPE_Area": 0.0508675212127,
        "NOMBRE": "SOCOTA",
        "DANE": {
          "dpto_ccdgo": "15",
          "mpio_ccdgo": "755",
          "mpio_cdpmp": "15755",
          "dpto_cnmbr": "BOYACÁ",
          "mpio_cnmbr": "SOCOTÁ",
          "mpio_crslc": "1827",
          "mpio_tipo": "MUNICIPIO",
          "mpio_narea": 603.586387823,
          "mpio_nano": 2024,
          "shape_Leng": 1.19876408919,
          "shape_Area": 0.04925863302
        }
      }
    },
    {
      "type": "Feature",
      "geometry": {
        "type": "Polygon",
        "coordinates": [
          [
            [
              -72.6507,
              5.9069
            ],
            [
              -72.6509,
              5.9191
            ],
            [
              -72.6439,
              5.9283
            ],
            [
              -72.6396,
              5.9638
            ],
            [
              -72.6333,
              5.981
            ],
            [
              -72.6431,
              5.9899
            ],
            [
              -72.6537,
              5.9918
            ],
            [
              -72.6573,
              6.0038
            ],
            [
              -72.6413,
              6.035
            ],
            [
              -72.6466,
              6.0537
            ],
            [
              -72.657,
              6.0631
            ],
            [
              -72.6606,
              6.056
            ],
            [
              -72.6771,
              6.0499
            ],
            [
              -72.6832,
              6.0377
            ],
            [
              -72.7016,
              6.0183
            ],
            [
              -72.7045,
              6.0087
            ],
            [
              -72.7178,
              5.9969
            ],
            [
              -72.7431,
              5.9879
            ],
            [
              -72.7334,
              5.9511
            ],
            [
              -72.7143,
              5.9445
            ],
            [
              -72.7265,
              5.93
            ],
            [
              -72.7111,
              5.9051
            ],
            [
              -72.6951,
              5.871
            ],
            [
              -72.6744,
              5.8678
            ],
            [
              -72.6553,
              5.8819
            ],
            [
              -72.6569,
              5.8924
            ],
            [
              -72.6507,
              5.9069
            ]
          ]
        ]
      },
      "properties": {
        "OBJECTID": 292,
        "DPTO_CCDGO": "07",
        "MPIO_CCDGO": "757",
        "name": "07274",
        "MPIO_CRSLC": "1788",
        "MPIO_NANO_": 1993,
        "MPIO_NAREA": 153.67993151,
        "MPIO_CSMBL": "4",
        "MPIO_CCNCT": "15757",
        "MPIO_NANO": 2012,
        "SHAPE_Leng": 0.578637365641,
        "SHAPE_Area": 0.0125437071463,
        "NOMBRE": "SOCHA",
        "DANE": {
          "dpto_ccdgo": "15",
          "mpio_ccdgo": "757",
          "mpio_cdpmp": "15757",
          "dpto_cnmbr": "BOYACÁ",
          "mpio_cnmbr": "SOCHA",
          "mpio_crslc": "1788",
          "mpio_tipo": "MUNICIPIO",
          "mpio_narea": 150.152003501,
          "mpio_nano": 2024,
          "shape_Leng": 0.575363714586,
          "shape_Area": 0.0122557820109
        }
      }
    },
    {
      "type": "Feature",
      "geometry": {
        "type": "Polygon",
        "coordinates": [
          [
            [
              -72.8821,
              5.7674
            ],
            [
              -72.8866,
              5.7626
            ],
            [
              -72.9129,
              5.7575
            ],
            [
              -72.9296,
              5.7571
            ],
            [
              -72.9447,
              5.7461
            ],
            [
              -72.9439,
              5.724
            ],
            [
              -72.9473,
              5.7144
            ],
            [
              -72.9711,
              5.6646
            ],
            [
              -72.9635,
              5.6491
            ],
            [
              -72.9618,
              5.6429
            ],
            [
              -72.9405,
              5.6272
            ],
            [
              -72.9289,
              5.6307
            ],
            [
              -72.923,
              5.6202
            ],
            [
              -72.8963,
              5.614
            ],
            [
              -72.8828,
              5.6065
            ],
            [
              -72.8457,
              5.5971
            ],
            [
              -72.8119,
              5.5853
            ],
            [
              -72.797,
              5.6089
            ],
            [
              -72.788,
              5.6291
            ],
            [
              -72.7708,
              5.6434
            ],
            [
              -72.7913,
              5.6594
            ],
            [
              -72.8185,
              5.6432
            ],
            [
              -72.8243,
              5.6539
            ],
            [
              -72.8339,
              5.6542
            ],
            [
              -72.8521,
              5.6744
            ],
            [
              -72.8534,
              5.6842
            ],
            [
              -72.8705,
              5.689
            ],
            [
              -72.8753,
              5.7054
            ],
            [
              -72.8712,
              5.7217
            ],
            [
              -72.8711,
              5.742
            ],
            [
              -72.8821,
              5.7674
            ]
          ]
        ]
      },
      "properties": {
        "OBJECTID": 293,
        "DPTO_CCDGO": "07",
        "MPIO_CCDGO": "759",
        "name": "07277",
        "MPIO_CRSLC": "1552",
        "MPIO_NANO_": 1993,
        "MPIO_NAREA": 207.41232438,
        "MPIO_CSMBL": "4",
        "MPIO_CCNCT": "15759",
        "MPIO_NANO": 2012,
        "SHAPE_Leng": 0.721611059983,
        "SHAPE_Area": 0.0169236250967,
        "NOMBRE": "SOGAMOSO",
        "DANE": {
          "dpto_ccdgo": "15",
          "mpio_ccdgo": "759",
          "mpio_cdpmp": "15759",
          "dpto_cnmbr": "BOYACÁ",
          "mpio_cnmbr": "SOGAMOSO",
          "mpio_crslc": "1552",
          "mpio_tipo": "MUNICIPIO",
          "mpio_narea": 207.654603305,
          "mpio_nano": 2024,
          "shape_Leng": 0.75317691726,
          "shape_Area": 0.0169434105913
        }
      }
    },
    {
      "type": "Feature",
      "geometry": {
        "type": "Polygon",
        "coordinates": [
          [
            [
              -73.3769,
              5.0159
            ],
            [
              -73.3886,
              5.0153
            ],
            [
              -73.4001,
              5.007
            ],
            [
              -73.4258,
              5.0098
            ],
            [
              -73.4471,
              4.9947
            ],
            [
              -73.4659,
              4.9829
            ],
            [
              -73.4716,
              4.9695
            ],
            [
              -73.4619,
              4.9563
            ],
            [
              -73.4668,
              4.9439
            ],
            [
              -73.4508,
              4.9346
            ],
            [
              -73.4476,
              4.9097
            ],
            [
              -73.4392,
              4.9072
            ],
            [
              -73.4382,
              4.9187
            ],
            [
              -73.4229,
              4.9448
            ],
            [
              -73.4018,
              4.9616
            ],
            [
              -73.3909,
              4.9808
            ],
            [
              -73.3769,
              5.0159
            ]
          ]
        ]
      },
      "properties": {
        "OBJECTID": 294,
        "DPTO_CCDGO": "07",
        "MPIO_CCDGO": "761",
        "name": "07280",
        "MPIO_CRSLC": "1756",
        "MPIO_NANO_": 1993,
        "MPIO_NAREA": 60.3124676,
        "MPIO_CSMBL": "4",
        "MPIO_CCNCT": "15761",
        "MPIO_NANO": 2012,
        "SHAPE_Leng": 0.369279292005,
        "SHAPE_Area": 0.00491720250501,
        "NOMBRE": "SOMONDOCO",
        "DANE": {
          "dpto_ccdgo": "15",
          "mpio_ccdgo": "761",
          "mpio_cdpmp": "15761",
          "dpto_cnmbr": "BOYACÁ",
          "mpio_cnmbr": "SOMONDOCO",
          "mpio_crslc": "1756",
          "mpio_tipo": "MUNICIPIO",
          "mpio_narea": 58.7950501201,
          "mpio_nano": 2024,
          "shape_Leng": 0.370385057584,
          "shape_Area": 0.00479349986734
        }
      }
    },
    {
      "type": "Feature",
      "geometry": {
        "type": "Polygon",
        "coordinates": [
          [
            [
              -73.412,
              5.5669
            ],
            [
              -73.3953,
              5.5868
            ],
            [
              -73.4111,
              5.617
            ],
            [
              -73.4201,
              5.6195
            ],
            [
              -73.4431,
              5.607
            ],
            [
              -73.4524,
              5.5936
            ],
            [
              -73.4653,
              5.5922
            ],
            [
              -73.4822,
              5.5827
            ],
            [
              -73.4989,
              5.5595
            ],
            [
              -73.4907,
              5.549
            ],
            [
              -73.4692,
              5.5496
            ],
            [
              -73.4607,
              5.5555
            ],
            [
              -73.4412,
              5.557
            ],
            [
              -73.4288,
              5.5652
            ],
            [
              -73.4225,
              5.5607
            ],
            [
              -73.412,
              5.5669
            ]
          ]
        ]
      },
      "properties": {
        "OBJECTID": 295,
        "DPTO_CCDGO": "07",
        "MPIO_CCDGO": "762",
        "name": "07281",
        "MPIO_CRSLC": "Ordenanza 41 de Diciembre 14 de 1978",
        "MPIO_NANO_": 1993,
        "MPIO_NAREA": 46.92210959,
        "MPIO_CSMBL": "4",
        "MPIO_CCNCT": "15762",
        "MPIO_NANO": 2012,
        "SHAPE_Leng": 0.297545777727,
        "SHAPE_Area": 0.00382919526501,
        "NOMBRE": "SORA",
        "DANE": {
          "dpto_ccdgo": "15",
          "mpio_ccdgo": "762",
          "mpio_cdpmp": "15762",
          "dpto_cnmbr": "BOYACÁ",
          "mpio_cnmbr": "SORA",
          "mpio_crslc": "Ordenanza 41 de Diciembre 14 de 1978",
          "mpio_tipo": "MUNICIPIO",
          "mpio_narea": 47.8450237779,
          "mpio_nano": 2024,
          "shape_Leng": 0.299866751183,
          "shape_Area": 0.00390451106287
        }
      }
    },
    {
      "type": "Feature",
      "geometry": {
        "type": "Polygon",
        "coordinates": [
          [
            [
              -73.184,
              5.8504
            ],
            [
              -73.1951,
              5.8351
            ],
            [
              -73.2064,
              5.8261
            ],
            [
              -73.229,
              5.8249
            ],
            [
              -73.2464,
              5.816
            ],
            [
              -73.2588,
              5.8313
            ],
            [
              -73.2689,
              5.8525
            ],
            [
              -73.2822,
              5.859
            ],
            [
              -73.2901,
              5.8504
            ],
            [
              -73.3163,
              5.855
            ],
            [
              -73.3302,
              5.852
            ],
            [
              -73.3426,
              5.8617
            ],
            [
              -73.3505,
              5.8517
            ],
            [
              -73.3457,
              5.8422
            ],
            [
              -73.3534,
              5.8314
            ],
            [
              -73.3593,
              5.7983
            ],
            [
              -73.3696,
              5.788
            ],
            [
              -73.3597,
              5.7775
            ],
            [
              -73.3551,
              5.7622
            ],
            [
              -73.3425,
              5.7676
            ],
            [
              -73.3304,
              5.7553
            ],
            [
              -73.3272,
              5.7461
            ],
            [
              -73.3096,
              5.7181
            ],
            [
              -73.29,
              5.7002
            ],
            [
              -73.2717,
              5.7088
            ],
            [
              -73.2639,
              5.7036
            ],
            [
              -73.2518,
              5.7047
            ],
            [
              -73.2311,
              5.7141
            ],
            [
              -73.2224,
              5.7281
            ],
            [
              -73.2035,
              5.7366
            ],
            [
              -73.1806,
              5.7163
            ],
            [
              -73.1756,
              5.724
            ],
            [
              -73.1558,
              5.7274
            ],
            [
              -73.1546,
              5.7362
            ],
            [
              -73.1672,
              5.7493
            ],
            [
              -73.1751,
              5.7661
            ],
            [
              -73.1694,
              5.7832
            ],
            [
              -73.1574,
              5.801
            ],
            [
              -73.1374,
              5.8211
            ],
            [
              -73.1324,
              5.8344
            ],
            [
              -73.1339,
              5.8466
            ],
            [
              -73.1429,
              5.8518
            ],
            [
              -73.165,
              5.848
            ],
            [
              -73.184,
              5.8504
            ]
          ]
        ]
      },
      "properties": {
        "OBJECTID": 296,
        "DPTO_CCDGO": "07",
        "MPIO_CCDGO": "763",
        "name": "07283",
        "MPIO_CRSLC": "1794",
        "MPIO_NANO_": 1993,
        "MPIO_NAREA": 277.4277958,
        "MPIO_CSMBL": "4",
        "MPIO_CCNCT": "15763",
        "MPIO_NANO": 2012,
        "SHAPE_Leng": 0.83034869656,
        "SHAPE_Area": 0.0226459945972,
        "NOMBRE": "SOTAQUIRA",
        "DANE": {
          "dpto_ccdgo": "15",
          "mpio_ccdgo": "763",
          "mpio_cdpmp": "15763",
          "dpto_cnmbr": "BOYACÁ",
          "mpio_cnmbr": "SOTAQUIRÁ",
          "mpio_crslc": "1794",
          "mpio_tipo": "MUNICIPIO",
          "mpio_narea": 292.068188416,
          "mpio_nano": 2024,
          "shape_Leng": 0.95778704105,
          "shape_Area": 0.0238411962349
        }
      }
    },
    {
      "type": "Feature",
      "geometry": {
        "type": "Polygon",
        "coordinates": [
          [
            [
              -73.3081,
              5.5432
            ],
            [
              -73.3196,
              5.5434
            ],
            [
              -73.3205,
              5.5302
            ],
            [
              -73.3434,
              5.5185
            ],
            [
              -73.3576,
              5.4981
            ],
            [
              -73.3499,
              5.4885
            ],
            [
              -73.3612,
              5.4741
            ],
            [
              -73.3509,
              5.4758
            ],
            [
              -73.3377,
              5.4672
            ],
            [
              -73.3346,
              5.4414
            ],
            [
              -73.3203,
              5.45
            ],
            [
              -73.3152,
              5.4433
            ],
            [
              -73.3144,
              5.45
            ],
            [
              -73.3039,
              5.4721
            ],
            [
              -73.2859,
              5.4854
            ],
            [
              -73.2875,
              5.4971
            ],
            [
              -73.2785,
              5.5062
            ],
            [
              -73.2848,
              5.5242
            ],
            [
              -73.2954,
              5.5251
            ],
            [
              -73.3081,
              5.5432
            ]
          ]
        ]
      },
      "properties": {
        "OBJECTID": 297,
        "DPTO_CCDGO": "07",
        "MPIO_CCDGO": "764",
        "name": "07282",
        "MPIO_CRSLC": "Ordenanza 41 de Diciembre 14 de 1978",
        "MPIO_NANO_": 1993,
        "MPIO_NAREA": 55.57179323,
        "MPIO_CSMBL": "4",
        "MPIO_CCNCT": "15764",
        "MPIO_NANO": 2012,
        "SHAPE_Leng": 0.351602964744,
        "SHAPE_Area": 0.0045342021793,
        "NOMBRE": "SORACA",
        "DANE": {
          "dpto_ccdgo": "15",
          "mpio_ccdgo": "764",
          "mpio_cdpmp": "15764",
          "dpto_cnmbr": "BOYACÁ",
          "mpio_cnmbr": "SORACÁ",
          "mpio_crslc": "Ordenanza 41 de Diciembre 14 de 1978",
          "mpio_tipo": "MUNICIPIO",
          "mpio_narea": 55.7577530587,
          "mpio_nano": 2024,
          "shape_Leng": 0.351032509679,
          "shape_Area": 0.00454936725595
        }
      }
    },
    {
      "type": "Feature",
      "geometry": {
        "type": "Polygon",
        "coordinates": [
          [
            [
              -72.6412,
              6.2791
            ],
            [
              -72.6595,
              6.2616
            ],
            [
              -72.6872,
              6.2576
            ],
            [
              -72.693,
              6.273
            ],
            [
              -72.7059,
              6.285
            ],
            [
              -72.7333,
              6.2955
            ],
            [
              -72.7459,
              6.2749
            ],
            [
              -72.7438,
              6.2593
            ],
            [
              -72.7497,
              6.2526
            ],
            [
              -72.7445,
              6.2353
            ],
            [
              -72.755,
              6.2188
            ],
            [
              -72.7671,
              6.2203
            ],
            [
              -72.7796,
              6.2104
            ],
            [
              -72.7934,
              6.2189
            ],
            [
              -72.804,
              6.2154
            ],
            [
              -72.8113,
              6.1919
            ],
            [
              -72.8198,
              6.1809
            ],
            [
              -72.8254,
              6.1581
            ],
            [
              -72.8139,
              6.1609
            ],
            [
              -72.7945,
              6.1771
            ],
            [
              -72.7825,
              6.1803
            ],
            [
              -72.7667,
              6.1769
            ],
            [
              -72.7673,
              6.1531
            ],
            [
              -72.7485,
              6.1521
            ],
            [
              -72.7433,
              6.1563
            ],
            [
              -72.7127,
              6.1582
            ],
            [
              -72.6938,
              6.1676
            ],
            [
              -72.6877,
              6.1791
            ],
            [
              -72.672,
              6.1834
            ],
            [
              -72.6607,
              6.1795
            ],
            [
              -72.6354,
              6.1806
            ],
            [
              -72.6331,
              6.2045
            ],
            [
              -72.6356,
              6.2199
            ],
            [
              -72.6428,
              6.2511
            ],
            [
              -72.6412,
              6.2791
            ]
          ]
        ]
      },
      "properties": {
        "OBJECTID": 298,
        "DPTO_CCDGO": "07",
        "MPIO_CCDGO": "774",
        "name": "07286",
        "MPIO_CRSLC": "1809",
        "MPIO_NANO_": 1993,
        "MPIO_NAREA": 183.87911508,
        "MPIO_CSMBL": "4",
        "MPIO_CCNCT": "15774",
        "MPIO_NANO": 2012,
        "SHAPE_Leng": 0.732466284219,
        "SHAPE_Area": 0.015016027609,
        "NOMBRE": "SUSACON",
        "DANE": {
          "dpto_ccdgo": "15",
          "mpio_ccdgo": "774",
          "mpio_cdpmp": "15774",
          "dpto_cnmbr": "BOYACÁ",
          "mpio_cnmbr": "SUSACÓN",
          "mpio_crslc": "1809",
          "mpio_tipo": "MUNICIPIO",
          "mpio_narea": 182.703137194,
          "mpio_nano": 2024,
          "shape_Leng": 0.748386032733,
          "shape_Area": 0.0149199870116
        }
      }
    },
    {
      "type": "Feature",
      "geometry": {
        "type": "Polygon",
        "coordinates": [
          [
            [
              -73.5778,
              5.6752
            ],
            [
              -73.6031,
              5.6809
            ],
            [
              -73.6209,
              5.6883
            ],
            [
              -73.6233,
              5.6947
            ],
            [
              -73.6532,
              5.7025
            ],
            [
              -73.6565,
              5.692
            ],
            [
              -73.6696,
              5.6758
            ],
            [
              -73.6703,
              5.6664
            ],
            [
              -73.6808,
              5.6366
            ],
            [
              -73.6703,
              5.6113
            ],
            [
              -73.6557,
              5.609
            ],
            [
              -73.6416,
              5.6157
            ],
            [
              -73.6326,
              5.6143
            ],
            [
              -73.6252,
              5.6031
            ],
            [
              -73.6294,
              5.5833
            ],
            [
              -73.6246,
              5.5698
            ],
            [
              -73.6125,
              5.5728
            ],
            [
              -73.5964,
              5.5867
            ],
            [
              -73.5803,
              5.5899
            ],
            [
              -73.5768,
              5.6026
            ],
            [
              -73.582,
              5.6279
            ],
            [
              -73.5875,
              5.6307
            ],
            [
              -73.59,
              5.6476
            ],
            [
              -73.5778,
              5.6752
            ]
          ]
        ]
      },
      "properties": {
        "OBJECTID": 299,
        "DPTO_CCDGO": "07",
        "MPIO_CCDGO": "776",
        "name": "07289",
        "MPIO_CRSLC": "1556",
        "MPIO_NANO_": 1993,
        "MPIO_NAREA": 109.36862612,
        "MPIO_CSMBL": "4",
        "MPIO_CCNCT": "15776",
        "MPIO_NANO": 2012,
        "SHAPE_Leng": 0.465333073776,
        "SHAPE_Area": 0.00892673063081,
        "NOMBRE": "SUTAMARCHAN",
        "DANE": {
          "dpto_ccdgo": "15",
          "mpio_ccdgo": "776",
          "mpio_cdpmp": "15776",
          "dpto_cnmbr": "BOYACÁ",
          "mpio_cnmbr": "SUTAMARCHÁN",
          "mpio_crslc": "1556",
          "mpio_tipo": "MUNICIPIO",
          "mpio_narea": 103.505336175,
          "mpio_nano": 2024,
          "shape_Leng": 0.471895614695,
          "shape_Area": 0.00844815509326
        }
      }
    },
    {
      "type": "Feature",
      "geometry": {
        "type": "Polygon",
        "coordinates": [
          [
            [
              -73.3938,
              5.048
            ],
            [
              -73.419,
              5.0563
            ],
            [
              -73.4277,
              5.038
            ],
            [
              -73.4484,
              5.0399
            ],
            [
              -73.4554,
              5.0495
            ],
            [
              -73.4736,
              5.0515
            ],
            [
              -73.4832,
              5.0358
            ],
            [
              -73.4667,
              5.0226
            ],
            [
              -73.4592,
              4.9999
            ],
            [
              -73.4471,
              4.9947
            ],
            [
              -73.4258,
              5.0098
            ],
            [
              -73.4001,
              5.007
            ],
            [
              -73.3886,
              5.0153
            ],
            [
              -73.3946,
              5.0346
            ],
            [
              -73.3938,
              5.048
            ]
          ]
        ]
      },
      "properties": {
        "OBJECTID": 300,
        "DPTO_CCDGO": "07",
        "MPIO_CCDGO": "778",
        "name": "07292",
        "MPIO_CRSLC": "1754",
        "MPIO_NANO_": 1993,
        "MPIO_NAREA": 40.09792867,
        "MPIO_CSMBL": "4",
        "MPIO_CCNCT": "15778",
        "MPIO_NANO": 2012,
        "SHAPE_Leng": 0.303728918879,
        "SHAPE_Area": 0.00326941814797,
        "NOMBRE": "SUTATENZA",
        "DANE": {
          "dpto_ccdgo": "15",
          "mpio_ccdgo": "778",
          "mpio_cdpmp": "15778",
          "dpto_cnmbr": "BOYACÁ",
          "mpio_cnmbr": "SUTATENZA",
          "mpio_crslc": "1754",
          "mpio_tipo": "MUNICIPIO",
          "mpio_narea": 41.1270106013,
          "mpio_nano": 2024,
          "shape_Leng": 0.307706651593,
          "shape_Area": 0.0033533272682
        }
      }
    },
    {
      "type": "Feature",
      "geometry": {
        "type": "Polygon",
        "coordinates": [
          [
            [
              -72.6507,
              5.9069
            ],
            [
              -72.6569,
              5.8924
            ],
            [
              -72.6553,
              5.8819
            ],
            [
              -72.6744,
              5.8678
            ],
            [
              -72.6951,
              5.871
            ],
            [
              -72.7111,
              5.9051
            ],
            [
              -72.7265,
              5.93
            ],
            [
              -72.7143,
              5.9445
            ],
            [
              -72.7334,
              5.9511
            ],
            [
              -72.7431,
              5.9879
            ],
            [
              -72.7554,
              5.9818
            ],
            [
              -72.7792,
              5.9545
            ],
            [
              -72.7897,
              5.942
            ],
            [
              -72.8019,
              5.8992
            ],
            [
              -72.8162,
              5.8924
            ],
            [
              -72.8266,
              5.879
            ],
            [
              -72.8102,
              5.8596
            ],
            [
              -72.7981,
              5.8539
            ],
            [
              -72.7858,
              5.8449
            ],
            [
              -72.7753,
              5.8477
            ],
            [
              -72.7527,
              5.8252
            ],
            [
              -72.7492,
              5.8177
            ],
            [
              -72.7128,
              5.8296
            ],
            [
              -72.7016,
              5.8358
            ],
            [
              -72.6868,
              5.8321
            ],
            [
              -72.6885,
              5.8173
            ],
            [
              -72.6649,
              5.8085
            ],
            [
              -72.6393,
              5.8166
            ],
            [
              -72.6317,
              5.8291
            ],
            [
              -72.6271,
              5.8491
            ],
            [
              -72.6286,
              5.8625
            ],
            [
              -72.6218,
              5.8944
            ],
            [
              -72.6163,
              5.9046
            ],
            [
              -72.6202,
              5.9129
            ],
            [
              -72.6507,
              5.9069
            ]
          ]
        ]
      },
      "properties": {
        "OBJECTID": 301,
        "DPTO_CCDGO": "07",
        "MPIO_CCDGO": "790",
        "name": "07298",
        "MPIO_CRSLC": "1778",
        "MPIO_NANO_": 1993,
        "MPIO_NAREA": 210.58046244,
        "MPIO_CSMBL": "4",
        "MPIO_CCNCT": "15790",
        "MPIO_NANO": 2012,
        "SHAPE_Leng": 0.803580849209,
        "SHAPE_Area": 0.0171863569624,
        "NOMBRE": "TASCO",
        "DANE": {
          "dpto_ccdgo": "15",
          "mpio_ccdgo": "790",
          "mpio_cdpmp": "15790",
          "dpto_cnmbr": "BOYACÁ",
          "mpio_cnmbr": "TASCO",
          "mpio_crslc": "1778",
          "mpio_tipo": "MUNICIPIO",
          "mpio_narea": 209.698111622,
          "mpio_nano": 2024,
          "shape_Leng": 0.810535795489,
          "shape_Area": 0.0171143359734
        }
      }
    },
    {
      "type": "Feature",
      "geometry": {
        "type": "Polygon",
        "coordinates": [
          [
            [
              -73.3839,
              5.0848
            ],
            [
              -73.3979,
              5.102
            ],
            [
              -73.4197,
              5.1155
            ],
            [
              -73.4197,
              5.1219
            ],
            [
              -73.4228,
              5.1083
            ],
            [
              -73.434,
              5.0878
            ],
            [
              -73.4534,
              5.0714
            ],
            [
              -73.4652,
              5.0699
            ],
            [
              -73.4796,
              5.0616
            ],
            [
              -73.4736,
              5.0515
            ],
            [
              -73.4554,
              5.0495
            ],
            [
              -73.4484,
              5.0399
            ],
            [
              -73.4277,
              5.038
            ],
            [
              -73.419,
              5.0563
            ],
            [
              -73.3938,
              5.048
            ],
            [
              -73.3839,
              5.0848
            ]
          ]
        ]
      },
      "properties": {
        "OBJECTID": 302,
        "DPTO_CCDGO": "07",
        "MPIO_CCDGO": "798",
        "name": "07301",
        "MPIO_CRSLC": "1754",
        "MPIO_NANO_": 1993,
        "MPIO_NAREA": 46.58313816,
        "MPIO_CSMBL": "4",
        "MPIO_CCNCT": "15798",
        "MPIO_NANO": 2012,
        "SHAPE_Leng": 0.321805525649,
        "SHAPE_Area": 0.00379843439659,
        "NOMBRE": "TENZA",
        "DANE": {
          "dpto_ccdgo": "15",
          "mpio_ccdgo": "798",
          "mpio_cdpmp": "15798",
          "dpto_cnmbr": "BOYACÁ",
          "mpio_cnmbr": "TENZA",
          "mpio_crslc": "1754",
          "mpio_tipo": "MUNICIPIO",
          "mpio_narea": 45.8640825239,
          "mpio_nano": 2024,
          "shape_Leng": 0.328585083082,
          "shape_Area": 0.00373980614436
        }
      }
    },
    {
      "type": "Feature",
      "geometry": {
        "type": "Polygon",
        "coordinates": [
          [
            [
              -73.3364,
              5.3145
            ],
            [
              -73.3468,
              5.3174
            ],
            [
              -73.3569,
              5.3328
            ],
            [
              -73.3734,
              5.3384
            ],
            [
              -73.3816,
              5.3566
            ],
            [
              -73.4016,
              5.3588
            ],
            [
              -73.4076,
              5.3713
            ],
            [
              -73.4185,
              5.3715
            ],
            [
              -73.4187,
              5.3554
            ],
            [
              -73.4298,
              5.3405
            ],
            [
              -73.4464,
              5.3279
            ],
            [
              -73.4519,
              5.3036
            ],
            [
              -73.434,
              5.2947
            ],
            [
              -73.4479,
              5.2787
            ],
            [
              -73.4494,
              5.2467
            ],
            [
              -73.4062,
              5.2546
            ],
            [
              -73.4013,
              5.2427
            ],
            [
              -73.3782,
              5.2625
            ],
            [
              -73.3642,
              5.2659
            ],
            [
              -73.3577,
              5.2778
            ],
            [
              -73.3474,
              5.2825
            ],
            [
              -73.3371,
              5.2783
            ],
            [
              -73.3296,
              5.2617
            ],
            [
              -73.3086,
              5.2751
            ],
            [
              -73.3263,
              5.2934
            ],
            [
              -73.3364,
              5.3145
            ]
          ]
        ]
      },
      "properties": {
        "OBJECTID": 303,
        "DPTO_CCDGO": "07",
        "MPIO_CCDGO": "804",
        "name": "07304",
        "MPIO_CRSLC": "1777",
        "MPIO_NANO_": 1993,
        "MPIO_NAREA": 126.0498369,
        "MPIO_CSMBL": "4",
        "MPIO_CCNCT": "15804",
        "MPIO_NANO": 2012,
        "SHAPE_Leng": 0.537375572299,
        "SHAPE_Area": 0.0102817258415,
        "NOMBRE": "TIBANA",
        "DANE": {
          "dpto_ccdgo": "15",
          "mpio_ccdgo": "804",
          "mpio_cdpmp": "15804",
          "dpto_cnmbr": "BOYACÁ",
          "mpio_cnmbr": "TIBANÁ",
          "mpio_crslc": "1777",
          "mpio_tipo": "MUNICIPIO",
          "mpio_narea": 121.83265481,
          "mpio_nano": 2024,
          "shape_Leng": 0.560833323005,
          "shape_Area": 0.00993775642819
        }
      }
    },
    {
      "type": "Feature",
      "geometry": {
        "type": "Polygon",
        "coordinates": [
          [
            [
              -72.9922,
              5.8052
            ],
            [
              -73.0133,
              5.809
            ],
            [
              -73.0162,
              5.7951
            ],
            [
              -73.0283,
              5.7787
            ],
            [
              -73.0419,
              5.7709
            ],
            [
              -73.0508,
              5.7739
            ],
            [
              -73.067,
              5.7419
            ],
            [
              -73.0674,
              5.7255
            ],
            [
              -73.0594,
              5.687
            ],
            [
              -73.0443,
              5.6957
            ],
            [
              -73.0386,
              5.7084
            ],
            [
              -73.0242,
              5.7245
            ],
            [
              -73.0091,
              5.7196
            ],
            [
              -72.9726,
              5.7206
            ],
            [
              -72.9649,
              5.7087
            ],
            [
              -72.9473,
              5.7144
            ],
            [
              -72.9439,
              5.724
            ],
            [
              -72.9447,
              5.7461
            ],
            [
              -72.9551,
              5.7446
            ],
            [
              -72.9715,
              5.7562
            ],
            [
              -72.9725,
              5.7682
            ],
            [
              -72.9863,
              5.7865
            ],
            [
              -72.9922,
              5.8052
            ]
          ]
        ]
      },
      "properties": {
        "OBJECTID": 304,
        "DPTO_CCDGO": "07",
        "MPIO_CCDGO": "806",
        "name": "07307",
        "MPIO_CRSLC": "1708",
        "MPIO_NANO_": 1993,
        "MPIO_NAREA": 94.18131715,
        "MPIO_CSMBL": "4",
        "MPIO_CCNCT": "15806",
        "MPIO_NANO": 2012,
        "SHAPE_Leng": 0.51220996698,
        "SHAPE_Area": 0.00768633980168,
        "NOMBRE": "TIBASOSA",
        "DANE": {
          "dpto_ccdgo": "15",
          "mpio_ccdgo": "806",
          "mpio_cdpmp": "15806",
          "dpto_cnmbr": "BOYACÁ",
          "mpio_cnmbr": "TIBASOSA",
          "mpio_crslc": "1708",
          "mpio_tipo": "MUNICIPIO",
          "mpio_narea": 93.7605521137,
          "mpio_nano": 2024,
          "shape_Leng": 0.511431216945,
          "shape_Area": 0.00765200297506
        }
      }
    },
    {
      "type": "Feature",
      "geometry": {
        "type": "Polygon",
        "coordinates": [
          [
            [
              -73.6246,
              5.5698
            ],
            [
              -73.6294,
              5.5833
            ],
            [
              -73.6252,
              5.6031
            ],
            [
              -73.6326,
              5.6143
            ],
            [
              -73.6416,
              5.6157
            ],
            [
              -73.6557,
              5.609
            ],
            [
              -73.6703,
              5.6113
            ],
            [
              -73.6808,
              5.6366
            ],
            [
              -73.6861,
              5.6296
            ],
            [
              -73.7161,
              5.5902
            ],
            [
              -73.7131,
              5.5778
            ],
            [
              -73.7218,
              5.5532
            ],
            [
              -73.7199,
              5.537
            ],
            [
              -73.7093,
              5.5357
            ],
            [
              -73.7043,
              5.5273
            ],
            [
              -73.6928,
              5.5252
            ],
            [
              -73.6785,
              5.5419
            ],
            [
              -73.6646,
              5.5384
            ],
            [
              -73.6537,
              5.551
            ],
            [
              -73.645,
              5.552
            ],
            [
              -73.6365,
              5.5633
            ],
            [
              -73.6246,
              5.5698
            ]
          ]
        ]
      },
      "properties": {
        "OBJECTID": 305,
        "DPTO_CCDGO": "07",
        "MPIO_CCDGO": "808",
        "name": "07310",
        "MPIO_CRSLC": "1660",
        "MPIO_NANO_": 1993,
        "MPIO_NAREA": 79.53900056,
        "MPIO_CSMBL": "4",
        "MPIO_CCNCT": "15808",
        "MPIO_NANO": 2012,
        "SHAPE_Leng": 0.386576843986,
        "SHAPE_Area": 0.00649141761324,
        "NOMBRE": "TINJACA",
        "DANE": {
          "dpto_ccdgo": "15",
          "mpio_ccdgo": "808",
          "mpio_cdpmp": "15808",
          "dpto_cnmbr": "BOYACÁ",
          "mpio_cnmbr": "TINJACÁ",
          "mpio_crslc": "1660",
          "mpio_tipo": "MUNICIPIO",
          "mpio_narea": 79.7514017504,
          "mpio_nano": 2024,
          "shape_Leng": 0.39450635654,
          "shape_Area": 0.00650875349421
        }
      }
    },
    {
      "type": "Feature",
      "geometry": {
        "type": "Polygon",
        "coordinates": [
          [
            [
              -72.655,
              6.3779
            ],
            [
              -72.6581,
              6.4129
            ],
            [
              -72.6658,
              6.4339
            ],
            [
              -72.6606,
              6.4432
            ],
            [
              -72.6795,
              6.4828
            ],
            [
              -72.6966,
              6.4696
            ],
            [
              -72.7167,
              6.4423
            ],
            [
              -72.738,
              6.4403
            ],
            [
              -72.7351,
              6.4322
            ],
            [
              -72.733,
              6.3857
            ],
            [
              -72.7258,
              6.3716
            ],
            [
              -72.7133,
              6.3835
            ],
            [
              -72.6825,
              6.3853
            ],
            [
              -72.676,
              6.3791
            ],
            [
              -72.655,
              6.3779
            ]
          ]
        ]
      },
      "properties": {
        "OBJECTID": 306,
        "DPTO_CCDGO": "07",
        "MPIO_CCDGO": "810",
        "name": "07311",
        "MPIO_CRSLC": "Ordenanza 17 Noviembre 28 de 1968",
        "MPIO_NANO_": 1993,
        "MPIO_NAREA": 72.05479293,
        "MPIO_CSMBL": "4",
        "MPIO_CCNCT": "15810",
        "MPIO_NANO": 2012,
        "SHAPE_Leng": 0.359535245328,
        "SHAPE_Area": 0.00588634654473,
        "NOMBRE": "TIPACOQUE",
        "DANE": {
          "dpto_ccdgo": "15",
          "mpio_ccdgo": "810",
          "mpio_cdpmp": "15810",
          "dpto_cnmbr": "BOYACÁ",
          "mpio_cnmbr": "TIPACOQUE",
          "mpio_crslc": "Ordenanza 17 Noviembre 28 de 1968",
          "mpio_tipo": "MUNICIPIO",
          "mpio_narea": 71.9476712113,
          "mpio_nano": 2024,
          "shape_Leng": 0.371411566941,
          "shape_Area": 0.00587759351216
        }
      }
    },
    {
      "type": "Feature",
      "geometry": {
        "type": "Polygon",
        "coordinates": [
          [
            [
              -73.0794,
              5.6181
            ],
            [
              -73.1072,
              5.6275
            ],
            [
              -73.113,
              5.6249
            ],
            [
              -73.13,
              5.6337
            ],
            [
              -73.1479,
              5.6256
            ],
            [
              -73.17,
              5.6283
            ],
            [
              -73.1859,
              5.6501
            ],
            [
              -73.2131,
              5.6264
            ],
            [
              -73.219,
              5.6131
            ],
            [
              -73.2296,
              5.6016
            ],
            [
              -73.2449,
              5.5721
            ],
            [
              -73.2312,
              5.5639
            ],
            [
              -73.228,
              5.5539
            ],
            [
              -73.2151,
              5.5453
            ],
            [
              -73.197,
              5.5423
            ],
            [
              -73.1772,
              5.5259
            ],
            [
              -73.1391,
              5.5093
            ],
            [
              -73.135,
              5.5056
            ],
            [
              -73.1156,
              5.5254
            ],
            [
              -73.1055,
              5.5485
            ],
            [
              -73.104,
              5.5593
            ],
            [
              -73.0892,
              5.5848
            ],
            [
              -73.0794,
              5.6181
            ]
          ]
        ]
      },
      "properties": {
        "OBJECTID": 307,
        "DPTO_CCDGO": "07",
        "MPIO_CCDGO": "814",
        "name": "07313",
        "MPIO_CRSLC": "1767",
        "MPIO_NANO_": 1993,
        "MPIO_NAREA": 168.49780501,
        "MPIO_CSMBL": "4",
        "MPIO_CCNCT": "15814",
        "MPIO_NANO": 2012,
        "SHAPE_Leng": 0.539246176742,
        "SHAPE_Area": 0.0137488312992,
        "NOMBRE": "TOCA",
        "DANE": {
          "dpto_ccdgo": "15",
          "mpio_ccdgo": "814",
          "mpio_cdpmp": "15814",
          "dpto_cnmbr": "BOYACÁ",
          "mpio_cnmbr": "TOCA",
          "mpio_crslc": "1767",
          "mpio_tipo": "MUNICIPIO",
          "mpio_narea": 168.251862823,
          "mpio_nano": 2024,
          "shape_Leng": 0.542314323854,
          "shape_Area": 0.0137287688782
        }
      }
    },
    {
      "type": "Feature",
      "geometry": {
        "type": "Polygon",
        "coordinates": [
          [
            [
              -73.4338,
              5.8983
            ],
            [
              -73.4609,
              5.9325
            ],
            [
              -73.4534,
              5.9479
            ],
            [
              -73.4654,
              5.9629
            ],
            [
              -73.4691,
              5.9743
            ],
            [
              -73.496,
              5.9869
            ],
            [
              -73.5134,
              5.9716
            ],
            [
              -73.5215,
              5.9715
            ],
            [
              -73.5328,
              5.9607
            ],
            [
              -73.5499,
              5.9507
            ],
            [
              -73.5293,
              5.9413
            ],
            [
              -73.5284,
              5.9238
            ],
            [
              -73.538,
              5.91
            ],
            [
              -73.5219,
              5.8922
            ],
            [
              -73.5123,
              5.8943
            ],
            [
              -73.504,
              5.8757
            ],
            [
              -73.4919,
              5.8718
            ],
            [
              -73.4637,
              5.8484
            ],
            [
              -73.4512,
              5.8667
            ],
            [
              -73.4489,
              5.8798
            ],
            [
              -73.4567,
              5.8899
            ],
            [
              -73.4445,
              5.902
            ],
            [
              -73.4338,
              5.8983
            ]
          ]
        ]
      },
      "properties": {
        "OBJECTID": 308,
        "DPTO_CCDGO": "07",
        "MPIO_CCDGO": "816",
        "name": "07316",
        "MPIO_CRSLC": "1857",
        "MPIO_NANO_": 1993,
        "MPIO_NAREA": 104.36013667,
        "MPIO_CSMBL": "4",
        "MPIO_CCNCT": "15816",
        "MPIO_NANO": 2012,
        "SHAPE_Leng": 0.488492221766,
        "SHAPE_Area": 0.00852166394538,
        "NOMBRE": "TOGUI",
        "DANE": {
          "dpto_ccdgo": "15",
          "mpio_ccdgo": "816",
          "mpio_cdpmp": "15816",
          "dpto_cnmbr": "BOYACÁ",
          "mpio_cnmbr": "TOGÜÍ",
          "mpio_crslc": "1857",
          "mpio_tipo": "MUNICIPIO",
          "mpio_narea": 101.44312439,
          "mpio_nano": 2024,
          "shape_Leng": 0.47713297497,
          "shape_Area": 0.00828349446985
        }
      }
    },
    {
      "type": "Feature",
      "geometry": {
        "type": "Polygon",
        "coordinates": [
          [
            [
              -72.7963,
              5.7724
            ],
            [
              -72.806,
              5.7867
            ],
            [
              -72.8321,
              5.7977
            ],
            [
              -72.8439,
              5.7808
            ],
            [
              -72.8676,
              5.7685
            ],
            [
              -72.8751,
              5.7705
            ],
            [
              -72.8821,
              5.7674
            ],
            [
              -72.8711,
              5.742
            ],
            [
              -72.855,
              5.7515
            ],
            [
              -72.8478,
              5.7388
            ],
            [
              -72.8253,
              5.7367
            ],
            [
              -72.8199,
              5.7517
            ],
            [
              -72.7963,
              5.7724
            ]
          ]
        ]
      },
      "properties": {
        "OBJECTID": 309,
        "DPTO_CCDGO": "07",
        "MPIO_CCDGO": "820",
        "name": "07319",
        "MPIO_CRSLC": "1794",
        "MPIO_NANO_": 1993,
        "MPIO_NAREA": 33.7472925,
        "MPIO_CSMBL": "4",
        "MPIO_CCNCT": "15820",
        "MPIO_NANO": 2012,
        "SHAPE_Leng": 0.269534290547,
        "SHAPE_Area": 0.00275393802732,
        "NOMBRE": "TOPAGA",
        "DANE": {
          "dpto_ccdgo": "15",
          "mpio_ccdgo": "820",
          "mpio_cdpmp": "15820",
          "dpto_cnmbr": "BOYACÁ",
          "mpio_cnmbr": "TÓPAGA",
          "mpio_crslc": "1794",
          "mpio_tipo": "MUNICIPIO",
          "mpio_narea": 33.6295281932,
          "mpio_nano": 2024,
          "shape_Leng": 0.271281149793,
          "shape_Area": 0.00274432889487
        }
      }
    },
    {
      "type": "Feature",
      "geometry": {
        "type": "Polygon",
        "coordinates": [
          [
            [
              -73.0036,
              5.5928
            ],
            [
              -73.0127,
              5.5901
            ],
            [
              -73.0112,
              5.5756
            ],
            [
              -73.0313,
              5.5506
            ],
            [
              -73.0442,
              5.5233
            ],
            [
              -73.0435,
              5.5137
            ],
            [
              -73.0568,
              5.4889
            ],
            [
              -73.0606,
              5.4665
            ],
            [
              -73.0679,
              5.4444
            ],
            [
              -73.065,
              5.4262
            ],
            [
              -73.0399,
              5.4322
            ],
            [
              -73.051,
              5.4143
            ],
            [
              -73.0542,
              5.3945
            ],
            [
              -73.0449,
              5.3844
            ],
            [
              -73.0498,
              5.3733
            ],
            [
              -73.0431,
              5.3602
            ],
            [
              -73.0163,
              5.3846
            ],
            [
              -73.0025,
              5.4147
            ],
            [
              -72.9958,
              5.4192
            ],
            [
              -72.9866,
              5.4419
            ],
            [
              -72.992,
              5.4582
            ],
            [
              -72.9859,
              5.4665
            ],
            [
              -72.9674,
              5.4728
            ],
            [
              -72.9598,
              5.4923
            ],
            [
              -72.9423,
              5.5123
            ],
            [
              -72.9237,
              5.5376
            ],
            [
              -72.9207,
              5.5537
            ],
            [
              -72.9258,
              5.5672
            ],
            [
              -72.9491,
              5.5545
            ],
            [
              -72.9614,
              5.56
            ],
            [
              -72.9952,
              5.583
            ],
            [
              -73.0036,
              5.5928
            ]
          ]
        ]
      },
      "properties": {
        "OBJECTID": 310,
        "DPTO_CCDGO": "07",
        "MPIO_CCDGO": "822",
        "name": "07322",
        "MPIO_CRSLC": "1796",
        "MPIO_NANO_": 1993,
        "MPIO_NAREA": 184.38783709,
        "MPIO_CSMBL": "4",
        "MPIO_CCNCT": "15822",
        "MPIO_NANO": 2012,
        "SHAPE_Leng": 0.62132472249,
        "SHAPE_Area": 0.0150418356231,
        "NOMBRE": "TOTA",
        "DANE": {
          "dpto_ccdgo": "15",
          "mpio_ccdgo": "822",
          "mpio_cdpmp": "15822",
          "dpto_cnmbr": "BOYACÁ",
          "mpio_cnmbr": "TOTA",
          "mpio_crslc": "1796",
          "mpio_tipo": "MUNICIPIO",
          "mpio_narea": 196.046061076,
          "mpio_nano": 2024,
          "shape_Leng": 0.716828455971,
          "shape_Area": 0.015992785211
        }
      }
    },
    {
      "type": "Feature",
      "geometry": {
        "type": "Polygon",
        "coordinates": [
          [
            [
              -73.8998,
              5.7375
            ],
            [
              -73.9159,
              5.7367
            ],
            [
              -73.9255,
              5.7431
            ],
            [
              -73.9451,
              5.7361
            ],
            [
              -73.9619,
              5.7395
            ],
            [
              -73.9814,
              5.7207
            ],
            [
              -73.9712,
              5.7045
            ],
            [
              -73.954,
              5.7003
            ],
            [
              -73.9457,
              5.6937
            ],
            [
              -73.9399,
              5.689
            ],
            [
              -73.9262,
              5.712
            ],
            [
              -73.9177,
              5.7096
            ],
            [
              -73.8998,
              5.7375
            ]
          ]
        ]
      },
      "properties": {
        "OBJECTID": 311,
        "DPTO_CCDGO": "07",
        "MPIO_CCDGO": "832",
        "name": "07324",
        "MPIO_CRSLC": "Ordenanza 37 Noviembre 30 de 1962",
        "MPIO_NANO_": 1993,
        "MPIO_NAREA": 29.44936079,
        "MPIO_CSMBL": "4",
        "MPIO_CCNCT": "15832",
        "MPIO_NANO": 2012,
        "SHAPE_Leng": 0.232236926129,
        "SHAPE_Area": 0.00240413070499,
        "NOMBRE": "TUNUNGUA",
        "DANE": {
          "dpto_ccdgo": "15",
          "mpio_ccdgo": "832",
          "mpio_cdpmp": "15832",
          "dpto_cnmbr": "BOYACÁ",
          "mpio_cnmbr": "TUNUNGUÁ",
          "mpio_crslc": "Ordenanza 37 Noviembre 30 de 1962",
          "mpio_tipo": "MUNICIPIO",
          "mpio_narea": 29.2213080628,
          "mpio_nano": 2024,
          "shape_Leng": 0.251302616391,
          "shape_Area": 0.00238551532674
        }
      }
    },
    {
      "type": "Feature",
      "geometry": {
        "type": "Polygon",
        "coordinates": [
          [
            [
              -73.478,
              5.2894
            ],
            [
              -73.4801,
              5.2971
            ],
            [
              -73.4686,
              5.3174
            ],
            [
              -73.4727,
              5.3471
            ],
            [
              -73.4817,
              5.355
            ],
            [
              -73.4776,
              5.3701
            ],
            [
              -73.4851,
              5.3688
            ],
            [
              -73.5045,
              5.3528
            ],
            [
              -73.5129,
              5.3396
            ],
            [
              -73.5391,
              5.3412
            ],
            [
              -73.5494,
              5.3326
            ],
            [
              -73.5529,
              5.3102
            ],
            [
              -73.548,
              5.2996
            ],
            [
              -73.5432,
              5.2887
            ],
            [
              -73.5319,
              5.278
            ],
            [
              -73.5263,
              5.2567
            ],
            [
              -73.5278,
              5.2445
            ],
            [
              -73.5148,
              5.2327
            ],
            [
              -73.5152,
              5.2374
            ],
            [
              -73.4915,
              5.2634
            ],
            [
              -73.478,
              5.2894
            ]
          ]
        ]
      },
      "properties": {
        "OBJECTID": 312,
        "DPTO_CCDGO": "07",
        "MPIO_CCDGO": "835",
        "name": "07325",
        "MPIO_CRSLC": "1537",
        "MPIO_NANO_": 1993,
        "MPIO_NAREA": 81.2268091,
        "MPIO_CSMBL": "4",
        "MPIO_CCNCT": "15835",
        "MPIO_NANO": 2012,
        "SHAPE_Leng": 0.415179736041,
        "SHAPE_Area": 0.00662592995403,
        "NOMBRE": "TURMEQUE",
        "DANE": {
          "dpto_ccdgo": "15",
          "mpio_ccdgo": "835",
          "mpio_cdpmp": "15835",
          "dpto_cnmbr": "BOYACÁ",
          "mpio_cnmbr": "TURMEQUÉ",
          "mpio_crslc": "1537",
          "mpio_tipo": "MUNICIPIO",
          "mpio_narea": 79.7066042878,
          "mpio_nano": 2024,
          "shape_Leng": 0.388321120804,
          "shape_Area": 0.00650191582418
        }
      }
    },
    {
      "type": "Feature",
      "geometry": {
        "type": "Polygon",
        "coordinates": [
          [
            [
              -73.2639,
              5.7036
            ],
            [
              -73.2708,
              5.6859
            ],
            [
              -73.261,
              5.6849
            ],
            [
              -73.2673,
              5.6645
            ],
            [
              -73.2559,
              5.6564
            ],
            [
              -73.257,
              5.6403
            ],
            [
              -73.245,
              5.6275
            ],
            [
              -73.2318,
              5.6267
            ],
            [
              -73.2131,
              5.6264
            ],
            [
              -73.1859,
              5.6501
            ],
            [
              -73.17,
              5.6283
            ],
            [
              -73.1479,
              5.6256
            ],
            [
              -73.13,
              5.6337
            ],
            [
              -73.113,
              5.6249
            ],
            [
              -73.1072,
              5.6275
            ],
            [
              -73.0794,
              5.6181
            ],
            [
              -73.0761,
              5.6285
            ],
            [
              -73.0866,
              5.6431
            ],
            [
              -73.0958,
              5.6476
            ],
            [
              -73.1025,
              5.6591
            ],
            [
              -73.1147,
              5.6815
            ],
            [
              -73.128,
              5.6978
            ],
            [
              -73.1576,
              5.7196
            ],
            [
              -73.1558,
              5.7274
            ],
            [
              -73.1756,
              5.724
            ],
            [
              -73.1806,
              5.7163
            ],
            [
              -73.2035,
              5.7366
            ],
            [
              -73.2224,
              5.7281
            ],
            [
              -73.2311,
              5.7141
            ],
            [
              -73.2518,
              5.7047
            ],
            [
              -73.2639,
              5.7036
            ]
          ]
        ]
      },
      "properties": {
        "OBJECTID": 313,
        "DPTO_CCDGO": "07",
        "MPIO_CCDGO": "837",
        "name": "07328",
        "MPIO_CRSLC": "1725",
        "MPIO_NANO_": 1993,
        "MPIO_NAREA": 164.42170616,
        "MPIO_CSMBL": "4",
        "MPIO_CCNCT": "15837",
        "MPIO_NANO": 2012,
        "SHAPE_Leng": 0.687612249793,
        "SHAPE_Area": 0.0134184767698,
        "NOMBRE": "TUTA",
        "DANE": {
          "dpto_ccdgo": "15",
          "mpio_ccdgo": "837",
          "mpio_cdpmp": "15837",
          "dpto_cnmbr": "BOYACÁ",
          "mpio_cnmbr": "TUTA",
          "mpio_crslc": "1725",
          "mpio_tipo": "MUNICIPIO",
          "mpio_narea": 165.550110742,
          "mpio_nano": 2024,
          "shape_Leng": 0.700185609613,
          "shape_Area": 0.0135105580822
        }
      }
    },
    {
      "type": "Feature",
      "geometry": {
        "type": "Polygon",
        "coordinates": [
          [
            [
              -72.8104,
              6.0952
            ],
            [
              -72.8375,
              6.1306
            ],
            [
              -72.8294,
              6.141
            ],
            [
              -72.8285,
              6.1529
            ],
            [
              -72.8487,
              6.143
            ],
            [
              -72.8684,
              6.1445
            ],
            [
              -72.8732,
              6.1247
            ],
            [
              -72.895,
              6.1239
            ],
            [
              -72.9001,
              6.1125
            ],
            [
              -72.916,
              6.1074
            ],
            [
              -72.9234,
              6.0983
            ],
            [
              -72.9176,
              6.0802
            ],
            [
              -72.8946,
              6.0521
            ],
            [
              -72.8709,
              6.0393
            ],
            [
              -72.8705,
              6.0232
            ],
            [
              -72.8621,
              6.013
            ],
            [
              -72.8456,
              6.0085
            ],
            [
              -72.8222,
              6.013
            ],
            [
              -72.8124,
              6.0232
            ],
            [
              -72.8151,
              6.0408
            ],
            [
              -72.8114,
              6.0476
            ],
            [
              -72.8142,
              6.082
            ],
            [
              -72.8104,
              6.0952
            ]
          ]
        ]
      },
      "properties": {
        "OBJECTID": 314,
        "DPTO_CCDGO": "07",
        "MPIO_CCDGO": "839",
        "name": "07331",
        "MPIO_CRSLC": "1849",
        "MPIO_NANO_": 1993,
        "MPIO_NAREA": 123.12265415,
        "MPIO_CSMBL": "4",
        "MPIO_CCNCT": "15839",
        "MPIO_NANO": 2012,
        "SHAPE_Leng": 0.497898612592,
        "SHAPE_Area": 0.010053074327,
        "NOMBRE": "TUTAZA",
        "DANE": {
          "dpto_ccdgo": "15",
          "mpio_ccdgo": "839",
          "mpio_cdpmp": "15839",
          "dpto_cnmbr": "BOYACÁ",
          "mpio_cnmbr": "TUTAZÁ",
          "mpio_crslc": "1849",
          "mpio_tipo": "MUNICIPIO",
          "mpio_narea": 122.009502034,
          "mpio_nano": 2024,
          "shape_Leng": 0.503626835967,
          "shape_Area": 0.00996219907778
        }
      }
    },
    {
      "type": "Feature",
      "geometry": {
        "type": "Polygon",
        "coordinates": [
          [
            [
              -73.4013,
              5.2427
            ],
            [
              -73.4062,
              5.2546
            ],
            [
              -73.4494,
              5.2467
            ],
            [
              -73.4479,
              5.2787
            ],
            [
              -73.434,
              5.2947
            ],
            [
              -73.4519,
              5.3036
            ],
            [
              -73.4585,
              5.2952
            ],
            [
              -73.478,
              5.2894
            ],
            [
              -73.4915,
              5.2634
            ],
            [
              -73.5152,
              5.2374
            ],
            [
              -73.5148,
              5.2327
            ],
            [
              -73.5235,
              5.2205
            ],
            [
              -73.5219,
              5.1922
            ],
            [
              -73.5103,
              5.188
            ],
            [
              -73.5119,
              5.164
            ],
            [
              -73.505,
              5.1519
            ],
            [
              -73.4817,
              5.154
            ],
            [
              -73.4772,
              5.1481
            ],
            [
              -73.4369,
              5.1594
            ],
            [
              -73.4256,
              5.1817
            ],
            [
              -73.4068,
              5.1984
            ],
            [
              -73.3924,
              5.2168
            ],
            [
              -73.4041,
              5.2311
            ],
            [
              -73.4013,
              5.2427
            ]
          ]
        ]
      },
      "properties": {
        "OBJECTID": 315,
        "DPTO_CCDGO": "07",
        "MPIO_CCDGO": "842",
        "name": "07334",
        "MPIO_CRSLC": "1780",
        "MPIO_NANO_": 1993,
        "MPIO_NAREA": 143.6115131,
        "MPIO_CSMBL": "4",
        "MPIO_CCNCT": "15842",
        "MPIO_NANO": 2012,
        "SHAPE_Leng": 0.533783854,
        "SHAPE_Area": 0.0117130361527,
        "NOMBRE": "UMBITA",
        "DANE": {
          "dpto_ccdgo": "15",
          "mpio_ccdgo": "842",
          "mpio_cdpmp": "15842",
          "dpto_cnmbr": "BOYACÁ",
          "mpio_cnmbr": "ÚMBITA",
          "mpio_crslc": "1780",
          "mpio_tipo": "MUNICIPIO",
          "mpio_narea": 146.085349892,
          "mpio_nano": 2024,
          "shape_Leng": 0.549025803736,
          "shape_Area": 0.011914790325
        }
      }
    },
    {
      "type": "Feature",
      "geometry": {
        "type": "Polygon",
        "coordinates": [
          [
            [
              -73.4158,
              5.4485
            ],
            [
              -73.4309,
              5.4508
            ],
            [
              -73.4473,
              5.4691
            ],
            [
              -73.4584,
              5.4468
            ],
            [
              -73.4782,
              5.4267
            ],
            [
              -73.4964,
              5.4388
            ],
            [
              -73.5227,
              5.4219
            ],
            [
              -73.5415,
              5.4207
            ],
            [
              -73.5539,
              5.4068
            ],
            [
              -73.5757,
              5.4069
            ],
            [
              -73.5926,
              5.3984
            ],
            [
              -73.5901,
              5.3899
            ],
            [
              -73.5988,
              5.3783
            ],
            [
              -73.5961,
              5.3646
            ],
            [
              -73.594,
              5.3291
            ],
            [
              -73.5994,
              5.3188
            ],
            [
              -73.5891,
              5.3075
            ],
            [
              -73.5773,
              5.3015
            ],
            [
              -73.5672,
              5.3047
            ],
            [
              -73.5541,
              5.2968
            ],
            [
              -73.548,
              5.2996
            ],
            [
              -73.5529,
              5.3102
            ],
            [
              -73.5494,
              5.3326
            ],
            [
              -73.5391,
              5.3412
            ],
            [
              -73.5129,
              5.3396
            ],
            [
              -73.5045,
              5.3528
            ],
            [
              -73.4851,
              5.3688
            ],
            [
              -73.4776,
              5.3701
            ],
            [
              -73.4666,
              5.3789
            ],
            [
              -73.4472,
              5.3873
            ],
            [
              -73.442,
              5.3979
            ],
            [
              -73.4409,
              5.4151
            ],
            [
              -73.4158,
              5.4485
            ]
          ]
        ]
      },
      "properties": {
        "OBJECTID": 316,
        "DPTO_CCDGO": "07",
        "MPIO_CCDGO": "861",
        "name": "07337",
        "MPIO_CRSLC": "1777",
        "MPIO_NANO_": 1993,
        "MPIO_NAREA": 156.18038135,
        "MPIO_CSMBL": "4",
        "MPIO_CCNCT": "15861",
        "MPIO_NANO": 2012,
        "SHAPE_Leng": 0.668186350822,
        "SHAPE_Area": 0.0127417308565,
        "NOMBRE": "VENTAQUEMADA",
        "DANE": {
          "dpto_ccdgo": "15",
          "mpio_ccdgo": "861",
          "mpio_cdpmp": "15861",
          "dpto_cnmbr": "BOYACÁ",
          "mpio_cnmbr": "VENTAQUEMADA",
          "mpio_crslc": "1777",
          "mpio_tipo": "MUNICIPIO",
          "mpio_narea": 160.011504573,
          "mpio_nano": 2024,
          "shape_Leng": 0.667857692538,
          "shape_Area": 0.0130542953849
        }
      }
    },
    {
      "type": "Feature",
      "geometry": {
        "type": "Polygon",
        "coordinates": [
          [
            [
              -73.2157,
              5.4402
            ],
            [
              -73.2321,
              5.4555
            ],
            [
              -73.2621,
              5.4617
            ],
            [
              -73.2759,
              5.4838
            ],
            [
              -73.2859,
              5.4854
            ],
            [
              -73.3039,
              5.4721
            ],
            [
              -73.3144,
              5.45
            ],
            [
              -73.3061,
              5.4406
            ],
            [
              -73.3182,
              5.4252
            ],
            [
              -73.2972,
              5.4188
            ],
            [
              -73.2763,
              5.4169
            ],
            [
              -73.2569,
              5.4068
            ],
            [
              -73.222,
              5.4069
            ],
            [
              -73.212,
              5.4262
            ],
            [
              -73.2157,
              5.4402
            ]
          ]
        ]
      },
      "properties": {
        "OBJECTID": 317,
        "DPTO_CCDGO": "07",
        "MPIO_CCDGO": "879",
        "name": "07340",
        "MPIO_CRSLC": "1787",
        "MPIO_NANO_": 1993,
        "MPIO_NAREA": 63.75380044,
        "MPIO_CSMBL": "4",
        "MPIO_CCNCT": "15879",
        "MPIO_NANO": 2012,
        "SHAPE_Leng": 0.333651704408,
        "SHAPE_Area": 0.00520119118326,
        "NOMBRE": "VIRACACHA",
        "DANE": {
          "dpto_ccdgo": "15",
          "mpio_ccdgo": "879",
          "mpio_cdpmp": "15879",
          "dpto_cnmbr": "BOYACÁ",
          "mpio_cnmbr": "VIRACACHÁ",
          "mpio_crslc": "1787",
          "mpio_tipo": "MUNICIPIO",
          "mpio_narea": 62.5811446292,
          "mpio_nano": 2024,
          "shape_Leng": 0.341267745491,
          "shape_Area": 0.00510551854865
        }
      }
    },
    {
      "type": "Feature",
      "geometry": {
        "type": "Polygon",
        "coordinates": [
          [
            [
              -73.0498,
              5.3733
            ],
            [
              -73.0617,
              5.3665
            ],
            [
              -73.0745,
              5.3691
            ],
            [
              -73.1112,
              5.3481
            ],
            [
              -73.1263,
              5.3573
            ],
            [
              -73.1431,
              5.3463
            ],
            [
              -73.1579,
              5.3508
            ],
            [
              -73.2199,
              5.3007
            ],
            [
              -73.2336,
              5.2851
            ],
            [
              -73.2607,
              5.2877
            ],
            [
              -73.2727,
              5.2991
            ],
            [
              -73.2859,
              5.2874
            ],
            [
              -73.285,
              5.2658
            ],
            [
              -73.2777,
              5.257
            ],
            [
              -73.2793,
              5.2453
            ],
            [
              -73.2575,
              5.2366
            ],
            [
              -73.2564,
              5.2196
            ],
            [
              -73.2757,
              5.2139
            ],
            [
              -73.2835,
              5.2067
            ],
            [
              -73.2957,
              5.1983
            ],
            [
              -73.279,
              5.1918
            ],
            [
              -73.2655,
              5.1914
            ],
            [
              -73.2578,
              5.185
            ],
            [
              -73.2405,
              5.1891
            ],
            [
              -73.2178,
              5.2111
            ],
            [
              -73.2154,
              5.2317
            ],
            [
              -73.1915,
              5.24
            ],
            [
              -73.1739,
              5.2366
            ],
            [
              -73.1612,
              5.2388
            ],
            [
              -73.1482,
              5.229
            ],
            [
              -73.1455,
              5.2358
            ],
            [
              -73.1267,
              5.254
            ],
            [
              -73.1165,
              5.2705
            ],
            [
              -73.0948,
              5.2849
            ],
            [
              -73.0639,
              5.3006
            ],
            [
              -73.058,
              5.3081
            ],
            [
              -73.0416,
              5.3124
            ],
            [
              -73.0406,
              5.3257
            ],
            [
              -73.0464,
              5.3538
            ],
            [
              -73.0431,
              5.3602
            ],
            [
              -73.0498,
              5.3733
            ]
          ]
        ]
      },
      "properties": {
        "OBJECTID": 318,
        "DPTO_CCDGO": "07",
        "MPIO_CCDGO": "897",
        "name": "07346",
        "MPIO_CRSLC": "1765",
        "MPIO_NANO_": 1993,
        "MPIO_NAREA": 286.85015053,
        "MPIO_CSMBL": "4",
        "MPIO_CCNCT": "15897",
        "MPIO_NANO": 2012,
        "SHAPE_Leng": 1.03683465862,
        "SHAPE_Area": 0.0233946761691,
        "NOMBRE": "ZETAQUIRA",
        "DANE": {
          "dpto_ccdgo": "15",
          "mpio_ccdgo": "897",
          "mpio_cdpmp": "15897",
          "dpto_cnmbr": "BOYACÁ",
          "mpio_cnmbr": "ZETAQUIRA",
          "mpio_crslc": "1765",
          "mpio_tipo": "MUNICIPIO",
          "mpio_narea": 251.505065014,
          "mpio_nano": 2024,
          "shape_Leng": 0.898103513389,
          "shape_Area": 0.0205122325482
        }
      }
    }
  ],
  "name": "07"
}