{
  "type": "FeatureCollection",
  "crs": {
    "type": "name",
    "properties": {
      "name": "urn:ogc:def:crs:OGC:1.3:CRS84"
    }
  },
  "features": [
    {
      "type": "Feature",
      "geometry": {
        "type": "Polygon",
        "coordinates": [
          [
            [
              -75.349,
              5.1089
            ],
            [
              -75.3504,
              5.1301
            ],
            [
              -75.3551,
              5.1456
            ],
            [
              -75.3697,
              5.1488
            ],
            [
              -75.3891,
              5.1451
            ],
            [
              -75.4096,
              5.1467
            ],
            [
              -75.4266,
              5.1376
            ],
            [
              -75.4349,
              5.1237
            ],
            [
              -75.4485,
              5.1302
            ],
            [
              -75.4587,
              5.1249
            ],
            [
              -75.475,
              5.1301
            ],
            [
              -75.4869,
              5.142
            ],
            [
              -75.5035,
              5.1324
            ],
            [
              -75.5157,
              5.1188
            ],
            [
              -75.5259,
              5.1134
            ],
            [
              -75.5382,
              5.1298
            ],
            [
              -75.546,
              5.1305
            ],
            [
              -75.5503,
              5.1463
            ],
            [
              -75.5783,
              5.1497
            ],
            [
              -75.5991,
              5.1589
            ],
            [
              -75.6144,
              5.1492
            ],
            [
              -75.6624,
              5.1662
            ],
            [
              -75.6774,
              5.1414
            ],
            [
              -75.6717,
              5.1286
            ],
            [
              -75.6743,
              5.11
            ],
            [
              -75.6653,
              5.1002
            ],
            [
              -75.6748,
              5.0938
            ],
            [
              -75.6619,
              5.0776
            ],
            [
              -75.6515,
              5.076
            ],
            [
              -75.635,
              5.0625
            ],
            [
              -75.6202,
              5.0681
            ],
            [
              -75.5972,
              5.0467
            ],
            [
              -75.6047,
              5.0266
            ],
            [
              -75.6025,
              5.0153
            ],
            [
              -75.5974,
              5.0043
            ],
            [
              -75.5964,
              4.986
            ],
            [
              -75.5877,
              4.9842
            ],
            [
              -75.5726,
              4.9923
            ],
            [
              -75.56,
              4.9914
            ],
            [
              -75.5481,
              5.0029
            ],
            [
              -75.5364,
              5.0055
            ],
            [
              -75.5302,
              5.0184
            ],
            [
              -75.5339,
              5.0317
            ],
            [
              -75.5253,
              5.0457
            ],
            [
              -75.5147,
              5.0523
            ],
            [
              -75.5006,
              5.0395
            ],
            [
              -75.4897,
              5.0424
            ],
            [
              -75.4754,
              5.0276
            ],
            [
              -75.4333,
              5.0244
            ],
            [
              -75.4194,
              5.0205
            ],
            [
              -75.4118,
              5.0267
            ],
            [
              -75.3753,
              5.0229
            ],
            [
              -75.3633,
              5.0142
            ],
            [
              -75.3365,
              5.0124
            ],
            [
              -75.3321,
              5.017
            ],
            [
              -75.3279,
              5.0419
            ],
            [
              -75.3383,
              5.045
            ],
            [
              -75.3558,
              5.0509
            ],
            [
              -75.3701,
              5.0643
            ],
            [
              -75.3618,
              5.0853
            ],
            [
              -75.3651,
              5.0921
            ],
            [
              -75.3551,
              5.1078
            ],
            [
              -75.349,
              5.1089
            ]
          ]
        ]
      },
      "properties": {
        "OBJECTID": 319,
        "DPTO_CCDGO": "09",
        "MPIO_CCDGO": "001",
        "name": "09001",
        "MPIO_CRSLC": "1849",
        "MPIO_NANO_": 1993,
        "MPIO_NAREA": 442.8637233,
        "MPIO_CSMBL": "4",
        "MPIO_CCNCT": "17001",
        "MPIO_NANO": 2012,
        "SHAPE_Leng": 1.38755220379,
        "SHAPE_Area": 0.0360943936548,
        "NOMBRE": "MANIZALES",
        "DANE": {
          "dpto_ccdgo": "17",
          "mpio_ccdgo": "001",
          "mpio_cdpmp": "17001",
          "dpto_cnmbr": "CALDAS",
          "mpio_cnmbr": "MANIZALES",
          "mpio_crslc": "1849",
          "mpio_tipo": "MUNICIPIO",
          "mpio_narea": 441.004225868,
          "mpio_nano": 2024,
          "shape_Leng": 1.38913071171,
          "shape_Area": 0.0359428225556
        }
      }
    },
    {
      "type": "Feature",
      "geometry": {
        "type": "Polygon",
        "coordinates": [
          [
            [
              -75.569,
              5.7249
            ],
            [
              -75.5988,
              5.7375
            ],
            [
              -75.5997,
              5.717
            ],
            [
              -75.5955,
              5.7113
            ],
            [
              -75.5995,
              5.6812
            ],
            [
              -75.5742,
              5.6698
            ],
            [
              -75.5898,
              5.6419
            ],
            [
              -75.5842,
              5.6317
            ],
            [
              -75.5802,
              5.6056
            ],
            [
              -75.5804,
              5.592
            ],
            [
              -75.5751,
              5.5747
            ],
            [
              -75.5761,
              5.5497
            ],
            [
              -75.5713,
              5.5438
            ],
            [
              -75.5545,
              5.5595
            ],
            [
              -75.5409,
              5.5603
            ],
            [
              -75.5271,
              5.5772
            ],
            [
              -75.5167,
              5.582
            ],
            [
              -75.5058,
              5.5751
            ],
            [
              -75.4928,
              5.5818
            ],
            [
              -75.4839,
              5.5667
            ],
            [
              -75.472,
              5.5613
            ],
            [
              -75.467,
              5.5526
            ],
            [
              -75.4546,
              5.5503
            ],
            [
              -75.4303,
              5.5558
            ],
            [
              -75.4135,
              5.5399
            ],
            [
              -75.4173,
              5.524
            ],
            [
              -75.4104,
              5.5071
            ],
            [
              -75.3986,
              5.5007
            ],
            [
              -75.3797,
              5.5001
            ],
            [
              -75.3707,
              5.4859
            ],
            [
              -75.3761,
              5.4493
            ],
            [
              -75.3725,
              5.4364
            ],
            [
              -75.3808,
              5.4197
            ],
            [
              -75.3556,
              5.4223
            ],
            [
              -75.3401,
              5.4294
            ],
            [
              -75.32,
              5.4437
            ],
            [
              -75.3163,
              5.4592
            ],
            [
              -75.3186,
              5.4672
            ],
            [
              -75.3133,
              5.4823
            ],
            [
              -75.316,
              5.4924
            ],
            [
              -75.3114,
              5.5099
            ],
            [
              -75.3215,
              5.5176
            ],
            [
              -75.3306,
              5.5329
            ],
            [
              -75.3338,
              5.5502
            ],
            [
              -75.3276,
              5.5562
            ],
            [
              -75.3384,
              5.5685
            ],
            [
              -75.3458,
              5.587
            ],
            [
              -75.3402,
              5.603
            ],
            [
              -75.3633,
              5.6013
            ],
            [
              -75.3737,
              5.6088
            ],
            [
              -75.3833,
              5.6274
            ],
            [
              -75.3684,
              5.6408
            ],
            [
              -75.368,
              5.6545
            ],
            [
              -75.3769,
              5.6742
            ],
            [
              -75.4066,
              5.6812
            ],
            [
              -75.4127,
              5.6943
            ],
            [
              -75.4237,
              5.696
            ],
            [
              -75.438,
              5.6919
            ],
            [
              -75.4547,
              5.6822
            ],
            [
              -75.4613,
              5.6724
            ],
            [
              -75.4786,
              5.6644
            ],
            [
              -75.4892,
              5.6775
            ],
            [
              -75.5203,
              5.6953
            ],
            [
              -75.5355,
              5.691
            ],
            [
              -75.5442,
              5.7089
            ],
            [
              -75.543,
              5.7198
            ],
            [
              -75.5559,
              5.7244
            ],
            [
              -75.569,
              5.7249
            ]
          ]
        ]
      },
      "properties": {
        "OBJECTID": 320,
        "DPTO_CCDGO": "09",
        "MPIO_CCDGO": "013",
        "name": "09004",
        "MPIO_CRSLC": "1808",
        "MPIO_NANO_": 1993,
        "MPIO_NAREA": 474.84115857,
        "MPIO_CSMBL": "4",
        "MPIO_CCNCT": "17013",
        "MPIO_NANO": 2012,
        "SHAPE_Leng": 1.34308397018,
        "SHAPE_Area": 0.0387341459102,
        "NOMBRE": "AGUADAS",
        "DANE": {
          "dpto_ccdgo": "17",
          "mpio_ccdgo": "013",
          "mpio_cdpmp": "17013",
          "dpto_cnmbr": "CALDAS",
          "mpio_cnmbr": "AGUADAS",
          "mpio_crslc": "1808",
          "mpio_tipo": "MUNICIPIO",
          "mpio_narea": 475.732663847,
          "mpio_nano": 2024,
          "shape_Leng": 1.37425645569,
          "shape_Area": 0.0388068554284
        }
      }
    },
    {
      "type": "Feature",
      "geometry": {
        "type": "Polygon",
        "coordinates": [
          [
            [
              -75.7483,
              5.2843
            ],
            [
              -75.7631,
              5.2734
            ],
            [
              -75.7731,
              5.2738
            ],
            [
              -75.7869,
              5.2848
            ],
            [
              -75.8021,
              5.2813
            ],
            [
              -75.8141,
              5.2712
            ],
            [
              -75.8237,
              5.2701
            ],
            [
              -75.8252,
              5.2593
            ],
            [
              -75.8205,
              5.2435
            ],
            [
              -75.8051,
              5.2353
            ],
            [
              -75.8035,
              5.2243
            ],
            [
              -75.8081,
              5.2101
            ],
            [
              -75.8027,
              5.1982
            ],
            [
              -75.8335,
              5.1506
            ],
            [
              -75.8325,
              5.1371
            ],
            [
              -75.8366,
              5.1148
            ],
            [
              -75.8113,
              5.117
            ],
            [
              -75.802,
              5.1386
            ],
            [
              -75.7899,
              5.1455
            ],
            [
              -75.7959,
              5.1623
            ],
            [
              -75.7721,
              5.1679
            ],
            [
              -75.7631,
              5.1761
            ],
            [
              -75.7464,
              5.1732
            ],
            [
              -75.7529,
              5.1593
            ],
            [
              -75.732,
              5.13
            ],
            [
              -75.7194,
              5.1162
            ],
            [
              -75.7043,
              5.1124
            ],
            [
              -75.7042,
              5.1251
            ],
            [
              -75.6844,
              5.1316
            ],
            [
              -75.6774,
              5.1414
            ],
            [
              -75.6624,
              5.1662
            ],
            [
              -75.6645,
              5.1726
            ],
            [
              -75.6811,
              5.1842
            ],
            [
              -75.6934,
              5.183
            ],
            [
              -75.696,
              5.2047
            ],
            [
              -75.7031,
              5.2278
            ],
            [
              -75.6914,
              5.2394
            ],
            [
              -75.6937,
              5.2552
            ],
            [
              -75.6997,
              5.2615
            ],
            [
              -75.7189,
              5.2616
            ],
            [
              -75.7461,
              5.275
            ],
            [
              -75.7483,
              5.2843
            ]
          ]
        ]
      },
      "properties": {
        "OBJECTID": 321,
        "DPTO_CCDGO": "09",
        "MPIO_CCDGO": "042",
        "name": "09007",
        "MPIO_CRSLC": "1882",
        "MPIO_NANO_": 1993,
        "MPIO_NAREA": 210.25975783,
        "MPIO_CSMBL": "4",
        "MPIO_CCNCT": "17042",
        "MPIO_NANO": 2012,
        "SHAPE_Leng": 0.90117651668,
        "SHAPE_Area": 0.0171412565327,
        "NOMBRE": "ANSERMA",
        "DANE": {
          "dpto_ccdgo": "17",
          "mpio_ccdgo": "042",
          "mpio_cdpmp": "17042",
          "dpto_cnmbr": "CALDAS",
          "mpio_cnmbr": "ANSERMA",
          "mpio_crslc": "1882",
          "mpio_tipo": "MUNICIPIO",
          "mpio_narea": 209.153270893,
          "mpio_nano": 2024,
          "shape_Leng": 0.914002216923,
          "shape_Area": 0.0170455862681
        }
      }
    },
    {
      "type": "Feature",
      "geometry": {
        "type": "Polygon",
        "coordinates": [
          [
            [
              -75.3722,
              5.2218
            ],
            [
              -75.3876,
              5.2438
            ],
            [
              -75.3837,
              5.2519
            ],
            [
              -75.3933,
              5.2735
            ],
            [
              -75.4043,
              5.2787
            ],
            [
              -75.4072,
              5.2914
            ],
            [
              -75.4203,
              5.2826
            ],
            [
              -75.4515,
              5.2905
            ],
            [
              -75.4634,
              5.3113
            ],
            [
              -75.4819,
              5.3163
            ],
            [
              -75.4881,
              5.3245
            ],
            [
              -75.4859,
              5.3376
            ],
            [
              -75.4935,
              5.3474
            ],
            [
              -75.5015,
              5.3345
            ],
            [
              -75.5111,
              5.3336
            ],
            [
              -75.5183,
              5.3362
            ],
            [
              -75.5407,
              5.3277
            ],
            [
              -75.525,
              5.3161
            ],
            [
              -75.5178,
              5.3031
            ],
            [
              -75.5192,
              5.2737
            ],
            [
              -75.5371,
              5.2575
            ],
            [
              -75.5484,
              5.2573
            ],
            [
              -75.5526,
              5.2389
            ],
            [
              -75.5524,
              5.2114
            ],
            [
              -75.5452,
              5.2187
            ],
            [
              -75.5349,
              5.2126
            ],
            [
              -75.521,
              5.2169
            ],
            [
              -75.5069,
              5.2282
            ],
            [
              -75.4915,
              5.2326
            ],
            [
              -75.4569,
              5.2191
            ],
            [
              -75.4532,
              5.2121
            ],
            [
              -75.4337,
              5.2203
            ],
            [
              -75.432,
              5.2284
            ],
            [
              -75.4155,
              5.2392
            ],
            [
              -75.3915,
              5.2236
            ],
            [
              -75.3791,
              5.2266
            ],
            [
              -75.3722,
              5.2218
            ]
          ]
        ]
      },
      "properties": {
        "OBJECTID": 322,
        "DPTO_CCDGO": "09",
        "MPIO_CCDGO": "050",
        "name": "09013",
        "MPIO_CRSLC": "Ordenanza 27 de Octubre 22 de 1855",
        "MPIO_NANO_": 1993,
        "MPIO_NAREA": 144.49255245,
        "MPIO_CSMBL": "4",
        "MPIO_CCNCT": "17050",
        "MPIO_NANO": 2012,
        "SHAPE_Leng": 0.669930214628,
        "SHAPE_Area": 0.0117801671578,
        "NOMBRE": "ARANZAZU",
        "DANE": {
          "dpto_ccdgo": "17",
          "mpio_ccdgo": "050",
          "mpio_cdpmp": "17050",
          "dpto_cnmbr": "CALDAS",
          "mpio_cnmbr": "ARANZAZU",
          "mpio_crslc": "Ordenanza 27 de Octubre 22 de 1855",
          "mpio_tipo": "MUNICIPIO",
          "mpio_narea": 149.576756354,
          "mpio_nano": 2024,
          "shape_Leng": 0.701567174977,
          "shape_Area": 0.0121946314298
        }
      }
    },
    {
      "type": "Feature",
      "geometry": {
        "type": "Polygon",
        "coordinates": [
          [
            [
              -75.7742,
              5.0629
            ],
            [
              -75.7895,
              5.059
            ],
            [
              -75.8064,
              5.0653
            ],
            [
              -75.8162,
              5.043
            ],
            [
              -75.8341,
              5.0218
            ],
            [
              -75.859,
              5.0046
            ],
            [
              -75.8615,
              4.976
            ],
            [
              -75.8554,
              4.952
            ],
            [
              -75.8607,
              4.9421
            ],
            [
              -75.8672,
              4.9335
            ],
            [
              -75.8401,
              4.9294
            ],
            [
              -75.8148,
              4.9194
            ],
            [
              -75.8004,
              4.9371
            ],
            [
              -75.7927,
              4.9369
            ],
            [
              -75.7884,
              4.9494
            ],
            [
              -75.7962,
              4.9663
            ],
            [
              -75.7856,
              4.9971
            ],
            [
              -75.7771,
              5.0063
            ],
            [
              -75.7724,
              5.0201
            ],
            [
              -75.7636,
              5.0236
            ],
            [
              -75.7585,
              5.0379
            ],
            [
              -75.7468,
              5.0468
            ],
            [
              -75.7433,
              5.0511
            ],
            [
              -75.7465,
              5.0588
            ],
            [
              -75.7666,
              5.059
            ],
            [
              -75.7742,
              5.0629
            ]
          ]
        ]
      },
      "properties": {
        "OBJECTID": 323,
        "DPTO_CCDGO": "09",
        "MPIO_CCDGO": "088",
        "name": "09022",
        "MPIO_CRSLC": "Ordenanza 17 de 1911",
        "MPIO_NANO_": 1993,
        "MPIO_NAREA": 111.66467597,
        "MPIO_CSMBL": "4",
        "MPIO_CCNCT": "17088",
        "MPIO_NANO": 2012,
        "SHAPE_Leng": 0.590523003564,
        "SHAPE_Area": 0.00910097214111,
        "NOMBRE": "BELALCAZAR",
        "DANE": {
          "dpto_ccdgo": "17",
          "mpio_ccdgo": "088",
          "mpio_cdpmp": "17088",
          "dpto_cnmbr": "CALDAS",
          "mpio_cnmbr": "BELALCÁZAR",
          "mpio_crslc": "Ordenanza 17 de 1911",
          "mpio_tipo": "MUNICIPIO",
          "mpio_narea": 113.381379757,
          "mpio_nano": 2024,
          "shape_Leng": 0.602514019567,
          "shape_Area": 0.00923691122035
        }
      }
    },
    {
      "type": "Feature",
      "geometry": {
        "type": "Polygon",
        "coordinates": [
          [
            [
              -75.6025,
              5.0153
            ],
            [
              -75.6062,
              5.0051
            ],
            [
              -75.6169,
              4.9984
            ],
            [
              -75.6412,
              4.9903
            ],
            [
              -75.6439,
              4.9987
            ],
            [
              -75.6674,
              5.0035
            ],
            [
              -75.6684,
              4.994
            ],
            [
              -75.6895,
              5.0072
            ],
            [
              -75.7096,
              5.0331
            ],
            [
              -75.7074,
              5.0546
            ],
            [
              -75.7124,
              5.0645
            ],
            [
              -75.7102,
              5.0775
            ],
            [
              -75.7228,
              5.0696
            ],
            [
              -75.7433,
              5.0511
            ],
            [
              -75.7468,
              5.0468
            ],
            [
              -75.734,
              5.0168
            ],
            [
              -75.7233,
              4.9997
            ],
            [
              -75.7148,
              4.9764
            ],
            [
              -75.7142,
              4.9578
            ],
            [
              -75.6983,
              4.9439
            ],
            [
              -75.666,
              4.9427
            ],
            [
              -75.6527,
              4.9508
            ],
            [
              -75.6542,
              4.958
            ],
            [
              -75.6401,
              4.9706
            ],
            [
              -75.6241,
              4.9716
            ],
            [
              -75.6158,
              4.9454
            ],
            [
              -75.6169,
              4.9372
            ],
            [
              -75.5971,
              4.9293
            ],
            [
              -75.5723,
              4.9362
            ],
            [
              -75.5859,
              4.94
            ],
            [
              -75.5804,
              4.9653
            ],
            [
              -75.5893,
              4.9743
            ],
            [
              -75.5877,
              4.9842
            ],
            [
              -75.5964,
              4.986
            ],
            [
              -75.5974,
              5.0043
            ],
            [
              -75.6025,
              5.0153
            ]
          ]
        ]
      },
      "properties": {
        "OBJECTID": 324,
        "DPTO_CCDGO": "09",
        "MPIO_CCDGO": "174",
        "name": "09034",
        "MPIO_CRSLC": "Ordenanza 21 de Abril 26 de 1930",
        "MPIO_NANO_": 1993,
        "MPIO_NAREA": 108.38748752,
        "MPIO_CSMBL": "4",
        "MPIO_CCNCT": "17174",
        "MPIO_NANO": 2012,
        "SHAPE_Leng": 0.758955712481,
        "SHAPE_Area": 0.00883272216082,
        "NOMBRE": "CHINCHINA",
        "DANE": {
          "dpto_ccdgo": "17",
          "mpio_ccdgo": "174",
          "mpio_cdpmp": "17174",
          "dpto_cnmbr": "CALDAS",
          "mpio_cnmbr": "CHINCHINÁ",
          "mpio_crslc": "Ordenanza 21 de Abril 26 de 1930",
          "mpio_tipo": "MUNICIPIO",
          "mpio_narea": 109.372320965,
          "mpio_nano": 2024,
          "shape_Leng": 0.796258109908,
          "shape_Area": 0.0089115071606
        }
      }
    },
    {
      "type": "Feature",
      "geometry": {
        "type": "Polygon",
        "coordinates": [
          [
            [
              -75.5407,
              5.3277
            ],
            [
              -75.5389,
              5.3448
            ],
            [
              -75.5423,
              5.3582
            ],
            [
              -75.5731,
              5.3494
            ],
            [
              -75.5938,
              5.3537
            ],
            [
              -75.5945,
              5.3645
            ],
            [
              -75.6072,
              5.3761
            ],
            [
              -75.6101,
              5.3749
            ],
            [
              -75.6156,
              5.354
            ],
            [
              -75.6364,
              5.3324
            ],
            [
              -75.6353,
              5.3127
            ],
            [
              -75.6482,
              5.3069
            ],
            [
              -75.6622,
              5.29
            ],
            [
              -75.6668,
              5.2756
            ],
            [
              -75.6591,
              5.2729
            ],
            [
              -75.6518,
              5.2514
            ],
            [
              -75.6491,
              5.2339
            ],
            [
              -75.6353,
              5.2217
            ],
            [
              -75.6211,
              5.2195
            ],
            [
              -75.6096,
              5.2262
            ],
            [
              -75.604,
              5.2182
            ],
            [
              -75.5915,
              5.2154
            ],
            [
              -75.5749,
              5.2034
            ],
            [
              -75.5524,
              5.2114
            ],
            [
              -75.5526,
              5.2389
            ],
            [
              -75.5484,
              5.2573
            ],
            [
              -75.5371,
              5.2575
            ],
            [
              -75.5192,
              5.2737
            ],
            [
              -75.5178,
              5.3031
            ],
            [
              -75.525,
              5.3161
            ],
            [
              -75.5407,
              5.3277
            ]
          ]
        ]
      },
      "properties": {
        "OBJECTID": 325,
        "DPTO_CCDGO": "09",
        "MPIO_CCDGO": "272",
        "name": "09037",
        "MPIO_CRSLC": "Ley 253 de 1873",
        "MPIO_NANO_": 1993,
        "MPIO_NAREA": 194.31866796,
        "MPIO_CSMBL": "4",
        "MPIO_CCNCT": "17272",
        "MPIO_NANO": 2012,
        "SHAPE_Leng": 0.619655334484,
        "SHAPE_Area": 0.0158415646813,
        "NOMBRE": "FILADELFIA",
        "DANE": {
          "dpto_ccdgo": "17",
          "mpio_ccdgo": "272",
          "mpio_cdpmp": "17272",
          "dpto_cnmbr": "CALDAS",
          "mpio_cnmbr": "FILADELFIA",
          "mpio_crslc": "Ley 253 de 1873",
          "mpio_tipo": "MUNICIPIO",
          "mpio_narea": 192.596108335,
          "mpio_nano": 2024,
          "shape_Leng": 0.635312768457,
          "shape_Area": 0.0157007886842
        }
      }
    },
    {
      "type": "Feature",
      "geometry": {
        "type": "Polygon",
        "coordinates": [
          [
            [
              -74.665,
              5.7685
            ],
            [
              -74.6793,
              5.779
            ],
            [
              -74.6933,
              5.7729
            ],
            [
              -74.7142,
              5.7719
            ],
            [
              -74.7124,
              5.7584
            ],
            [
              -74.7215,
              5.7558
            ],
            [
              -74.7276,
              5.7387
            ],
            [
              -74.7254,
              5.7235
            ],
            [
              -74.7377,
              5.7072
            ],
            [
              -74.7391,
              5.6993
            ],
            [
              -74.7401,
              5.6846
            ],
            [
              -74.7496,
              5.6785
            ],
            [
              -74.7487,
              5.6687
            ],
            [
              -74.7795,
              5.6509
            ],
            [
              -74.7848,
              5.6443
            ],
            [
              -74.786,
              5.6245
            ],
            [
              -74.7926,
              5.6143
            ],
            [
              -74.8131,
              5.6043
            ],
            [
              -74.8148,
              5.5918
            ],
            [
              -74.804,
              5.5855
            ],
            [
              -74.7923,
              5.5864
            ],
            [
              -74.7755,
              5.5738
            ],
            [
              -74.7608,
              5.5827
            ],
            [
              -74.7478,
              5.5767
            ],
            [
              -74.7231,
              5.5854
            ],
            [
              -74.7103,
              5.5811
            ],
            [
              -74.7055,
              5.5655
            ],
            [
              -74.7262,
              5.5635
            ],
            [
              -74.714,
              5.5491
            ],
            [
              -74.7123,
              5.5229
            ],
            [
              -74.7221,
              5.511
            ],
            [
              -74.7264,
              5.495
            ],
            [
              -74.7586,
              5.4724
            ],
            [
              -74.7419,
              5.4563
            ],
            [
              -74.7473,
              5.444
            ],
            [
              -74.7579,
              5.4412
            ],
            [
              -74.768,
              5.4151
            ],
            [
              -74.7888,
              5.407
            ],
            [
              -74.7946,
              5.3962
            ],
            [
              -74.786,
              5.386
            ],
            [
              -74.7949,
              5.3703
            ],
            [
              -74.7838,
              5.3567
            ],
            [
              -74.7813,
              5.3389
            ],
            [
              -74.7962,
              5.3253
            ],
            [
              -74.7899,
              5.2986
            ],
            [
              -74.7756,
              5.2994
            ],
            [
              -74.7601,
              5.2861
            ],
            [
              -74.7343,
              5.2869
            ],
            [
              -74.7272,
              5.3061
            ],
            [
              -74.7147,
              5.315
            ],
            [
              -74.7086,
              5.3432
            ],
            [
              -74.6975,
              5.3651
            ],
            [
              -74.6888,
              5.3645
            ],
            [
              -74.6778,
              5.3778
            ],
            [
              -74.6852,
              5.3989
            ],
            [
              -74.6671,
              5.4052
            ],
            [
              -74.6678,
              5.4204
            ],
            [
              -74.677,
              5.4366
            ],
            [
              -74.6671,
              5.4435
            ],
            [
              -74.6499,
              5.4423
            ],
            [
              -74.6596,
              5.4492
            ],
            [
              -74.6657,
              5.4834
            ],
            [
              -74.6743,
              5.5159
            ],
            [
              -74.6564,
              5.5232
            ],
            [
              -74.6414,
              5.5393
            ],
            [
              -74.6415,
              5.5496
            ],
            [
              -74.653,
              5.5738
            ],
            [
              -74.6447,
              5.6046
            ],
            [
              -74.6448,
              5.6188
            ],
            [
              -74.6296,
              5.6293
            ],
            [
              -74.637,
              5.6513
            ],
            [
              -74.6282,
              5.6782
            ],
            [
              -74.6275,
              5.6968
            ],
            [
              -74.6378,
              5.7092
            ],
            [
              -74.6493,
              5.7083
            ],
            [
              -74.6577,
              5.7233
            ],
            [
              -74.661,
              5.7524
            ],
            [
              -74.665,
              5.7685
            ]
          ]
        ]
      },
      "properties": {
        "OBJECTID": 326,
        "DPTO_CCDGO": "09",
        "MPIO_CCDGO": "380",
        "name": "09049",
        "MPIO_CRSLC": "Ordenanza 43 de 1923",
        "MPIO_NANO_": 1993,
        "MPIO_NAREA": 533.18041868,
        "MPIO_CSMBL": "4",
        "MPIO_CCNCT": "17380",
        "MPIO_NANO": 2012,
        "SHAPE_Leng": 1.80602743633,
        "SHAPE_Area": 0.0435092335499,
        "NOMBRE": "LA DORADA",
        "DANE": {
          "dpto_ccdgo": "17",
          "mpio_ccdgo": "380",
          "mpio_cdpmp": "17380",
          "dpto_cnmbr": "CALDAS",
          "mpio_cnmbr": "LA DORADA",
          "mpio_crslc": "Ordenanza 43 de 1923",
          "mpio_tipo": "MUNICIPIO",
          "mpio_narea": 549.236340842,
          "mpio_nano": 2024,
          "shape_Leng": 1.83217876156,
          "shape_Area": 0.0448189033715
        }
      }
    },
    {
      "type": "Feature",
      "geometry": {
        "type": "Polygon",
        "coordinates": [
          [
            [
              -75.5325,
              5.4424
            ],
            [
              -75.5504,
              5.44
            ],
            [
              -75.5644,
              5.446
            ],
            [
              -75.5743,
              5.4571
            ],
            [
              -75.5818,
              5.4571
            ],
            [
              -75.585,
              5.446
            ],
            [
              -75.5854,
              5.4377
            ],
            [
              -75.5967,
              5.4083
            ],
            [
              -75.6003,
              5.3876
            ],
            [
              -75.6072,
              5.3761
            ],
            [
              -75.5945,
              5.3645
            ],
            [
              -75.5938,
              5.3537
            ],
            [
              -75.5731,
              5.3494
            ],
            [
              -75.5423,
              5.3582
            ],
            [
              -75.5389,
              5.3448
            ],
            [
              -75.5407,
              5.3277
            ],
            [
              -75.5183,
              5.3362
            ],
            [
              -75.5111,
              5.3336
            ],
            [
              -75.5211,
              5.3576
            ],
            [
              -75.5165,
              5.3691
            ],
            [
              -75.5237,
              5.3849
            ],
            [
              -75.5201,
              5.4138
            ],
            [
              -75.5299,
              5.423
            ],
            [
              -75.5325,
              5.4424
            ]
          ]
        ]
      },
      "properties": {
        "OBJECTID": 327,
        "DPTO_CCDGO": "09",
        "MPIO_CCDGO": "388",
        "name": "09052",
        "MPIO_CRSLC": "Ordenanza 1 de Octubre 21 de 1969",
        "MPIO_NANO_": 1993,
        "MPIO_NAREA": 88.50791958,
        "MPIO_CSMBL": "4",
        "MPIO_CCNCT": "17388",
        "MPIO_NANO": 2012,
        "SHAPE_Leng": 0.425249603633,
        "SHAPE_Area": 0.00721677240786,
        "NOMBRE": "LA MERCED",
        "DANE": {
          "dpto_ccdgo": "17",
          "mpio_ccdgo": "388",
          "mpio_cdpmp": "17388",
          "dpto_cnmbr": "CALDAS",
          "mpio_cnmbr": "LA MERCED",
          "mpio_crslc": "Ordenanza 1 de Octubre 21 de 1969",
          "mpio_tipo": "MUNICIPIO",
          "mpio_narea": 88.6003592025,
          "mpio_nano": 2024,
          "shape_Leng": 0.436427342354,
          "shape_Area": 0.00722430855423
        }
      }
    },
    {
      "type": "Feature",
      "geometry": {
        "type": "Polygon",
        "coordinates": [
          [
            [
              -75.1185,
              5.3098
            ],
            [
              -75.1371,
              5.3075
            ],
            [
              -75.1506,
              5.2863
            ],
            [
              -75.1695,
              5.2837
            ],
            [
              -75.1825,
              5.2669
            ],
            [
              -75.1943,
              5.2664
            ],
            [
              -75.21,
              5.2864
            ],
            [
              -75.2224,
              5.278
            ],
            [
              -75.2295,
              5.2614
            ],
            [
              -75.2416,
              5.2527
            ],
            [
              -75.243,
              5.2375
            ],
            [
              -75.2296,
              5.2168
            ],
            [
              -75.2192,
              5.2108
            ],
            [
              -75.2107,
              5.1903
            ],
            [
              -75.21,
              5.1757
            ],
            [
              -75.2003,
              5.1708
            ],
            [
              -75.1754,
              5.1771
            ],
            [
              -75.1672,
              5.1694
            ],
            [
              -75.1545,
              5.1711
            ],
            [
              -75.1492,
              5.1648
            ],
            [
              -75.131,
              5.156
            ],
            [
              -75.1159,
              5.1661
            ],
            [
              -75.1133,
              5.1817
            ],
            [
              -75.0982,
              5.2112
            ],
            [
              -75.0804,
              5.2318
            ],
            [
              -75.075,
              5.2441
            ],
            [
              -75.0663,
              5.2477
            ],
            [
              -75.0598,
              5.2704
            ],
            [
              -75.0767,
              5.2742
            ],
            [
              -75.0851,
              5.2824
            ],
            [
              -75.1061,
              5.292
            ],
            [
              -75.1242,
              5.2867
            ],
            [
              -75.1251,
              5.303
            ],
            [
              -75.1185,
              5.3098
            ]
          ]
        ]
      },
      "properties": {
        "OBJECTID": 328,
        "DPTO_CCDGO": "09",
        "MPIO_CCDGO": "433",
        "name": "09055",
        "MPIO_CRSLC": "1888",
        "MPIO_NANO_": 1993,
        "MPIO_NAREA": 194.89257001,
        "MPIO_CSMBL": "4",
        "MPIO_CCNCT": "17433",
        "MPIO_NANO": 2012,
        "SHAPE_Leng": 0.655068075221,
        "SHAPE_Area": 0.0158921682503,
        "NOMBRE": "MANZANARES",
        "DANE": {
          "dpto_ccdgo": "17",
          "mpio_ccdgo": "433",
          "mpio_cdpmp": "17433",
          "dpto_cnmbr": "CALDAS",
          "mpio_cnmbr": "MANZANARES",
          "mpio_crslc": "1888",
          "mpio_tipo": "MUNICIPIO",
          "mpio_narea": 197.911886605,
          "mpio_nano": 2024,
          "shape_Leng": 0.711439370459,
          "shape_Area": 0.0161383540653
        }
      }
    },
    {
      "type": "Feature",
      "geometry": {
        "type": "Polygon",
        "coordinates": [
          [
            [
              -75.5782,
              5.5157
            ],
            [
              -75.5959,
              5.5179
            ],
            [
              -75.6166,
              5.5323
            ],
            [
              -75.6273,
              5.5259
            ],
            [
              -75.6405,
              5.5302
            ],
            [
              -75.63,
              5.5046
            ],
            [
              -75.6169,
              5.5013
            ],
            [
              -75.6227,
              5.4907
            ],
            [
              -75.613,
              5.4767
            ],
            [
              -75.6163,
              5.4672
            ],
            [
              -75.6081,
              5.4581
            ],
            [
              -75.585,
              5.446
            ],
            [
              -75.5818,
              5.4571
            ],
            [
              -75.5757,
              5.4871
            ],
            [
              -75.5814,
              5.5073
            ],
            [
              -75.5782,
              5.5157
            ]
          ]
        ]
      },
      "properties": {
        "OBJECTID": 329,
        "DPTO_CCDGO": "09",
        "MPIO_CCDGO": "442",
        "name": "09058",
        "MPIO_CRSLC": "1537",
        "MPIO_NANO_": 1993,
        "MPIO_NAREA": 33.72737218,
        "MPIO_CSMBL": "4",
        "MPIO_CCNCT": "17442",
        "MPIO_NANO": 2012,
        "SHAPE_Leng": 0.267809100468,
        "SHAPE_Area": 0.00275051284325,
        "NOMBRE": "MARMATO",
        "DANE": {
          "dpto_ccdgo": "17",
          "mpio_ccdgo": "442",
          "mpio_cdpmp": "17442",
          "dpto_cnmbr": "CALDAS",
          "mpio_cnmbr": "MARMATO",
          "mpio_crslc": "1537",
          "mpio_tipo": "MUNICIPIO",
          "mpio_narea": 36.8632990916,
          "mpio_nano": 2024,
          "shape_Leng": 0.308687083695,
          "shape_Area": 0.00300612718693
        }
      }
    },
    {
      "type": "Feature",
      "geometry": {
        "type": "Polygon",
        "coordinates": [
          [
            [
              -74.9625,
              5.342
            ],
            [
              -74.9701,
              5.3473
            ],
            [
              -74.9892,
              5.3442
            ],
            [
              -75.0065,
              5.3248
            ],
            [
              -75.0178,
              5.3291
            ],
            [
              -75.0198,
              5.3467
            ],
            [
              -75.0346,
              5.3443
            ],
            [
              -75.0378,
              5.3364
            ],
            [
              -75.0681,
              5.3296
            ],
            [
              -75.085,
              5.332
            ],
            [
              -75.0934,
              5.3209
            ],
            [
              -75.1147,
              5.3175
            ],
            [
              -75.1185,
              5.3098
            ],
            [
              -75.1251,
              5.303
            ],
            [
              -75.1242,
              5.2867
            ],
            [
              -75.1061,
              5.292
            ],
            [
              -75.0851,
              5.2824
            ],
            [
              -75.0767,
              5.2742
            ],
            [
              -75.0598,
              5.2704
            ],
            [
              -75.0567,
              5.2753
            ],
            [
              -75.0321,
              5.2783
            ],
            [
              -75.0282,
              5.287
            ],
            [
              -75.0007,
              5.2916
            ],
            [
              -74.9868,
              5.2886
            ],
            [
              -74.9676,
              5.3005
            ],
            [
              -74.9741,
              5.3145
            ],
            [
              -74.9647,
              5.324
            ],
            [
              -74.9625,
              5.342
            ]
          ]
        ]
      },
      "properties": {
        "OBJECTID": 330,
        "DPTO_CCDGO": "09",
        "MPIO_CCDGO": "444",
        "name": "09061",
        "MPIO_CRSLC": "Ordenanza 32 de Abril 26 de 1924",
        "MPIO_NANO_": 1993,
        "MPIO_NAREA": 90.38723406,
        "MPIO_CSMBL": "4",
        "MPIO_CCNCT": "17444",
        "MPIO_NANO": 2012,
        "SHAPE_Leng": 0.495547249864,
        "SHAPE_Area": 0.00737187465949,
        "NOMBRE": "MARQUETALIA",
        "DANE": {
          "dpto_ccdgo": "17",
          "mpio_ccdgo": "444",
          "mpio_cdpmp": "17444",
          "dpto_cnmbr": "CALDAS",
          "mpio_cnmbr": "MARQUETALIA",
          "mpio_crslc": "Ordenanza 32 de Abril 26 de 1924",
          "mpio_tipo": "MUNICIPIO",
          "mpio_narea": 90.3330373391,
          "mpio_nano": 2024,
          "shape_Leng": 0.55278444423,
          "shape_Area": 0.00736742691304
        }
      }
    },
    {
      "type": "Feature",
      "geometry": {
        "type": "Polygon",
        "coordinates": [
          [
            [
              -75.21,
              5.2864
            ],
            [
              -75.2051,
              5.3041
            ],
            [
              -75.2091,
              5.3147
            ],
            [
              -75.2054,
              5.329
            ],
            [
              -75.2106,
              5.3502
            ],
            [
              -75.2264,
              5.3605
            ],
            [
              -75.2299,
              5.3692
            ],
            [
              -75.2419,
              5.3774
            ],
            [
              -75.2652,
              5.3592
            ],
            [
              -75.2818,
              5.3393
            ],
            [
              -75.298,
              5.3389
            ],
            [
              -75.3127,
              5.3279
            ],
            [
              -75.318,
              5.3389
            ],
            [
              -75.3407,
              5.3365
            ],
            [
              -75.348,
              5.3285
            ],
            [
              -75.3545,
              5.3092
            ],
            [
              -75.3538,
              5.2903
            ],
            [
              -75.3604,
              5.278
            ],
            [
              -75.3581,
              5.2474
            ],
            [
              -75.366,
              5.2384
            ],
            [
              -75.3722,
              5.2218
            ],
            [
              -75.3618,
              5.2009
            ],
            [
              -75.3431,
              5.1916
            ],
            [
              -75.335,
              5.1967
            ],
            [
              -75.3199,
              5.1774
            ],
            [
              -75.3261,
              5.1632
            ],
            [
              -75.3209,
              5.1463
            ],
            [
              -75.3211,
              5.1229
            ],
            [
              -75.3276,
              5.1112
            ],
            [
              -75.349,
              5.1089
            ],
            [
              -75.3551,
              5.1078
            ],
            [
              -75.3651,
              5.0921
            ],
            [
              -75.3618,
              5.0853
            ],
            [
              -75.3701,
              5.0643
            ],
            [
              -75.3558,
              5.0509
            ],
            [
              -75.3383,
              5.045
            ],
            [
              -75.3488,
              5.0573
            ],
            [
              -75.3448,
              5.0808
            ],
            [
              -75.3083,
              5.1109
            ],
            [
              -75.2983,
              5.127
            ],
            [
              -75.2831,
              5.1409
            ],
            [
              -75.2755,
              5.1407
            ],
            [
              -75.2518,
              5.1298
            ],
            [
              -75.235,
              5.126
            ],
            [
              -75.2292,
              5.1329
            ],
            [
              -75.2153,
              5.1353
            ],
            [
              -75.2056,
              5.1543
            ],
            [
              -75.1948,
              5.1636
            ],
            [
              -75.1672,
              5.1694
            ],
            [
              -75.1754,
              5.1771
            ],
            [
              -75.2003,
              5.1708
            ],
            [
              -75.21,
              5.1757
            ],
            [
              -75.2107,
              5.1903
            ],
            [
              -75.2192,
              5.2108
            ],
            [
              -75.2296,
              5.2168
            ],
            [
              -75.243,
              5.2375
            ],
            [
              -75.2416,
              5.2527
            ],
            [
              -75.2295,
              5.2614
            ],
            [
              -75.2224,
              5.278
            ],
            [
              -75.21,
              5.2864
            ]
          ]
        ]
      },
      "properties": {
        "OBJECTID": 331,
        "DPTO_CCDGO": "09",
        "MPIO_CCDGO": "446",
        "name": "09067",
        "MPIO_CRSLC": "1887",
        "MPIO_NANO_": 1993,
        "MPIO_NAREA": 341.52353065,
        "MPIO_CSMBL": "4",
        "MPIO_CCNCT": "17446",
        "MPIO_NANO": 2012,
        "SHAPE_Leng": 1.15461264568,
        "SHAPE_Area": 0.0278459618947,
        "NOMBRE": "MARULANDA",
        "DANE": {
          "dpto_ccdgo": "17",
          "mpio_ccdgo": "446",
          "mpio_cdpmp": "17446",
          "dpto_cnmbr": "CALDAS",
          "mpio_cnmbr": "MARULANDA",
          "mpio_crslc": "1887",
          "mpio_tipo": "MUNICIPIO",
          "mpio_narea": 376.263317496,
          "mpio_nano": 2024,
          "shape_Leng": 1.19277589978,
          "shape_Area": 0.0306790426354
        }
      }
    },
    {
      "type": "Feature",
      "geometry": {
        "type": "Polygon",
        "coordinates": [
          [
            [
              -75.5524,
              5.2114
            ],
            [
              -75.5749,
              5.2034
            ],
            [
              -75.5915,
              5.2154
            ],
            [
              -75.604,
              5.2182
            ],
            [
              -75.6096,
              5.2262
            ],
            [
              -75.6211,
              5.2195
            ],
            [
              -75.6353,
              5.2217
            ],
            [
              -75.6491,
              5.2339
            ],
            [
              -75.6518,
              5.2514
            ],
            [
              -75.6591,
              5.2729
            ],
            [
              -75.6668,
              5.2756
            ],
            [
              -75.6686,
              5.2661
            ],
            [
              -75.6937,
              5.2552
            ],
            [
              -75.6914,
              5.2394
            ],
            [
              -75.7031,
              5.2278
            ],
            [
              -75.696,
              5.2047
            ],
            [
              -75.6934,
              5.183
            ],
            [
              -75.6811,
              5.1842
            ],
            [
              -75.6645,
              5.1726
            ],
            [
              -75.6624,
              5.1662
            ],
            [
              -75.6144,
              5.1492
            ],
            [
              -75.5991,
              5.1589
            ],
            [
              -75.5783,
              5.1497
            ],
            [
              -75.5503,
              5.1463
            ],
            [
              -75.546,
              5.1305
            ],
            [
              -75.5382,
              5.1298
            ],
            [
              -75.5259,
              5.1134
            ],
            [
              -75.5157,
              5.1188
            ],
            [
              -75.5035,
              5.1324
            ],
            [
              -75.4869,
              5.142
            ],
            [
              -75.475,
              5.1301
            ],
            [
              -75.4587,
              5.1249
            ],
            [
              -75.4485,
              5.1302
            ],
            [
              -75.4349,
              5.1237
            ],
            [
              -75.4266,
              5.1376
            ],
            [
              -75.4096,
              5.1467
            ],
            [
              -75.3891,
              5.1451
            ],
            [
              -75.3697,
              5.1488
            ],
            [
              -75.3551,
              5.1456
            ],
            [
              -75.3504,
              5.1301
            ],
            [
              -75.349,
              5.1089
            ],
            [
              -75.3276,
              5.1112
            ],
            [
              -75.3211,
              5.1229
            ],
            [
              -75.3209,
              5.1463
            ],
            [
              -75.3261,
              5.1632
            ],
            [
              -75.3199,
              5.1774
            ],
            [
              -75.335,
              5.1967
            ],
            [
              -75.3431,
              5.1916
            ],
            [
              -75.3618,
              5.2009
            ],
            [
              -75.3722,
              5.2218
            ],
            [
              -75.3791,
              5.2266
            ],
            [
              -75.3915,
              5.2236
            ],
            [
              -75.4155,
              5.2392
            ],
            [
              -75.432,
              5.2284
            ],
            [
              -75.4337,
              5.2203
            ],
            [
              -75.4532,
              5.2121
            ],
            [
              -75.4569,
              5.2191
            ],
            [
              -75.4915,
              5.2326
            ],
            [
              -75.5069,
              5.2282
            ],
            [
              -75.521,
              5.2169
            ],
            [
              -75.5349,
              5.2126
            ],
            [
              -75.5452,
              5.2187
            ],
            [
              -75.5524,
              5.2114
            ]
          ]
        ]
      },
      "properties": {
        "OBJECTID": 332,
        "DPTO_CCDGO": "09",
        "MPIO_CCDGO": "486",
        "name": "09076",
        "MPIO_CRSLC": "1844",
        "MPIO_NANO_": 1993,
        "MPIO_NAREA": 374.2342784,
        "MPIO_CSMBL": "4",
        "MPIO_CCNCT": "17486",
        "MPIO_NANO": 2012,
        "SHAPE_Leng": 1.31351032691,
        "SHAPE_Area": 0.030505608691,
        "NOMBRE": "NEIRA",
        "DANE": {
          "dpto_ccdgo": "17",
          "mpio_ccdgo": "486",
          "mpio_cdpmp": "17486",
          "dpto_cnmbr": "CALDAS",
          "mpio_cnmbr": "NEIRA",
          "mpio_crslc": "1844",
          "mpio_tipo": "MUNICIPIO",
          "mpio_narea": 369.332102678,
          "mpio_nano": 2024,
          "shape_Leng": 1.32692207037,
          "shape_Area": 0.0301059629859
        }
      }
    },
    {
      "type": "Feature",
      "geometry": {
        "type": "Polygon",
        "coordinates": [
          [
            [
              -74.7391,
              5.6993
            ],
            [
              -74.7528,
              5.6964
            ],
            [
              -74.7667,
              5.6989
            ],
            [
              -74.7704,
              5.6904
            ],
            [
              -74.7969,
              5.7022
            ],
            [
              -74.8053,
              5.6985
            ],
            [
              -74.8111,
              5.7093
            ],
            [
              -74.8287,
              5.7128
            ],
            [
              -74.8414,
              5.7386
            ],
            [
              -74.8651,
              5.7472
            ],
            [
              -74.8802,
              5.746
            ],
            [
              -74.8807,
              5.7453
            ],
            [
              -74.8883,
              5.7287
            ],
            [
              -74.8753,
              5.7044
            ],
            [
              -74.8754,
              5.6922
            ],
            [
              -74.8642,
              5.688
            ],
            [
              -74.8624,
              5.6723
            ],
            [
              -74.8796,
              5.6493
            ],
            [
              -74.88,
              5.63
            ],
            [
              -74.8862,
              5.6224
            ],
            [
              -74.9046,
              5.6194
            ],
            [
              -74.9038,
              5.6363
            ],
            [
              -74.9259,
              5.622
            ],
            [
              -74.9383,
              5.6188
            ],
            [
              -74.9378,
              5.6
            ],
            [
              -74.9335,
              5.5786
            ],
            [
              -74.952,
              5.5668
            ],
            [
              -74.9705,
              5.5439
            ],
            [
              -74.9466,
              5.5383
            ],
            [
              -74.9321,
              5.5306
            ],
            [
              -74.92,
              5.5356
            ],
            [
              -74.9125,
              5.553
            ],
            [
              -74.9012,
              5.5654
            ],
            [
              -74.8899,
              5.5581
            ],
            [
              -74.8657,
              5.5678
            ],
            [
              -74.8359,
              5.5899
            ],
            [
              -74.8255,
              5.6047
            ],
            [
              -74.8131,
              5.6043
            ],
            [
              -74.7926,
              5.6143
            ],
            [
              -74.786,
              5.6245
            ],
            [
              -74.7848,
              5.6443
            ],
            [
              -74.7795,
              5.6509
            ],
            [
              -74.7487,
              5.6687
            ],
            [
              -74.7496,
              5.6785
            ],
            [
              -74.7401,
              5.6846
            ],
            [
              -74.7391,
              5.6993
            ]
          ]
        ]
      },
      "properties": {
        "OBJECTID": 333,
        "DPTO_CCDGO": "09",
        "MPIO_CCDGO": "495",
        "name": "09078",
        "MPIO_CRSLC": "Ordenanza 327 del 30 de Junio de 1999",
        "MPIO_NANO_": 1999,
        "MPIO_NAREA": 226.19223729,
        "MPIO_CSMBL": "4",
        "MPIO_CCNCT": "17495",
        "MPIO_NANO": 2012,
        "SHAPE_Leng": 0.949149723487,
        "SHAPE_Area": 0.0184595827476,
        "NOMBRE": "NORCASIA",
        "DANE": {
          "dpto_ccdgo": "17",
          "mpio_ccdgo": "495",
          "mpio_cdpmp": "17495",
          "dpto_cnmbr": "CALDAS",
          "mpio_cnmbr": "NORCASIA",
          "mpio_crslc": "Ordenanza 327 del 30 de Junio de 1999",
          "mpio_tipo": "MUNICIPIO",
          "mpio_narea": 227.546688892,
          "mpio_nano": 2024,
          "shape_Leng": 0.961944474,
          "shape_Area": 0.018570144339
        }
      }
    },
    {
      "type": "Feature",
      "geometry": {
        "type": "Polygon",
        "coordinates": [
          [
            [
              -75.3808,
              5.4197
            ],
            [
              -75.3725,
              5.4364
            ],
            [
              -75.3761,
              5.4493
            ],
            [
              -75.3707,
              5.4859
            ],
            [
              -75.3797,
              5.5001
            ],
            [
              -75.3986,
              5.5007
            ],
            [
              -75.4104,
              5.5071
            ],
            [
              -75.4173,
              5.524
            ],
            [
              -75.4135,
              5.5399
            ],
            [
              -75.4303,
              5.5558
            ],
            [
              -75.4546,
              5.5503
            ],
            [
              -75.467,
              5.5526
            ],
            [
              -75.472,
              5.5613
            ],
            [
              -75.4839,
              5.5667
            ],
            [
              -75.4928,
              5.5818
            ],
            [
              -75.5058,
              5.5751
            ],
            [
              -75.5167,
              5.582
            ],
            [
              -75.5271,
              5.5772
            ],
            [
              -75.5409,
              5.5603
            ],
            [
              -75.5545,
              5.5595
            ],
            [
              -75.5713,
              5.5438
            ],
            [
              -75.5693,
              5.5228
            ],
            [
              -75.5782,
              5.5157
            ],
            [
              -75.5814,
              5.5073
            ],
            [
              -75.5757,
              5.4871
            ],
            [
              -75.5818,
              5.4571
            ],
            [
              -75.5743,
              5.4571
            ],
            [
              -75.5644,
              5.446
            ],
            [
              -75.5504,
              5.44
            ],
            [
              -75.5325,
              5.4424
            ],
            [
              -75.5257,
              5.4648
            ],
            [
              -75.5042,
              5.4569
            ],
            [
              -75.4935,
              5.4438
            ],
            [
              -75.4822,
              5.4431
            ],
            [
              -75.4558,
              5.4549
            ],
            [
              -75.4413,
              5.4525
            ],
            [
              -75.4274,
              5.443
            ],
            [
              -75.4154,
              5.4445
            ],
            [
              -75.3808,
              5.4197
            ]
          ]
        ]
      },
      "properties": {
        "OBJECTID": 334,
        "DPTO_CCDGO": "09",
        "MPIO_CCDGO": "513",
        "name": "09079",
        "MPIO_CRSLC": "1934",
        "MPIO_NANO_": 1993,
        "MPIO_NAREA": 256.27674142,
        "MPIO_CSMBL": "4",
        "MPIO_CCNCT": "17513",
        "MPIO_NANO": 2012,
        "SHAPE_Leng": 0.755460917497,
        "SHAPE_Area": 0.0209013235866,
        "NOMBRE": "PACORA",
        "DANE": {
          "dpto_ccdgo": "17",
          "mpio_ccdgo": "513",
          "mpio_cdpmp": "17513",
          "dpto_cnmbr": "CALDAS",
          "mpio_cnmbr": "PÁCORA",
          "mpio_crslc": "1934",
          "mpio_tipo": "MUNICIPIO",
          "mpio_narea": 257.276774768,
          "mpio_nano": 2024,
          "shape_Leng": 0.780361157432,
          "shape_Area": 0.0209828783047
        }
      }
    },
    {
      "type": "Feature",
      "geometry": {
        "type": "Polygon",
        "coordinates": [
          [
            [
              -75.6025,
              5.0153
            ],
            [
              -75.6047,
              5.0266
            ],
            [
              -75.5972,
              5.0467
            ],
            [
              -75.6202,
              5.0681
            ],
            [
              -75.635,
              5.0625
            ],
            [
              -75.6515,
              5.076
            ],
            [
              -75.6619,
              5.0776
            ],
            [
              -75.6748,
              5.0938
            ],
            [
              -75.6653,
              5.1002
            ],
            [
              -75.6743,
              5.11
            ],
            [
              -75.6717,
              5.1286
            ],
            [
              -75.6774,
              5.1414
            ],
            [
              -75.6844,
              5.1316
            ],
            [
              -75.7042,
              5.1251
            ],
            [
              -75.7043,
              5.1124
            ],
            [
              -75.6965,
              5.0916
            ],
            [
              -75.7102,
              5.0775
            ],
            [
              -75.7124,
              5.0645
            ],
            [
              -75.7074,
              5.0546
            ],
            [
              -75.7096,
              5.0331
            ],
            [
              -75.6895,
              5.0072
            ],
            [
              -75.6684,
              4.994
            ],
            [
              -75.6674,
              5.0035
            ],
            [
              -75.6439,
              4.9987
            ],
            [
              -75.6412,
              4.9903
            ],
            [
              -75.6169,
              4.9984
            ],
            [
              -75.6062,
              5.0051
            ],
            [
              -75.6025,
              5.0153
            ]
          ]
        ]
      },
      "properties": {
        "OBJECTID": 335,
        "DPTO_CCDGO": "09",
        "MPIO_CCDGO": "524",
        "name": "09082",
        "MPIO_CRSLC": "Ordenanza 19 de 15 de Abril de 1913",
        "MPIO_NANO_": 1993,
        "MPIO_NAREA": 112.2770874,
        "MPIO_CSMBL": "4",
        "MPIO_CCNCT": "17524",
        "MPIO_NANO": 2012,
        "SHAPE_Leng": 0.599468124094,
        "SHAPE_Area": 0.00915050719845,
        "NOMBRE": "PALESTINA",
        "DANE": {
          "dpto_ccdgo": "17",
          "mpio_ccdgo": "524",
          "mpio_cdpmp": "17524",
          "dpto_cnmbr": "CALDAS",
          "mpio_cnmbr": "PALESTINA",
          "mpio_crslc": "Ordenanza 19 de 15 de Abril de 1913",
          "mpio_tipo": "MUNICIPIO",
          "mpio_narea": 112.235477182,
          "mpio_nano": 2024,
          "shape_Leng": 0.601026137613,
          "shape_Area": 0.00914570860526
        }
      }
    },
    {
      "type": "Feature",
      "geometry": {
        "type": "Polygon",
        "coordinates": [
          [
            [
              -75.0346,
              5.3443
            ],
            [
              -75.0441,
              5.3627
            ],
            [
              -75.0352,
              5.3768
            ],
            [
              -75.0502,
              5.3884
            ],
            [
              -75.0514,
              5.3959
            ],
            [
              -75.0731,
              5.3971
            ],
            [
              -75.0853,
              5.4284
            ],
            [
              -75.0864,
              5.4616
            ],
            [
              -75.0891,
              5.4749
            ],
            [
              -75.0815,
              5.4855
            ],
            [
              -75.084,
              5.5059
            ],
            [
              -75.1034,
              5.4991
            ],
            [
              -75.1067,
              5.5051
            ],
            [
              -75.1012,
              5.5241
            ],
            [
              -75.1055,
              5.5328
            ],
            [
              -75.1226,
              5.5423
            ],
            [
              -75.1324,
              5.5409
            ],
            [
              -75.138,
              5.5271
            ],
            [
              -75.1477,
              5.5302
            ],
            [
              -75.1648,
              5.5279
            ],
            [
              -75.2017,
              5.5161
            ],
            [
              -75.2061,
              5.5077
            ],
            [
              -75.2207,
              5.5029
            ],
            [
              -75.2304,
              5.4898
            ],
            [
              -75.2437,
              5.464
            ],
            [
              -75.2759,
              5.4186
            ],
            [
              -75.2792,
              5.4376
            ],
            [
              -75.2869,
              5.4593
            ],
            [
              -75.2826,
              5.4757
            ],
            [
              -75.2969,
              5.4742
            ],
            [
              -75.3163,
              5.4592
            ],
            [
              -75.3088,
              5.4603
            ],
            [
              -75.2905,
              5.448
            ],
            [
              -75.2814,
              5.4371
            ],
            [
              -75.2874,
              5.4287
            ],
            [
              -75.2807,
              5.4179
            ],
            [
              -75.2908,
              5.4002
            ],
            [
              -75.3055,
              5.3917
            ],
            [
              -75.3166,
              5.3791
            ],
            [
              -75.313,
              5.3648
            ],
            [
              -75.3024,
              5.3548
            ],
            [
              -75.2928,
              5.3536
            ],
            [
              -75.2818,
              5.3393
            ],
            [
              -75.2652,
              5.3592
            ],
            [
              -75.2419,
              5.3774
            ],
            [
              -75.2299,
              5.3692
            ],
            [
              -75.2264,
              5.3605
            ],
            [
              -75.2106,
              5.3502
            ],
            [
              -75.2054,
              5.329
            ],
            [
              -75.2091,
              5.3147
            ],
            [
              -75.2051,
              5.3041
            ],
            [
              -75.21,
              5.2864
            ],
            [
              -75.1943,
              5.2664
            ],
            [
              -75.1825,
              5.2669
            ],
            [
              -75.1695,
              5.2837
            ],
            [
              -75.1506,
              5.2863
            ],
            [
              -75.1371,
              5.3075
            ],
            [
              -75.1185,
              5.3098
            ],
            [
              -75.1147,
              5.3175
            ],
            [
              -75.0934,
              5.3209
            ],
            [
              -75.085,
              5.332
            ],
            [
              -75.0681,
              5.3296
            ],
            [
              -75.0378,
              5.3364
            ],
            [
              -75.0346,
              5.3443
            ]
          ]
        ]
      },
      "properties": {
        "OBJECTID": 336,
        "DPTO_CCDGO": "09",
        "MPIO_CCDGO": "541",
        "name": "09085",
        "MPIO_CRSLC": "1911",
        "MPIO_NANO_": 1993,
        "MPIO_NAREA": 542.13974101,
        "MPIO_CSMBL": "4",
        "MPIO_CCNCT": "17541",
        "MPIO_NANO": 2012,
        "SHAPE_Leng": 1.30618175582,
        "SHAPE_Area": 0.0442190015409,
        "NOMBRE": "PENSILVANIA",
        "DANE": {
          "dpto_ccdgo": "17",
          "mpio_ccdgo": "541",
          "mpio_cdpmp": "17541",
          "dpto_cnmbr": "CALDAS",
          "mpio_cnmbr": "PENSILVANIA",
          "mpio_crslc": "1911",
          "mpio_tipo": "MUNICIPIO",
          "mpio_narea": 499.226477636,
          "mpio_nano": 2024,
          "shape_Leng": 1.31247517544,
          "shape_Area": 0.0407193210257
        }
      }
    },
    {
      "type": "Feature",
      "geometry": {
        "type": "Polygon",
        "coordinates": [
          [
            [
              -75.7143,
              5.5479
            ],
            [
              -75.7303,
              5.5641
            ],
            [
              -75.7448,
              5.5523
            ],
            [
              -75.7652,
              5.548
            ],
            [
              -75.7728,
              5.537
            ],
            [
              -75.7884,
              5.5374
            ],
            [
              -75.8069,
              5.5144
            ],
            [
              -75.817,
              5.5121
            ],
            [
              -75.8325,
              5.4888
            ],
            [
              -75.8502,
              5.4925
            ],
            [
              -75.8635,
              5.5055
            ],
            [
              -75.868,
              5.4902
            ],
            [
              -75.8633,
              5.4423
            ],
            [
              -75.8523,
              5.4185
            ],
            [
              -75.8582,
              5.377
            ],
            [
              -75.8331,
              5.3611
            ],
            [
              -75.792,
              5.3656
            ],
            [
              -75.7651,
              5.3861
            ],
            [
              -75.7512,
              5.3861
            ],
            [
              -75.7393,
              5.3977
            ],
            [
              -75.721,
              5.3952
            ],
            [
              -75.7124,
              5.3862
            ],
            [
              -75.6986,
              5.3879
            ],
            [
              -75.6978,
              5.3775
            ],
            [
              -75.6781,
              5.3544
            ],
            [
              -75.6662,
              5.354
            ],
            [
              -75.6666,
              5.3385
            ],
            [
              -75.6591,
              5.318
            ],
            [
              -75.6482,
              5.3069
            ],
            [
              -75.6353,
              5.3127
            ],
            [
              -75.6364,
              5.3324
            ],
            [
              -75.6156,
              5.354
            ],
            [
              -75.6101,
              5.3749
            ],
            [
              -75.6188,
              5.3805
            ],
            [
              -75.6291,
              5.3769
            ],
            [
              -75.6467,
              5.3805
            ],
            [
              -75.6546,
              5.3953
            ],
            [
              -75.6544,
              5.4046
            ],
            [
              -75.6685,
              5.4148
            ],
            [
              -75.6764,
              5.4384
            ],
            [
              -75.6805,
              5.4934
            ],
            [
              -75.6777,
              5.5059
            ],
            [
              -75.6893,
              5.5155
            ],
            [
              -75.7018,
              5.5167
            ],
            [
              -75.7043,
              5.5375
            ],
            [
              -75.7143,
              5.5479
            ]
          ]
        ]
      },
      "properties": {
        "OBJECTID": 337,
        "DPTO_CCDGO": "09",
        "MPIO_CCDGO": "614",
        "name": "09103",
        "MPIO_CRSLC": "1846",
        "MPIO_NANO_": 1993,
        "MPIO_NAREA": 359.54267345,
        "MPIO_CSMBL": "4",
        "MPIO_CCNCT": "17614",
        "MPIO_NANO": 2012,
        "SHAPE_Leng": 1.06952314259,
        "SHAPE_Area": 0.0293228490605,
        "NOMBRE": "RIOSUCIO",
        "DANE": {
          "dpto_ccdgo": "17",
          "mpio_ccdgo": "614",
          "mpio_cdpmp": "17614",
          "dpto_cnmbr": "CALDAS",
          "mpio_cnmbr": "RIOSUCIO",
          "mpio_crslc": "1846",
          "mpio_tipo": "MUNICIPIO",
          "mpio_narea": 384.161536633,
          "mpio_nano": 2024,
          "shape_Leng": 1.08487823551,
          "shape_Area": 0.0313204402924
        }
      }
    },
    {
      "type": "Feature",
      "geometry": {
        "type": "Polygon",
        "coordinates": [
          [
            [
              -75.7043,
              5.1124
            ],
            [
              -75.7194,
              5.1162
            ],
            [
              -75.732,
              5.13
            ],
            [
              -75.7529,
              5.1593
            ],
            [
              -75.7464,
              5.1732
            ],
            [
              -75.7631,
              5.1761
            ],
            [
              -75.7721,
              5.1679
            ],
            [
              -75.7959,
              5.1623
            ],
            [
              -75.7899,
              5.1455
            ],
            [
              -75.802,
              5.1386
            ],
            [
              -75.8113,
              5.117
            ],
            [
              -75.8192,
              5.1106
            ],
            [
              -75.8386,
              5.1046
            ],
            [
              -75.8442,
              5.0843
            ],
            [
              -75.8296,
              5.0801
            ],
            [
              -75.8219,
              5.0953
            ],
            [
              -75.8211,
              5.1068
            ],
            [
              -75.8026,
              5.1054
            ],
            [
              -75.7991,
              5.1189
            ],
            [
              -75.7823,
              5.1219
            ],
            [
              -75.7711,
              5.1059
            ],
            [
              -75.7674,
              5.0774
            ],
            [
              -75.7742,
              5.0629
            ],
            [
              -75.7666,
              5.059
            ],
            [
              -75.7465,
              5.0588
            ],
            [
              -75.7433,
              5.0511
            ],
            [
              -75.7228,
              5.0696
            ],
            [
              -75.7102,
              5.0775
            ],
            [
              -75.6965,
              5.0916
            ],
            [
              -75.7043,
              5.1124
            ]
          ]
        ]
      },
      "properties": {
        "OBJECTID": 338,
        "DPTO_CCDGO": "09",
        "MPIO_CCDGO": "616",
        "name": "09106",
        "MPIO_CRSLC": "1916",
        "MPIO_NANO_": 1993,
        "MPIO_NAREA": 88.98912677,
        "MPIO_CSMBL": "4",
        "MPIO_CCNCT": "17616",
        "MPIO_NANO": 2012,
        "SHAPE_Leng": 0.65484256727,
        "SHAPE_Area": 0.00725381710389,
        "NOMBRE": "RISARALDA",
        "DANE": {
          "dpto_ccdgo": "17",
          "mpio_ccdgo": "616",
          "mpio_cdpmp": "17616",
          "dpto_cnmbr": "CALDAS",
          "mpio_cnmbr": "RISARALDA",
          "mpio_crslc": "1916",
          "mpio_tipo": "MUNICIPIO",
          "mpio_narea": 89.922628343,
          "mpio_nano": 2024,
          "shape_Leng": 0.680148963054,
          "shape_Area": 0.00732748423536
        }
      }
    },
    {
      "type": "Feature",
      "geometry": {
        "type": "Polygon",
        "coordinates": [
          [
            [
              -75.3808,
              5.4197
            ],
            [
              -75.4154,
              5.4445
            ],
            [
              -75.4274,
              5.443
            ],
            [
              -75.4413,
              5.4525
            ],
            [
              -75.4558,
              5.4549
            ],
            [
              -75.4822,
              5.4431
            ],
            [
              -75.4935,
              5.4438
            ],
            [
              -75.5042,
              5.4569
            ],
            [
              -75.5257,
              5.4648
            ],
            [
              -75.5325,
              5.4424
            ],
            [
              -75.5299,
              5.423
            ],
            [
              -75.5201,
              5.4138
            ],
            [
              -75.5237,
              5.3849
            ],
            [
              -75.5165,
              5.3691
            ],
            [
              -75.5211,
              5.3576
            ],
            [
              -75.5111,
              5.3336
            ],
            [
              -75.5015,
              5.3345
            ],
            [
              -75.4935,
              5.3474
            ],
            [
              -75.4859,
              5.3376
            ],
            [
              -75.4881,
              5.3245
            ],
            [
              -75.4819,
              5.3163
            ],
            [
              -75.4634,
              5.3113
            ],
            [
              -75.4515,
              5.2905
            ],
            [
              -75.4203,
              5.2826
            ],
            [
              -75.4072,
              5.2914
            ],
            [
              -75.4043,
              5.2787
            ],
            [
              -75.3933,
              5.2735
            ],
            [
              -75.3837,
              5.2519
            ],
            [
              -75.3876,
              5.2438
            ],
            [
              -75.3722,
              5.2218
            ],
            [
              -75.366,
              5.2384
            ],
            [
              -75.3581,
              5.2474
            ],
            [
              -75.3604,
              5.278
            ],
            [
              -75.3538,
              5.2903
            ],
            [
              -75.3545,
              5.3092
            ],
            [
              -75.348,
              5.3285
            ],
            [
              -75.3407,
              5.3365
            ],
            [
              -75.318,
              5.3389
            ],
            [
              -75.3127,
              5.3279
            ],
            [
              -75.298,
              5.3389
            ],
            [
              -75.2818,
              5.3393
            ],
            [
              -75.2928,
              5.3536
            ],
            [
              -75.3024,
              5.3548
            ],
            [
              -75.313,
              5.3648
            ],
            [
              -75.3166,
              5.3791
            ],
            [
              -75.3055,
              5.3917
            ],
            [
              -75.2908,
              5.4002
            ],
            [
              -75.2807,
              5.4179
            ],
            [
              -75.2874,
              5.4287
            ],
            [
              -75.2814,
              5.4371
            ],
            [
              -75.2905,
              5.448
            ],
            [
              -75.3088,
              5.4603
            ],
            [
              -75.3163,
              5.4592
            ],
            [
              -75.32,
              5.4437
            ],
            [
              -75.3401,
              5.4294
            ],
            [
              -75.3556,
              5.4223
            ],
            [
              -75.3808,
              5.4197
            ]
          ]
        ]
      },
      "properties": {
        "OBJECTID": 339,
        "DPTO_CCDGO": "09",
        "MPIO_CCDGO": "653",
        "name": "09109",
        "MPIO_CRSLC": "1825",
        "MPIO_NANO_": 1993,
        "MPIO_NAREA": 387.64146715,
        "MPIO_CSMBL": "4",
        "MPIO_CCNCT": "17653",
        "MPIO_NANO": 2012,
        "SHAPE_Leng": 1.1076641156,
        "SHAPE_Area": 0.0316104296532,
        "NOMBRE": "SALAMINA",
        "DANE": {
          "dpto_ccdgo": "17",
          "mpio_ccdgo": "653",
          "mpio_cdpmp": "17653",
          "dpto_cnmbr": "CALDAS",
          "mpio_cnmbr": "SALAMINA",
          "mpio_crslc": "1825",
          "mpio_tipo": "MUNICIPIO",
          "mpio_narea": 388.104169655,
          "mpio_nano": 2024,
          "shape_Leng": 1.1397153546,
          "shape_Area": 0.0316481213051
        }
      }
    },
    {
      "type": "Feature",
      "geometry": {
        "type": "Polygon",
        "coordinates": [
          [
            [
              -74.8899,
              5.5581
            ],
            [
              -74.9012,
              5.5654
            ],
            [
              -74.9125,
              5.553
            ],
            [
              -74.92,
              5.5356
            ],
            [
              -74.9321,
              5.5306
            ],
            [
              -74.9466,
              5.5383
            ],
            [
              -74.9705,
              5.5439
            ],
            [
              -74.952,
              5.5668
            ],
            [
              -74.9335,
              5.5786
            ],
            [
              -74.9378,
              5.6
            ],
            [
              -74.9383,
              5.6188
            ],
            [
              -74.9259,
              5.622
            ],
            [
              -74.9038,
              5.6363
            ],
            [
              -74.9046,
              5.6194
            ],
            [
              -74.8862,
              5.6224
            ],
            [
              -74.88,
              5.63
            ],
            [
              -74.8796,
              5.6493
            ],
            [
              -74.8624,
              5.6723
            ],
            [
              -74.8642,
              5.688
            ],
            [
              -74.8754,
              5.6922
            ],
            [
              -74.8753,
              5.7044
            ],
            [
              -74.8883,
              5.7287
            ],
            [
              -74.8807,
              5.7453
            ],
            [
              -74.8863,
              5.7392
            ],
            [
              -74.9297,
              5.734
            ],
            [
              -74.9519,
              5.7201
            ],
            [
              -74.9708,
              5.7151
            ],
            [
              -74.9928,
              5.7155
            ],
            [
              -75.0083,
              5.6828
            ],
            [
              -75.0285,
              5.6746
            ],
            [
              -75.0484,
              5.6609
            ],
            [
              -75.0605,
              5.666
            ],
            [
              -75.0694,
              5.6622
            ],
            [
              -75.0772,
              5.6567
            ],
            [
              -75.0872,
              5.6607
            ],
            [
              -75.0992,
              5.6426
            ],
            [
              -75.0915,
              5.6273
            ],
            [
              -75.0874,
              5.5976
            ],
            [
              -75.0913,
              5.5859
            ],
            [
              -75.1035,
              5.5742
            ],
            [
              -75.1126,
              5.5716
            ],
            [
              -75.1298,
              5.5532
            ],
            [
              -75.1324,
              5.5409
            ],
            [
              -75.1226,
              5.5423
            ],
            [
              -75.1055,
              5.5328
            ],
            [
              -75.1012,
              5.5241
            ],
            [
              -75.1067,
              5.5051
            ],
            [
              -75.1034,
              5.4991
            ],
            [
              -75.084,
              5.5059
            ],
            [
              -75.0815,
              5.4855
            ],
            [
              -75.0891,
              5.4749
            ],
            [
              -75.0864,
              5.4616
            ],
            [
              -75.0853,
              5.4284
            ],
            [
              -75.0731,
              5.3971
            ],
            [
              -75.0514,
              5.3959
            ],
            [
              -75.0502,
              5.3884
            ],
            [
              -75.0352,
              5.3768
            ],
            [
              -75.0441,
              5.3627
            ],
            [
              -75.0346,
              5.3443
            ],
            [
              -75.0198,
              5.3467
            ],
            [
              -75.0178,
              5.3291
            ],
            [
              -75.0065,
              5.3248
            ],
            [
              -74.9892,
              5.3442
            ],
            [
              -74.9701,
              5.3473
            ],
            [
              -74.9625,
              5.342
            ],
            [
              -74.9482,
              5.3483
            ],
            [
              -74.9447,
              5.3698
            ],
            [
              -74.922,
              5.399
            ],
            [
              -74.9135,
              5.402
            ],
            [
              -74.9112,
              5.4211
            ],
            [
              -74.9172,
              5.4274
            ],
            [
              -74.9148,
              5.4464
            ],
            [
              -74.9186,
              5.4644
            ],
            [
              -74.9075,
              5.4767
            ],
            [
              -74.9081,
              5.4944
            ],
            [
              -74.8989,
              5.5074
            ],
            [
              -74.9035,
              5.513
            ],
            [
              -74.9016,
              5.5304
            ],
            [
              -74.8899,
              5.5581
            ]
          ]
        ]
      },
      "properties": {
        "OBJECTID": 340,
        "DPTO_CCDGO": "09",
        "MPIO_CCDGO": "662",
        "name": "09115",
        "MPIO_CRSLC": "Decreto 1181 de Octubre 20 de 1908",
        "MPIO_NANO_": 1993,
        "MPIO_NAREA": 758.88902961,
        "MPIO_CSMBL": "4",
        "MPIO_CCNCT": "17662",
        "MPIO_NANO": 2012,
        "SHAPE_Leng": 1.62866715679,
        "SHAPE_Area": 0.0619187381051,
        "NOMBRE": "SAMANA",
        "DANE": {
          "dpto_ccdgo": "17",
          "mpio_ccdgo": "662",
          "mpio_cdpmp": "17662",
          "dpto_cnmbr": "CALDAS",
          "mpio_cnmbr": "SAMANÁ",
          "mpio_crslc": "Decreto 1181 de Octubre 20 de 1908",
          "mpio_tipo": "MUNICIPIO",
          "mpio_narea": 758.175286416,
          "mpio_nano": 2024,
          "shape_Leng": 1.64133211903,
          "shape_Area": 0.0618604610013
        }
      }
    },
    {
      "type": "Feature",
      "geometry": {
        "type": "Polygon",
        "coordinates": [
          [
            [
              -75.7742,
              5.0629
            ],
            [
              -75.7674,
              5.0774
            ],
            [
              -75.7711,
              5.1059
            ],
            [
              -75.7823,
              5.1219
            ],
            [
              -75.7991,
              5.1189
            ],
            [
              -75.8026,
              5.1054
            ],
            [
              -75.8211,
              5.1068
            ],
            [
              -75.8219,
              5.0953
            ],
            [
              -75.8296,
              5.0801
            ],
            [
              -75.8442,
              5.0843
            ],
            [
              -75.8505,
              5.0679
            ],
            [
              -75.8601,
              5.0168
            ],
            [
              -75.859,
              5.0046
            ],
            [
              -75.8341,
              5.0218
            ],
            [
              -75.8162,
              5.043
            ],
            [
              -75.8064,
              5.0653
            ],
            [
              -75.7895,
              5.059
            ],
            [
              -75.7742,
              5.0629
            ]
          ]
        ]
      },
      "properties": {
        "OBJECTID": 341,
        "DPTO_CCDGO": "09",
        "MPIO_CCDGO": "665",
        "name": "09120",
        "MPIO_CRSLC": "ORD 233 DE DICIEMBRE 17 DE 1997",
        "MPIO_NANO_": 1997,
        "MPIO_NAREA": 61.67409047,
        "MPIO_CSMBL": "4",
        "MPIO_CCNCT": "17665",
        "MPIO_NANO": 2012,
        "SHAPE_Leng": 0.4641859574,
        "SHAPE_Area": 0.00502717209476,
        "NOMBRE": "SAN JOSE",
        "DANE": {
          "dpto_ccdgo": "17",
          "mpio_ccdgo": "665",
          "mpio_cdpmp": "17665",
          "dpto_cnmbr": "CALDAS",
          "mpio_cnmbr": "SAN JOSÉ",
          "mpio_crslc": "ORD 233 DE DICIEMBRE 17 DE 1997",
          "mpio_tipo": "MUNICIPIO",
          "mpio_narea": 60.9111934194,
          "mpio_nano": 2024,
          "shape_Leng": 0.475703706678,
          "shape_Area": 0.00496284842126
        }
      }
    },
    {
      "type": "Feature",
      "geometry": {
        "type": "Polygon",
        "coordinates": [
          [
            [
              -75.6405,
              5.5302
            ],
            [
              -75.6564,
              5.5254
            ],
            [
              -75.6705,
              5.5295
            ],
            [
              -75.6895,
              5.5194
            ],
            [
              -75.7043,
              5.5375
            ],
            [
              -75.7018,
              5.5167
            ],
            [
              -75.6893,
              5.5155
            ],
            [
              -75.6777,
              5.5059
            ],
            [
              -75.6805,
              5.4934
            ],
            [
              -75.6764,
              5.4384
            ],
            [
              -75.6685,
              5.4148
            ],
            [
              -75.6544,
              5.4046
            ],
            [
              -75.6546,
              5.3953
            ],
            [
              -75.6467,
              5.3805
            ],
            [
              -75.6291,
              5.3769
            ],
            [
              -75.6188,
              5.3805
            ],
            [
              -75.6101,
              5.3749
            ],
            [
              -75.6072,
              5.3761
            ],
            [
              -75.6003,
              5.3876
            ],
            [
              -75.5967,
              5.4083
            ],
            [
              -75.5854,
              5.4377
            ],
            [
              -75.585,
              5.446
            ],
            [
              -75.6081,
              5.4581
            ],
            [
              -75.6163,
              5.4672
            ],
            [
              -75.613,
              5.4767
            ],
            [
              -75.6227,
              5.4907
            ],
            [
              -75.6169,
              5.5013
            ],
            [
              -75.63,
              5.5046
            ],
            [
              -75.6405,
              5.5302
            ]
          ]
        ]
      },
      "properties": {
        "OBJECTID": 342,
        "DPTO_CCDGO": "09",
        "MPIO_CCDGO": "777",
        "name": "09124",
        "MPIO_CRSLC": "1540",
        "MPIO_NANO_": 1993,
        "MPIO_NAREA": 129.53811427,
        "MPIO_CSMBL": "4",
        "MPIO_CCNCT": "17777",
        "MPIO_NANO": 2012,
        "SHAPE_Leng": 0.565965207567,
        "SHAPE_Area": 0.0105637042902,
        "NOMBRE": "SUPIA",
        "DANE": {
          "dpto_ccdgo": "17",
          "mpio_ccdgo": "777",
          "mpio_cdpmp": "17777",
          "dpto_cnmbr": "CALDAS",
          "mpio_cnmbr": "SUPÍA",
          "mpio_crslc": "1540",
          "mpio_tipo": "MUNICIPIO",
          "mpio_narea": 121.465013833,
          "mpio_nano": 2024,
          "shape_Leng": 0.576562112318,
          "shape_Area": 0.00990423261323
        }
      }
    },
    {
      "type": "Feature",
      "geometry": {
        "type": "Polygon",
        "coordinates": [
          [
            [
              -74.8131,
              5.6043
            ],
            [
              -74.8255,
              5.6047
            ],
            [
              -74.8359,
              5.5899
            ],
            [
              -74.8657,
              5.5678
            ],
            [
              -74.8899,
              5.5581
            ],
            [
              -74.9016,
              5.5304
            ],
            [
              -74.9035,
              5.513
            ],
            [
              -74.8989,
              5.5074
            ],
            [
              -74.9081,
              5.4944
            ],
            [
              -74.9075,
              5.4767
            ],
            [
              -74.9186,
              5.4644
            ],
            [
              -74.9148,
              5.4464
            ],
            [
              -74.9172,
              5.4274
            ],
            [
              -74.9112,
              5.4211
            ],
            [
              -74.9135,
              5.402
            ],
            [
              -74.922,
              5.399
            ],
            [
              -74.9447,
              5.3698
            ],
            [
              -74.9482,
              5.3483
            ],
            [
              -74.9625,
              5.342
            ],
            [
              -74.9647,
              5.324
            ],
            [
              -74.9741,
              5.3145
            ],
            [
              -74.9676,
              5.3005
            ],
            [
              -74.9548,
              5.3015
            ],
            [
              -74.9397,
              5.3128
            ],
            [
              -74.909,
              5.3084
            ],
            [
              -74.8984,
              5.299
            ],
            [
              -74.871,
              5.2965
            ],
            [
              -74.8613,
              5.3063
            ],
            [
              -74.8538,
              5.3151
            ],
            [
              -74.8227,
              5.3181
            ],
            [
              -74.8121,
              5.3061
            ],
            [
              -74.7899,
              5.2986
            ],
            [
              -74.7962,
              5.3253
            ],
            [
              -74.7813,
              5.3389
            ],
            [
              -74.7838,
              5.3567
            ],
            [
              -74.7949,
              5.3703
            ],
            [
              -74.786,
              5.386
            ],
            [
              -74.7946,
              5.3962
            ],
            [
              -74.7888,
              5.407
            ],
            [
              -74.768,
              5.4151
            ],
            [
              -74.7579,
              5.4412
            ],
            [
              -74.7473,
              5.444
            ],
            [
              -74.7419,
              5.4563
            ],
            [
              -74.7586,
              5.4724
            ],
            [
              -74.7264,
              5.495
            ],
            [
              -74.7221,
              5.511
            ],
            [
              -74.7123,
              5.5229
            ],
            [
              -74.714,
              5.5491
            ],
            [
              -74.7262,
              5.5635
            ],
            [
              -74.7055,
              5.5655
            ],
            [
              -74.7103,
              5.5811
            ],
            [
              -74.7231,
              5.5854
            ],
            [
              -74.7478,
              5.5767
            ],
            [
              -74.7608,
              5.5827
            ],
            [
              -74.7755,
              5.5738
            ],
            [
              -74.7923,
              5.5864
            ],
            [
              -74.804,
              5.5855
            ],
            [
              -74.8148,
              5.5918
            ],
            [
              -74.8131,
              5.6043
            ]
          ]
        ]
      },
      "properties": {
        "OBJECTID": 343,
        "DPTO_CCDGO": "09",
        "MPIO_CCDGO": "867",
        "name": "09127",
        "MPIO_CRSLC": "1907",
        "MPIO_NANO_": 1993,
        "MPIO_NAREA": 579.46203049,
        "MPIO_CSMBL": "4",
        "MPIO_CCNCT": "17867",
        "MPIO_NANO": 2012,
        "SHAPE_Leng": 1.38055498652,
        "SHAPE_Area": 0.0472756284483,
        "NOMBRE": "VICTORIA",
        "DANE": {
          "dpto_ccdgo": "17",
          "mpio_ccdgo": "867",
          "mpio_cdpmp": "17867",
          "dpto_cnmbr": "CALDAS",
          "mpio_cnmbr": "VICTORIA",
          "mpio_crslc": "1907",
          "mpio_tipo": "MUNICIPIO",
          "mpio_narea": 558.885284928,
          "mpio_nano": 2024,
          "shape_Leng": 1.43351016894,
          "shape_Area": 0.045596856945
        }
      }
    },
    {
      "type": "Feature",
      "geometry": {
        "type": "Polygon",
        "coordinates": [
          [
            [
              -75.3279,
              5.0419
            ],
            [
              -75.3321,
              5.017
            ],
            [
              -75.3365,
              5.0124
            ],
            [
              -75.3633,
              5.0142
            ],
            [
              -75.3753,
              5.0229
            ],
            [
              -75.4118,
              5.0267
            ],
            [
              -75.4194,
              5.0205
            ],
            [
              -75.4333,
              5.0244
            ],
            [
              -75.4754,
              5.0276
            ],
            [
              -75.4897,
              5.0424
            ],
            [
              -75.5006,
              5.0395
            ],
            [
              -75.5147,
              5.0523
            ],
            [
              -75.5253,
              5.0457
            ],
            [
              -75.5339,
              5.0317
            ],
            [
              -75.5302,
              5.0184
            ],
            [
              -75.5364,
              5.0055
            ],
            [
              -75.5481,
              5.0029
            ],
            [
              -75.56,
              4.9914
            ],
            [
              -75.5726,
              4.9923
            ],
            [
              -75.5877,
              4.9842
            ],
            [
              -75.5893,
              4.9743
            ],
            [
              -75.5804,
              4.9653
            ],
            [
              -75.5859,
              4.94
            ],
            [
              -75.5723,
              4.9362
            ],
            [
              -75.5647,
              4.9378
            ],
            [
              -75.5574,
              4.9241
            ],
            [
              -75.5434,
              4.9285
            ],
            [
              -75.5375,
              4.9165
            ],
            [
              -75.5119,
              4.9243
            ],
            [
              -75.4831,
              4.9163
            ],
            [
              -75.4742,
              4.9027
            ],
            [
              -75.4729,
              4.8908
            ],
            [
              -75.4544,
              4.8845
            ],
            [
              -75.4519,
              4.8695
            ],
            [
              -75.4387,
              4.8552
            ],
            [
              -75.4377,
              4.839
            ],
            [
              -75.4314,
              4.8364
            ],
            [
              -75.427,
              4.8166
            ],
            [
              -75.4047,
              4.804
            ],
            [
              -75.3994,
              4.8077
            ],
            [
              -75.3832,
              4.7998
            ],
            [
              -75.3755,
              4.8027
            ],
            [
              -75.357,
              4.8269
            ],
            [
              -75.3524,
              4.8421
            ],
            [
              -75.3236,
              4.8658
            ],
            [
              -75.3189,
              4.8871
            ],
            [
              -75.3194,
              4.8931
            ],
            [
              -75.3348,
              4.8996
            ],
            [
              -75.3413,
              4.9088
            ],
            [
              -75.3522,
              4.9383
            ],
            [
              -75.3535,
              4.9626
            ],
            [
              -75.3356,
              4.9746
            ],
            [
              -75.3182,
              5.0144
            ],
            [
              -75.3179,
              5.0293
            ],
            [
              -75.3279,
              5.0419
            ]
          ]
        ]
      },
      "properties": {
        "OBJECTID": 344,
        "DPTO_CCDGO": "09",
        "MPIO_CCDGO": "873",
        "name": "09130",
        "MPIO_CRSLC": "1852",
        "MPIO_NANO_": 1993,
        "MPIO_NAREA": 454.99481817,
        "MPIO_CSMBL": "4",
        "MPIO_CCNCT": "17873",
        "MPIO_NANO": 2012,
        "SHAPE_Leng": 1.11734858521,
        "SHAPE_Area": 0.0370774976499,
        "NOMBRE": "VILLAMARIA",
        "DANE": {
          "dpto_ccdgo": "17",
          "mpio_ccdgo": "873",
          "mpio_cdpmp": "17873",
          "dpto_cnmbr": "CALDAS",
          "mpio_cnmbr": "VILLAMARÍA",
          "mpio_crslc": "1852",
          "mpio_tipo": "MUNICIPIO",
          "mpio_narea": 455.076577933,
          "mpio_nano": 2024,
          "shape_Leng": 1.11115265288,
          "shape_Area": 0.0370841459607
        }
      }
    },
    {
      "type": "Feature",
      "geometry": {
        "type": "Polygon",
        "coordinates": [
          [
            [
              -75.8366,
              5.1148
            ],
            [
              -75.8443,
              5.108
            ],
            [
              -75.8548,
              5.1121
            ],
            [
              -75.8769,
              5.1328
            ],
            [
              -75.8838,
              5.1305
            ],
            [
              -75.8884,
              5.1166
            ],
            [
              -75.8989,
              5.1067
            ],
            [
              -75.9174,
              5.0787
            ],
            [
              -75.9123,
              5.0737
            ],
            [
              -75.922,
              5.0421
            ],
            [
              -75.905,
              5.0248
            ],
            [
              -75.9023,
              5.0127
            ],
            [
              -75.9035,
              4.9918
            ],
            [
              -75.8907,
              4.9601
            ],
            [
              -75.8801,
              4.9514
            ],
            [
              -75.8607,
              4.9421
            ],
            [
              -75.8554,
              4.952
            ],
            [
              -75.8615,
              4.976
            ],
            [
              -75.859,
              5.0046
            ],
            [
              -75.8601,
              5.0168
            ],
            [
              -75.8505,
              5.0679
            ],
            [
              -75.8442,
              5.0843
            ],
            [
              -75.8386,
              5.1046
            ],
            [
              -75.8192,
              5.1106
            ],
            [
              -75.8113,
              5.117
            ],
            [
              -75.8366,
              5.1148
            ]
          ]
        ]
      },
      "properties": {
        "OBJECTID": 345,
        "DPTO_CCDGO": "09",
        "MPIO_CCDGO": "877",
        "name": "09133",
        "MPIO_CRSLC": "Decreto 826 de Diciembre 31 de  1951",
        "MPIO_NANO_": 1993,
        "MPIO_NAREA": 113.95914297,
        "MPIO_CSMBL": "4",
        "MPIO_CCNCT": "17877",
        "MPIO_NANO": 2012,
        "SHAPE_Leng": 0.641758791775,
        "SHAPE_Area": 0.00928917465692,
        "NOMBRE": "VITERBO",
        "DANE": {
          "dpto_ccdgo": "17",
          "mpio_ccdgo": "877",
          "mpio_cdpmp": "17877",
          "dpto_cnmbr": "CALDAS",
          "mpio_cnmbr": "VITERBO",
          "mpio_crslc": "Decreto 826 de Diciembre 31 de  1951",
          "mpio_tipo": "MUNICIPIO",
          "mpio_narea": 112.875981949,
          "mpio_nano": 2024,
          "shape_Leng": 0.651387189329,
          "shape_Area": 0.00919580718949
        }
      }
    }
  ],
  "name": "09"
}