{
  "type": "FeatureCollection",
  "crs": {
    "type": "name",
    "properties": {
      "name": "urn:ogc:def:crs:OGC:1.3:CRS84"
    }
  },
  "features": [
    {
      "type": "Feature",
      "geometry": {
        "type": "Polygon",
        "coordinates": [
          [
            [
              -76.5881,
              2.5531
            ],
            [
              -76.6138,
              2.5495
            ],
            [
              -76.6279,
              2.5619
            ],
            [
              -76.6376,
              2.5549
            ],
            [
              -76.6623,
              2.5667
            ],
            [
              -76.6843,
              2.5627
            ],
            [
              -76.6878,
              2.5569
            ],
            [
              -76.711,
              2.5612
            ],
            [
              -76.7299,
              2.5606
            ],
            [
              -76.7424,
              2.5733
            ],
            [
              -76.7676,
              2.5671
            ],
            [
              -76.7637,
              2.5553
            ],
            [
              -76.7733,
              2.538
            ],
            [
              -76.7664,
              2.5182
            ],
            [
              -76.7405,
              2.49
            ],
            [
              -76.7244,
              2.4771
            ],
            [
              -76.7124,
              2.4678
            ],
            [
              -76.7051,
              2.4691
            ],
            [
              -76.6801,
              2.4405
            ],
            [
              -76.6394,
              2.4326
            ],
            [
              -76.6189,
              2.4156
            ],
            [
              -76.5987,
              2.4062
            ],
            [
              -76.5877,
              2.4112
            ],
            [
              -76.5572,
              2.3974
            ],
            [
              -76.5449,
              2.3753
            ],
            [
              -76.5442,
              2.35
            ],
            [
              -76.5346,
              2.3312
            ],
            [
              -76.5422,
              2.316
            ],
            [
              -76.5318,
              2.3127
            ],
            [
              -76.5014,
              2.3586
            ],
            [
              -76.4943,
              2.3804
            ],
            [
              -76.4952,
              2.3914
            ],
            [
              -76.5069,
              2.4148
            ],
            [
              -76.4759,
              2.4097
            ],
            [
              -76.4653,
              2.4041
            ],
            [
              -76.4584,
              2.4094
            ],
            [
              -76.4155,
              2.4069
            ],
            [
              -76.3853,
              2.4235
            ],
            [
              -76.3948,
              2.4257
            ],
            [
              -76.4245,
              2.4547
            ],
            [
              -76.4542,
              2.4602
            ],
            [
              -76.4791,
              2.4759
            ],
            [
              -76.4903,
              2.4936
            ],
            [
              -76.5438,
              2.5208
            ],
            [
              -76.5447,
              2.5303
            ],
            [
              -76.5881,
              2.5531
            ]
          ]
        ]
      },
      "properties": {
        "OBJECTID": 362,
        "DPTO_CCDGO": "11",
        "MPIO_CCDGO": "001",
        "name": "11001",
        "MPIO_CRSLC": "1537",
        "MPIO_NANO_": 1993,
        "MPIO_NAREA": 482.92447446,
        "MPIO_CSMBL": "4",
        "MPIO_CCNCT": "19001",
        "MPIO_NANO": 2012,
        "SHAPE_Leng": 1.36899505722,
        "SHAPE_Area": 0.0392658425605,
        "NOMBRE": "POPAYAN",
        "DANE": {
          "dpto_ccdgo": "19",
          "mpio_ccdgo": "001",
          "mpio_cdpmp": "19001",
          "dpto_cnmbr": "CAUCA",
          "mpio_cnmbr": "POPAYÁN",
          "mpio_crslc": "1537",
          "mpio_tipo": "MUNICIPIO",
          "mpio_narea": 480.181910608,
          "mpio_nano": 2024,
          "shape_Leng": 1.3741178463,
          "shape_Area": 0.0389701708617
        }
      }
    },
    {
      "type": "Feature",
      "geometry": {
        "type": "Polygon",
        "coordinates": [
          [
            [
              -76.7244,
              1.9799
            ],
            [
              -76.7291,
              1.9716
            ],
            [
              -76.7337,
              1.948
            ],
            [
              -76.7519,
              1.9388
            ],
            [
              -76.761,
              1.9497
            ],
            [
              -76.774,
              1.9527
            ],
            [
              -76.7907,
              1.9509
            ],
            [
              -76.7963,
              1.956
            ],
            [
              -76.811,
              1.9881
            ],
            [
              -76.837,
              1.9848
            ],
            [
              -76.852,
              1.9758
            ],
            [
              -76.8662,
              1.9822
            ],
            [
              -76.8819,
              1.9763
            ],
            [
              -76.9107,
              1.95
            ],
            [
              -76.9194,
              1.9347
            ],
            [
              -76.9354,
              1.9219
            ],
            [
              -76.9224,
              1.9052
            ],
            [
              -76.9091,
              1.8949
            ],
            [
              -76.902,
              1.8729
            ],
            [
              -76.8917,
              1.8545
            ],
            [
              -76.8681,
              1.8468
            ],
            [
              -76.8248,
              1.8459
            ],
            [
              -76.811,
              1.8368
            ],
            [
              -76.7939,
              1.8433
            ],
            [
              -76.7859,
              1.8567
            ],
            [
              -76.7691,
              1.8663
            ],
            [
              -76.768,
              1.8767
            ],
            [
              -76.7481,
              1.8941
            ],
            [
              -76.7499,
              1.921
            ],
            [
              -76.7454,
              1.9329
            ],
            [
              -76.7295,
              1.9428
            ],
            [
              -76.7244,
              1.9799
            ]
          ]
        ]
      },
      "properties": {
        "OBJECTID": 363,
        "DPTO_CCDGO": "11",
        "MPIO_CCDGO": "022",
        "name": "11004",
        "MPIO_CRSLC": "1799",
        "MPIO_NANO_": 1993,
        "MPIO_NAREA": 244.54600037,
        "MPIO_CSMBL": "4",
        "MPIO_CCNCT": "19022",
        "MPIO_NANO": 2012,
        "SHAPE_Leng": 0.738749733391,
        "SHAPE_Area": 0.0198775751904,
        "NOMBRE": "ALMAGUER",
        "DANE": {
          "dpto_ccdgo": "19",
          "mpio_ccdgo": "022",
          "mpio_cdpmp": "19022",
          "dpto_cnmbr": "CAUCA",
          "mpio_cnmbr": "ALMAGUER",
          "mpio_crslc": "1799",
          "mpio_tipo": "MUNICIPIO",
          "mpio_narea": 236.714830767,
          "mpio_nano": 2024,
          "shape_Leng": 0.710253013974,
          "shape_Area": 0.0191965652132
        }
      }
    },
    {
      "type": "Feature",
      "geometry": {
        "type": "Polygon",
        "coordinates": [
          [
            [
              -77.3094,
              2.5083
            ],
            [
              -77.323,
              2.5021
            ],
            [
              -77.3296,
              2.4881
            ],
            [
              -77.3281,
              2.4717
            ],
            [
              -77.3216,
              2.4485
            ],
            [
              -77.3442,
              2.432
            ],
            [
              -77.3541,
              2.4149
            ],
            [
              -77.3678,
              2.4093
            ],
            [
              -77.4028,
              2.383
            ],
            [
              -77.3948,
              2.3551
            ],
            [
              -77.3976,
              2.3443
            ],
            [
              -77.3872,
              2.332
            ],
            [
              -77.3908,
              2.3096
            ],
            [
              -77.3797,
              2.2969
            ],
            [
              -77.3911,
              2.2879
            ],
            [
              -77.3883,
              2.2753
            ],
            [
              -77.3748,
              2.2642
            ],
            [
              -77.3598,
              2.2625
            ],
            [
              -77.3476,
              2.2458
            ],
            [
              -77.3231,
              2.222
            ],
            [
              -77.3166,
              2.2006
            ],
            [
              -77.3173,
              2.1775
            ],
            [
              -77.3053,
              2.1456
            ],
            [
              -77.296,
              2.1523
            ],
            [
              -77.2822,
              2.1489
            ],
            [
              -77.257,
              2.1507
            ],
            [
              -77.2498,
              2.1805
            ],
            [
              -77.2123,
              2.1569
            ],
            [
              -77.2053,
              2.1606
            ],
            [
              -77.1999,
              2.1755
            ],
            [
              -77.1824,
              2.1885
            ],
            [
              -77.1781,
              2.2019
            ],
            [
              -77.1761,
              2.226
            ],
            [
              -77.1656,
              2.2666
            ],
            [
              -77.1657,
              2.2967
            ],
            [
              -77.1604,
              2.3032
            ],
            [
              -77.1415,
              2.3042
            ],
            [
              -77.1338,
              2.3162
            ],
            [
              -77.1482,
              2.3368
            ],
            [
              -77.1397,
              2.3529
            ],
            [
              -77.1448,
              2.3708
            ],
            [
              -77.137,
              2.3721
            ],
            [
              -77.1378,
              2.4086
            ],
            [
              -77.1327,
              2.4218
            ],
            [
              -77.1365,
              2.435
            ],
            [
              -77.1494,
              2.4421
            ],
            [
              -77.1852,
              2.4449
            ],
            [
              -77.2077,
              2.4542
            ],
            [
              -77.2147,
              2.462
            ],
            [
              -77.244,
              2.4808
            ],
            [
              -77.2537,
              2.4768
            ],
            [
              -77.2677,
              2.4842
            ],
            [
              -77.2877,
              2.4878
            ],
            [
              -77.2916,
              2.4975
            ],
            [
              -77.3094,
              2.5083
            ]
          ]
        ]
      },
      "properties": {
        "OBJECTID": 364,
        "DPTO_CCDGO": "11",
        "MPIO_CCDGO": "050",
        "name": "11005",
        "MPIO_CRSLC": "Ordenanza 2 de Noviembre 8 de 1967",
        "MPIO_NANO_": 1993,
        "MPIO_NAREA": 675.78098605,
        "MPIO_CSMBL": "4",
        "MPIO_CCNCT": "19050",
        "MPIO_NANO": 2012,
        "SHAPE_Leng": 1.13098324255,
        "SHAPE_Area": 0.0549445612596,
        "NOMBRE": "ARGELIA",
        "DANE": {
          "dpto_ccdgo": "19",
          "mpio_ccdgo": "050",
          "mpio_cdpmp": "19050",
          "dpto_cnmbr": "CAUCA",
          "mpio_cnmbr": "ARGELIA",
          "mpio_crslc": "Ordenanza 2 de Noviembre 8 de 1967",
          "mpio_tipo": "MUNICIPIO",
          "mpio_narea": 775.787826158,
          "mpio_nano": 2024,
          "shape_Leng": 1.22415286967,
          "shape_Area": 0.0628806321788
        }
      }
    },
    {
      "type": "Feature",
      "geometry": {
        "type": "Polygon",
        "coordinates": [
          [
            [
              -77.2014,
              1.9543
            ],
            [
              -77.19,
              1.9673
            ],
            [
              -77.1922,
              1.9824
            ],
            [
              -77.1705,
              2.0183
            ],
            [
              -77.1605,
              2.0269
            ],
            [
              -77.1392,
              2.0187
            ],
            [
              -77.1198,
              2.0293
            ],
            [
              -77.1145,
              2.0523
            ],
            [
              -77.104,
              2.059
            ],
            [
              -77.1011,
              2.0711
            ],
            [
              -77.0842,
              2.0837
            ],
            [
              -77.088,
              2.117
            ],
            [
              -77.102,
              2.121
            ],
            [
              -77.1114,
              2.1354
            ],
            [
              -77.1263,
              2.1387
            ],
            [
              -77.1417,
              2.1549
            ],
            [
              -77.1527,
              2.1871
            ],
            [
              -77.1605,
              2.1947
            ],
            [
              -77.1781,
              2.2019
            ],
            [
              -77.1824,
              2.1885
            ],
            [
              -77.1999,
              2.1755
            ],
            [
              -77.2053,
              2.1606
            ],
            [
              -77.2123,
              2.1569
            ],
            [
              -77.2498,
              2.1805
            ],
            [
              -77.257,
              2.1507
            ],
            [
              -77.2822,
              2.1489
            ],
            [
              -77.296,
              2.1523
            ],
            [
              -77.3053,
              2.1456
            ],
            [
              -77.3111,
              2.142
            ],
            [
              -77.3088,
              2.1253
            ],
            [
              -77.3076,
              2.1082
            ],
            [
              -77.3207,
              2.0722
            ],
            [
              -77.3343,
              2.0598
            ],
            [
              -77.3325,
              2.0498
            ],
            [
              -77.3059,
              2.0359
            ],
            [
              -77.303,
              2.027
            ],
            [
              -77.282,
              2.0208
            ],
            [
              -77.2734,
              2.0063
            ],
            [
              -77.2589,
              1.9939
            ],
            [
              -77.2206,
              1.9882
            ],
            [
              -77.2094,
              1.9709
            ],
            [
              -77.2032,
              1.952
            ],
            [
              -77.2014,
              1.9543
            ]
          ]
        ]
      },
      "properties": {
        "OBJECTID": 365,
        "DPTO_CCDGO": "11",
        "MPIO_CCDGO": "075",
        "name": "11006",
        "MPIO_CRSLC": "Ordenanza 1 de Octubre 20 de 1967",
        "MPIO_NANO_": 1993,
        "MPIO_NAREA": 411.55366534,
        "MPIO_CSMBL": "4",
        "MPIO_CCNCT": "19075",
        "MPIO_NANO": 2012,
        "SHAPE_Leng": 0.997142585753,
        "SHAPE_Area": 0.0334563466311,
        "NOMBRE": "BALBOA",
        "DANE": {
          "dpto_ccdgo": "19",
          "mpio_ccdgo": "075",
          "mpio_cdpmp": "19075",
          "dpto_cnmbr": "CAUCA",
          "mpio_cnmbr": "BALBOA",
          "mpio_crslc": "Ordenanza 1 de Octubre 20 de 1967",
          "mpio_tipo": "MUNICIPIO",
          "mpio_narea": 413.211197478,
          "mpio_nano": 2024,
          "shape_Leng": 1.01632739286,
          "shape_Area": 0.0334904918604
        }
      }
    },
    {
      "type": "Feature",
      "geometry": {
        "type": "Polygon",
        "coordinates": [
          [
            [
              -76.8662,
              1.9822
            ],
            [
              -76.8864,
              1.9956
            ],
            [
              -76.9012,
              1.9975
            ],
            [
              -76.9222,
              2.0085
            ],
            [
              -76.9297,
              2.0163
            ],
            [
              -76.9423,
              2.0093
            ],
            [
              -76.9529,
              2.0159
            ],
            [
              -76.9619,
              2.0094
            ],
            [
              -76.9705,
              2.0156
            ],
            [
              -76.9837,
              2.0437
            ],
            [
              -76.9697,
              2.0455
            ],
            [
              -76.9619,
              2.0588
            ],
            [
              -76.9444,
              2.0626
            ],
            [
              -76.9433,
              2.0865
            ],
            [
              -76.9244,
              2.0999
            ],
            [
              -76.9347,
              2.1111
            ],
            [
              -76.9516,
              2.0963
            ],
            [
              -76.9669,
              2.0883
            ],
            [
              -76.9752,
              2.0751
            ],
            [
              -76.9928,
              2.0594
            ],
            [
              -76.9915,
              2.0531
            ],
            [
              -77.011,
              2.0252
            ],
            [
              -77.0346,
              2.0022
            ],
            [
              -77.0525,
              2.0029
            ],
            [
              -77.06,
              1.9899
            ],
            [
              -77.0698,
              1.983
            ],
            [
              -77.073,
              1.9724
            ],
            [
              -77.0835,
              1.9655
            ],
            [
              -77.0989,
              1.9634
            ],
            [
              -77.1064,
              1.9564
            ],
            [
              -77.1197,
              1.9601
            ],
            [
              -77.1309,
              1.9384
            ],
            [
              -77.1301,
              1.9296
            ],
            [
              -77.1006,
              1.9173
            ],
            [
              -77.0886,
              1.9039
            ],
            [
              -77.0876,
              1.8897
            ],
            [
              -77.0789,
              1.8599
            ],
            [
              -77.0876,
              1.8466
            ],
            [
              -77.0794,
              1.8208
            ],
            [
              -77.0461,
              1.8168
            ],
            [
              -77.0296,
              1.8207
            ],
            [
              -77.0186,
              1.8163
            ],
            [
              -77.0203,
              1.8001
            ],
            [
              -77.0157,
              1.7809
            ],
            [
              -77.0212,
              1.7703
            ],
            [
              -77.0342,
              1.7641
            ],
            [
              -77.0362,
              1.7553
            ],
            [
              -77.0517,
              1.7401
            ],
            [
              -77.0266,
              1.7138
            ],
            [
              -77.0158,
              1.7147
            ],
            [
              -77.0014,
              1.7071
            ],
            [
              -76.9876,
              1.7148
            ],
            [
              -76.9687,
              1.7123
            ],
            [
              -76.96,
              1.7223
            ],
            [
              -76.9361,
              1.729
            ],
            [
              -76.9257,
              1.7185
            ],
            [
              -76.9171,
              1.7023
            ],
            [
              -76.909,
              1.6753
            ],
            [
              -76.9003,
              1.6617
            ],
            [
              -76.8661,
              1.6385
            ],
            [
              -76.853,
              1.6359
            ],
            [
              -76.8487,
              1.648
            ],
            [
              -76.848,
              1.6685
            ],
            [
              -76.832,
              1.6838
            ],
            [
              -76.8101,
              1.6922
            ],
            [
              -76.8079,
              1.7024
            ],
            [
              -76.8159,
              1.7117
            ],
            [
              -76.8229,
              1.7436
            ],
            [
              -76.8373,
              1.7625
            ],
            [
              -76.8445,
              1.7809
            ],
            [
              -76.8417,
              1.7976
            ],
            [
              -76.8533,
              1.8121
            ],
            [
              -76.8576,
              1.827
            ],
            [
              -76.8681,
              1.8468
            ],
            [
              -76.8917,
              1.8545
            ],
            [
              -76.902,
              1.8729
            ],
            [
              -76.9091,
              1.8949
            ],
            [
              -76.9224,
              1.9052
            ],
            [
              -76.9354,
              1.9219
            ],
            [
              -76.9194,
              1.9347
            ],
            [
              -76.9107,
              1.95
            ],
            [
              -76.8819,
              1.9763
            ],
            [
              -76.8662,
              1.9822
            ]
          ]
        ]
      },
      "properties": {
        "OBJECTID": 366,
        "DPTO_CCDGO": "11",
        "MPIO_CCDGO": "100",
        "name": "11007",
        "MPIO_CRSLC": "1793",
        "MPIO_NANO_": 1993,
        "MPIO_NAREA": 786.65205026,
        "MPIO_CSMBL": "4",
        "MPIO_CCNCT": "19100",
        "MPIO_NANO": 2012,
        "SHAPE_Leng": 1.82545505564,
        "SHAPE_Area": 0.0639406420303,
        "NOMBRE": "BOLIVAR",
        "DANE": {
          "dpto_ccdgo": "19",
          "mpio_ccdgo": "100",
          "mpio_cdpmp": "19100",
          "dpto_cnmbr": "CAUCA",
          "mpio_cnmbr": "BOLÍVAR",
          "mpio_crslc": "1793",
          "mpio_tipo": "MUNICIPIO",
          "mpio_narea": 797.82025538,
          "mpio_nano": 2024,
          "shape_Leng": 1.80278655777,
          "shape_Area": 0.0646833670174
        }
      }
    },
    {
      "type": "Feature",
      "geometry": {
        "type": "Polygon",
        "coordinates": [
          [
            [
              -76.5577,
              3.1024
            ],
            [
              -76.5703,
              3.1201
            ],
            [
              -76.585,
              3.1165
            ],
            [
              -76.5875,
              3.1077
            ],
            [
              -76.5994,
              3.1037
            ],
            [
              -76.593,
              3.0936
            ],
            [
              -76.6101,
              3.0912
            ],
            [
              -76.6249,
              3.104
            ],
            [
              -76.6261,
              3.124
            ],
            [
              -76.6418,
              3.1178
            ],
            [
              -76.6519,
              3.1015
            ],
            [
              -76.6768,
              3.0996
            ],
            [
              -76.6997,
              3.1202
            ],
            [
              -76.7227,
              3.1177
            ],
            [
              -76.7442,
              3.1356
            ],
            [
              -76.7498,
              3.1462
            ],
            [
              -76.7402,
              3.1708
            ],
            [
              -76.7392,
              3.1861
            ],
            [
              -76.7515,
              3.1988
            ],
            [
              -76.7529,
              3.2099
            ],
            [
              -76.7729,
              3.2337
            ],
            [
              -76.7831,
              3.2307
            ],
            [
              -76.7885,
              3.2182
            ],
            [
              -76.7916,
              3.197
            ],
            [
              -76.7822,
              3.183
            ],
            [
              -76.7937,
              3.1373
            ],
            [
              -76.8124,
              3.126
            ],
            [
              -76.8171,
              3.1139
            ],
            [
              -76.8125,
              3.1021
            ],
            [
              -76.811,
              3.0651
            ],
            [
              -76.8053,
              3.0507
            ],
            [
              -76.7866,
              3.0526
            ],
            [
              -76.772,
              3.0436
            ],
            [
              -76.7635,
              3.0293
            ],
            [
              -76.7507,
              3.0236
            ],
            [
              -76.7365,
              3.0337
            ],
            [
              -76.726,
              3.0528
            ],
            [
              -76.7238,
              3.0638
            ],
            [
              -76.7132,
              3.0625
            ],
            [
              -76.7036,
              3.0703
            ],
            [
              -76.6704,
              3.0381
            ],
            [
              -76.676,
              3.0271
            ],
            [
              -76.6765,
              3.011
            ],
            [
              -76.683,
              2.9992
            ],
            [
              -76.6874,
              2.9774
            ],
            [
              -76.6852,
              2.9656
            ],
            [
              -76.6698,
              2.9507
            ],
            [
              -76.6799,
              2.9395
            ],
            [
              -76.6779,
              2.9289
            ],
            [
              -76.6537,
              2.8929
            ],
            [
              -76.6447,
              2.8886
            ],
            [
              -76.6461,
              2.8784
            ],
            [
              -76.6304,
              2.8721
            ],
            [
              -76.6234,
              2.8781
            ],
            [
              -76.6108,
              2.8753
            ],
            [
              -76.5989,
              2.8942
            ],
            [
              -76.5776,
              2.9074
            ],
            [
              -76.5714,
              2.9213
            ],
            [
              -76.5718,
              2.9332
            ],
            [
              -76.5799,
              2.9454
            ],
            [
              -76.5984,
              2.9566
            ],
            [
              -76.5933,
              2.9984
            ],
            [
              -76.585,
              3.0167
            ],
            [
              -76.5867,
              3.0292
            ],
            [
              -76.5767,
              3.039
            ],
            [
              -76.5766,
              3.066
            ],
            [
              -76.5731,
              3.0757
            ],
            [
              -76.562,
              3.0838
            ],
            [
              -76.5577,
              3.1024
            ]
          ]
        ]
      },
      "properties": {
        "OBJECTID": 367,
        "DPTO_CCDGO": "11",
        "MPIO_CCDGO": "110",
        "name": "11010",
        "MPIO_CRSLC": "1851",
        "MPIO_NANO_": 1993,
        "MPIO_NAREA": 374.58764155,
        "MPIO_CSMBL": "4",
        "MPIO_CCNCT": "19110",
        "MPIO_NANO": 2012,
        "SHAPE_Leng": 1.46888858251,
        "SHAPE_Area": 0.0304716430509,
        "NOMBRE": "BUENOS AIRES",
        "DANE": {
          "dpto_ccdgo": "19",
          "mpio_ccdgo": "110",
          "mpio_cdpmp": "19110",
          "dpto_cnmbr": "CAUCA",
          "mpio_cnmbr": "BUENOS AIRES",
          "mpio_crslc": "1851",
          "mpio_tipo": "MUNICIPIO",
          "mpio_narea": 434.914126568,
          "mpio_nano": 2024,
          "shape_Leng": 1.63251952128,
          "shape_Area": 0.0353082660001
        }
      }
    },
    {
      "type": "Feature",
      "geometry": {
        "type": "Polygon",
        "coordinates": [
          [
            [
              -76.6689,
              2.7194
            ],
            [
              -76.6923,
              2.7275
            ],
            [
              -76.6974,
              2.7346
            ],
            [
              -76.7122,
              2.7371
            ],
            [
              -76.724,
              2.7265
            ],
            [
              -76.7657,
              2.7377
            ],
            [
              -76.7771,
              2.7271
            ],
            [
              -76.7979,
              2.7152
            ],
            [
              -76.8182,
              2.7301
            ],
            [
              -76.833,
              2.7373
            ],
            [
              -76.8314,
              2.7477
            ],
            [
              -76.8375,
              2.7635
            ],
            [
              -76.8507,
              2.7605
            ],
            [
              -76.8536,
              2.7458
            ],
            [
              -76.8634,
              2.7244
            ],
            [
              -76.8731,
              2.7181
            ],
            [
              -76.873,
              2.6972
            ],
            [
              -76.8787,
              2.6921
            ],
            [
              -76.8735,
              2.6779
            ],
            [
              -76.8611,
              2.6673
            ],
            [
              -76.8369,
              2.6382
            ],
            [
              -76.8328,
              2.6192
            ],
            [
              -76.8169,
              2.6138
            ],
            [
              -76.8016,
              2.5989
            ],
            [
              -76.7784,
              2.592
            ],
            [
              -76.7676,
              2.5671
            ],
            [
              -76.7424,
              2.5733
            ],
            [
              -76.7299,
              2.5606
            ],
            [
              -76.711,
              2.5612
            ],
            [
              -76.6878,
              2.5569
            ],
            [
              -76.6843,
              2.5627
            ],
            [
              -76.6623,
              2.5667
            ],
            [
              -76.6376,
              2.5549
            ],
            [
              -76.6279,
              2.5619
            ],
            [
              -76.6138,
              2.5495
            ],
            [
              -76.5881,
              2.5531
            ],
            [
              -76.5624,
              2.555
            ],
            [
              -76.5504,
              2.567
            ],
            [
              -76.5506,
              2.5735
            ],
            [
              -76.5332,
              2.581
            ],
            [
              -76.5278,
              2.5886
            ],
            [
              -76.5062,
              2.5742
            ],
            [
              -76.4941,
              2.5816
            ],
            [
              -76.506,
              2.5908
            ],
            [
              -76.497,
              2.6057
            ],
            [
              -76.5015,
              2.615
            ],
            [
              -76.5127,
              2.6162
            ],
            [
              -76.54,
              2.6408
            ],
            [
              -76.5559,
              2.6428
            ],
            [
              -76.5775,
              2.6567
            ],
            [
              -76.6043,
              2.6585
            ],
            [
              -76.616,
              2.6627
            ],
            [
              -76.6179,
              2.6764
            ],
            [
              -76.6306,
              2.6959
            ],
            [
              -76.6494,
              2.7127
            ],
            [
              -76.6689,
              2.7194
            ]
          ]
        ]
      },
      "properties": {
        "OBJECTID": 368,
        "DPTO_CCDGO": "11",
        "MPIO_CCDGO": "130",
        "name": "11013",
        "MPIO_CRSLC": "1824",
        "MPIO_NANO_": 1993,
        "MPIO_NAREA": 550.12721005,
        "MPIO_CSMBL": "4",
        "MPIO_CCNCT": "19130",
        "MPIO_NANO": 2012,
        "SHAPE_Leng": 1.36351636056,
        "SHAPE_Area": 0.0447370916578,
        "NOMBRE": "CAJIBIO",
        "DANE": {
          "dpto_ccdgo": "19",
          "mpio_ccdgo": "130",
          "mpio_cdpmp": "19130",
          "dpto_cnmbr": "CAUCA",
          "mpio_cnmbr": "CAJIBÍO",
          "mpio_crslc": "1824",
          "mpio_tipo": "MUNICIPIO",
          "mpio_narea": 552.282204057,
          "mpio_nano": 2024,
          "shape_Leng": 1.38185155495,
          "shape_Area": 0.0448197477456
        }
      }
    },
    {
      "type": "Feature",
      "geometry": {
        "type": "Polygon",
        "coordinates": [
          [
            [
              -76.365,
              2.7674
            ],
            [
              -76.3595,
              2.7755
            ],
            [
              -76.3618,
              2.8308
            ],
            [
              -76.3707,
              2.8461
            ],
            [
              -76.3731,
              2.8628
            ],
            [
              -76.3623,
              2.9021
            ],
            [
              -76.3626,
              2.918
            ],
            [
              -76.3743,
              2.9068
            ],
            [
              -76.3868,
              2.907
            ],
            [
              -76.4022,
              2.8901
            ],
            [
              -76.416,
              2.8905
            ],
            [
              -76.4271,
              2.8812
            ],
            [
              -76.447,
              2.8766
            ],
            [
              -76.4647,
              2.8592
            ],
            [
              -76.4686,
              2.8485
            ],
            [
              -76.478,
              2.8447
            ],
            [
              -76.4956,
              2.8556
            ],
            [
              -76.5099,
              2.8569
            ],
            [
              -76.5314,
              2.8782
            ],
            [
              -76.5528,
              2.8863
            ],
            [
              -76.5654,
              2.8812
            ],
            [
              -76.5774,
              2.864
            ],
            [
              -76.5999,
              2.8663
            ],
            [
              -76.6108,
              2.8753
            ],
            [
              -76.6234,
              2.8781
            ],
            [
              -76.6304,
              2.8721
            ],
            [
              -76.6109,
              2.8557
            ],
            [
              -76.5952,
              2.8483
            ],
            [
              -76.5724,
              2.8274
            ],
            [
              -76.5496,
              2.7929
            ],
            [
              -76.5481,
              2.7762
            ],
            [
              -76.5367,
              2.7657
            ],
            [
              -76.5285,
              2.7299
            ],
            [
              -76.5097,
              2.715
            ],
            [
              -76.5044,
              2.7062
            ],
            [
              -76.4966,
              2.7055
            ],
            [
              -76.4948,
              2.72
            ],
            [
              -76.4863,
              2.7298
            ],
            [
              -76.4884,
              2.7463
            ],
            [
              -76.4571,
              2.7395
            ],
            [
              -76.4328,
              2.7312
            ],
            [
              -76.4126,
              2.721
            ],
            [
              -76.4028,
              2.7249
            ],
            [
              -76.3992,
              2.7348
            ],
            [
              -76.3869,
              2.7409
            ],
            [
              -76.3815,
              2.7539
            ],
            [
              -76.365,
              2.7674
            ]
          ]
        ]
      },
      "properties": {
        "OBJECTID": 369,
        "DPTO_CCDGO": "11",
        "MPIO_CCDGO": "137",
        "name": "11016",
        "MPIO_CRSLC": "1746",
        "MPIO_NANO_": 1993,
        "MPIO_NAREA": 347.20655495,
        "MPIO_CSMBL": "4",
        "MPIO_CCNCT": "19137",
        "MPIO_NANO": 2012,
        "SHAPE_Leng": 1.11505200135,
        "SHAPE_Area": 0.028237244569,
        "NOMBRE": "CALDONO",
        "DANE": {
          "dpto_ccdgo": "19",
          "mpio_ccdgo": "137",
          "mpio_cdpmp": "19137",
          "dpto_cnmbr": "CAUCA",
          "mpio_cnmbr": "CALDONO",
          "mpio_crslc": "1746",
          "mpio_tipo": "MUNICIPIO",
          "mpio_narea": 354.738653382,
          "mpio_nano": 2024,
          "shape_Leng": 1.10296136418,
          "shape_Area": 0.0288027662715
        }
      }
    },
    {
      "type": "Feature",
      "geometry": {
        "type": "Polygon",
        "coordinates": [
          [
            [
              -76.4205,
              3.2075
            ],
            [
              -76.4298,
              3.2136
            ],
            [
              -76.4382,
              3.2008
            ],
            [
              -76.4378,
              3.1648
            ],
            [
              -76.4424,
              3.1563
            ],
            [
              -76.4574,
              3.1537
            ],
            [
              -76.4472,
              3.1361
            ],
            [
              -76.4334,
              3.1226
            ],
            [
              -76.4311,
              3.1041
            ],
            [
              -76.4184,
              3.0798
            ],
            [
              -76.4259,
              3.0722
            ],
            [
              -76.4344,
              3.0535
            ],
            [
              -76.45,
              3.0447
            ],
            [
              -76.431,
              3.0291
            ],
            [
              -76.4378,
              3.0186
            ],
            [
              -76.4331,
              2.9996
            ],
            [
              -76.4218,
              2.9774
            ],
            [
              -76.4043,
              2.962
            ],
            [
              -76.3949,
              2.9478
            ],
            [
              -76.3913,
              2.9334
            ],
            [
              -76.379,
              2.9305
            ],
            [
              -76.3668,
              2.9203
            ],
            [
              -76.3661,
              2.9364
            ],
            [
              -76.344,
              2.9632
            ],
            [
              -76.3362,
              2.9828
            ],
            [
              -76.3142,
              2.9918
            ],
            [
              -76.2897,
              3.0175
            ],
            [
              -76.2861,
              3.0505
            ],
            [
              -76.2757,
              3.0699
            ],
            [
              -76.2992,
              3.0915
            ],
            [
              -76.3003,
              3.1114
            ],
            [
              -76.3133,
              3.134
            ],
            [
              -76.3317,
              3.1314
            ],
            [
              -76.3445,
              3.1324
            ],
            [
              -76.3548,
              3.1544
            ],
            [
              -76.3659,
              3.1349
            ],
            [
              -76.3631,
              3.1191
            ],
            [
              -76.3565,
              3.1148
            ],
            [
              -76.3535,
              3.0992
            ],
            [
              -76.3595,
              3.0692
            ],
            [
              -76.3737,
              3.0716
            ],
            [
              -76.3863,
              3.0876
            ],
            [
              -76.4,
              3.0748
            ],
            [
              -76.4134,
              3.0873
            ],
            [
              -76.4169,
              3.1021
            ],
            [
              -76.4267,
              3.1179
            ],
            [
              -76.4279,
              3.1283
            ],
            [
              -76.4148,
              3.1284
            ],
            [
              -76.4082,
              3.1384
            ],
            [
              -76.4186,
              3.1438
            ],
            [
              -76.4173,
              3.159
            ],
            [
              -76.4349,
              3.1631
            ],
            [
              -76.4359,
              3.1937
            ],
            [
              -76.4205,
              3.2075
            ]
          ]
        ]
      },
      "properties": {
        "OBJECTID": 370,
        "DPTO_CCDGO": "11",
        "MPIO_CCDGO": "142",
        "name": "11019",
        "MPIO_CRSLC": "1543",
        "MPIO_NANO_": 1993,
        "MPIO_NAREA": 273.56524388,
        "MPIO_CSMBL": "4",
        "MPIO_CCNCT": "19142",
        "MPIO_NANO": 2012,
        "SHAPE_Leng": 1.45145317113,
        "SHAPE_Area": 0.0222518074093,
        "NOMBRE": "CALOTO",
        "DANE": {
          "dpto_ccdgo": "19",
          "mpio_ccdgo": "142",
          "mpio_cdpmp": "19142",
          "dpto_cnmbr": "CAUCA",
          "mpio_cnmbr": "CALOTO",
          "mpio_crslc": "1543",
          "mpio_tipo": "MUNICIPIO",
          "mpio_narea": 264.801383607,
          "mpio_nano": 2024,
          "shape_Leng": 1.31545280869,
          "shape_Area": 0.0215078081162
        }
      }
    },
    {
      "type": "Feature",
      "geometry": {
        "type": "Polygon",
        "coordinates": [
          [
            [
              -76.2757,
              3.0699
            ],
            [
              -76.26,
              3.0708
            ],
            [
              -76.2503,
              3.0789
            ],
            [
              -76.2301,
              3.0746
            ],
            [
              -76.2146,
              3.0593
            ],
            [
              -76.1946,
              3.0677
            ],
            [
              -76.171,
              3.0658
            ],
            [
              -76.1414,
              3.0792
            ],
            [
              -76.1246,
              3.069
            ],
            [
              -76.1113,
              3.0763
            ],
            [
              -76.103,
              3.0961
            ],
            [
              -76.1057,
              3.1068
            ],
            [
              -76.0848,
              3.1131
            ],
            [
              -76.0738,
              3.1222
            ],
            [
              -76.0729,
              3.1409
            ],
            [
              -76.0843,
              3.1575
            ],
            [
              -76.0837,
              3.1648
            ],
            [
              -76.098,
              3.1701
            ],
            [
              -76.1253,
              3.1569
            ],
            [
              -76.1366,
              3.1652
            ],
            [
              -76.155,
              3.1724
            ],
            [
              -76.1628,
              3.1838
            ],
            [
              -76.1721,
              3.1784
            ],
            [
              -76.2113,
              3.1927
            ],
            [
              -76.2244,
              3.2025
            ],
            [
              -76.235,
              3.2245
            ],
            [
              -76.2418,
              3.2279
            ],
            [
              -76.2747,
              3.2259
            ],
            [
              -76.2869,
              3.2283
            ],
            [
              -76.3224,
              3.1487
            ],
            [
              -76.3317,
              3.1314
            ],
            [
              -76.3133,
              3.134
            ],
            [
              -76.3003,
              3.1114
            ],
            [
              -76.2992,
              3.0915
            ],
            [
              -76.2757,
              3.0699
            ]
          ]
        ]
      },
      "properties": {
        "OBJECTID": 371,
        "DPTO_CCDGO": "11",
        "MPIO_CCDGO": "212",
        "name": "11022",
        "MPIO_CRSLC": "1868",
        "MPIO_NANO_": 1993,
        "MPIO_NAREA": 289.5960909,
        "MPIO_CSMBL": "4",
        "MPIO_CCNCT": "19212",
        "MPIO_NANO": 2012,
        "SHAPE_Leng": 0.756281871114,
        "SHAPE_Area": 0.0235560784545,
        "NOMBRE": "CORINTO",
        "DANE": {
          "dpto_ccdgo": "19",
          "mpio_ccdgo": "212",
          "mpio_cdpmp": "19212",
          "dpto_cnmbr": "CAUCA",
          "mpio_cnmbr": "CORINTO",
          "mpio_crslc": "1868",
          "mpio_tipo": "MUNICIPIO",
          "mpio_narea": 325.92311344,
          "mpio_nano": 2024,
          "shape_Leng": 0.828674015642,
          "shape_Area": 0.0264800863371
        }
      }
    },
    {
      "type": "Feature",
      "geometry": {
        "type": "Polygon",
        "coordinates": [
          [
            [
              -77.1338,
              2.3162
            ],
            [
              -77.1189,
              2.3296
            ],
            [
              -77.0968,
              2.3258
            ],
            [
              -77.0928,
              2.3161
            ],
            [
              -77.0776,
              2.3202
            ],
            [
              -77.0582,
              2.309
            ],
            [
              -77.0288,
              2.3167
            ],
            [
              -77.0167,
              2.2983
            ],
            [
              -77.0138,
              2.2734
            ],
            [
              -77.0242,
              2.2419
            ],
            [
              -77.0042,
              2.2268
            ],
            [
              -77.0051,
              2.2167
            ],
            [
              -76.9933,
              2.2062
            ],
            [
              -76.9846,
              2.2096
            ],
            [
              -76.9774,
              2.2212
            ],
            [
              -76.9673,
              2.2242
            ],
            [
              -76.9473,
              2.2478
            ],
            [
              -76.9493,
              2.2558
            ],
            [
              -76.9389,
              2.2637
            ],
            [
              -76.9321,
              2.2575
            ],
            [
              -76.9226,
              2.2645
            ],
            [
              -76.9104,
              2.2652
            ],
            [
              -76.8946,
              2.2323
            ],
            [
              -76.8522,
              2.2241
            ],
            [
              -76.8399,
              2.2264
            ],
            [
              -76.834,
              2.2606
            ],
            [
              -76.843,
              2.2769
            ],
            [
              -76.8296,
              2.286
            ],
            [
              -76.826,
              2.298
            ],
            [
              -76.8078,
              2.2861
            ],
            [
              -76.8003,
              2.2984
            ],
            [
              -76.7955,
              2.3193
            ],
            [
              -76.7804,
              2.309
            ],
            [
              -76.7598,
              2.306
            ],
            [
              -76.7439,
              2.3288
            ],
            [
              -76.7783,
              2.336
            ],
            [
              -76.8006,
              2.3578
            ],
            [
              -76.8115,
              2.3598
            ],
            [
              -76.8288,
              2.3746
            ],
            [
              -76.8163,
              2.3862
            ],
            [
              -76.7976,
              2.3772
            ],
            [
              -76.7834,
              2.3851
            ],
            [
              -76.7737,
              2.3766
            ],
            [
              -76.7642,
              2.3816
            ],
            [
              -76.7539,
              2.3757
            ],
            [
              -76.7334,
              2.3886
            ],
            [
              -76.7314,
              2.3992
            ],
            [
              -76.7219,
              2.411
            ],
            [
              -76.7165,
              2.4324
            ],
            [
              -76.7091,
              2.4423
            ],
            [
              -76.7173,
              2.4542
            ],
            [
              -76.7293,
              2.4601
            ],
            [
              -76.7244,
              2.4771
            ],
            [
              -76.7405,
              2.49
            ],
            [
              -76.7664,
              2.5182
            ],
            [
              -76.7733,
              2.538
            ],
            [
              -76.7637,
              2.5553
            ],
            [
              -76.7676,
              2.5671
            ],
            [
              -76.7784,
              2.592
            ],
            [
              -76.8016,
              2.5989
            ],
            [
              -76.8169,
              2.6138
            ],
            [
              -76.8328,
              2.6192
            ],
            [
              -76.8369,
              2.6382
            ],
            [
              -76.8611,
              2.6673
            ],
            [
              -76.8735,
              2.6779
            ],
            [
              -76.8787,
              2.6921
            ],
            [
              -76.873,
              2.6972
            ],
            [
              -76.8731,
              2.7181
            ],
            [
              -76.8634,
              2.7244
            ],
            [
              -76.8536,
              2.7458
            ],
            [
              -76.8507,
              2.7605
            ],
            [
              -76.8735,
              2.7892
            ],
            [
              -76.8682,
              2.7951
            ],
            [
              -76.8796,
              2.8118
            ],
            [
              -76.898,
              2.8089
            ],
            [
              -76.9167,
              2.8154
            ],
            [
              -76.9172,
              2.7984
            ],
            [
              -76.9345,
              2.7899
            ],
            [
              -76.9394,
              2.773
            ],
            [
              -76.9602,
              2.7734
            ],
            [
              -76.9783,
              2.7923
            ],
            [
              -76.9831,
              2.8018
            ],
            [
              -76.9925,
              2.8026
            ],
            [
              -77.0086,
              2.8188
            ],
            [
              -77.0337,
              2.8157
            ],
            [
              -77.0694,
              2.8269
            ],
            [
              -77.0721,
              2.8184
            ],
            [
              -77.0697,
              2.7994
            ],
            [
              -77.1061,
              2.7923
            ],
            [
              -77.1144,
              2.7962
            ],
            [
              -77.143,
              2.7895
            ],
            [
              -77.1608,
              2.765
            ],
            [
              -77.1725,
              2.7622
            ],
            [
              -77.2185,
              2.7692
            ],
            [
              -77.2175,
              2.7816
            ],
            [
              -77.224,
              2.7913
            ],
            [
              -77.2486,
              2.8084
            ],
            [
              -77.2619,
              2.8084
            ],
            [
              -77.2641,
              2.7651
            ],
            [
              -77.2712,
              2.7537
            ],
            [
              -77.2708,
              2.7385
            ],
            [
              -77.2758,
              2.7283
            ],
            [
              -77.2637,
              2.7248
            ],
            [
              -77.2507,
              2.7089
            ],
            [
              -77.251,
              2.7028
            ],
            [
              -77.224,
              2.7005
            ],
            [
              -77.2056,
              2.6874
            ],
            [
              -77.2107,
              2.6692
            ],
            [
              -77.2009,
              2.6611
            ],
            [
              -77.2068,
              2.646
            ],
            [
              -77.2216,
              2.6411
            ],
            [
              -77.2462,
              2.642
            ],
            [
              -77.2628,
              2.6364
            ],
            [
              -77.2559,
              2.6155
            ],
            [
              -77.2612,
              2.6032
            ],
            [
              -77.2715,
              2.6028
            ],
            [
              -77.2877,
              2.5892
            ],
            [
              -77.286,
              2.5767
            ],
            [
              -77.3108,
              2.5579
            ],
            [
              -77.3048,
              2.5404
            ],
            [
              -77.3094,
              2.5083
            ],
            [
              -77.2916,
              2.4975
            ],
            [
              -77.2877,
              2.4878
            ],
            [
              -77.2677,
              2.4842
            ],
            [
              -77.2537,
              2.4768
            ],
            [
              -77.244,
              2.4808
            ],
            [
              -77.2147,
              2.462
            ],
            [
              -77.2077,
              2.4542
            ],
            [
              -77.1852,
              2.4449
            ],
            [
              -77.1494,
              2.4421
            ],
            [
              -77.1365,
              2.435
            ],
            [
              -77.1327,
              2.4218
            ],
            [
              -77.1378,
              2.4086
            ],
            [
              -77.137,
              2.3721
            ],
            [
              -77.1448,
              2.3708
            ],
            [
              -77.1397,
              2.3529
            ],
            [
              -77.1482,
              2.3368
            ],
            [
              -77.1338,
              2.3162
            ]
          ]
        ]
      },
      "properties": {
        "OBJECTID": 372,
        "DPTO_CCDGO": "11",
        "MPIO_CCDGO": "256",
        "name": "11025",
        "MPIO_CRSLC": "Ordenanza 45 de 1914",
        "MPIO_NANO_": 1993,
        "MPIO_NAREA": 2757.55181004,
        "MPIO_CSMBL": "4",
        "MPIO_CCNCT": "19256",
        "MPIO_NANO": 2012,
        "SHAPE_Leng": 3.05982456293,
        "SHAPE_Area": 0.224237905489,
        "NOMBRE": "EL TAMBO",
        "DANE": {
          "dpto_ccdgo": "19",
          "mpio_ccdgo": "256",
          "mpio_cdpmp": "19256",
          "dpto_cnmbr": "CAUCA",
          "mpio_cnmbr": "EL TAMBO",
          "mpio_crslc": "Ordenanza 45 de 1914",
          "mpio_tipo": "MUNICIPIO",
          "mpio_narea": 2739.59631857,
          "mpio_nano": 2024,
          "shape_Leng": 3.12982229843,
          "shape_Area": 0.222194915915
        }
      }
    },
    {
      "type": "Feature",
      "geometry": {
        "type": "Polygon",
        "coordinates": [
          [
            [
              -77.0517,
              1.7401
            ],
            [
              -77.0786,
              1.7235
            ],
            [
              -77.0923,
              1.7188
            ],
            [
              -77.0985,
              1.7094
            ],
            [
              -77.1127,
              1.7044
            ],
            [
              -77.1257,
              1.6945
            ],
            [
              -77.1343,
              1.6774
            ],
            [
              -77.1437,
              1.6778
            ],
            [
              -77.1397,
              1.6572
            ],
            [
              -77.0951,
              1.6613
            ],
            [
              -77.0723,
              1.669
            ],
            [
              -77.07,
              1.6737
            ],
            [
              -77.0547,
              1.7006
            ],
            [
              -77.0456,
              1.6978
            ],
            [
              -77.0395,
              1.7071
            ],
            [
              -77.0266,
              1.7138
            ],
            [
              -77.0517,
              1.7401
            ]
          ]
        ]
      },
      "properties": {
        "OBJECTID": 373,
        "DPTO_CCDGO": "11",
        "MPIO_CCDGO": "290",
        "name": "11027",
        "MPIO_CRSLC": "Ordenanza 1 de Ene 4 de 1993",
        "MPIO_NANO_": 1993,
        "MPIO_NAREA": 49.7996091,
        "MPIO_CSMBL": "4",
        "MPIO_CCNCT": "19290",
        "MPIO_NANO": 2012,
        "SHAPE_Leng": 0.344329928138,
        "SHAPE_Area": 0.00404749246745,
        "NOMBRE": "FLORENCIA",
        "DANE": {
          "dpto_ccdgo": "19",
          "mpio_ccdgo": "290",
          "mpio_cdpmp": "19290",
          "dpto_cnmbr": "CAUCA",
          "mpio_cnmbr": "FLORENCIA",
          "mpio_crslc": "Ordenanza 1 de Ene 4 de 1993",
          "mpio_tipo": "MUNICIPIO",
          "mpio_narea": 56.6526362978,
          "mpio_nano": 2024,
          "shape_Leng": 0.367595053987,
          "shape_Area": 0.00459170058919
        }
      }
    },
    {
      "type": "Feature",
      "geometry": {
        "type": "Polygon",
        "coordinates": [
          [
            [
              -76.3772,
              3.2044
            ],
            [
              -76.3971,
              3.219
            ],
            [
              -76.4205,
              3.2075
            ],
            [
              -76.4359,
              3.1937
            ],
            [
              -76.4349,
              3.1631
            ],
            [
              -76.4173,
              3.159
            ],
            [
              -76.4186,
              3.1438
            ],
            [
              -76.4082,
              3.1384
            ],
            [
              -76.4148,
              3.1284
            ],
            [
              -76.4279,
              3.1283
            ],
            [
              -76.4267,
              3.1179
            ],
            [
              -76.4169,
              3.1021
            ],
            [
              -76.4134,
              3.0873
            ],
            [
              -76.4,
              3.0748
            ],
            [
              -76.3863,
              3.0876
            ],
            [
              -76.3737,
              3.0716
            ],
            [
              -76.3595,
              3.0692
            ],
            [
              -76.3535,
              3.0992
            ],
            [
              -76.3565,
              3.1148
            ],
            [
              -76.3631,
              3.1191
            ],
            [
              -76.3659,
              3.1349
            ],
            [
              -76.3548,
              3.1544
            ],
            [
              -76.3518,
              3.1703
            ],
            [
              -76.3594,
              3.1832
            ],
            [
              -76.368,
              3.1828
            ],
            [
              -76.3772,
              3.2044
            ]
          ]
        ]
      },
      "properties": {
        "OBJECTID": 374,
        "DPTO_CCDGO": "11",
        "MPIO_CCDGO": "300",
        "name": "11029",
        "MPIO_CRSLC": "Decreto 0653 de Diciembre 19 de 2006",
        "MPIO_NANO_": 2006,
        "MPIO_NAREA": 99.14458863,
        "MPIO_CSMBL": "4",
        "MPIO_CCNCT": "19300",
        "MPIO_NANO": 2012,
        "SHAPE_Leng": 0.649453837378,
        "SHAPE_Area": 0.00806526182848,
        "NOMBRE": "GUACHENE",
        "DANE": {
          "dpto_ccdgo": "19",
          "mpio_ccdgo": "300",
          "mpio_cdpmp": "19300",
          "dpto_cnmbr": "CAUCA",
          "mpio_cnmbr": "GUACHENÉ",
          "mpio_crslc": "Decreto 0653 de Diciembre 19 de 2006",
          "mpio_tipo": "MUNICIPIO",
          "mpio_narea": 100.659336988,
          "mpio_nano": 2024,
          "shape_Leng": 0.638306624421,
          "shape_Area": 0.0081762547705
        }
      }
    },
    {
      "type": "Feature",
      "geometry": {
        "type": "Polygon",
        "coordinates": [
          [
            [
              -77.4028,
              2.383
            ],
            [
              -77.4242,
              2.384
            ],
            [
              -77.4305,
              2.3998
            ],
            [
              -77.4246,
              2.4109
            ],
            [
              -77.4525,
              2.4178
            ],
            [
              -77.4562,
              2.4279
            ],
            [
              -77.4499,
              2.4423
            ],
            [
              -77.4477,
              2.4622
            ],
            [
              -77.4551,
              2.4736
            ],
            [
              -77.452,
              2.4912
            ],
            [
              -77.4608,
              2.493
            ],
            [
              -77.4686,
              2.5084
            ],
            [
              -77.4826,
              2.496
            ],
            [
              -77.5061,
              2.5099
            ],
            [
              -77.5279,
              2.5197
            ],
            [
              -77.5416,
              2.5208
            ],
            [
              -77.5547,
              2.5291
            ],
            [
              -77.5784,
              2.5528
            ],
            [
              -77.5865,
              2.5821
            ],
            [
              -77.5912,
              2.6097
            ],
            [
              -77.6141,
              2.6196
            ],
            [
              -77.614,
              2.6352
            ],
            [
              -77.625,
              2.6421
            ],
            [
              -77.6409,
              2.6427
            ],
            [
              -77.6633,
              2.6689
            ],
            [
              -77.6827,
              2.6643
            ],
            [
              -77.7128,
              2.6837
            ],
            [
              -77.7367,
              2.691
            ],
            [
              -77.7482,
              2.6831
            ],
            [
              -77.7604,
              2.6992
            ],
            [
              -77.7703,
              2.7013
            ],
            [
              -77.7789,
              2.6888
            ],
            [
              -77.7883,
              2.691
            ],
            [
              -77.8091,
              2.685
            ],
            [
              -77.8342,
              2.7034
            ],
            [
              -77.8731,
              2.6975
            ],
            [
              -77.8877,
              2.6859
            ],
            [
              -77.9071,
              2.6811
            ],
            [
              -77.9141,
              2.6628
            ],
            [
              -77.9064,
              2.6458
            ],
            [
              -77.9283,
              2.6404
            ],
            [
              -77.9155,
              2.5937
            ],
            [
              -77.9147,
              2.5438
            ],
            [
              -77.9192,
              2.5231
            ],
            [
              -77.9256,
              2.5104
            ],
            [
              -77.9252,
              2.482
            ],
            [
              -77.9177,
              2.456
            ],
            [
              -77.9175,
              2.4115
            ],
            [
              -77.9027,
              2.3967
            ],
            [
              -77.8941,
              2.3656
            ],
            [
              -77.8832,
              2.3527
            ],
            [
              -77.8803,
              2.3347
            ],
            [
              -77.8835,
              2.3195
            ],
            [
              -77.8608,
              2.2682
            ],
            [
              -77.8479,
              2.2606
            ],
            [
              -77.8503,
              2.241
            ],
            [
              -77.8473,
              2.2317
            ],
            [
              -77.853,
              2.2146
            ],
            [
              -77.8488,
              2.1912
            ],
            [
              -77.8357,
              2.1766
            ],
            [
              -77.8215,
              2.1783
            ],
            [
              -77.8011,
              2.1701
            ],
            [
              -77.7806,
              2.1484
            ],
            [
              -77.7511,
              2.1409
            ],
            [
              -77.7338,
              2.134
            ],
            [
              -77.6985,
              2.1536
            ],
            [
              -77.6627,
              2.1586
            ],
            [
              -77.6456,
              2.1685
            ],
            [
              -77.6036,
              2.1647
            ],
            [
              -77.5992,
              2.1678
            ],
            [
              -77.5742,
              2.1807
            ],
            [
              -77.5543,
              2.2024
            ],
            [
              -77.5444,
              2.1965
            ],
            [
              -77.5194,
              2.1998
            ],
            [
              -77.5017,
              2.1934
            ],
            [
              -77.4889,
              2.195
            ],
            [
              -77.4847,
              2.202
            ],
            [
              -77.4877,
              2.2161
            ],
            [
              -77.4723,
              2.2413
            ],
            [
              -77.4736,
              2.2624
            ],
            [
              -77.4594,
              2.2862
            ],
            [
              -77.4429,
              2.2852
            ],
            [
              -77.409,
              2.2712
            ],
            [
              -77.3857,
              2.2559
            ],
            [
              -77.3748,
              2.2642
            ],
            [
              -77.3883,
              2.2753
            ],
            [
              -77.3911,
              2.2879
            ],
            [
              -77.3797,
              2.2969
            ],
            [
              -77.3908,
              2.3096
            ],
            [
              -77.3872,
              2.332
            ],
            [
              -77.3976,
              2.3443
            ],
            [
              -77.3948,
              2.3551
            ],
            [
              -77.4028,
              2.383
            ]
          ]
        ]
      },
      "properties": {
        "OBJECTID": 375,
        "DPTO_CCDGO": "11",
        "MPIO_CCDGO": "318",
        "name": "11028",
        "MPIO_CRSLC": "1915",
        "MPIO_NANO_": 1993,
        "MPIO_NAREA": 2670.74465597,
        "MPIO_CSMBL": "4",
        "MPIO_CCNCT": "19318",
        "MPIO_NANO": 2012,
        "SHAPE_Leng": 2.16338460175,
        "SHAPE_Area": 0.217135093001,
        "NOMBRE": "GUAPI",
        "DANE": {
          "dpto_ccdgo": "19",
          "mpio_ccdgo": "318",
          "mpio_cdpmp": "19318",
          "dpto_cnmbr": "CAUCA",
          "mpio_cnmbr": "GUAPI",
          "mpio_crslc": "1915",
          "mpio_tipo": "MUNICIPIO",
          "mpio_narea": 2567.94927073,
          "mpio_nano": 2024,
          "shape_Leng": 2.20828798345,
          "shape_Area": 0.207968979122
        }
      }
    },
    {
      "type": "Feature",
      "geometry": {
        "type": "Polygon",
        "coordinates": [
          [
            [
              -75.9624,
              2.4983
            ],
            [
              -75.959,
              2.5125
            ],
            [
              -75.9621,
              2.5251
            ],
            [
              -75.9581,
              2.5401
            ],
            [
              -75.9747,
              2.5519
            ],
            [
              -75.9734,
              2.5597
            ],
            [
              -75.9894,
              2.5618
            ],
            [
              -76.0255,
              2.587
            ],
            [
              -76.036,
              2.6102
            ],
            [
              -76.0271,
              2.6318
            ],
            [
              -76.0388,
              2.6547
            ],
            [
              -76.0379,
              2.6692
            ],
            [
              -76.0465,
              2.673
            ],
            [
              -76.0576,
              2.6678
            ],
            [
              -76.0636,
              2.6786
            ],
            [
              -76.0748,
              2.6663
            ],
            [
              -76.0951,
              2.6583
            ],
            [
              -76.1008,
              2.6496
            ],
            [
              -76.1182,
              2.6657
            ],
            [
              -76.1337,
              2.6536
            ],
            [
              -76.149,
              2.6551
            ],
            [
              -76.1615,
              2.668
            ],
            [
              -76.1745,
              2.6519
            ],
            [
              -76.1784,
              2.632
            ],
            [
              -76.1875,
              2.6239
            ],
            [
              -76.2116,
              2.6317
            ],
            [
              -76.2223,
              2.6271
            ],
            [
              -76.2311,
              2.6071
            ],
            [
              -76.2326,
              2.5919
            ],
            [
              -76.2191,
              2.5673
            ],
            [
              -76.2293,
              2.5577
            ],
            [
              -76.2256,
              2.548
            ],
            [
              -76.2102,
              2.5377
            ],
            [
              -76.2055,
              2.5238
            ],
            [
              -76.2175,
              2.5131
            ],
            [
              -76.2159,
              2.496
            ],
            [
              -76.2269,
              2.481
            ],
            [
              -76.2535,
              2.4734
            ],
            [
              -76.2692,
              2.4647
            ],
            [
              -76.2879,
              2.4644
            ],
            [
              -76.2856,
              2.4496
            ],
            [
              -76.2899,
              2.4402
            ],
            [
              -76.3017,
              2.4471
            ],
            [
              -76.3099,
              2.432
            ],
            [
              -76.3284,
              2.4248
            ],
            [
              -76.3236,
              2.3931
            ],
            [
              -76.3198,
              2.3959
            ],
            [
              -76.2907,
              2.3971
            ],
            [
              -76.3012,
              2.3767
            ],
            [
              -76.3011,
              2.3584
            ],
            [
              -76.275,
              2.3462
            ],
            [
              -76.2606,
              2.3534
            ],
            [
              -76.2507,
              2.3411
            ],
            [
              -76.2199,
              2.3191
            ],
            [
              -76.2103,
              2.321
            ],
            [
              -76.1992,
              2.3312
            ],
            [
              -76.1833,
              2.338
            ],
            [
              -76.1761,
              2.3568
            ],
            [
              -76.1651,
              2.3588
            ],
            [
              -76.1527,
              2.369
            ],
            [
              -76.1261,
              2.38
            ],
            [
              -76.1202,
              2.3905
            ],
            [
              -76.1089,
              2.3962
            ],
            [
              -76.0892,
              2.4159
            ],
            [
              -76.0801,
              2.4154
            ],
            [
              -76.0331,
              2.4022
            ],
            [
              -76.0213,
              2.4336
            ],
            [
              -76.0198,
              2.4474
            ],
            [
              -76.0057,
              2.4581
            ],
            [
              -75.9947,
              2.477
            ],
            [
              -75.9892,
              2.4788
            ],
            [
              -75.9794,
              2.5036
            ],
            [
              -75.9624,
              2.4983
            ]
          ]
        ]
      },
      "properties": {
        "OBJECTID": 376,
        "DPTO_CCDGO": "11",
        "MPIO_CCDGO": "355",
        "name": "11031",
        "MPIO_CRSLC": "1885",
        "MPIO_NANO_": 1993,
        "MPIO_NAREA": 813.00581739,
        "MPIO_CSMBL": "4",
        "MPIO_CCNCT": "19355",
        "MPIO_NANO": 2012,
        "SHAPE_Leng": 1.48826558326,
        "SHAPE_Area": 0.0660927599461,
        "NOMBRE": "INZA",
        "DANE": {
          "dpto_ccdgo": "19",
          "mpio_ccdgo": "355",
          "mpio_cdpmp": "19355",
          "dpto_cnmbr": "CAUCA",
          "mpio_cnmbr": "INZÁ",
          "mpio_crslc": "1885",
          "mpio_tipo": "MUNICIPIO",
          "mpio_narea": 866.312068578,
          "mpio_nano": 2024,
          "shape_Leng": 1.53974736394,
          "shape_Area": 0.0703536314858
        }
      }
    },
    {
      "type": "Feature",
      "geometry": {
        "type": "Polygon",
        "coordinates": [
          [
            [
              -76.3142,
              2.9918
            ],
            [
              -76.3362,
              2.9828
            ],
            [
              -76.344,
              2.9632
            ],
            [
              -76.3661,
              2.9364
            ],
            [
              -76.3668,
              2.9203
            ],
            [
              -76.3626,
              2.918
            ],
            [
              -76.3623,
              2.9021
            ],
            [
              -76.3731,
              2.8628
            ],
            [
              -76.3707,
              2.8461
            ],
            [
              -76.3618,
              2.8308
            ],
            [
              -76.3595,
              2.7755
            ],
            [
              -76.365,
              2.7674
            ],
            [
              -76.3493,
              2.7488
            ],
            [
              -76.3365,
              2.7475
            ],
            [
              -76.3298,
              2.7726
            ],
            [
              -76.309,
              2.7614
            ],
            [
              -76.2954,
              2.7621
            ],
            [
              -76.2783,
              2.7837
            ],
            [
              -76.2667,
              2.766
            ],
            [
              -76.2468,
              2.7731
            ],
            [
              -76.2447,
              2.7818
            ],
            [
              -76.2314,
              2.8076
            ],
            [
              -76.2176,
              2.8182
            ],
            [
              -76.2243,
              2.8544
            ],
            [
              -76.2267,
              2.8636
            ],
            [
              -76.2408,
              2.8623
            ],
            [
              -76.2447,
              2.8489
            ],
            [
              -76.2665,
              2.8473
            ],
            [
              -76.3052,
              2.8744
            ],
            [
              -76.3009,
              2.8897
            ],
            [
              -76.3036,
              2.9226
            ],
            [
              -76.3184,
              2.9335
            ],
            [
              -76.308,
              2.9586
            ],
            [
              -76.3052,
              2.9775
            ],
            [
              -76.3142,
              2.9918
            ]
          ]
        ]
      },
      "properties": {
        "OBJECTID": 377,
        "DPTO_CCDGO": "11",
        "MPIO_CCDGO": "364",
        "name": "11034",
        "MPIO_CRSLC": "1915",
        "MPIO_NANO_": 1993,
        "MPIO_NAREA": 235.04822289,
        "MPIO_CSMBL": "4",
        "MPIO_CCNCT": "19364",
        "MPIO_NANO": 2012,
        "SHAPE_Leng": 0.854392631714,
        "SHAPE_Area": 0.0191151035161,
        "NOMBRE": "JAMBALO",
        "DANE": {
          "dpto_ccdgo": "19",
          "mpio_ccdgo": "364",
          "mpio_cdpmp": "19364",
          "dpto_cnmbr": "CAUCA",
          "mpio_cnmbr": "JAMBALÓ",
          "mpio_crslc": "1915",
          "mpio_tipo": "MUNICIPIO",
          "mpio_narea": 234.433517157,
          "mpio_nano": 2024,
          "shape_Leng": 0.866955003232,
          "shape_Area": 0.0190394504232
        }
      }
    },
    {
      "type": "Feature",
      "geometry": {
        "type": "Polygon",
        "coordinates": [
          [
            [
              -76.8399,
              2.2264
            ],
            [
              -76.8522,
              2.2241
            ],
            [
              -76.8946,
              2.2323
            ],
            [
              -76.9104,
              2.2652
            ],
            [
              -76.9226,
              2.2645
            ],
            [
              -76.9321,
              2.2575
            ],
            [
              -76.9132,
              2.2369
            ],
            [
              -76.9045,
              2.2142
            ],
            [
              -76.9057,
              2.2
            ],
            [
              -76.8924,
              2.1657
            ],
            [
              -76.8876,
              2.1628
            ],
            [
              -76.8594,
              2.1544
            ],
            [
              -76.8487,
              2.1641
            ],
            [
              -76.8232,
              2.1644
            ],
            [
              -76.8126,
              2.1566
            ],
            [
              -76.7811,
              2.1528
            ],
            [
              -76.7558,
              2.1521
            ],
            [
              -76.7421,
              2.1462
            ],
            [
              -76.7295,
              2.1501
            ],
            [
              -76.7097,
              2.1431
            ],
            [
              -76.6938,
              2.1367
            ],
            [
              -76.6736,
              2.1364
            ],
            [
              -76.6601,
              2.1428
            ],
            [
              -76.6414,
              2.1336
            ],
            [
              -76.6499,
              2.154
            ],
            [
              -76.6446,
              2.1804
            ],
            [
              -76.6496,
              2.1883
            ],
            [
              -76.6803,
              2.1874
            ],
            [
              -76.6823,
              2.1929
            ],
            [
              -76.7072,
              2.217
            ],
            [
              -76.7274,
              2.2289
            ],
            [
              -76.7462,
              2.2222
            ],
            [
              -76.7694,
              2.2202
            ],
            [
              -76.782,
              2.2126
            ],
            [
              -76.8125,
              2.2056
            ],
            [
              -76.8223,
              2.2194
            ],
            [
              -76.8399,
              2.2264
            ]
          ]
        ]
      },
      "properties": {
        "OBJECTID": 378,
        "DPTO_CCDGO": "11",
        "MPIO_CCDGO": "392",
        "name": "11037",
        "MPIO_CRSLC": "1915",
        "MPIO_NANO_": 1993,
        "MPIO_NAREA": 205.17561978,
        "MPIO_CSMBL": "4",
        "MPIO_CCNCT": "19392",
        "MPIO_NANO": 2012,
        "SHAPE_Leng": 0.914621520445,
        "SHAPE_Area": 0.016680018376,
        "NOMBRE": "LA SIERRA",
        "DANE": {
          "dpto_ccdgo": "19",
          "mpio_ccdgo": "392",
          "mpio_cdpmp": "19392",
          "dpto_cnmbr": "CAUCA",
          "mpio_cnmbr": "LA SIERRA",
          "mpio_crslc": "1915",
          "mpio_tipo": "MUNICIPIO",
          "mpio_narea": 208.354419849,
          "mpio_nano": 2024,
          "shape_Leng": 0.944421552729,
          "shape_Area": 0.0169009644265
        }
      }
    },
    {
      "type": "Feature",
      "geometry": {
        "type": "Polygon",
        "coordinates": [
          [
            [
              -76.7097,
              2.1431
            ],
            [
              -76.7295,
              2.1501
            ],
            [
              -76.7421,
              2.1462
            ],
            [
              -76.7558,
              2.1521
            ],
            [
              -76.7811,
              2.1528
            ],
            [
              -76.8126,
              2.1566
            ],
            [
              -76.8232,
              2.1644
            ],
            [
              -76.8487,
              2.1641
            ],
            [
              -76.8594,
              2.1544
            ],
            [
              -76.8876,
              2.1628
            ],
            [
              -76.8816,
              2.1534
            ],
            [
              -76.8789,
              2.1336
            ],
            [
              -76.8861,
              2.1246
            ],
            [
              -76.8889,
              2.1096
            ],
            [
              -76.8844,
              2.1037
            ],
            [
              -76.8821,
              2.0633
            ],
            [
              -76.885,
              2.0565
            ],
            [
              -76.8781,
              2.043
            ],
            [
              -76.8865,
              2.0259
            ],
            [
              -76.8641,
              2.0166
            ],
            [
              -76.8514,
              2.0158
            ],
            [
              -76.8389,
              1.9961
            ],
            [
              -76.837,
              1.9848
            ],
            [
              -76.811,
              1.9881
            ],
            [
              -76.7963,
              1.956
            ],
            [
              -76.7907,
              1.9509
            ],
            [
              -76.774,
              1.9527
            ],
            [
              -76.761,
              1.9497
            ],
            [
              -76.7519,
              1.9388
            ],
            [
              -76.7337,
              1.948
            ],
            [
              -76.7291,
              1.9716
            ],
            [
              -76.7244,
              1.9799
            ],
            [
              -76.7167,
              1.9773
            ],
            [
              -76.714,
              1.9638
            ],
            [
              -76.6997,
              1.9622
            ],
            [
              -76.6845,
              1.9717
            ],
            [
              -76.6759,
              1.9629
            ],
            [
              -76.6635,
              1.9631
            ],
            [
              -76.6532,
              1.9714
            ],
            [
              -76.6366,
              1.9689
            ],
            [
              -76.6231,
              1.9748
            ],
            [
              -76.6107,
              1.995
            ],
            [
              -76.5874,
              2.0004
            ],
            [
              -76.5727,
              2.0189
            ],
            [
              -76.5803,
              2.0291
            ],
            [
              -76.604,
              2.0362
            ],
            [
              -76.6131,
              2.0295
            ],
            [
              -76.6423,
              2.044
            ],
            [
              -76.6542,
              2.0392
            ],
            [
              -76.6658,
              2.0444
            ],
            [
              -76.6791,
              2.0657
            ],
            [
              -76.6755,
              2.0767
            ],
            [
              -76.6834,
              2.0959
            ],
            [
              -76.6912,
              2.1268
            ],
            [
              -76.7097,
              2.1431
            ]
          ]
        ]
      },
      "properties": {
        "OBJECTID": 379,
        "DPTO_CCDGO": "11",
        "MPIO_CCDGO": "397",
        "name": "11040",
        "MPIO_CRSLC": "1915",
        "MPIO_NANO_": 1993,
        "MPIO_NAREA": 516.38473935,
        "MPIO_CSMBL": "4",
        "MPIO_CCNCT": "19397",
        "MPIO_NANO": 2012,
        "SHAPE_Leng": 1.14338330461,
        "SHAPE_Area": 0.0419764568606,
        "NOMBRE": "LA VEGA",
        "DANE": {
          "dpto_ccdgo": "19",
          "mpio_ccdgo": "397",
          "mpio_cdpmp": "19397",
          "dpto_cnmbr": "CAUCA",
          "mpio_cnmbr": "LA VEGA",
          "mpio_crslc": "1915",
          "mpio_tipo": "MUNICIPIO",
          "mpio_narea": 516.074880741,
          "mpio_nano": 2024,
          "shape_Leng": 1.14591285806,
          "shape_Area": 0.0418602589414
        }
      }
    },
    {
      "type": "Feature",
      "geometry": {
        "type": "Polygon",
        "coordinates": [
          [
            [
              -76.7885,
              3.2182
            ],
            [
              -76.8111,
              3.2074
            ],
            [
              -76.8308,
              3.2114
            ],
            [
              -76.8454,
              3.2077
            ],
            [
              -76.8641,
              3.2126
            ],
            [
              -76.909,
              3.2005
            ],
            [
              -76.9133,
              3.1767
            ],
            [
              -76.9132,
              3.1576
            ],
            [
              -76.9274,
              3.1396
            ],
            [
              -76.9251,
              3.1305
            ],
            [
              -76.9398,
              3.1138
            ],
            [
              -76.972,
              3.1188
            ],
            [
              -76.9802,
              3.1362
            ],
            [
              -76.9883,
              3.1391
            ],
            [
              -76.9976,
              3.1551
            ],
            [
              -77.0114,
              3.1532
            ],
            [
              -77.0303,
              3.167
            ],
            [
              -77.0369,
              3.164
            ],
            [
              -77.0537,
              3.1699
            ],
            [
              -77.0639,
              3.1692
            ],
            [
              -77.0795,
              3.18
            ],
            [
              -77.1004,
              3.1856
            ],
            [
              -77.1287,
              3.1615
            ],
            [
              -77.1402,
              3.1722
            ],
            [
              -77.1621,
              3.1664
            ],
            [
              -77.1802,
              3.1551
            ],
            [
              -77.2035,
              3.1337
            ],
            [
              -77.2173,
              3.1356
            ],
            [
              -77.2196,
              3.1195
            ],
            [
              -77.2345,
              3.1081
            ],
            [
              -77.2531,
              3.1207
            ],
            [
              -77.2616,
              3.1351
            ],
            [
              -77.2785,
              3.1321
            ],
            [
              -77.2906,
              3.1424
            ],
            [
              -77.2889,
              3.1564
            ],
            [
              -77.3161,
              3.1739
            ],
            [
              -77.3202,
              3.1645
            ],
            [
              -77.3473,
              3.1401
            ],
            [
              -77.3658,
              3.1465
            ],
            [
              -77.3645,
              3.1634
            ],
            [
              -77.3828,
              3.1756
            ],
            [
              -77.3827,
              3.2043
            ],
            [
              -77.3928,
              3.214
            ],
            [
              -77.4038,
              3.2137
            ],
            [
              -77.4177,
              3.2444
            ],
            [
              -77.4303,
              3.2541
            ],
            [
              -77.4648,
              3.2383
            ],
            [
              -77.4697,
              3.2231
            ],
            [
              -77.4665,
              3.2165
            ],
            [
              -77.4808,
              3.209
            ],
            [
              -77.4977,
              3.2164
            ],
            [
              -77.4972,
              3.1908
            ],
            [
              -77.5153,
              3.1874
            ],
            [
              -77.518,
              3.1931
            ],
            [
              -77.5435,
              3.213
            ],
            [
              -77.5526,
              3.1987
            ],
            [
              -77.5574,
              3.1758
            ],
            [
              -77.5732,
              3.1444
            ],
            [
              -77.5806,
              3.1387
            ],
            [
              -77.6206,
              3.0856
            ],
            [
              -77.6265,
              3.0795
            ],
            [
              -77.6533,
              3.065
            ],
            [
              -77.6568,
              3.0534
            ],
            [
              -77.6663,
              3.046
            ],
            [
              -77.6908,
              3.0008
            ],
            [
              -77.6894,
              2.9864
            ],
            [
              -77.6667,
              2.9842
            ],
            [
              -77.6706,
              2.9676
            ],
            [
              -77.6703,
              2.9478
            ],
            [
              -77.6458,
              2.9307
            ],
            [
              -77.6395,
              2.9117
            ],
            [
              -77.6316,
              2.9054
            ],
            [
              -77.607,
              2.9065
            ],
            [
              -77.5939,
              2.9224
            ],
            [
              -77.5815,
              2.9202
            ],
            [
              -77.5717,
              2.925
            ],
            [
              -77.5497,
              2.9133
            ],
            [
              -77.5208,
              2.9201
            ],
            [
              -77.5152,
              2.9151
            ],
            [
              -77.5006,
              2.9163
            ],
            [
              -77.4859,
              2.9072
            ],
            [
              -77.4606,
              2.9022
            ],
            [
              -77.4517,
              2.9043
            ],
            [
              -77.4381,
              2.897
            ],
            [
              -77.4294,
              2.8981
            ],
            [
              -77.4031,
              2.8882
            ],
            [
              -77.393,
              2.8941
            ],
            [
              -77.3645,
              2.8688
            ],
            [
              -77.3517,
              2.8661
            ],
            [
              -77.3503,
              2.8489
            ],
            [
              -77.333,
              2.8404
            ],
            [
              -77.3221,
              2.8472
            ],
            [
              -77.3195,
              2.8336
            ],
            [
              -77.3087,
              2.8219
            ],
            [
              -77.3228,
              2.789
            ],
            [
              -77.3152,
              2.7732
            ],
            [
              -77.3106,
              2.7462
            ],
            [
              -77.3172,
              2.7319
            ],
            [
              -77.3131,
              2.717
            ],
            [
              -77.2994,
              2.6978
            ],
            [
              -77.2952,
              2.6734
            ],
            [
              -77.2814,
              2.6692
            ],
            [
              -77.2553,
              2.6891
            ],
            [
              -77.251,
              2.7028
            ],
            [
              -77.2507,
              2.7089
            ],
            [
              -77.2637,
              2.7248
            ],
            [
              -77.2758,
              2.7283
            ],
            [
              -77.2708,
              2.7385
            ],
            [
              -77.2712,
              2.7537
            ],
            [
              -77.2641,
              2.7651
            ],
            [
              -77.2619,
              2.8084
            ],
            [
              -77.2486,
              2.8084
            ],
            [
              -77.224,
              2.7913
            ],
            [
              -77.2175,
              2.7816
            ],
            [
              -77.2185,
              2.7692
            ],
            [
              -77.1725,
              2.7622
            ],
            [
              -77.1608,
              2.765
            ],
            [
              -77.143,
              2.7895
            ],
            [
              -77.1144,
              2.7962
            ],
            [
              -77.1061,
              2.7923
            ],
            [
              -77.0697,
              2.7994
            ],
            [
              -77.0721,
              2.8184
            ],
            [
              -77.0694,
              2.8269
            ],
            [
              -77.0337,
              2.8157
            ],
            [
              -77.0086,
              2.8188
            ],
            [
              -76.9925,
              2.8026
            ],
            [
              -76.9831,
              2.8018
            ],
            [
              -76.9783,
              2.7923
            ],
            [
              -76.9602,
              2.7734
            ],
            [
              -76.9394,
              2.773
            ],
            [
              -76.9345,
              2.7899
            ],
            [
              -76.9172,
              2.7984
            ],
            [
              -76.9167,
              2.8154
            ],
            [
              -76.9119,
              2.8368
            ],
            [
              -76.8923,
              2.851
            ],
            [
              -76.9024,
              2.8685
            ],
            [
              -76.8891,
              2.8792
            ],
            [
              -76.8817,
              2.8925
            ],
            [
              -76.8833,
              2.9105
            ],
            [
              -76.8777,
              2.9291
            ],
            [
              -76.8793,
              2.9379
            ],
            [
              -76.8581,
              2.9762
            ],
            [
              -76.8477,
              2.9897
            ],
            [
              -76.8358,
              2.9952
            ],
            [
              -76.8252,
              3.0094
            ],
            [
              -76.8242,
              3.0238
            ],
            [
              -76.8135,
              3.0329
            ],
            [
              -76.8053,
              3.0507
            ],
            [
              -76.811,
              3.0651
            ],
            [
              -76.8125,
              3.1021
            ],
            [
              -76.8171,
              3.1139
            ],
            [
              -76.8124,
              3.126
            ],
            [
              -76.7937,
              3.1373
            ],
            [
              -76.7822,
              3.183
            ],
            [
              -76.7916,
              3.197
            ],
            [
              -76.7885,
              3.2182
            ]
          ]
        ]
      },
      "properties": {
        "OBJECTID": 380,
        "DPTO_CCDGO": "11",
        "MPIO_CCDGO": "418",
        "name": "11043",
        "MPIO_CRSLC": "1911",
        "MPIO_NANO_": 1993,
        "MPIO_NAREA": 3117.83451858,
        "MPIO_CSMBL": "4",
        "MPIO_CCNCT": "19418",
        "MPIO_NANO": 2012,
        "SHAPE_Leng": 3.43948792563,
        "SHAPE_Area": 0.253627782569,
        "NOMBRE": "LOPEZ (MICAY)",
        "DANE": {
          "dpto_ccdgo": "19",
          "mpio_ccdgo": "418",
          "mpio_cdpmp": "19418",
          "dpto_cnmbr": "CAUCA",
          "mpio_cnmbr": "LÓPEZ DE MICAY",
          "mpio_crslc": "1911",
          "mpio_tipo": "MUNICIPIO",
          "mpio_narea": 3367.63505753,
          "mpio_nano": 2024,
          "shape_Leng": 3.67238402578,
          "shape_Area": 0.273125924512
        }
      }
    },
    {
      "type": "Feature",
      "geometry": {
        "type": "Polygon",
        "coordinates": [
          [
            [
              -77.1309,
              1.9384
            ],
            [
              -77.1482,
              1.9357
            ],
            [
              -77.157,
              1.9416
            ],
            [
              -77.1799,
              1.9368
            ],
            [
              -77.1918,
              1.9398
            ],
            [
              -77.2014,
              1.9543
            ],
            [
              -77.2032,
              1.952
            ],
            [
              -77.2158,
              1.9243
            ],
            [
              -77.2407,
              1.9159
            ],
            [
              -77.2458,
              1.9103
            ],
            [
              -77.2437,
              1.8873
            ],
            [
              -77.2564,
              1.8693
            ],
            [
              -77.2806,
              1.8604
            ],
            [
              -77.2949,
              1.8317
            ],
            [
              -77.3092,
              1.8008
            ],
            [
              -77.308,
              1.7891
            ],
            [
              -77.2948,
              1.7657
            ],
            [
              -77.3081,
              1.7276
            ],
            [
              -77.3249,
              1.6972
            ],
            [
              -77.3303,
              1.6815
            ],
            [
              -77.3135,
              1.6785
            ],
            [
              -77.2794,
              1.6638
            ],
            [
              -77.2698,
              1.663
            ],
            [
              -77.2563,
              1.6708
            ],
            [
              -77.2453,
              1.6581
            ],
            [
              -77.2375,
              1.6582
            ],
            [
              -77.1865,
              1.6775
            ],
            [
              -77.1621,
              1.6758
            ],
            [
              -77.1578,
              1.6818
            ],
            [
              -77.1437,
              1.6778
            ],
            [
              -77.1343,
              1.6774
            ],
            [
              -77.1257,
              1.6945
            ],
            [
              -77.1127,
              1.7044
            ],
            [
              -77.0985,
              1.7094
            ],
            [
              -77.0923,
              1.7188
            ],
            [
              -77.0786,
              1.7235
            ],
            [
              -77.0517,
              1.7401
            ],
            [
              -77.0362,
              1.7553
            ],
            [
              -77.0342,
              1.7641
            ],
            [
              -77.0212,
              1.7703
            ],
            [
              -77.0157,
              1.7809
            ],
            [
              -77.0203,
              1.8001
            ],
            [
              -77.0186,
              1.8163
            ],
            [
              -77.0296,
              1.8207
            ],
            [
              -77.0461,
              1.8168
            ],
            [
              -77.0794,
              1.8208
            ],
            [
              -77.0876,
              1.8466
            ],
            [
              -77.0789,
              1.8599
            ],
            [
              -77.0876,
              1.8897
            ],
            [
              -77.0886,
              1.9039
            ],
            [
              -77.1006,
              1.9173
            ],
            [
              -77.1301,
              1.9296
            ],
            [
              -77.1309,
              1.9384
            ]
          ]
        ]
      },
      "properties": {
        "OBJECTID": 381,
        "DPTO_CCDGO": "11",
        "MPIO_CCDGO": "450",
        "name": "11046",
        "MPIO_CRSLC": "1915",
        "MPIO_NANO_": 1993,
        "MPIO_NAREA": 705.97352799,
        "MPIO_CSMBL": "4",
        "MPIO_CCNCT": "19450",
        "MPIO_NANO": 2012,
        "SHAPE_Leng": 1.34061341124,
        "SHAPE_Area": 0.0573810148453,
        "NOMBRE": "MERCADERES",
        "DANE": {
          "dpto_ccdgo": "19",
          "mpio_ccdgo": "450",
          "mpio_cdpmp": "19450",
          "dpto_cnmbr": "CAUCA",
          "mpio_cnmbr": "MERCADERES",
          "mpio_crslc": "1915",
          "mpio_tipo": "MUNICIPIO",
          "mpio_narea": 697.981385356,
          "mpio_nano": 2024,
          "shape_Leng": 1.2613145101,
          "shape_Area": 0.0565644448379
        }
      }
    },
    {
      "type": "Feature",
      "geometry": {
        "type": "Polygon",
        "coordinates": [
          [
            [
              -76.0554,
              3.2234
            ],
            [
              -76.0678,
              3.2105
            ],
            [
              -76.0879,
              3.2194
            ],
            [
              -76.1125,
              3.2267
            ],
            [
              -76.1169,
              3.2227
            ],
            [
              -76.146,
              3.2227
            ],
            [
              -76.1564,
              3.236
            ],
            [
              -76.1917,
              3.2273
            ],
            [
              -76.2027,
              3.2426
            ],
            [
              -76.2065,
              3.2583
            ],
            [
              -76.2293,
              3.2768
            ],
            [
              -76.2512,
              3.2793
            ],
            [
              -76.2769,
              3.2777
            ],
            [
              -76.2925,
              3.2867
            ],
            [
              -76.312,
              3.2805
            ],
            [
              -76.3435,
              3.2815
            ],
            [
              -76.3512,
              3.2862
            ],
            [
              -76.3664,
              3.2642
            ],
            [
              -76.3614,
              3.2577
            ],
            [
              -76.3695,
              3.2398
            ],
            [
              -76.345,
              3.2416
            ],
            [
              -76.3308,
              3.2379
            ],
            [
              -76.3235,
              3.2305
            ],
            [
              -76.3046,
              3.2232
            ],
            [
              -76.2869,
              3.2283
            ],
            [
              -76.2747,
              3.2259
            ],
            [
              -76.2418,
              3.2279
            ],
            [
              -76.235,
              3.2245
            ],
            [
              -76.2244,
              3.2025
            ],
            [
              -76.2113,
              3.1927
            ],
            [
              -76.1721,
              3.1784
            ],
            [
              -76.1628,
              3.1838
            ],
            [
              -76.155,
              3.1724
            ],
            [
              -76.1366,
              3.1652
            ],
            [
              -76.1253,
              3.1569
            ],
            [
              -76.098,
              3.1701
            ],
            [
              -76.0837,
              3.1648
            ],
            [
              -76.0843,
              3.1575
            ],
            [
              -76.078,
              3.1651
            ],
            [
              -76.0914,
              3.1754
            ],
            [
              -76.0914,
              3.1985
            ],
            [
              -76.084,
              3.2037
            ],
            [
              -76.0702,
              3.1962
            ],
            [
              -76.0605,
              3.2027
            ],
            [
              -76.0554,
              3.2234
            ]
          ]
        ]
      },
      "properties": {
        "OBJECTID": 382,
        "DPTO_CCDGO": "11",
        "MPIO_CCDGO": "455",
        "name": "11049",
        "MPIO_CRSLC": "1899",
        "MPIO_NANO_": 1993,
        "MPIO_NAREA": 224.6994895,
        "MPIO_CSMBL": "4",
        "MPIO_CCNCT": "19455",
        "MPIO_NANO": 2012,
        "SHAPE_Leng": 1.08503167528,
        "SHAPE_Area": 0.0182784763377,
        "NOMBRE": "MIRANDA",
        "DANE": {
          "dpto_ccdgo": "19",
          "mpio_ccdgo": "455",
          "mpio_cdpmp": "19455",
          "dpto_cnmbr": "CAUCA",
          "mpio_cnmbr": "MIRANDA",
          "mpio_crslc": "1899",
          "mpio_tipo": "MUNICIPIO",
          "mpio_narea": 189.682645575,
          "mpio_nano": 2024,
          "shape_Leng": 1.04554503185,
          "shape_Area": 0.0154122155529
        }
      }
    },
    {
      "type": "Feature",
      "geometry": {
        "type": "Polygon",
        "coordinates": [
          [
            [
              -76.6447,
              2.8886
            ],
            [
              -76.6641,
              2.8763
            ],
            [
              -76.6815,
              2.8751
            ],
            [
              -76.6882,
              2.8613
            ],
            [
              -76.6863,
              2.8441
            ],
            [
              -76.6937,
              2.8262
            ],
            [
              -76.7075,
              2.8124
            ],
            [
              -76.7193,
              2.8058
            ],
            [
              -76.731,
              2.8087
            ],
            [
              -76.7469,
              2.8189
            ],
            [
              -76.7517,
              2.8154
            ],
            [
              -76.7797,
              2.8255
            ],
            [
              -76.8024,
              2.8453
            ],
            [
              -76.8275,
              2.8527
            ],
            [
              -76.8343,
              2.8715
            ],
            [
              -76.829,
              2.8822
            ],
            [
              -76.8021,
              2.9017
            ],
            [
              -76.8054,
              2.9071
            ],
            [
              -76.7982,
              2.9229
            ],
            [
              -76.798,
              2.9491
            ],
            [
              -76.8056,
              2.9605
            ],
            [
              -76.8469,
              2.9788
            ],
            [
              -76.8581,
              2.9762
            ],
            [
              -76.8793,
              2.9379
            ],
            [
              -76.8777,
              2.9291
            ],
            [
              -76.8833,
              2.9105
            ],
            [
              -76.8817,
              2.8925
            ],
            [
              -76.8891,
              2.8792
            ],
            [
              -76.9024,
              2.8685
            ],
            [
              -76.8923,
              2.851
            ],
            [
              -76.9119,
              2.8368
            ],
            [
              -76.9167,
              2.8154
            ],
            [
              -76.898,
              2.8089
            ],
            [
              -76.8796,
              2.8118
            ],
            [
              -76.8682,
              2.7951
            ],
            [
              -76.8735,
              2.7892
            ],
            [
              -76.8507,
              2.7605
            ],
            [
              -76.8375,
              2.7635
            ],
            [
              -76.8314,
              2.7477
            ],
            [
              -76.833,
              2.7373
            ],
            [
              -76.8182,
              2.7301
            ],
            [
              -76.7979,
              2.7152
            ],
            [
              -76.7771,
              2.7271
            ],
            [
              -76.7657,
              2.7377
            ],
            [
              -76.724,
              2.7265
            ],
            [
              -76.7122,
              2.7371
            ],
            [
              -76.6974,
              2.7346
            ],
            [
              -76.6923,
              2.7275
            ],
            [
              -76.6689,
              2.7194
            ],
            [
              -76.6639,
              2.7251
            ],
            [
              -76.6451,
              2.7292
            ],
            [
              -76.6248,
              2.7247
            ],
            [
              -76.5939,
              2.7079
            ],
            [
              -76.5788,
              2.7187
            ],
            [
              -76.5755,
              2.7332
            ],
            [
              -76.5843,
              2.7478
            ],
            [
              -76.5886,
              2.7676
            ],
            [
              -76.5933,
              2.7707
            ],
            [
              -76.5957,
              2.796
            ],
            [
              -76.6023,
              2.8079
            ],
            [
              -76.5952,
              2.8253
            ],
            [
              -76.5968,
              2.8331
            ],
            [
              -76.6117,
              2.8509
            ],
            [
              -76.6109,
              2.8557
            ],
            [
              -76.6304,
              2.8721
            ],
            [
              -76.6461,
              2.8784
            ],
            [
              -76.6447,
              2.8886
            ]
          ]
        ]
      },
      "properties": {
        "OBJECTID": 383,
        "DPTO_CCDGO": "11",
        "MPIO_CCDGO": "473",
        "name": "11052",
        "MPIO_CRSLC": "1915",
        "MPIO_NANO_": 1993,
        "MPIO_NAREA": 494.4044171,
        "MPIO_CSMBL": "4",
        "MPIO_CCNCT": "19473",
        "MPIO_NANO": 2012,
        "SHAPE_Leng": 1.53484999862,
        "SHAPE_Area": 0.0402116832213,
        "NOMBRE": "MORALES",
        "DANE": {
          "dpto_ccdgo": "19",
          "mpio_ccdgo": "473",
          "mpio_cdpmp": "19473",
          "dpto_cnmbr": "CAUCA",
          "mpio_cnmbr": "MORALES",
          "mpio_crslc": "1915",
          "mpio_tipo": "MUNICIPIO",
          "mpio_narea": 511.477727463,
          "mpio_nano": 2024,
          "shape_Leng": 1.52939784698,
          "shape_Area": 0.0415107721523
        }
      }
    },
    {
      "type": "Feature",
      "geometry": {
        "type": "Polygon",
        "coordinates": [
          [
            [
              -76.2869,
              3.2283
            ],
            [
              -76.3046,
              3.2232
            ],
            [
              -76.3235,
              3.2305
            ],
            [
              -76.3308,
              3.2379
            ],
            [
              -76.345,
              3.2416
            ],
            [
              -76.3695,
              3.2398
            ],
            [
              -76.372,
              3.2111
            ],
            [
              -76.3772,
              3.2044
            ],
            [
              -76.368,
              3.1828
            ],
            [
              -76.3594,
              3.1832
            ],
            [
              -76.3518,
              3.1703
            ],
            [
              -76.3548,
              3.1544
            ],
            [
              -76.3445,
              3.1324
            ],
            [
              -76.3317,
              3.1314
            ],
            [
              -76.3224,
              3.1487
            ],
            [
              -76.2869,
              3.2283
            ]
          ]
        ]
      },
      "properties": {
        "OBJECTID": 384,
        "DPTO_CCDGO": "11",
        "MPIO_CCDGO": "513",
        "name": "11053",
        "MPIO_CRSLC": "Ordenanza 4 de Diciembre 14 de 1967",
        "MPIO_NANO_": 1993,
        "MPIO_NAREA": 71.47281994,
        "MPIO_CSMBL": "4",
        "MPIO_CCNCT": "19513",
        "MPIO_NANO": 2012,
        "SHAPE_Leng": 0.390241482993,
        "SHAPE_Area": 0.0058143444249,
        "NOMBRE": "PADILLA",
        "DANE": {
          "dpto_ccdgo": "19",
          "mpio_ccdgo": "513",
          "mpio_cdpmp": "19513",
          "dpto_cnmbr": "CAUCA",
          "mpio_cnmbr": "PADILLA",
          "mpio_crslc": "Ordenanza 4 de Diciembre 14 de 1967",
          "mpio_tipo": "MUNICIPIO",
          "mpio_narea": 69.6834254067,
          "mpio_nano": 2024,
          "shape_Leng": 0.397176802563,
          "shape_Area": 0.00566088115132
        }
      }
    },
    {
      "type": "Feature",
      "geometry": {
        "type": "Polygon",
        "coordinates": [
          [
            [
              -76.029,
              2.9405
            ],
            [
              -76.0256,
              2.9587
            ],
            [
              -76.0292,
              2.9719
            ],
            [
              -76.0216,
              3.0049
            ],
            [
              -76.0413,
              3.0159
            ],
            [
              -76.0391,
              3.0238
            ],
            [
              -76.0463,
              3.0439
            ],
            [
              -76.0672,
              3.0459
            ],
            [
              -76.0761,
              3.0445
            ],
            [
              -76.0824,
              3.0305
            ],
            [
              -76.0854,
              3.0119
            ],
            [
              -76.0966,
              3.0053
            ],
            [
              -76.1032,
              2.9927
            ],
            [
              -76.1069,
              2.9738
            ],
            [
              -76.1205,
              2.9641
            ],
            [
              -76.1116,
              2.9567
            ],
            [
              -76.1169,
              2.9243
            ],
            [
              -76.1261,
              2.9143
            ],
            [
              -76.1435,
              2.9157
            ],
            [
              -76.1533,
              2.903
            ],
            [
              -76.1519,
              2.889
            ],
            [
              -76.1692,
              2.8785
            ],
            [
              -76.191,
              2.8794
            ],
            [
              -76.2052,
              2.8685
            ],
            [
              -76.2067,
              2.8585
            ],
            [
              -76.2243,
              2.8544
            ],
            [
              -76.2176,
              2.8182
            ],
            [
              -76.2314,
              2.8076
            ],
            [
              -76.2447,
              2.7818
            ],
            [
              -76.2286,
              2.7896
            ],
            [
              -76.1971,
              2.7883
            ],
            [
              -76.1768,
              2.7803
            ],
            [
              -76.1814,
              2.771
            ],
            [
              -76.2158,
              2.7752
            ],
            [
              -76.2248,
              2.7577
            ],
            [
              -76.2311,
              2.7341
            ],
            [
              -76.2289,
              2.7186
            ],
            [
              -76.2413,
              2.6915
            ],
            [
              -76.2507,
              2.6788
            ],
            [
              -76.2546,
              2.6591
            ],
            [
              -76.2501,
              2.6519
            ],
            [
              -76.2232,
              2.6435
            ],
            [
              -76.2116,
              2.6317
            ],
            [
              -76.1875,
              2.6239
            ],
            [
              -76.1784,
              2.632
            ],
            [
              -76.1745,
              2.6519
            ],
            [
              -76.1615,
              2.668
            ],
            [
              -76.149,
              2.6551
            ],
            [
              -76.1337,
              2.6536
            ],
            [
              -76.1182,
              2.6657
            ],
            [
              -76.1008,
              2.6496
            ],
            [
              -76.0951,
              2.6583
            ],
            [
              -76.0748,
              2.6663
            ],
            [
              -76.0636,
              2.6786
            ],
            [
              -76.0576,
              2.6678
            ],
            [
              -76.0465,
              2.673
            ],
            [
              -76.0379,
              2.6692
            ],
            [
              -76.0388,
              2.6547
            ],
            [
              -76.0271,
              2.6318
            ],
            [
              -76.036,
              2.6102
            ],
            [
              -76.0255,
              2.587
            ],
            [
              -75.9894,
              2.5618
            ],
            [
              -75.9734,
              2.5597
            ],
            [
              -75.9747,
              2.5519
            ],
            [
              -75.9581,
              2.5401
            ],
            [
              -75.9621,
              2.5251
            ],
            [
              -75.959,
              2.5125
            ],
            [
              -75.9624,
              2.4983
            ],
            [
              -75.9581,
              2.4903
            ],
            [
              -75.9424,
              2.488
            ],
            [
              -75.9318,
              2.4784
            ],
            [
              -75.9175,
              2.4741
            ],
            [
              -75.9178,
              2.4574
            ],
            [
              -75.9097,
              2.4458
            ],
            [
              -75.8893,
              2.4346
            ],
            [
              -75.8638,
              2.4262
            ],
            [
              -75.8599,
              2.4419
            ],
            [
              -75.8413,
              2.4591
            ],
            [
              -75.8431,
              2.4663
            ],
            [
              -75.8289,
              2.4797
            ],
            [
              -75.8141,
              2.484
            ],
            [
              -75.8217,
              2.4919
            ],
            [
              -75.8193,
              2.5194
            ],
            [
              -75.8375,
              2.5408
            ],
            [
              -75.8336,
              2.5512
            ],
            [
              -75.8399,
              2.5583
            ],
            [
              -75.8358,
              2.5704
            ],
            [
              -75.8269,
              2.5756
            ],
            [
              -75.8238,
              2.5916
            ],
            [
              -75.81,
              2.6002
            ],
            [
              -75.8002,
              2.6234
            ],
            [
              -75.7892,
              2.6358
            ],
            [
              -75.7886,
              2.6585
            ],
            [
              -75.7827,
              2.6578
            ],
            [
              -75.7721,
              2.6765
            ],
            [
              -75.7611,
              2.6803
            ],
            [
              -75.7478,
              2.7195
            ],
            [
              -75.7541,
              2.7367
            ],
            [
              -75.7639,
              2.7524
            ],
            [
              -75.7771,
              2.7544
            ],
            [
              -75.8059,
              2.7686
            ],
            [
              -75.8104,
              2.7867
            ],
            [
              -75.8058,
              2.8071
            ],
            [
              -75.8224,
              2.8357
            ],
            [
              -75.8456,
              2.843
            ],
            [
              -75.8789,
              2.8337
            ],
            [
              -75.8959,
              2.8556
            ],
            [
              -76.029,
              2.9405
            ]
          ]
        ]
      },
      "properties": {
        "OBJECTID": 385,
        "DPTO_CCDGO": "11",
        "MPIO_CCDGO": "517",
        "name": "11055",
        "MPIO_CRSLC": "1907",
        "MPIO_NANO_": 1993,
        "MPIO_NAREA": 1697.95567436,
        "MPIO_CSMBL": "4",
        "MPIO_CCNCT": "19517",
        "MPIO_NANO": 2012,
        "SHAPE_Leng": 2.54866037961,
        "SHAPE_Area": 0.13804634141,
        "NOMBRE": "PAEZ (BELALCAZAR)",
        "DANE": {
          "dpto_ccdgo": "19",
          "mpio_ccdgo": "517",
          "mpio_cdpmp": "19517",
          "dpto_cnmbr": "CAUCA",
          "mpio_cnmbr": "PÁEZ",
          "mpio_crslc": "1907",
          "mpio_tipo": "MUNICIPIO",
          "mpio_narea": 1793.143888,
          "mpio_nano": 2024,
          "shape_Leng": 2.59685299325,
          "shape_Area": 0.145674052657
        }
      }
    },
    {
      "type": "Feature",
      "geometry": {
        "type": "Polygon",
        "coordinates": [
          [
            [
              -76.9321,
              2.2575
            ],
            [
              -76.9389,
              2.2637
            ],
            [
              -76.9493,
              2.2558
            ],
            [
              -76.9473,
              2.2478
            ],
            [
              -76.9673,
              2.2242
            ],
            [
              -76.9774,
              2.2212
            ],
            [
              -76.9846,
              2.2096
            ],
            [
              -76.9933,
              2.2062
            ],
            [
              -77.0051,
              2.2167
            ],
            [
              -77.0042,
              2.2268
            ],
            [
              -77.0242,
              2.2419
            ],
            [
              -77.0138,
              2.2734
            ],
            [
              -77.0167,
              2.2983
            ],
            [
              -77.0288,
              2.3167
            ],
            [
              -77.0582,
              2.309
            ],
            [
              -77.0776,
              2.3202
            ],
            [
              -77.0928,
              2.3161
            ],
            [
              -77.0968,
              2.3258
            ],
            [
              -77.1189,
              2.3296
            ],
            [
              -77.1338,
              2.3162
            ],
            [
              -77.1415,
              2.3042
            ],
            [
              -77.1604,
              2.3032
            ],
            [
              -77.1657,
              2.2967
            ],
            [
              -77.1656,
              2.2666
            ],
            [
              -77.1761,
              2.226
            ],
            [
              -77.1781,
              2.2019
            ],
            [
              -77.1605,
              2.1947
            ],
            [
              -77.1527,
              2.1871
            ],
            [
              -77.1417,
              2.1549
            ],
            [
              -77.1263,
              2.1387
            ],
            [
              -77.1114,
              2.1354
            ],
            [
              -77.102,
              2.121
            ],
            [
              -77.088,
              2.117
            ],
            [
              -77.0842,
              2.0837
            ],
            [
              -77.1011,
              2.0711
            ],
            [
              -77.104,
              2.059
            ],
            [
              -77.1145,
              2.0523
            ],
            [
              -77.1198,
              2.0293
            ],
            [
              -77.1392,
              2.0187
            ],
            [
              -77.1605,
              2.0269
            ],
            [
              -77.1705,
              2.0183
            ],
            [
              -77.1922,
              1.9824
            ],
            [
              -77.19,
              1.9673
            ],
            [
              -77.2014,
              1.9543
            ],
            [
              -77.1918,
              1.9398
            ],
            [
              -77.1799,
              1.9368
            ],
            [
              -77.157,
              1.9416
            ],
            [
              -77.1482,
              1.9357
            ],
            [
              -77.1309,
              1.9384
            ],
            [
              -77.1197,
              1.9601
            ],
            [
              -77.1064,
              1.9564
            ],
            [
              -77.0989,
              1.9634
            ],
            [
              -77.0835,
              1.9655
            ],
            [
              -77.073,
              1.9724
            ],
            [
              -77.0698,
              1.983
            ],
            [
              -77.06,
              1.9899
            ],
            [
              -77.0525,
              2.0029
            ],
            [
              -77.0346,
              2.0022
            ],
            [
              -77.011,
              2.0252
            ],
            [
              -76.9915,
              2.0531
            ],
            [
              -76.9928,
              2.0594
            ],
            [
              -76.9752,
              2.0751
            ],
            [
              -76.9669,
              2.0883
            ],
            [
              -76.9516,
              2.0963
            ],
            [
              -76.9392,
              2.1204
            ],
            [
              -76.9087,
              2.1463
            ],
            [
              -76.8924,
              2.1657
            ],
            [
              -76.9057,
              2.2
            ],
            [
              -76.9045,
              2.2142
            ],
            [
              -76.9132,
              2.2369
            ],
            [
              -76.9321,
              2.2575
            ]
          ]
        ]
      },
      "properties": {
        "OBJECTID": 386,
        "DPTO_CCDGO": "11",
        "MPIO_CCDGO": "532",
        "name": "11058",
        "MPIO_CRSLC": "CAMBIO DE CATEGORIA",
        "MPIO_NANO_": 1993,
        "MPIO_NAREA": 754.78287524,
        "MPIO_CSMBL": "4",
        "MPIO_CCNCT": "19532",
        "MPIO_NANO": 2012,
        "SHAPE_Leng": 1.70837956366,
        "SHAPE_Area": 0.0613612006244,
        "NOMBRE": "PATIA (EL BORDO)",
        "DANE": {
          "dpto_ccdgo": "19",
          "mpio_ccdgo": "532",
          "mpio_cdpmp": "19532",
          "dpto_cnmbr": "CAUCA",
          "mpio_cnmbr": "PATÍA",
          "mpio_crslc": "CAMBIO DE CATEGORIA",
          "mpio_tipo": "MUNICIPIO",
          "mpio_narea": 755.293670854,
          "mpio_nano": 2024,
          "shape_Leng": 1.73598092691,
          "shape_Area": 0.0612358456304
        }
      }
    },
    {
      "type": "Feature",
      "geometry": {
        "type": "Polygon",
        "coordinates": [
          [
            [
              -76.085,
              1.0576
            ],
            [
              -76.0915,
              1.0711
            ],
            [
              -76.1241,
              1.0876
            ],
            [
              -76.1236,
              1.1008
            ],
            [
              -76.1328,
              1.1013
            ],
            [
              -76.146,
              1.1002
            ],
            [
              -76.1522,
              1.1092
            ],
            [
              -76.1727,
              1.1108
            ],
            [
              -76.1802,
              1.1051
            ],
            [
              -76.195,
              1.1074
            ],
            [
              -76.2035,
              1.1157
            ],
            [
              -76.2131,
              1.1095
            ],
            [
              -76.2323,
              1.1213
            ],
            [
              -76.2487,
              1.1188
            ],
            [
              -76.2592,
              1.1223
            ],
            [
              -76.2805,
              1.1379
            ],
            [
              -76.2871,
              1.1578
            ],
            [
              -76.2853,
              1.17
            ],
            [
              -76.3,
              1.192
            ],
            [
              -76.2907,
              1.2
            ],
            [
              -76.29,
              1.21
            ],
            [
              -76.3026,
              1.227
            ],
            [
              -76.3033,
              1.236
            ],
            [
              -76.2759,
              1.2649
            ],
            [
              -76.2685,
              1.2666
            ],
            [
              -76.2446,
              1.2925
            ],
            [
              -76.2454,
              1.2991
            ],
            [
              -76.2315,
              1.3089
            ],
            [
              -76.2251,
              1.322
            ],
            [
              -76.223,
              1.3379
            ],
            [
              -76.2039,
              1.3532
            ],
            [
              -76.1997,
              1.3738
            ],
            [
              -76.202,
              1.4181
            ],
            [
              -76.1895,
              1.4259
            ],
            [
              -76.1833,
              1.4428
            ],
            [
              -76.1758,
              1.4511
            ],
            [
              -76.1861,
              1.464
            ],
            [
              -76.1836,
              1.4887
            ],
            [
              -76.1719,
              1.5078
            ],
            [
              -76.1494,
              1.5359
            ],
            [
              -76.1494,
              1.5494
            ],
            [
              -76.1585,
              1.5786
            ],
            [
              -76.1697,
              1.588
            ],
            [
              -76.1834,
              1.5737
            ],
            [
              -76.1989,
              1.5751
            ],
            [
              -76.2168,
              1.5578
            ],
            [
              -76.2113,
              1.5288
            ],
            [
              -76.2181,
              1.5062
            ],
            [
              -76.2156,
              1.4958
            ],
            [
              -76.2272,
              1.4819
            ],
            [
              -76.2421,
              1.4754
            ],
            [
              -76.2538,
              1.4594
            ],
            [
              -76.2583,
              1.4409
            ],
            [
              -76.2436,
              1.4328
            ],
            [
              -76.2388,
              1.4238
            ],
            [
              -76.2436,
              1.411
            ],
            [
              -76.2473,
              1.3857
            ],
            [
              -76.2643,
              1.374
            ],
            [
              -76.277,
              1.3569
            ],
            [
              -76.2823,
              1.343
            ],
            [
              -76.3087,
              1.3267
            ],
            [
              -76.3199,
              1.3246
            ],
            [
              -76.3276,
              1.3108
            ],
            [
              -76.3228,
              1.29
            ],
            [
              -76.3367,
              1.2786
            ],
            [
              -76.377,
              1.2352
            ],
            [
              -76.3746,
              1.2142
            ],
            [
              -76.3928,
              1.1842
            ],
            [
              -76.4002,
              1.1894
            ],
            [
              -76.4237,
              1.1842
            ],
            [
              -76.43,
              1.1685
            ],
            [
              -76.4504,
              1.1552
            ],
            [
              -76.4425,
              1.1487
            ],
            [
              -76.4558,
              1.1171
            ],
            [
              -76.4666,
              1.0987
            ],
            [
              -76.5079,
              1.0837
            ],
            [
              -76.5119,
              1.0762
            ],
            [
              -76.5465,
              1.0802
            ],
            [
              -76.5548,
              1.0891
            ],
            [
              -76.5676,
              1.0821
            ],
            [
              -76.5558,
              1.0696
            ],
            [
              -76.5548,
              1.0591
            ],
            [
              -76.5445,
              1.0373
            ],
            [
              -76.5233,
              1.0306
            ],
            [
              -76.4935,
              1.0282
            ],
            [
              -76.4855,
              1.0079
            ],
            [
              -76.4672,
              0.9991
            ],
            [
              -76.4453,
              0.9806
            ],
            [
              -76.4453,
              0.9696
            ],
            [
              -76.4275,
              0.9611
            ],
            [
              -76.4133,
              0.9608
            ],
            [
              -76.401,
              0.9802
            ],
            [
              -76.388,
              0.9752
            ],
            [
              -76.3723,
              0.9837
            ],
            [
              -76.3353,
              0.9807
            ],
            [
              -76.3261,
              0.9586
            ],
            [
              -76.3122,
              0.9658
            ],
            [
              -76.298,
              0.9606
            ],
            [
              -76.2715,
              0.9795
            ],
            [
              -76.2667,
              0.9694
            ],
            [
              -76.2527,
              0.9805
            ],
            [
              -76.2129,
              0.979
            ],
            [
              -76.2023,
              0.9813
            ],
            [
              -76.1885,
              0.9978
            ],
            [
              -76.1915,
              1.0055
            ],
            [
              -76.2089,
              1.0039
            ],
            [
              -76.2009,
              1.0179
            ],
            [
              -76.1937,
              1.0103
            ],
            [
              -76.1836,
              1.0128
            ],
            [
              -76.1846,
              1.0252
            ],
            [
              -76.1661,
              1.0296
            ],
            [
              -76.1253,
              1.0066
            ],
            [
              -76.112,
              1.0132
            ],
            [
              -76.1048,
              1.0247
            ],
            [
              -76.0919,
              1.0189
            ],
            [
              -76.0804,
              1.0212
            ],
            [
              -76.0746,
              1.0325
            ],
            [
              -76.085,
              1.0576
            ]
          ]
        ]
      },
      "properties": {
        "OBJECTID": 387,
        "DPTO_CCDGO": "11",
        "MPIO_CCDGO": "533",
        "name": "11060",
        "MPIO_CRSLC": "ORD 24 DE NOVIEMBRE 18 DE 1996",
        "MPIO_NANO_": 1996,
        "MPIO_NAREA": 1660.8302663,
        "MPIO_CSMBL": "4",
        "MPIO_CCNCT": "19533",
        "MPIO_NANO": 2012,
        "SHAPE_Leng": 2.56184940291,
        "SHAPE_Area": 0.134932968251,
        "NOMBRE": "PIAMONTE",
        "DANE": {
          "dpto_ccdgo": "19",
          "mpio_ccdgo": "533",
          "mpio_cdpmp": "19533",
          "dpto_cnmbr": "CAUCA",
          "mpio_cnmbr": "PIAMONTE",
          "mpio_crslc": "ORD 24 DE NOVIEMBRE 18 DE 1996",
          "mpio_tipo": "MUNICIPIO",
          "mpio_narea": 1104.75266584,
          "mpio_nano": 2024,
          "shape_Leng": 2.72979966396,
          "shape_Area": 0.0896322715889
        }
      }
    },
    {
      "type": "Feature",
      "geometry": {
        "type": "Polygon",
        "coordinates": [
          [
            [
              -76.5044,
              2.7062
            ],
            [
              -76.5097,
              2.715
            ],
            [
              -76.5285,
              2.7299
            ],
            [
              -76.5367,
              2.7657
            ],
            [
              -76.5481,
              2.7762
            ],
            [
              -76.5496,
              2.7929
            ],
            [
              -76.5724,
              2.8274
            ],
            [
              -76.5952,
              2.8483
            ],
            [
              -76.6109,
              2.8557
            ],
            [
              -76.6117,
              2.8509
            ],
            [
              -76.5968,
              2.8331
            ],
            [
              -76.5952,
              2.8253
            ],
            [
              -76.6023,
              2.8079
            ],
            [
              -76.5957,
              2.796
            ],
            [
              -76.5933,
              2.7707
            ],
            [
              -76.5886,
              2.7676
            ],
            [
              -76.5843,
              2.7478
            ],
            [
              -76.5755,
              2.7332
            ],
            [
              -76.5788,
              2.7187
            ],
            [
              -76.5939,
              2.7079
            ],
            [
              -76.6248,
              2.7247
            ],
            [
              -76.6451,
              2.7292
            ],
            [
              -76.6639,
              2.7251
            ],
            [
              -76.6689,
              2.7194
            ],
            [
              -76.6494,
              2.7127
            ],
            [
              -76.6306,
              2.6959
            ],
            [
              -76.6179,
              2.6764
            ],
            [
              -76.616,
              2.6627
            ],
            [
              -76.6043,
              2.6585
            ],
            [
              -76.5775,
              2.6567
            ],
            [
              -76.5559,
              2.6428
            ],
            [
              -76.54,
              2.6408
            ],
            [
              -76.5127,
              2.6162
            ],
            [
              -76.5015,
              2.615
            ],
            [
              -76.5029,
              2.6346
            ],
            [
              -76.494,
              2.6508
            ],
            [
              -76.5047,
              2.6649
            ],
            [
              -76.5085,
              2.682
            ],
            [
              -76.5163,
              2.6975
            ],
            [
              -76.5044,
              2.7062
            ]
          ]
        ]
      },
      "properties": {
        "OBJECTID": 388,
        "DPTO_CCDGO": "11",
        "MPIO_CCDGO": "548",
        "name": "11061",
        "MPIO_CRSLC": "1907",
        "MPIO_NANO_": 1993,
        "MPIO_NAREA": 185.54335329,
        "MPIO_CSMBL": "4",
        "MPIO_CCNCT": "19548",
        "MPIO_NANO": 2012,
        "SHAPE_Leng": 0.994419570661,
        "SHAPE_Area": 0.015088997695,
        "NOMBRE": "PIENDAMO",
        "DANE": {
          "dpto_ccdgo": "19",
          "mpio_ccdgo": "548",
          "mpio_cdpmp": "19548",
          "dpto_cnmbr": "CAUCA",
          "mpio_cnmbr": "PIENDAMÓ - TUNÍA",
          "mpio_crslc": "1907",
          "mpio_tipo": "MUNICIPIO",
          "mpio_narea": 181.266037388,
          "mpio_nano": 2024,
          "shape_Leng": 0.984615564358,
          "shape_Area": 0.0147144271752
        }
      }
    },
    {
      "type": "Feature",
      "geometry": {
        "type": "Polygon",
        "coordinates": [
          [
            [
              -76.3512,
              3.2862
            ],
            [
              -76.3731,
              3.2881
            ],
            [
              -76.4063,
              3.2988
            ],
            [
              -76.4214,
              3.3124
            ],
            [
              -76.448,
              3.3172
            ],
            [
              -76.4604,
              3.3289
            ],
            [
              -76.4611,
              3.3168
            ],
            [
              -76.4759,
              3.3141
            ],
            [
              -76.4733,
              3.3043
            ],
            [
              -76.4927,
              3.2895
            ],
            [
              -76.4839,
              3.2785
            ],
            [
              -76.4608,
              3.2592
            ],
            [
              -76.4544,
              3.2565
            ],
            [
              -76.449,
              3.2414
            ],
            [
              -76.4244,
              3.2283
            ],
            [
              -76.4298,
              3.2136
            ],
            [
              -76.4205,
              3.2075
            ],
            [
              -76.3971,
              3.219
            ],
            [
              -76.3772,
              3.2044
            ],
            [
              -76.372,
              3.2111
            ],
            [
              -76.3695,
              3.2398
            ],
            [
              -76.3614,
              3.2577
            ],
            [
              -76.3664,
              3.2642
            ],
            [
              -76.3512,
              3.2862
            ]
          ]
        ]
      },
      "properties": {
        "OBJECTID": 389,
        "DPTO_CCDGO": "11",
        "MPIO_CCDGO": "573",
        "name": "11064",
        "MPIO_CRSLC": "Ordenanza 15 de Abril 2 de 1912",
        "MPIO_NANO_": 1993,
        "MPIO_NAREA": 111.56474995,
        "MPIO_CSMBL": "4",
        "MPIO_CCNCT": "19573",
        "MPIO_NANO": 2012,
        "SHAPE_Leng": 0.658617158789,
        "SHAPE_Area": 0.00907676637876,
        "NOMBRE": "PUERTO TEJADA",
        "DANE": {
          "dpto_ccdgo": "19",
          "mpio_ccdgo": "573",
          "mpio_cdpmp": "19573",
          "dpto_cnmbr": "CAUCA",
          "mpio_cnmbr": "PUERTO TEJADA",
          "mpio_crslc": "Ordenanza 15 de Abril 2 de 1912",
          "mpio_tipo": "MUNICIPIO",
          "mpio_narea": 109.224390771,
          "mpio_nano": 2024,
          "shape_Leng": 0.637880404293,
          "shape_Area": 0.00887266159587
        }
      }
    },
    {
      "type": "Feature",
      "geometry": {
        "type": "Polygon",
        "coordinates": [
          [
            [
              -76.3236,
              2.3931
            ],
            [
              -76.3354,
              2.3874
            ],
            [
              -76.3416,
              2.4031
            ],
            [
              -76.355,
              2.4026
            ],
            [
              -76.377,
              2.4148
            ],
            [
              -76.3853,
              2.4235
            ],
            [
              -76.4155,
              2.4069
            ],
            [
              -76.4584,
              2.4094
            ],
            [
              -76.4653,
              2.4041
            ],
            [
              -76.4759,
              2.4097
            ],
            [
              -76.5069,
              2.4148
            ],
            [
              -76.4952,
              2.3914
            ],
            [
              -76.4943,
              2.3804
            ],
            [
              -76.5014,
              2.3586
            ],
            [
              -76.5318,
              2.3127
            ],
            [
              -76.5275,
              2.2946
            ],
            [
              -76.5422,
              2.2793
            ],
            [
              -76.5423,
              2.2321
            ],
            [
              -76.5316,
              2.2254
            ],
            [
              -76.5488,
              2.2139
            ],
            [
              -76.5498,
              2.1995
            ],
            [
              -76.5572,
              2.185
            ],
            [
              -76.5532,
              2.1775
            ],
            [
              -76.5565,
              2.1457
            ],
            [
              -76.5542,
              2.1392
            ],
            [
              -76.5418,
              2.134
            ],
            [
              -76.5134,
              2.1353
            ],
            [
              -76.5042,
              2.1267
            ],
            [
              -76.4874,
              2.1291
            ],
            [
              -76.4806,
              2.1109
            ],
            [
              -76.4638,
              2.1016
            ],
            [
              -76.4427,
              2.1192
            ],
            [
              -76.4309,
              2.1204
            ],
            [
              -76.4243,
              2.1317
            ],
            [
              -76.4375,
              2.1611
            ],
            [
              -76.4322,
              2.1707
            ],
            [
              -76.4337,
              2.1881
            ],
            [
              -76.4195,
              2.1918
            ],
            [
              -76.4047,
              2.2005
            ],
            [
              -76.3851,
              2.2685
            ],
            [
              -76.3738,
              2.2791
            ],
            [
              -76.3605,
              2.2707
            ],
            [
              -76.3438,
              2.2721
            ],
            [
              -76.3233,
              2.2811
            ],
            [
              -76.3029,
              2.2837
            ],
            [
              -76.2888,
              2.2743
            ],
            [
              -76.2752,
              2.2702
            ],
            [
              -76.2496,
              2.2435
            ],
            [
              -76.2388,
              2.2279
            ],
            [
              -76.2326,
              2.2259
            ],
            [
              -76.2082,
              2.198
            ],
            [
              -76.1974,
              2.1956
            ],
            [
              -76.1669,
              2.1973
            ],
            [
              -76.1478,
              2.2013
            ],
            [
              -76.136,
              2.2211
            ],
            [
              -76.1211,
              2.2248
            ],
            [
              -76.1465,
              2.294
            ],
            [
              -76.1261,
              2.38
            ],
            [
              -76.1527,
              2.369
            ],
            [
              -76.1651,
              2.3588
            ],
            [
              -76.1761,
              2.3568
            ],
            [
              -76.1833,
              2.338
            ],
            [
              -76.1992,
              2.3312
            ],
            [
              -76.2103,
              2.321
            ],
            [
              -76.2199,
              2.3191
            ],
            [
              -76.2507,
              2.3411
            ],
            [
              -76.2606,
              2.3534
            ],
            [
              -76.275,
              2.3462
            ],
            [
              -76.3011,
              2.3584
            ],
            [
              -76.3012,
              2.3767
            ],
            [
              -76.2907,
              2.3971
            ],
            [
              -76.3198,
              2.3959
            ],
            [
              -76.3236,
              2.3931
            ]
          ]
        ]
      },
      "properties": {
        "OBJECTID": 390,
        "DPTO_CCDGO": "11",
        "MPIO_CCDGO": "585",
        "name": "11067",
        "MPIO_CRSLC": "1915",
        "MPIO_NANO_": 1993,
        "MPIO_NAREA": 909.66569536,
        "MPIO_CSMBL": "4",
        "MPIO_CCNCT": "19585",
        "MPIO_NANO": 2012,
        "SHAPE_Leng": 1.67001434973,
        "SHAPE_Area": 0.0739476804909,
        "NOMBRE": "PURACE (COCONUCO)",
        "DANE": {
          "dpto_ccdgo": "19",
          "mpio_ccdgo": "585",
          "mpio_cdpmp": "19585",
          "dpto_cnmbr": "CAUCA",
          "mpio_cnmbr": "PURACÉ",
          "mpio_crslc": "1915",
          "mpio_tipo": "MUNICIPIO",
          "mpio_narea": 848.323308203,
          "mpio_nano": 2024,
          "shape_Leng": 1.74626539741,
          "shape_Area": 0.0688604658897
        }
      }
    },
    {
      "type": "Feature",
      "geometry": {
        "type": "Polygon",
        "coordinates": [
          [
            [
              -76.7598,
              2.306
            ],
            [
              -76.7804,
              2.309
            ],
            [
              -76.7955,
              2.3193
            ],
            [
              -76.8003,
              2.2984
            ],
            [
              -76.8078,
              2.2861
            ],
            [
              -76.826,
              2.298
            ],
            [
              -76.8296,
              2.286
            ],
            [
              -76.843,
              2.2769
            ],
            [
              -76.834,
              2.2606
            ],
            [
              -76.8399,
              2.2264
            ],
            [
              -76.8223,
              2.2194
            ],
            [
              -76.8125,
              2.2056
            ],
            [
              -76.782,
              2.2126
            ],
            [
              -76.7694,
              2.2202
            ],
            [
              -76.7462,
              2.2222
            ],
            [
              -76.7274,
              2.2289
            ],
            [
              -76.7072,
              2.217
            ],
            [
              -76.6823,
              2.1929
            ],
            [
              -76.6803,
              2.1874
            ],
            [
              -76.6496,
              2.1883
            ],
            [
              -76.6557,
              2.2399
            ],
            [
              -76.6719,
              2.2514
            ],
            [
              -76.6836,
              2.2536
            ],
            [
              -76.71,
              2.2723
            ],
            [
              -76.7158,
              2.2865
            ],
            [
              -76.7465,
              2.302
            ],
            [
              -76.7598,
              2.306
            ]
          ]
        ]
      },
      "properties": {
        "OBJECTID": 391,
        "DPTO_CCDGO": "11",
        "MPIO_CCDGO": "622",
        "name": "11070",
        "MPIO_CRSLC": "1844",
        "MPIO_NANO_": 1993,
        "MPIO_NAREA": 142.97650644,
        "MPIO_CSMBL": "4",
        "MPIO_CCNCT": "19622",
        "MPIO_NANO": 2012,
        "SHAPE_Leng": 0.741746696141,
        "SHAPE_Area": 0.0116238235053,
        "NOMBRE": "ROSAS",
        "DANE": {
          "dpto_ccdgo": "19",
          "mpio_ccdgo": "622",
          "mpio_cdpmp": "19622",
          "dpto_cnmbr": "CAUCA",
          "mpio_cnmbr": "ROSAS",
          "mpio_crslc": "1844",
          "mpio_tipo": "MUNICIPIO",
          "mpio_narea": 169.091744467,
          "mpio_nano": 2024,
          "shape_Leng": 0.715264002697,
          "shape_Area": 0.0137173696483
        }
      }
    },
    {
      "type": "Feature",
      "geometry": {
        "type": "Polygon",
        "coordinates": [
          [
            [
              -76.6231,
              1.9748
            ],
            [
              -76.6366,
              1.9689
            ],
            [
              -76.6532,
              1.9714
            ],
            [
              -76.6635,
              1.9631
            ],
            [
              -76.6759,
              1.9629
            ],
            [
              -76.6845,
              1.9717
            ],
            [
              -76.6997,
              1.9622
            ],
            [
              -76.714,
              1.9638
            ],
            [
              -76.7167,
              1.9773
            ],
            [
              -76.7244,
              1.9799
            ],
            [
              -76.7295,
              1.9428
            ],
            [
              -76.7454,
              1.9329
            ],
            [
              -76.7499,
              1.921
            ],
            [
              -76.7481,
              1.8941
            ],
            [
              -76.768,
              1.8767
            ],
            [
              -76.7691,
              1.8663
            ],
            [
              -76.7859,
              1.8567
            ],
            [
              -76.7939,
              1.8433
            ],
            [
              -76.811,
              1.8368
            ],
            [
              -76.8248,
              1.8459
            ],
            [
              -76.8681,
              1.8468
            ],
            [
              -76.8576,
              1.827
            ],
            [
              -76.8533,
              1.8121
            ],
            [
              -76.8417,
              1.7976
            ],
            [
              -76.8445,
              1.7809
            ],
            [
              -76.8373,
              1.7625
            ],
            [
              -76.8229,
              1.7436
            ],
            [
              -76.8159,
              1.7117
            ],
            [
              -76.8079,
              1.7024
            ],
            [
              -76.7929,
              1.7208
            ],
            [
              -76.767,
              1.7599
            ],
            [
              -76.7709,
              1.7699
            ],
            [
              -76.7637,
              1.7778
            ],
            [
              -76.753,
              1.7688
            ],
            [
              -76.7335,
              1.7876
            ],
            [
              -76.7193,
              1.8057
            ],
            [
              -76.7009,
              1.8146
            ],
            [
              -76.6809,
              1.8189
            ],
            [
              -76.6534,
              1.7988
            ],
            [
              -76.6276,
              1.8126
            ],
            [
              -76.6239,
              1.8319
            ],
            [
              -76.6104,
              1.8437
            ],
            [
              -76.5988,
              1.8482
            ],
            [
              -76.5903,
              1.8682
            ],
            [
              -76.5921,
              1.8808
            ],
            [
              -76.584,
              1.8867
            ],
            [
              -76.5831,
              1.9004
            ],
            [
              -76.595,
              1.92
            ],
            [
              -76.6193,
              1.9265
            ],
            [
              -76.6105,
              1.9467
            ],
            [
              -76.622,
              1.9587
            ],
            [
              -76.6231,
              1.9748
            ]
          ]
        ]
      },
      "properties": {
        "OBJECTID": 392,
        "DPTO_CCDGO": "11",
        "MPIO_CCDGO": "693",
        "name": "11073",
        "MPIO_CRSLC": "1915",
        "MPIO_NANO_": 1993,
        "MPIO_NAREA": 423.74508841,
        "MPIO_CSMBL": "4",
        "MPIO_CCNCT": "19693",
        "MPIO_NANO": 2012,
        "SHAPE_Leng": 1.11081965986,
        "SHAPE_Area": 0.0344415921202,
        "NOMBRE": "SAN SEBASTIAN",
        "DANE": {
          "dpto_ccdgo": "19",
          "mpio_ccdgo": "693",
          "mpio_cdpmp": "19693",
          "dpto_cnmbr": "CAUCA",
          "mpio_cnmbr": "SAN SEBASTIÁN",
          "mpio_crslc": "1915",
          "mpio_tipo": "MUNICIPIO",
          "mpio_narea": 419.034904413,
          "mpio_nano": 2024,
          "shape_Leng": 1.08360590091,
          "shape_Area": 0.0339875152368
        }
      }
    },
    {
      "type": "Feature",
      "geometry": {
        "type": "Polygon",
        "coordinates": [
          [
            [
              -76.5031,
              3.1441
            ],
            [
              -76.5184,
              3.15
            ],
            [
              -76.53,
              3.1239
            ],
            [
              -76.5461,
              3.1059
            ],
            [
              -76.5577,
              3.1024
            ],
            [
              -76.562,
              3.0838
            ],
            [
              -76.5731,
              3.0757
            ],
            [
              -76.5766,
              3.066
            ],
            [
              -76.5767,
              3.039
            ],
            [
              -76.5867,
              3.0292
            ],
            [
              -76.585,
              3.0167
            ],
            [
              -76.5933,
              2.9984
            ],
            [
              -76.5984,
              2.9566
            ],
            [
              -76.5799,
              2.9454
            ],
            [
              -76.5718,
              2.9332
            ],
            [
              -76.5714,
              2.9213
            ],
            [
              -76.5776,
              2.9074
            ],
            [
              -76.5989,
              2.8942
            ],
            [
              -76.6108,
              2.8753
            ],
            [
              -76.5999,
              2.8663
            ],
            [
              -76.5774,
              2.864
            ],
            [
              -76.5654,
              2.8812
            ],
            [
              -76.5528,
              2.8863
            ],
            [
              -76.5314,
              2.8782
            ],
            [
              -76.5099,
              2.8569
            ],
            [
              -76.4956,
              2.8556
            ],
            [
              -76.478,
              2.8447
            ],
            [
              -76.4686,
              2.8485
            ],
            [
              -76.4647,
              2.8592
            ],
            [
              -76.447,
              2.8766
            ],
            [
              -76.4271,
              2.8812
            ],
            [
              -76.416,
              2.8905
            ],
            [
              -76.4022,
              2.8901
            ],
            [
              -76.3868,
              2.907
            ],
            [
              -76.3743,
              2.9068
            ],
            [
              -76.3626,
              2.918
            ],
            [
              -76.3668,
              2.9203
            ],
            [
              -76.379,
              2.9305
            ],
            [
              -76.3913,
              2.9334
            ],
            [
              -76.3949,
              2.9478
            ],
            [
              -76.4043,
              2.962
            ],
            [
              -76.4218,
              2.9774
            ],
            [
              -76.4331,
              2.9996
            ],
            [
              -76.4378,
              3.0186
            ],
            [
              -76.431,
              3.0291
            ],
            [
              -76.45,
              3.0447
            ],
            [
              -76.4344,
              3.0535
            ],
            [
              -76.4259,
              3.0722
            ],
            [
              -76.4184,
              3.0798
            ],
            [
              -76.4311,
              3.1041
            ],
            [
              -76.4555,
              3.1193
            ],
            [
              -76.468,
              3.117
            ],
            [
              -76.4854,
              3.1311
            ],
            [
              -76.4965,
              3.1342
            ],
            [
              -76.5031,
              3.1441
            ]
          ]
        ]
      },
      "properties": {
        "OBJECTID": 393,
        "DPTO_CCDGO": "11",
        "MPIO_CCDGO": "698",
        "name": "11076",
        "MPIO_CRSLC": "1863",
        "MPIO_NANO_": 1993,
        "MPIO_NAREA": 510.40983309,
        "MPIO_CSMBL": "4",
        "MPIO_CCNCT": "19698",
        "MPIO_NANO": 2012,
        "SHAPE_Leng": 1.41713767718,
        "SHAPE_Area": 0.0415167929712,
        "NOMBRE": "SANTANDER DE QUILICHAO",
        "DANE": {
          "dpto_ccdgo": "19",
          "mpio_ccdgo": "698",
          "mpio_cdpmp": "19698",
          "dpto_cnmbr": "CAUCA",
          "mpio_cnmbr": "SANTANDER DE QUILICHAO",
          "mpio_crslc": "1863",
          "mpio_tipo": "MUNICIPIO",
          "mpio_narea": 518.144383041,
          "mpio_nano": 2024,
          "shape_Leng": 1.352380345,
          "shape_Area": 0.0420746275124
        }
      }
    },
    {
      "type": "Feature",
      "geometry": {
        "type": "Polygon",
        "coordinates": [
          [
            [
              -76.3162,
              1.6844
            ],
            [
              -76.3249,
              1.6635
            ],
            [
              -76.3468,
              1.662
            ],
            [
              -76.3635,
              1.6699
            ],
            [
              -76.3767,
              1.6639
            ],
            [
              -76.382,
              1.6712
            ],
            [
              -76.3761,
              1.6854
            ],
            [
              -76.3774,
              1.7007
            ],
            [
              -76.3698,
              1.7325
            ],
            [
              -76.3719,
              1.7425
            ],
            [
              -76.3826,
              1.7468
            ],
            [
              -76.4078,
              1.7298
            ],
            [
              -76.4144,
              1.7173
            ],
            [
              -76.4267,
              1.727
            ],
            [
              -76.4305,
              1.741
            ],
            [
              -76.4209,
              1.7561
            ],
            [
              -76.4343,
              1.7907
            ],
            [
              -76.4888,
              1.8258
            ],
            [
              -76.4983,
              1.8257
            ],
            [
              -76.5136,
              1.8335
            ],
            [
              -76.5245,
              1.825
            ],
            [
              -76.5442,
              1.8392
            ],
            [
              -76.5561,
              1.8384
            ],
            [
              -76.5693,
              1.8558
            ],
            [
              -76.5903,
              1.8682
            ],
            [
              -76.5988,
              1.8482
            ],
            [
              -76.6104,
              1.8437
            ],
            [
              -76.6239,
              1.8319
            ],
            [
              -76.6276,
              1.8126
            ],
            [
              -76.6534,
              1.7988
            ],
            [
              -76.6809,
              1.8189
            ],
            [
              -76.7009,
              1.8146
            ],
            [
              -76.7193,
              1.8057
            ],
            [
              -76.7335,
              1.7876
            ],
            [
              -76.753,
              1.7688
            ],
            [
              -76.7637,
              1.7778
            ],
            [
              -76.7709,
              1.7699
            ],
            [
              -76.767,
              1.7599
            ],
            [
              -76.7929,
              1.7208
            ],
            [
              -76.8079,
              1.7024
            ],
            [
              -76.8101,
              1.6922
            ],
            [
              -76.832,
              1.6838
            ],
            [
              -76.848,
              1.6685
            ],
            [
              -76.8487,
              1.648
            ],
            [
              -76.853,
              1.6359
            ],
            [
              -76.8341,
              1.6145
            ],
            [
              -76.841,
              1.5867
            ],
            [
              -76.8571,
              1.5655
            ],
            [
              -76.8565,
              1.5432
            ],
            [
              -76.8514,
              1.5345
            ],
            [
              -76.8586,
              1.5225
            ],
            [
              -76.8733,
              1.5202
            ],
            [
              -76.8876,
              1.523
            ],
            [
              -76.9069,
              1.5099
            ],
            [
              -76.9127,
              1.5005
            ],
            [
              -76.9289,
              1.5005
            ],
            [
              -76.9286,
              1.4832
            ],
            [
              -76.9183,
              1.4298
            ],
            [
              -76.9318,
              1.3858
            ],
            [
              -76.9206,
              1.3456
            ],
            [
              -76.9141,
              1.3421
            ],
            [
              -76.8852,
              1.3726
            ],
            [
              -76.8753,
              1.37
            ],
            [
              -76.8615,
              1.3751
            ],
            [
              -76.8503,
              1.3848
            ],
            [
              -76.8067,
              1.4013
            ],
            [
              -76.7901,
              1.4124
            ],
            [
              -76.7794,
              1.41
            ],
            [
              -76.7663,
              1.4176
            ],
            [
              -76.751,
              1.4201
            ],
            [
              -76.741,
              1.4296
            ],
            [
              -76.7282,
              1.4315
            ],
            [
              -76.7186,
              1.439
            ],
            [
              -76.6976,
              1.4439
            ],
            [
              -76.6766,
              1.4662
            ],
            [
              -76.6635,
              1.4646
            ],
            [
              -76.6386,
              1.4433
            ],
            [
              -76.6251,
              1.423
            ],
            [
              -76.6148,
              1.4233
            ],
            [
              -76.6013,
              1.4134
            ],
            [
              -76.6018,
              1.4047
            ],
            [
              -76.5921,
              1.3925
            ],
            [
              -76.576,
              1.3878
            ],
            [
              -76.5796,
              1.3741
            ],
            [
              -76.5774,
              1.3487
            ],
            [
              -76.5823,
              1.3373
            ],
            [
              -76.5709,
              1.329
            ],
            [
              -76.586,
              1.3006
            ],
            [
              -76.5738,
              1.2827
            ],
            [
              -76.5695,
              1.2504
            ],
            [
              -76.5625,
              1.234
            ],
            [
              -76.5429,
              1.2219
            ],
            [
              -76.54,
              1.2049
            ],
            [
              -76.5437,
              1.1602
            ],
            [
              -76.5509,
              1.1412
            ],
            [
              -76.547,
              1.1319
            ],
            [
              -76.5537,
              1.1125
            ],
            [
              -76.568,
              1.1026
            ],
            [
              -76.5618,
              1.0965
            ],
            [
              -76.5676,
              1.0821
            ],
            [
              -76.5548,
              1.0891
            ],
            [
              -76.5465,
              1.0802
            ],
            [
              -76.5119,
              1.0762
            ],
            [
              -76.5079,
              1.0837
            ],
            [
              -76.4666,
              1.0987
            ],
            [
              -76.4558,
              1.1171
            ],
            [
              -76.4425,
              1.1487
            ],
            [
              -76.4504,
              1.1552
            ],
            [
              -76.43,
              1.1685
            ],
            [
              -76.4237,
              1.1842
            ],
            [
              -76.4002,
              1.1894
            ],
            [
              -76.3928,
              1.1842
            ],
            [
              -76.3746,
              1.2142
            ],
            [
              -76.377,
              1.2352
            ],
            [
              -76.3367,
              1.2786
            ],
            [
              -76.3228,
              1.29
            ],
            [
              -76.3276,
              1.3108
            ],
            [
              -76.3199,
              1.3246
            ],
            [
              -76.3087,
              1.3267
            ],
            [
              -76.2823,
              1.343
            ],
            [
              -76.277,
              1.3569
            ],
            [
              -76.2643,
              1.374
            ],
            [
              -76.2473,
              1.3857
            ],
            [
              -76.2436,
              1.411
            ],
            [
              -76.2388,
              1.4238
            ],
            [
              -76.2436,
              1.4328
            ],
            [
              -76.2583,
              1.4409
            ],
            [
              -76.2538,
              1.4594
            ],
            [
              -76.2421,
              1.4754
            ],
            [
              -76.2272,
              1.4819
            ],
            [
              -76.2156,
              1.4958
            ],
            [
              -76.2181,
              1.5062
            ],
            [
              -76.2113,
              1.5288
            ],
            [
              -76.2168,
              1.5578
            ],
            [
              -76.1989,
              1.5751
            ],
            [
              -76.2007,
              1.592
            ],
            [
              -76.2098,
              1.6003
            ],
            [
              -76.2086,
              1.6258
            ],
            [
              -76.2116,
              1.6407
            ],
            [
              -76.2252,
              1.655
            ],
            [
              -76.2264,
              1.6647
            ],
            [
              -76.2348,
              1.6681
            ],
            [
              -76.2453,
              1.6825
            ],
            [
              -76.2532,
              1.674
            ],
            [
              -76.2815,
              1.6766
            ],
            [
              -76.2872,
              1.6854
            ],
            [
              -76.3016,
              1.6902
            ],
            [
              -76.3162,
              1.6844
            ]
          ]
        ]
      },
      "properties": {
        "OBJECTID": 394,
        "DPTO_CCDGO": "11",
        "MPIO_CCDGO": "701",
        "name": "11079",
        "MPIO_CRSLC": "1915",
        "MPIO_NANO_": 1993,
        "MPIO_NAREA": 2690.6832585,
        "MPIO_CSMBL": "4",
        "MPIO_CCNCT": "19701",
        "MPIO_NANO": 2012,
        "SHAPE_Leng": 2.563138327,
        "SHAPE_Area": 0.218655547343,
        "NOMBRE": "SANTA ROSA",
        "DANE": {
          "dpto_ccdgo": "19",
          "mpio_ccdgo": "701",
          "mpio_cdpmp": "19701",
          "dpto_cnmbr": "CAUCA",
          "mpio_cnmbr": "SANTA ROSA",
          "mpio_crslc": "1915",
          "mpio_tipo": "MUNICIPIO",
          "mpio_narea": 3619.37102616,
          "mpio_nano": 2024,
          "shape_Leng": 3.24535859633,
          "shape_Area": 0.293594536096
        }
      }
    },
    {
      "type": "Feature",
      "geometry": {
        "type": "Polygon",
        "coordinates": [
          [
            [
              -76.2116,
              2.6317
            ],
            [
              -76.2232,
              2.6435
            ],
            [
              -76.2501,
              2.6519
            ],
            [
              -76.2546,
              2.6591
            ],
            [
              -76.2507,
              2.6788
            ],
            [
              -76.2413,
              2.6915
            ],
            [
              -76.2289,
              2.7186
            ],
            [
              -76.2311,
              2.7341
            ],
            [
              -76.2248,
              2.7577
            ],
            [
              -76.2158,
              2.7752
            ],
            [
              -76.1814,
              2.771
            ],
            [
              -76.1768,
              2.7803
            ],
            [
              -76.1971,
              2.7883
            ],
            [
              -76.2286,
              2.7896
            ],
            [
              -76.2447,
              2.7818
            ],
            [
              -76.2468,
              2.7731
            ],
            [
              -76.2667,
              2.766
            ],
            [
              -76.2783,
              2.7837
            ],
            [
              -76.2954,
              2.7621
            ],
            [
              -76.309,
              2.7614
            ],
            [
              -76.3298,
              2.7726
            ],
            [
              -76.3365,
              2.7475
            ],
            [
              -76.3493,
              2.7488
            ],
            [
              -76.365,
              2.7674
            ],
            [
              -76.3815,
              2.7539
            ],
            [
              -76.3869,
              2.7409
            ],
            [
              -76.3992,
              2.7348
            ],
            [
              -76.4028,
              2.7249
            ],
            [
              -76.4126,
              2.721
            ],
            [
              -76.4328,
              2.7312
            ],
            [
              -76.4571,
              2.7395
            ],
            [
              -76.4884,
              2.7463
            ],
            [
              -76.4863,
              2.7298
            ],
            [
              -76.4948,
              2.72
            ],
            [
              -76.4966,
              2.7055
            ],
            [
              -76.5044,
              2.7062
            ],
            [
              -76.5163,
              2.6975
            ],
            [
              -76.5085,
              2.682
            ],
            [
              -76.5047,
              2.6649
            ],
            [
              -76.494,
              2.6508
            ],
            [
              -76.5029,
              2.6346
            ],
            [
              -76.5015,
              2.615
            ],
            [
              -76.497,
              2.6057
            ],
            [
              -76.4937,
              2.6022
            ],
            [
              -76.4612,
              2.6019
            ],
            [
              -76.4424,
              2.5916
            ],
            [
              -76.4398,
              2.564
            ],
            [
              -76.4324,
              2.5478
            ],
            [
              -76.4114,
              2.5418
            ],
            [
              -76.4006,
              2.5245
            ],
            [
              -76.3926,
              2.5205
            ],
            [
              -76.3695,
              2.527
            ],
            [
              -76.355,
              2.5265
            ],
            [
              -76.3442,
              2.5173
            ],
            [
              -76.282,
              2.5431
            ],
            [
              -76.2558,
              2.5421
            ],
            [
              -76.251,
              2.5383
            ],
            [
              -76.2256,
              2.548
            ],
            [
              -76.2293,
              2.5577
            ],
            [
              -76.2191,
              2.5673
            ],
            [
              -76.2326,
              2.5919
            ],
            [
              -76.2311,
              2.6071
            ],
            [
              -76.2223,
              2.6271
            ],
            [
              -76.2116,
              2.6317
            ]
          ]
        ]
      },
      "properties": {
        "OBJECTID": 395,
        "DPTO_CCDGO": "11",
        "MPIO_CCDGO": "743",
        "name": "11082",
        "MPIO_CRSLC": "1908",
        "MPIO_NANO_": 1993,
        "MPIO_NAREA": 694.35556822,
        "MPIO_CSMBL": "4",
        "MPIO_CCNCT": "19743",
        "MPIO_NANO": 2012,
        "SHAPE_Leng": 1.48235491458,
        "SHAPE_Area": 0.0564597730069,
        "NOMBRE": "SILVIA",
        "DANE": {
          "dpto_ccdgo": "19",
          "mpio_ccdgo": "743",
          "mpio_cdpmp": "19743",
          "dpto_cnmbr": "CAUCA",
          "mpio_cnmbr": "SILVIA",
          "mpio_crslc": "1908",
          "mpio_tipo": "MUNICIPIO",
          "mpio_narea": 680.991566506,
          "mpio_nano": 2024,
          "shape_Leng": 1.44698645494,
          "shape_Area": 0.0552944791264
        }
      }
    },
    {
      "type": "Feature",
      "geometry": {
        "type": "Polygon",
        "coordinates": [
          [
            [
              -76.6189,
              2.4156
            ],
            [
              -76.6384,
              2.4172
            ],
            [
              -76.6481,
              2.4117
            ],
            [
              -76.6537,
              2.3892
            ],
            [
              -76.6459,
              2.3726
            ],
            [
              -76.6605,
              2.3646
            ],
            [
              -76.652,
              2.3357
            ],
            [
              -76.6553,
              2.3255
            ],
            [
              -76.6489,
              2.3101
            ],
            [
              -76.6637,
              2.2962
            ],
            [
              -76.6907,
              2.3085
            ],
            [
              -76.701,
              2.3056
            ],
            [
              -76.703,
              2.2941
            ],
            [
              -76.7158,
              2.2865
            ],
            [
              -76.71,
              2.2723
            ],
            [
              -76.6836,
              2.2536
            ],
            [
              -76.6719,
              2.2514
            ],
            [
              -76.6557,
              2.2399
            ],
            [
              -76.6496,
              2.1883
            ],
            [
              -76.6446,
              2.1804
            ],
            [
              -76.6499,
              2.154
            ],
            [
              -76.6414,
              2.1336
            ],
            [
              -76.6601,
              2.1428
            ],
            [
              -76.6736,
              2.1364
            ],
            [
              -76.6938,
              2.1367
            ],
            [
              -76.7097,
              2.1431
            ],
            [
              -76.6912,
              2.1268
            ],
            [
              -76.6834,
              2.0959
            ],
            [
              -76.6755,
              2.0767
            ],
            [
              -76.6791,
              2.0657
            ],
            [
              -76.6658,
              2.0444
            ],
            [
              -76.6542,
              2.0392
            ],
            [
              -76.6423,
              2.044
            ],
            [
              -76.6131,
              2.0295
            ],
            [
              -76.604,
              2.0362
            ],
            [
              -76.5803,
              2.0291
            ],
            [
              -76.5861,
              2.0346
            ],
            [
              -76.5773,
              2.0557
            ],
            [
              -76.5907,
              2.1066
            ],
            [
              -76.5749,
              2.1187
            ],
            [
              -76.5542,
              2.1392
            ],
            [
              -76.5565,
              2.1457
            ],
            [
              -76.5532,
              2.1775
            ],
            [
              -76.5572,
              2.185
            ],
            [
              -76.5498,
              2.1995
            ],
            [
              -76.5488,
              2.2139
            ],
            [
              -76.5316,
              2.2254
            ],
            [
              -76.5423,
              2.2321
            ],
            [
              -76.5422,
              2.2793
            ],
            [
              -76.5275,
              2.2946
            ],
            [
              -76.5318,
              2.3127
            ],
            [
              -76.5422,
              2.316
            ],
            [
              -76.5346,
              2.3312
            ],
            [
              -76.5442,
              2.35
            ],
            [
              -76.5449,
              2.3753
            ],
            [
              -76.5572,
              2.3974
            ],
            [
              -76.5877,
              2.4112
            ],
            [
              -76.5987,
              2.4062
            ],
            [
              -76.6189,
              2.4156
            ]
          ]
        ]
      },
      "properties": {
        "OBJECTID": 396,
        "DPTO_CCDGO": "11",
        "MPIO_CCDGO": "760",
        "name": "11085",
        "MPIO_CRSLC": "Ordenanza 002 del 12 de Marzo de 1936",
        "MPIO_NANO_": 1993,
        "MPIO_NAREA": 511.74578257,
        "MPIO_CSMBL": "4",
        "MPIO_CCNCT": "19760",
        "MPIO_NANO": 2012,
        "SHAPE_Leng": 1.36077446507,
        "SHAPE_Area": 0.0416026351749,
        "NOMBRE": "SOTARA (PAISPAMBA)",
        "DANE": {
          "dpto_ccdgo": "19",
          "mpio_ccdgo": "760",
          "mpio_cdpmp": "19760",
          "dpto_cnmbr": "CAUCA",
          "mpio_cnmbr": "SOTARÁ PAISPAMBA",
          "mpio_crslc": "Ordenanza 002 del 12 de Marzo de 1936",
          "mpio_tipo": "MUNICIPIO",
          "mpio_narea": 515.905701334,
          "mpio_nano": 2024,
          "shape_Leng": 1.44612036163,
          "shape_Area": 0.0418612410852
        }
      }
    },
    {
      "type": "Feature",
      "geometry": {
        "type": "Polygon",
        "coordinates": [
          [
            [
              -76.6447,
              2.8886
            ],
            [
              -76.6537,
              2.8929
            ],
            [
              -76.6779,
              2.9289
            ],
            [
              -76.6799,
              2.9395
            ],
            [
              -76.6698,
              2.9507
            ],
            [
              -76.6852,
              2.9656
            ],
            [
              -76.6874,
              2.9774
            ],
            [
              -76.683,
              2.9992
            ],
            [
              -76.6765,
              3.011
            ],
            [
              -76.676,
              3.0271
            ],
            [
              -76.6704,
              3.0381
            ],
            [
              -76.7036,
              3.0703
            ],
            [
              -76.7132,
              3.0625
            ],
            [
              -76.7238,
              3.0638
            ],
            [
              -76.726,
              3.0528
            ],
            [
              -76.7365,
              3.0337
            ],
            [
              -76.7507,
              3.0236
            ],
            [
              -76.7635,
              3.0293
            ],
            [
              -76.772,
              3.0436
            ],
            [
              -76.7866,
              3.0526
            ],
            [
              -76.8053,
              3.0507
            ],
            [
              -76.8135,
              3.0329
            ],
            [
              -76.8242,
              3.0238
            ],
            [
              -76.8252,
              3.0094
            ],
            [
              -76.8358,
              2.9952
            ],
            [
              -76.8477,
              2.9897
            ],
            [
              -76.8581,
              2.9762
            ],
            [
              -76.8469,
              2.9788
            ],
            [
              -76.8056,
              2.9605
            ],
            [
              -76.798,
              2.9491
            ],
            [
              -76.7982,
              2.9229
            ],
            [
              -76.8054,
              2.9071
            ],
            [
              -76.8021,
              2.9017
            ],
            [
              -76.829,
              2.8822
            ],
            [
              -76.8343,
              2.8715
            ],
            [
              -76.8275,
              2.8527
            ],
            [
              -76.8024,
              2.8453
            ],
            [
              -76.7797,
              2.8255
            ],
            [
              -76.7517,
              2.8154
            ],
            [
              -76.7469,
              2.8189
            ],
            [
              -76.731,
              2.8087
            ],
            [
              -76.7193,
              2.8058
            ],
            [
              -76.7075,
              2.8124
            ],
            [
              -76.6937,
              2.8262
            ],
            [
              -76.6863,
              2.8441
            ],
            [
              -76.6882,
              2.8613
            ],
            [
              -76.6815,
              2.8751
            ],
            [
              -76.6641,
              2.8763
            ],
            [
              -76.6447,
              2.8886
            ]
          ]
        ]
      },
      "properties": {
        "OBJECTID": 397,
        "DPTO_CCDGO": "11",
        "MPIO_CCDGO": "780",
        "name": "11087",
        "MPIO_CRSLC": "Ordenanza 13 de Diciembre 1 de 1989",
        "MPIO_NANO_": 1993,
        "MPIO_NAREA": 392.88970328,
        "MPIO_CSMBL": "4",
        "MPIO_CCNCT": "19780",
        "MPIO_NANO": 2012,
        "SHAPE_Leng": 1.09724830262,
        "SHAPE_Area": 0.0319584193358,
        "NOMBRE": "SUAREZ",
        "DANE": {
          "dpto_ccdgo": "19",
          "mpio_ccdgo": "780",
          "mpio_cdpmp": "19780",
          "dpto_cnmbr": "CAUCA",
          "mpio_cnmbr": "SUÁREZ",
          "mpio_crslc": "Ordenanza 13 de Diciembre 1 de 1989",
          "mpio_tipo": "MUNICIPIO",
          "mpio_narea": 392.385708811,
          "mpio_nano": 2024,
          "shape_Leng": 1.09426203246,
          "shape_Area": 0.0318491104564
        }
      }
    },
    {
      "type": "Feature",
      "geometry": {
        "type": "Polygon",
        "coordinates": [
          [
            [
              -76.8876,
              2.1628
            ],
            [
              -76.8924,
              2.1657
            ],
            [
              -76.9087,
              2.1463
            ],
            [
              -76.9392,
              2.1204
            ],
            [
              -76.9516,
              2.0963
            ],
            [
              -76.9347,
              2.1111
            ],
            [
              -76.9244,
              2.0999
            ],
            [
              -76.9433,
              2.0865
            ],
            [
              -76.9444,
              2.0626
            ],
            [
              -76.9619,
              2.0588
            ],
            [
              -76.9697,
              2.0455
            ],
            [
              -76.9837,
              2.0437
            ],
            [
              -76.9705,
              2.0156
            ],
            [
              -76.9619,
              2.0094
            ],
            [
              -76.9529,
              2.0159
            ],
            [
              -76.9423,
              2.0093
            ],
            [
              -76.9297,
              2.0163
            ],
            [
              -76.9222,
              2.0085
            ],
            [
              -76.9012,
              1.9975
            ],
            [
              -76.8864,
              1.9956
            ],
            [
              -76.8662,
              1.9822
            ],
            [
              -76.852,
              1.9758
            ],
            [
              -76.837,
              1.9848
            ],
            [
              -76.8389,
              1.9961
            ],
            [
              -76.8514,
              2.0158
            ],
            [
              -76.8641,
              2.0166
            ],
            [
              -76.8865,
              2.0259
            ],
            [
              -76.8781,
              2.043
            ],
            [
              -76.885,
              2.0565
            ],
            [
              -76.8821,
              2.0633
            ],
            [
              -76.8844,
              2.1037
            ],
            [
              -76.8889,
              2.1096
            ],
            [
              -76.8861,
              2.1246
            ],
            [
              -76.8789,
              2.1336
            ],
            [
              -76.8816,
              2.1534
            ],
            [
              -76.8876,
              2.1628
            ]
          ]
        ]
      },
      "properties": {
        "OBJECTID": 398,
        "DPTO_CCDGO": "11",
        "MPIO_CCDGO": "785",
        "name": "11086",
        "MPIO_CRSLC": "Ordenanza 009 del 10 de diciembre de 1999",
        "MPIO_NANO_": 1999,
        "MPIO_NAREA": 129.45549898,
        "MPIO_CSMBL": "4",
        "MPIO_CCNCT": "19785",
        "MPIO_NANO": 2012,
        "SHAPE_Leng": 0.745935589702,
        "SHAPE_Area": 0.0105236262624,
        "NOMBRE": "SUCRE",
        "DANE": {
          "dpto_ccdgo": "19",
          "mpio_ccdgo": "785",
          "mpio_cdpmp": "19785",
          "dpto_cnmbr": "CAUCA",
          "mpio_cnmbr": "SUCRE",
          "mpio_crslc": "Ordenanza 009 del 10 de diciembre de 1999",
          "mpio_tipo": "MUNICIPIO",
          "mpio_narea": 135.873296197,
          "mpio_nano": 2024,
          "shape_Leng": 0.765693738546,
          "shape_Area": 0.0110182825783
        }
      }
    },
    {
      "type": "Feature",
      "geometry": {
        "type": "Polygon",
        "coordinates": [
          [
            [
              -76.6189,
              2.4156
            ],
            [
              -76.6394,
              2.4326
            ],
            [
              -76.6801,
              2.4405
            ],
            [
              -76.7051,
              2.4691
            ],
            [
              -76.7124,
              2.4678
            ],
            [
              -76.7244,
              2.4771
            ],
            [
              -76.7293,
              2.4601
            ],
            [
              -76.7173,
              2.4542
            ],
            [
              -76.7091,
              2.4423
            ],
            [
              -76.7165,
              2.4324
            ],
            [
              -76.7219,
              2.411
            ],
            [
              -76.7314,
              2.3992
            ],
            [
              -76.7334,
              2.3886
            ],
            [
              -76.7539,
              2.3757
            ],
            [
              -76.7642,
              2.3816
            ],
            [
              -76.7737,
              2.3766
            ],
            [
              -76.7834,
              2.3851
            ],
            [
              -76.7976,
              2.3772
            ],
            [
              -76.8163,
              2.3862
            ],
            [
              -76.8288,
              2.3746
            ],
            [
              -76.8115,
              2.3598
            ],
            [
              -76.8006,
              2.3578
            ],
            [
              -76.7783,
              2.336
            ],
            [
              -76.7439,
              2.3288
            ],
            [
              -76.7598,
              2.306
            ],
            [
              -76.7465,
              2.302
            ],
            [
              -76.7158,
              2.2865
            ],
            [
              -76.703,
              2.2941
            ],
            [
              -76.701,
              2.3056
            ],
            [
              -76.6907,
              2.3085
            ],
            [
              -76.6637,
              2.2962
            ],
            [
              -76.6489,
              2.3101
            ],
            [
              -76.6553,
              2.3255
            ],
            [
              -76.652,
              2.3357
            ],
            [
              -76.6605,
              2.3646
            ],
            [
              -76.6459,
              2.3726
            ],
            [
              -76.6537,
              2.3892
            ],
            [
              -76.6481,
              2.4117
            ],
            [
              -76.6384,
              2.4172
            ],
            [
              -76.6189,
              2.4156
            ]
          ]
        ]
      },
      "properties": {
        "OBJECTID": 399,
        "DPTO_CCDGO": "11",
        "MPIO_CCDGO": "807",
        "name": "11088",
        "MPIO_CRSLC": "1535",
        "MPIO_NANO_": 1993,
        "MPIO_NAREA": 201.75708971,
        "MPIO_CSMBL": "4",
        "MPIO_CCNCT": "19807",
        "MPIO_NANO": 2012,
        "SHAPE_Leng": 1.01241048259,
        "SHAPE_Area": 0.0164038984701,
        "NOMBRE": "TIMBIO",
        "DANE": {
          "dpto_ccdgo": "19",
          "mpio_ccdgo": "807",
          "mpio_cdpmp": "19807",
          "dpto_cnmbr": "CAUCA",
          "mpio_cnmbr": "TIMBÍO",
          "mpio_crslc": "1535",
          "mpio_tipo": "MUNICIPIO",
          "mpio_narea": 201.319930131,
          "mpio_nano": 2024,
          "shape_Leng": 0.992232382417,
          "shape_Area": 0.0163343119225
        }
      }
    },
    {
      "type": "Feature",
      "geometry": {
        "type": "Polygon",
        "coordinates": [
          [
            [
              -77.251,
              2.7028
            ],
            [
              -77.2553,
              2.6891
            ],
            [
              -77.2814,
              2.6692
            ],
            [
              -77.2952,
              2.6734
            ],
            [
              -77.2994,
              2.6978
            ],
            [
              -77.3131,
              2.717
            ],
            [
              -77.3172,
              2.7319
            ],
            [
              -77.3106,
              2.7462
            ],
            [
              -77.3152,
              2.7732
            ],
            [
              -77.3228,
              2.789
            ],
            [
              -77.3087,
              2.8219
            ],
            [
              -77.3195,
              2.8336
            ],
            [
              -77.3221,
              2.8472
            ],
            [
              -77.333,
              2.8404
            ],
            [
              -77.3503,
              2.8489
            ],
            [
              -77.3517,
              2.8661
            ],
            [
              -77.3645,
              2.8688
            ],
            [
              -77.393,
              2.8941
            ],
            [
              -77.4031,
              2.8882
            ],
            [
              -77.4294,
              2.8981
            ],
            [
              -77.4381,
              2.897
            ],
            [
              -77.4517,
              2.9043
            ],
            [
              -77.4606,
              2.9022
            ],
            [
              -77.4859,
              2.9072
            ],
            [
              -77.5006,
              2.9163
            ],
            [
              -77.5152,
              2.9151
            ],
            [
              -77.5208,
              2.9201
            ],
            [
              -77.5497,
              2.9133
            ],
            [
              -77.5717,
              2.925
            ],
            [
              -77.5815,
              2.9202
            ],
            [
              -77.5939,
              2.9224
            ],
            [
              -77.607,
              2.9065
            ],
            [
              -77.6316,
              2.9054
            ],
            [
              -77.6395,
              2.9117
            ],
            [
              -77.6458,
              2.9307
            ],
            [
              -77.6703,
              2.9478
            ],
            [
              -77.6923,
              2.9135
            ],
            [
              -77.6985,
              2.8979
            ],
            [
              -77.6945,
              2.8868
            ],
            [
              -77.7024,
              2.8626
            ],
            [
              -77.7209,
              2.8249
            ],
            [
              -77.7372,
              2.823
            ],
            [
              -77.7641,
              2.7963
            ],
            [
              -77.7359,
              2.7867
            ],
            [
              -77.7563,
              2.7606
            ],
            [
              -77.7644,
              2.7649
            ],
            [
              -77.7793,
              2.7574
            ],
            [
              -77.7888,
              2.7612
            ],
            [
              -77.7975,
              2.7473
            ],
            [
              -77.8004,
              2.7308
            ],
            [
              -77.7904,
              2.73
            ],
            [
              -77.7954,
              2.7084
            ],
            [
              -77.7883,
              2.691
            ],
            [
              -77.7789,
              2.6888
            ],
            [
              -77.7703,
              2.7013
            ],
            [
              -77.7604,
              2.6992
            ],
            [
              -77.7482,
              2.6831
            ],
            [
              -77.7367,
              2.691
            ],
            [
              -77.7128,
              2.6837
            ],
            [
              -77.6827,
              2.6643
            ],
            [
              -77.6633,
              2.6689
            ],
            [
              -77.6409,
              2.6427
            ],
            [
              -77.625,
              2.6421
            ],
            [
              -77.614,
              2.6352
            ],
            [
              -77.6141,
              2.6196
            ],
            [
              -77.5912,
              2.6097
            ],
            [
              -77.5865,
              2.5821
            ],
            [
              -77.5784,
              2.5528
            ],
            [
              -77.5547,
              2.5291
            ],
            [
              -77.5416,
              2.5208
            ],
            [
              -77.5279,
              2.5197
            ],
            [
              -77.5061,
              2.5099
            ],
            [
              -77.4826,
              2.496
            ],
            [
              -77.4686,
              2.5084
            ],
            [
              -77.4608,
              2.493
            ],
            [
              -77.452,
              2.4912
            ],
            [
              -77.4551,
              2.4736
            ],
            [
              -77.4477,
              2.4622
            ],
            [
              -77.4499,
              2.4423
            ],
            [
              -77.4562,
              2.4279
            ],
            [
              -77.4525,
              2.4178
            ],
            [
              -77.4246,
              2.4109
            ],
            [
              -77.4305,
              2.3998
            ],
            [
              -77.4242,
              2.384
            ],
            [
              -77.4028,
              2.383
            ],
            [
              -77.3678,
              2.4093
            ],
            [
              -77.3541,
              2.4149
            ],
            [
              -77.3442,
              2.432
            ],
            [
              -77.3216,
              2.4485
            ],
            [
              -77.3281,
              2.4717
            ],
            [
              -77.3296,
              2.4881
            ],
            [
              -77.323,
              2.5021
            ],
            [
              -77.3094,
              2.5083
            ],
            [
              -77.3048,
              2.5404
            ],
            [
              -77.3108,
              2.5579
            ],
            [
              -77.286,
              2.5767
            ],
            [
              -77.2877,
              2.5892
            ],
            [
              -77.2715,
              2.6028
            ],
            [
              -77.2612,
              2.6032
            ],
            [
              -77.2559,
              2.6155
            ],
            [
              -77.2628,
              2.6364
            ],
            [
              -77.2462,
              2.642
            ],
            [
              -77.2216,
              2.6411
            ],
            [
              -77.2068,
              2.646
            ],
            [
              -77.2009,
              2.6611
            ],
            [
              -77.2107,
              2.6692
            ],
            [
              -77.2056,
              2.6874
            ],
            [
              -77.224,
              2.7005
            ],
            [
              -77.251,
              2.7028
            ]
          ]
        ]
      },
      "properties": {
        "OBJECTID": 400,
        "DPTO_CCDGO": "11",
        "MPIO_CCDGO": "809",
        "name": "11091",
        "MPIO_CRSLC": "1915",
        "MPIO_NANO_": 1993,
        "MPIO_NAREA": 2185.64504251,
        "MPIO_CSMBL": "4",
        "MPIO_CCNCT": "19809",
        "MPIO_NANO": 2012,
        "SHAPE_Leng": 2.27053111983,
        "SHAPE_Area": 0.17774570785,
        "NOMBRE": "TIMBIQUI",
        "DANE": {
          "dpto_ccdgo": "19",
          "mpio_ccdgo": "809",
          "mpio_cdpmp": "19809",
          "dpto_cnmbr": "CAUCA",
          "mpio_cnmbr": "TIMBIQUÍ",
          "mpio_crslc": "1915",
          "mpio_tipo": "MUNICIPIO",
          "mpio_narea": 2057.70619342,
          "mpio_nano": 2024,
          "shape_Leng": 2.43839098778,
          "shape_Area": 0.166754122171
        }
      }
    },
    {
      "type": "Feature",
      "geometry": {
        "type": "Polygon",
        "coordinates": [
          [
            [
              -76.103,
              3.0961
            ],
            [
              -76.1113,
              3.0763
            ],
            [
              -76.1246,
              3.069
            ],
            [
              -76.1414,
              3.0792
            ],
            [
              -76.171,
              3.0658
            ],
            [
              -76.1946,
              3.0677
            ],
            [
              -76.2146,
              3.0593
            ],
            [
              -76.2301,
              3.0746
            ],
            [
              -76.2503,
              3.0789
            ],
            [
              -76.26,
              3.0708
            ],
            [
              -76.2757,
              3.0699
            ],
            [
              -76.2861,
              3.0505
            ],
            [
              -76.2897,
              3.0175
            ],
            [
              -76.3142,
              2.9918
            ],
            [
              -76.3052,
              2.9775
            ],
            [
              -76.308,
              2.9586
            ],
            [
              -76.3184,
              2.9335
            ],
            [
              -76.3036,
              2.9226
            ],
            [
              -76.3009,
              2.8897
            ],
            [
              -76.3052,
              2.8744
            ],
            [
              -76.2665,
              2.8473
            ],
            [
              -76.2447,
              2.8489
            ],
            [
              -76.2408,
              2.8623
            ],
            [
              -76.2267,
              2.8636
            ],
            [
              -76.2243,
              2.8544
            ],
            [
              -76.2067,
              2.8585
            ],
            [
              -76.2052,
              2.8685
            ],
            [
              -76.191,
              2.8794
            ],
            [
              -76.1692,
              2.8785
            ],
            [
              -76.1519,
              2.889
            ],
            [
              -76.1533,
              2.903
            ],
            [
              -76.1435,
              2.9157
            ],
            [
              -76.1261,
              2.9143
            ],
            [
              -76.1169,
              2.9243
            ],
            [
              -76.1116,
              2.9567
            ],
            [
              -76.1205,
              2.9641
            ],
            [
              -76.1069,
              2.9738
            ],
            [
              -76.1032,
              2.9927
            ],
            [
              -76.0966,
              3.0053
            ],
            [
              -76.0854,
              3.0119
            ],
            [
              -76.0824,
              3.0305
            ],
            [
              -76.0761,
              3.0445
            ],
            [
              -76.0672,
              3.0459
            ],
            [
              -76.073,
              3.0496
            ],
            [
              -76.0703,
              3.0672
            ],
            [
              -76.0836,
              3.0913
            ],
            [
              -76.103,
              3.0961
            ]
          ]
        ]
      },
      "properties": {
        "OBJECTID": 401,
        "DPTO_CCDGO": "11",
        "MPIO_CCDGO": "821",
        "name": "11094",
        "MPIO_CRSLC": "1815",
        "MPIO_NANO_": 1993,
        "MPIO_NAREA": 490.65696366,
        "MPIO_CSMBL": "4",
        "MPIO_CCNCT": "19821",
        "MPIO_NANO": 2012,
        "SHAPE_Leng": 0.999294227377,
        "SHAPE_Area": 0.0399044521386,
        "NOMBRE": "TORIBIO",
        "DANE": {
          "dpto_ccdgo": "19",
          "mpio_ccdgo": "821",
          "mpio_cdpmp": "19821",
          "dpto_cnmbr": "CAUCA",
          "mpio_cnmbr": "TORIBÍO",
          "mpio_crslc": "1815",
          "mpio_tipo": "MUNICIPIO",
          "mpio_narea": 492.147675919,
          "mpio_nano": 2024,
          "shape_Leng": 1.00162840363,
          "shape_Area": 0.0399797267303
        }
      }
    },
    {
      "type": "Feature",
      "geometry": {
        "type": "Polygon",
        "coordinates": [
          [
            [
              -76.497,
              2.6057
            ],
            [
              -76.506,
              2.5908
            ],
            [
              -76.4941,
              2.5816
            ],
            [
              -76.5062,
              2.5742
            ],
            [
              -76.5278,
              2.5886
            ],
            [
              -76.5332,
              2.581
            ],
            [
              -76.5506,
              2.5735
            ],
            [
              -76.5504,
              2.567
            ],
            [
              -76.5624,
              2.555
            ],
            [
              -76.5881,
              2.5531
            ],
            [
              -76.5447,
              2.5303
            ],
            [
              -76.5438,
              2.5208
            ],
            [
              -76.4903,
              2.4936
            ],
            [
              -76.4791,
              2.4759
            ],
            [
              -76.4542,
              2.4602
            ],
            [
              -76.4245,
              2.4547
            ],
            [
              -76.3948,
              2.4257
            ],
            [
              -76.3853,
              2.4235
            ],
            [
              -76.377,
              2.4148
            ],
            [
              -76.355,
              2.4026
            ],
            [
              -76.3416,
              2.4031
            ],
            [
              -76.3354,
              2.3874
            ],
            [
              -76.3236,
              2.3931
            ],
            [
              -76.3284,
              2.4248
            ],
            [
              -76.3099,
              2.432
            ],
            [
              -76.3017,
              2.4471
            ],
            [
              -76.2899,
              2.4402
            ],
            [
              -76.2856,
              2.4496
            ],
            [
              -76.2879,
              2.4644
            ],
            [
              -76.2692,
              2.4647
            ],
            [
              -76.2535,
              2.4734
            ],
            [
              -76.2269,
              2.481
            ],
            [
              -76.2159,
              2.496
            ],
            [
              -76.2175,
              2.5131
            ],
            [
              -76.2055,
              2.5238
            ],
            [
              -76.2102,
              2.5377
            ],
            [
              -76.2256,
              2.548
            ],
            [
              -76.251,
              2.5383
            ],
            [
              -76.2558,
              2.5421
            ],
            [
              -76.282,
              2.5431
            ],
            [
              -76.3442,
              2.5173
            ],
            [
              -76.355,
              2.5265
            ],
            [
              -76.3695,
              2.527
            ],
            [
              -76.3926,
              2.5205
            ],
            [
              -76.4006,
              2.5245
            ],
            [
              -76.4114,
              2.5418
            ],
            [
              -76.4324,
              2.5478
            ],
            [
              -76.4398,
              2.564
            ],
            [
              -76.4424,
              2.5916
            ],
            [
              -76.4612,
              2.6019
            ],
            [
              -76.4937,
              2.6022
            ],
            [
              -76.497,
              2.6057
            ]
          ]
        ]
      },
      "properties": {
        "OBJECTID": 402,
        "DPTO_CCDGO": "11",
        "MPIO_CCDGO": "824",
        "name": "11097",
        "MPIO_CRSLC": "1915",
        "MPIO_NANO_": 1993,
        "MPIO_NAREA": 396.76505811,
        "MPIO_CSMBL": "4",
        "MPIO_CCNCT": "19824",
        "MPIO_NANO": 2012,
        "SHAPE_Leng": 1.41023085649,
        "SHAPE_Area": 0.0322588520063,
        "NOMBRE": "TOTORO",
        "DANE": {
          "dpto_ccdgo": "19",
          "mpio_ccdgo": "824",
          "mpio_cdpmp": "19824",
          "dpto_cnmbr": "CAUCA",
          "mpio_cnmbr": "TOTORÓ",
          "mpio_crslc": "1915",
          "mpio_tipo": "MUNICIPIO",
          "mpio_narea": 404.479548795,
          "mpio_nano": 2024,
          "shape_Leng": 1.3285083265,
          "shape_Area": 0.032836955178
        }
      }
    },
    {
      "type": "Feature",
      "geometry": {
        "type": "Polygon",
        "coordinates": [
          [
            [
              -76.4298,
              3.2136
            ],
            [
              -76.4244,
              3.2283
            ],
            [
              -76.449,
              3.2414
            ],
            [
              -76.4544,
              3.2565
            ],
            [
              -76.4608,
              3.2592
            ],
            [
              -76.469,
              3.2584
            ],
            [
              -76.4653,
              3.2412
            ],
            [
              -76.4699,
              3.2272
            ],
            [
              -76.4927,
              3.2065
            ],
            [
              -76.4908,
              3.1959
            ],
            [
              -76.496,
              3.1657
            ],
            [
              -76.5078,
              3.1559
            ],
            [
              -76.5031,
              3.1441
            ],
            [
              -76.4965,
              3.1342
            ],
            [
              -76.4854,
              3.1311
            ],
            [
              -76.468,
              3.117
            ],
            [
              -76.4555,
              3.1193
            ],
            [
              -76.4311,
              3.1041
            ],
            [
              -76.4334,
              3.1226
            ],
            [
              -76.4472,
              3.1361
            ],
            [
              -76.4574,
              3.1537
            ],
            [
              -76.4424,
              3.1563
            ],
            [
              -76.4378,
              3.1648
            ],
            [
              -76.4382,
              3.2008
            ],
            [
              -76.4298,
              3.2136
            ]
          ]
        ]
      },
      "properties": {
        "OBJECTID": 403,
        "DPTO_CCDGO": "11",
        "MPIO_CCDGO": "845",
        "name": "11098",
        "MPIO_CRSLC": "Ordenanza 021 de Noviembre 11 de 1998",
        "MPIO_NANO_": 1998,
        "MPIO_NAREA": 76.30401275,
        "MPIO_CSMBL": "4",
        "MPIO_CCNCT": "19845",
        "MPIO_NANO": 2012,
        "SHAPE_Leng": 0.662217701189,
        "SHAPE_Area": 0.00620759212983,
        "NOMBRE": "VILLA RICA",
        "DANE": {
          "dpto_ccdgo": "19",
          "mpio_ccdgo": "845",
          "mpio_cdpmp": "19845",
          "dpto_cnmbr": "CAUCA",
          "mpio_cnmbr": "VILLA RICA",
          "mpio_crslc": "Ordenanza 021 de Noviembre 11 de 1998",
          "mpio_tipo": "MUNICIPIO",
          "mpio_narea": 81.5408895157,
          "mpio_nano": 2024,
          "shape_Leng": 0.649286923236,
          "shape_Area": 0.00662285184948
        }
      }
    }
  ],
  "name": "11"
}