{
  "type": "FeatureCollection",
  "crs": {
    "type": "name",
    "properties": {
      "name": "urn:ogc:def:crs:OGC:1.3:CRS84"
    }
  },
  "features": [
    {
      "type": "Feature",
      "geometry": {
        "type": "Polygon",
        "coordinates": [
          [
            [
              -73.7355,
              9.8844
            ],
            [
              -73.7411,
              9.8689
            ],
            [
              -73.7417,
              9.8483
            ],
            [
              -73.7235,
              9.8284
            ],
            [
              -73.6925,
              9.8361
            ],
            [
              -73.6503,
              9.8306
            ],
            [
              -73.6511,
              9.8559
            ],
            [
              -73.639,
              9.8461
            ],
            [
              -73.64,
              9.8305
            ],
            [
              -73.6185,
              9.8185
            ],
            [
              -73.6175,
              9.8362
            ],
            [
              -73.6011,
              9.8605
            ],
            [
              -73.5884,
              9.8663
            ],
            [
              -73.587,
              9.8789
            ],
            [
              -73.5939,
              9.8945
            ],
            [
              -73.5875,
              9.9041
            ],
            [
              -73.5882,
              9.9271
            ],
            [
              -73.5758,
              9.9273
            ],
            [
              -73.5671,
              9.9387
            ],
            [
              -73.567,
              9.9564
            ],
            [
              -73.5596,
              9.9611
            ],
            [
              -73.5557,
              9.9765
            ],
            [
              -73.5459,
              9.9963
            ],
            [
              -73.5291,
              10.0204
            ],
            [
              -73.5184,
              10.016
            ],
            [
              -73.4987,
              10.0216
            ],
            [
              -73.4937,
              10.043
            ],
            [
              -73.4849,
              10.0442
            ],
            [
              -73.4852,
              10.0603
            ],
            [
              -73.4662,
              10.0716
            ],
            [
              -73.4589,
              10.0823
            ],
            [
              -73.4255,
              10.0914
            ],
            [
              -73.3931,
              10.1326
            ],
            [
              -73.3941,
              10.1396
            ],
            [
              -73.374,
              10.166
            ],
            [
              -73.3601,
              10.1704
            ],
            [
              -73.3533,
              10.1866
            ],
            [
              -73.3418,
              10.1897
            ],
            [
              -73.3294,
              10.2059
            ],
            [
              -73.2997,
              10.2144
            ],
            [
              -73.2845,
              10.2391
            ],
            [
              -73.2647,
              10.2602
            ],
            [
              -73.2749,
              10.2644
            ],
            [
              -73.26,
              10.2926
            ],
            [
              -73.251,
              10.3042
            ],
            [
              -73.2521,
              10.3335
            ],
            [
              -73.2369,
              10.356
            ],
            [
              -73.2267,
              10.3921
            ],
            [
              -73.186,
              10.434
            ],
            [
              -73.1894,
              10.4469
            ],
            [
              -73.1777,
              10.4565
            ],
            [
              -73.1714,
              10.4719
            ],
            [
              -73.1734,
              10.4823
            ],
            [
              -73.1627,
              10.4894
            ],
            [
              -73.1485,
              10.4996
            ],
            [
              -73.1397,
              10.5138
            ],
            [
              -73.1392,
              10.525
            ],
            [
              -73.1082,
              10.5393
            ],
            [
              -73.0991,
              10.5524
            ],
            [
              -73.1016,
              10.5706
            ],
            [
              -73.0892,
              10.582
            ],
            [
              -73.0863,
              10.6234
            ],
            [
              -73.0824,
              10.6281
            ],
            [
              -73.0964,
              10.6595
            ],
            [
              -73.1072,
              10.6775
            ],
            [
              -73.1392,
              10.6864
            ],
            [
              -73.1552,
              10.7005
            ],
            [
              -73.162,
              10.7158
            ],
            [
              -73.196,
              10.7075
            ],
            [
              -73.2103,
              10.7116
            ],
            [
              -73.2152,
              10.7263
            ],
            [
              -73.2371,
              10.7404
            ],
            [
              -73.2483,
              10.7315
            ],
            [
              -73.2741,
              10.7365
            ],
            [
              -73.2635,
              10.7574
            ],
            [
              -73.2524,
              10.7707
            ],
            [
              -73.258,
              10.7869
            ],
            [
              -73.2515,
              10.8043
            ],
            [
              -73.258,
              10.8293
            ],
            [
              -73.2644,
              10.8428
            ],
            [
              -73.2778,
              10.849
            ],
            [
              -73.2908,
              10.8619
            ],
            [
              -73.3125,
              10.8462
            ],
            [
              -73.3248,
              10.8578
            ],
            [
              -73.3444,
              10.8603
            ],
            [
              -73.382,
              10.8601
            ],
            [
              -73.3928,
              10.8674
            ],
            [
              -73.4425,
              10.8653
            ],
            [
              -73.467,
              10.8664
            ],
            [
              -73.4794,
              10.8672
            ],
            [
              -73.4945,
              10.8575
            ],
            [
              -73.5007,
              10.8593
            ],
            [
              -73.5202,
              10.8476
            ],
            [
              -73.5459,
              10.845
            ],
            [
              -73.5653,
              10.8463
            ],
            [
              -73.5986,
              10.836
            ],
            [
              -73.6206,
              10.8226
            ],
            [
              -73.6352,
              10.8079
            ],
            [
              -73.6383,
              10.7885
            ],
            [
              -73.5886,
              10.7814
            ],
            [
              -73.5846,
              10.7751
            ],
            [
              -73.562,
              10.7599
            ],
            [
              -73.5483,
              10.7595
            ],
            [
              -73.5442,
              10.7506
            ],
            [
              -73.5623,
              10.7409
            ],
            [
              -73.5194,
              10.723
            ],
            [
              -73.52,
              10.5955
            ],
            [
              -73.5008,
              10.5244
            ],
            [
              -73.4823,
              10.5148
            ],
            [
              -73.4707,
              10.5003
            ],
            [
              -73.4936,
              10.4895
            ],
            [
              -73.4949,
              10.473
            ],
            [
              -73.483,
              10.4611
            ],
            [
              -73.4774,
              10.4395
            ],
            [
              -73.4647,
              10.4203
            ],
            [
              -73.4483,
              10.4118
            ],
            [
              -73.4377,
              10.3914
            ],
            [
              -73.4405,
              10.3824
            ],
            [
              -73.4545,
              10.3729
            ],
            [
              -73.45,
              10.3603
            ],
            [
              -73.4789,
              10.348
            ],
            [
              -73.4837,
              10.3415
            ],
            [
              -73.4992,
              10.3444
            ],
            [
              -73.5139,
              10.3313
            ],
            [
              -73.5246,
              10.3306
            ],
            [
              -73.5335,
              10.3388
            ],
            [
              -73.5413,
              10.3328
            ],
            [
              -73.5564,
              10.3314
            ],
            [
              -73.5874,
              10.3394
            ],
            [
              -73.6066,
              10.3313
            ],
            [
              -73.6335,
              10.3359
            ],
            [
              -73.6466,
              10.3309
            ],
            [
              -73.6549,
              10.3191
            ],
            [
              -73.6816,
              10.3285
            ],
            [
              -73.6945,
              10.3367
            ],
            [
              -73.7111,
              10.336
            ],
            [
              -73.7213,
              10.3298
            ],
            [
              -73.7344,
              10.3512
            ],
            [
              -73.7365,
              10.3299
            ],
            [
              -73.749,
              10.3116
            ],
            [
              -73.7696,
              10.3082
            ],
            [
              -73.7736,
              10.2917
            ],
            [
              -73.795,
              10.2709
            ],
            [
              -73.8036,
              10.2692
            ],
            [
              -73.8137,
              10.2539
            ],
            [
              -73.8108,
              10.2444
            ],
            [
              -73.7992,
              10.236
            ],
            [
              -73.8014,
              10.2281
            ],
            [
              -73.7925,
              10.2166
            ],
            [
              -73.8003,
              10.1665
            ],
            [
              -73.7877,
              10.1544
            ],
            [
              -73.7714,
              10.1561
            ],
            [
              -73.7681,
              10.1478
            ],
            [
              -73.7856,
              10.1391
            ],
            [
              -73.8086,
              10.1038
            ],
            [
              -73.8083,
              10.0876
            ],
            [
              -73.8128,
              10.0744
            ],
            [
              -73.8336,
              10.0636
            ],
            [
              -73.8393,
              10.046
            ],
            [
              -73.8296,
              10.0413
            ],
            [
              -73.8078,
              10.0431
            ],
            [
              -73.8009,
              10.05
            ],
            [
              -73.7893,
              10.0338
            ],
            [
              -73.7827,
              10.0172
            ],
            [
              -73.764,
              10.005
            ],
            [
              -73.7564,
              9.9926
            ],
            [
              -73.7537,
              9.9583
            ],
            [
              -73.7467,
              9.9496
            ],
            [
              -73.7402,
              9.9287
            ],
            [
              -73.7427,
              9.9111
            ],
            [
              -73.7355,
              9.8844
            ]
          ]
        ]
      },
      "properties": {
        "OBJECTID": 404,
        "DPTO_CCDGO": "12",
        "MPIO_CCDGO": "001",
        "name": "12001",
        "MPIO_CRSLC": "1915",
        "MPIO_NANO_": 1993,
        "MPIO_NAREA": 4222.34558511,
        "MPIO_CSMBL": "4",
        "MPIO_CCNCT": "20001",
        "MPIO_NANO": 2012,
        "SHAPE_Leng": 4.44038597935,
        "SHAPE_Area": 0.348546743232,
        "NOMBRE": "VALLEDUPAR",
        "DANE": {
          "dpto_ccdgo": "20",
          "mpio_ccdgo": "001",
          "mpio_cdpmp": "20001",
          "dpto_cnmbr": "CESAR",
          "mpio_cnmbr": "VALLEDUPAR",
          "mpio_crslc": "1915",
          "mpio_tipo": "MUNICIPIO",
          "mpio_narea": 4188.75485263,
          "mpio_nano": 2024,
          "shape_Leng": 4.8450278274,
          "shape_Area": 0.345774214708
        }
      }
    },
    {
      "type": "Feature",
      "geometry": {
        "type": "Polygon",
        "coordinates": [
          [
            [
              -73.4927,
              8.422
            ],
            [
              -73.4879,
              8.4361
            ],
            [
              -73.4747,
              8.4455
            ],
            [
              -73.473,
              8.4605
            ],
            [
              -73.4777,
              8.4701
            ],
            [
              -73.4937,
              8.4775
            ],
            [
              -73.5233,
              8.4828
            ],
            [
              -73.5477,
              8.4714
            ],
            [
              -73.5592,
              8.4879
            ],
            [
              -73.5766,
              8.5057
            ],
            [
              -73.5918,
              8.4872
            ],
            [
              -73.6012,
              8.4876
            ],
            [
              -73.6222,
              8.4802
            ],
            [
              -73.6378,
              8.4874
            ],
            [
              -73.6149,
              8.3898
            ],
            [
              -73.626,
              8.3937
            ],
            [
              -73.6504,
              8.3898
            ],
            [
              -73.6448,
              8.3621
            ],
            [
              -73.6658,
              8.339
            ],
            [
              -73.6791,
              8.3334
            ],
            [
              -73.6796,
              8.3244
            ],
            [
              -73.6926,
              8.2558
            ],
            [
              -73.6951,
              8.2236
            ],
            [
              -73.6841,
              8.1874
            ],
            [
              -73.7275,
              8.1871
            ],
            [
              -73.7488,
              8.1752
            ],
            [
              -73.7481,
              8.1543
            ],
            [
              -73.7712,
              8.1546
            ],
            [
              -73.7753,
              8.145
            ],
            [
              -73.7739,
              8.1135
            ],
            [
              -73.7761,
              8.0943
            ],
            [
              -73.7645,
              8.0636
            ],
            [
              -73.7441,
              8.0529
            ],
            [
              -73.7441,
              8.0411
            ],
            [
              -73.7323,
              8.0307
            ],
            [
              -73.7209,
              8.0092
            ],
            [
              -73.7178,
              7.997
            ],
            [
              -73.7075,
              7.9906
            ],
            [
              -73.6786,
              7.9977
            ],
            [
              -73.6583,
              7.9936
            ],
            [
              -73.6416,
              7.9939
            ],
            [
              -73.6341,
              8.0046
            ],
            [
              -73.6161,
              8.0102
            ],
            [
              -73.6389,
              8.0661
            ],
            [
              -73.6535,
              8.1052
            ],
            [
              -73.6243,
              8.1067
            ],
            [
              -73.6077,
              8.103
            ],
            [
              -73.586,
              8.1148
            ],
            [
              -73.5685,
              8.1076
            ],
            [
              -73.6,
              8.1673
            ],
            [
              -73.6042,
              8.1782
            ],
            [
              -73.5754,
              8.1992
            ],
            [
              -73.5582,
              8.205
            ],
            [
              -73.553,
              8.2223
            ],
            [
              -73.5541,
              8.2374
            ],
            [
              -73.5419,
              8.2515
            ],
            [
              -73.5358,
              8.27
            ],
            [
              -73.5364,
              8.28
            ],
            [
              -73.5282,
              8.2902
            ],
            [
              -73.5106,
              8.2976
            ],
            [
              -73.5075,
              8.3068
            ],
            [
              -73.4856,
              8.3242
            ],
            [
              -73.4784,
              8.34
            ],
            [
              -73.4566,
              8.3614
            ],
            [
              -73.4712,
              8.3665
            ],
            [
              -73.4738,
              8.3741
            ],
            [
              -73.488,
              8.384
            ],
            [
              -73.515,
              8.385
            ],
            [
              -73.5142,
              8.3981
            ],
            [
              -73.5064,
              8.4028
            ],
            [
              -73.4927,
              8.422
            ]
          ]
        ]
      },
      "properties": {
        "OBJECTID": 405,
        "DPTO_CCDGO": "12",
        "MPIO_CCDGO": "011",
        "name": "12075",
        "MPIO_CRSLC": "Ordenanza 40 de 1914",
        "MPIO_NANO_": 1993,
        "MPIO_NAREA": 877.48546372,
        "MPIO_CSMBL": "4",
        "MPIO_CCNCT": "20011",
        "MPIO_NANO": 2012,
        "SHAPE_Leng": 1.93639730631,
        "SHAPE_Area": 0.0720085596412,
        "NOMBRE": "AGUACHICA",
        "DANE": {
          "dpto_ccdgo": "20",
          "mpio_ccdgo": "011",
          "mpio_cdpmp": "20011",
          "dpto_cnmbr": "CESAR",
          "mpio_cnmbr": "AGUACHICA",
          "mpio_crslc": "Ordenanza 40 de 1914",
          "mpio_tipo": "MUNICIPIO",
          "mpio_narea": 877.66727299,
          "mpio_nano": 2024,
          "shape_Leng": 1.96411151083,
          "shape_Area": 0.0720235971733
        }
      }
    },
    {
      "type": "Feature",
      "geometry": {
        "type": "Polygon",
        "coordinates": [
          [
            [
              -72.9985,
              9.9211
            ],
            [
              -72.9807,
              9.9587
            ],
            [
              -72.9843,
              9.9734
            ],
            [
              -72.9611,
              10.0073
            ],
            [
              -72.9627,
              10.0181
            ],
            [
              -72.9529,
              10.0268
            ],
            [
              -72.9588,
              10.0537
            ],
            [
              -72.955,
              10.065
            ],
            [
              -72.9447,
              10.0714
            ],
            [
              -72.9396,
              10.0827
            ],
            [
              -72.9257,
              10.0925
            ],
            [
              -72.9212,
              10.1089
            ],
            [
              -72.9115,
              10.1146
            ],
            [
              -72.922,
              10.138
            ],
            [
              -72.917,
              10.161
            ],
            [
              -72.9082,
              10.1756
            ],
            [
              -72.9094,
              10.2046
            ],
            [
              -72.8993,
              10.2091
            ],
            [
              -72.8973,
              10.2185
            ],
            [
              -72.9036,
              10.2384
            ],
            [
              -72.9007,
              10.2481
            ],
            [
              -72.907,
              10.268
            ],
            [
              -72.9105,
              10.2495
            ],
            [
              -72.9214,
              10.234
            ],
            [
              -72.9414,
              10.2218
            ],
            [
              -72.9509,
              10.2056
            ],
            [
              -72.9679,
              10.193
            ],
            [
              -72.9845,
              10.1739
            ],
            [
              -72.9985,
              10.1648
            ],
            [
              -73.0365,
              10.1522
            ],
            [
              -73.0498,
              10.134
            ],
            [
              -73.0646,
              10.126
            ],
            [
              -73.0965,
              10.1019
            ],
            [
              -73.1122,
              10.0993
            ],
            [
              -73.1414,
              10.1135
            ],
            [
              -73.1559,
              10.0935
            ],
            [
              -73.151,
              10.0782
            ],
            [
              -73.1885,
              10.0445
            ],
            [
              -73.2056,
              10.0418
            ],
            [
              -73.2248,
              10.0652
            ],
            [
              -73.2382,
              10.0657
            ],
            [
              -73.2598,
              10.055
            ],
            [
              -73.2831,
              10.0506
            ],
            [
              -73.297,
              10.0618
            ],
            [
              -73.3234,
              10.0645
            ],
            [
              -73.3297,
              10.0566
            ],
            [
              -73.3489,
              10.0611
            ],
            [
              -73.3675,
              10.0508
            ],
            [
              -73.4027,
              10.0192
            ],
            [
              -73.4037,
              10.0096
            ],
            [
              -73.4287,
              9.9976
            ],
            [
              -73.45,
              9.9729
            ],
            [
              -73.452,
              9.965
            ],
            [
              -73.4648,
              9.9541
            ],
            [
              -73.4377,
              9.9363
            ],
            [
              -73.446,
              9.9263
            ],
            [
              -73.4521,
              9.9087
            ],
            [
              -73.473,
              9.8952
            ],
            [
              -73.492,
              9.8795
            ],
            [
              -73.5001,
              9.882
            ],
            [
              -73.506,
              9.8622
            ],
            [
              -73.5222,
              9.8438
            ],
            [
              -73.5205,
              9.8366
            ],
            [
              -73.5334,
              9.8259
            ],
            [
              -73.5486,
              9.8202
            ],
            [
              -73.5497,
              9.8102
            ],
            [
              -73.563,
              9.8069
            ],
            [
              -73.5771,
              9.7976
            ],
            [
              -73.5826,
              9.7852
            ],
            [
              -73.5971,
              9.7744
            ],
            [
              -73.6088,
              9.7766
            ],
            [
              -73.6124,
              9.7625
            ],
            [
              -73.6213,
              9.7578
            ],
            [
              -73.6332,
              9.7421
            ],
            [
              -73.6197,
              9.7229
            ],
            [
              -73.6149,
              9.7318
            ],
            [
              -73.5897,
              9.7445
            ],
            [
              -73.5864,
              9.7516
            ],
            [
              -73.5346,
              9.7527
            ],
            [
              -73.514,
              9.7546
            ],
            [
              -73.5096,
              9.7465
            ],
            [
              -73.4945,
              9.7407
            ],
            [
              -73.4707,
              9.7621
            ],
            [
              -73.4707,
              9.7717
            ],
            [
              -73.4422,
              9.765
            ],
            [
              -73.4215,
              9.7742
            ],
            [
              -73.405,
              9.7746
            ],
            [
              -73.3725,
              9.7851
            ],
            [
              -73.3545,
              9.7798
            ],
            [
              -73.3448,
              9.7811
            ],
            [
              -73.327,
              9.7749
            ],
            [
              -73.3148,
              9.7874
            ],
            [
              -73.3032,
              9.7882
            ],
            [
              -73.2879,
              9.7959
            ],
            [
              -73.2868,
              9.8032
            ],
            [
              -73.2701,
              9.8171
            ],
            [
              -73.2497,
              9.813
            ],
            [
              -73.2164,
              9.8191
            ],
            [
              -73.2021,
              9.8136
            ],
            [
              -73.1912,
              9.8022
            ],
            [
              -73.171,
              9.793
            ],
            [
              -73.1533,
              9.8148
            ],
            [
              -73.1271,
              9.8213
            ],
            [
              -73.1235,
              9.8305
            ],
            [
              -73.1084,
              9.8368
            ],
            [
              -73.0896,
              9.8599
            ],
            [
              -73.0609,
              9.8734
            ],
            [
              -73.0506,
              9.8827
            ],
            [
              -73.0291,
              9.8933
            ],
            [
              -73.0255,
              9.9049
            ],
            [
              -72.9985,
              9.9211
            ]
          ]
        ]
      },
      "properties": {
        "OBJECTID": 406,
        "DPTO_CCDGO": "12",
        "MPIO_CCDGO": "013",
        "name": "12150",
        "MPIO_CRSLC": "Decreto 179 de Feb 25 de 1958",
        "MPIO_NANO_": 1993,
        "MPIO_NAREA": 1752.78143623,
        "MPIO_CSMBL": "4",
        "MPIO_CCNCT": "20013",
        "MPIO_NANO": 2012,
        "SHAPE_Leng": 2.72100254372,
        "SHAPE_Area": 0.14448151506,
        "NOMBRE": "AGUSTIN CODAZZI",
        "DANE": {
          "dpto_ccdgo": "20",
          "mpio_ccdgo": "013",
          "mpio_cdpmp": "20013",
          "dpto_cnmbr": "CESAR",
          "mpio_cnmbr": "AGUSTÍN CODAZZI",
          "mpio_crslc": "Decreto 179 de Feb 25 de 1958",
          "mpio_tipo": "MUNICIPIO",
          "mpio_narea": 1753.09250654,
          "mpio_nano": 2024,
          "shape_Leng": 2.90706082756,
          "shape_Area": 0.144507220364
        }
      }
    },
    {
      "type": "Feature",
      "geometry": {
        "type": "Polygon",
        "coordinates": [
          [
            [
              -73.7856,
              9.5238
            ],
            [
              -73.7996,
              9.5559
            ],
            [
              -73.797,
              9.5762
            ],
            [
              -73.7752,
              9.5966
            ],
            [
              -73.7816,
              9.6121
            ],
            [
              -73.7904,
              9.617
            ],
            [
              -73.8033,
              9.6364
            ],
            [
              -73.8679,
              9.601
            ],
            [
              -73.8794,
              9.6009
            ],
            [
              -73.8819,
              9.6136
            ],
            [
              -73.8934,
              9.6164
            ],
            [
              -73.91,
              9.6017
            ],
            [
              -73.9158,
              9.6054
            ],
            [
              -73.9391,
              9.5983
            ],
            [
              -73.955,
              9.5893
            ],
            [
              -73.9845,
              9.5866
            ],
            [
              -74.004,
              9.5954
            ],
            [
              -74.0141,
              9.5918
            ],
            [
              -74.0367,
              9.5913
            ],
            [
              -74.0537,
              9.5668
            ],
            [
              -74.0639,
              9.5687
            ],
            [
              -74.08,
              9.5486
            ],
            [
              -74.0976,
              9.5327
            ],
            [
              -74.1003,
              9.5219
            ],
            [
              -74.1171,
              9.5109
            ],
            [
              -74.1197,
              9.5038
            ],
            [
              -74.1392,
              9.4938
            ],
            [
              -74.1214,
              9.4806
            ],
            [
              -74.0974,
              9.4767
            ],
            [
              -74.0917,
              9.4654
            ],
            [
              -74.068,
              9.447
            ],
            [
              -74.0639,
              9.437
            ],
            [
              -74.0492,
              9.4244
            ],
            [
              -74.0339,
              9.424
            ],
            [
              -74.0237,
              9.4179
            ],
            [
              -74.0001,
              9.3948
            ],
            [
              -73.9907,
              9.3977
            ],
            [
              -73.9781,
              9.3894
            ],
            [
              -73.9699,
              9.3912
            ],
            [
              -73.95,
              9.3797
            ],
            [
              -73.9304,
              9.3827
            ],
            [
              -73.9255,
              9.3937
            ],
            [
              -73.9099,
              9.3945
            ],
            [
              -73.9099,
              9.4209
            ],
            [
              -73.891,
              9.4441
            ],
            [
              -73.8796,
              9.4466
            ],
            [
              -73.8686,
              9.4568
            ],
            [
              -73.8319,
              9.4588
            ],
            [
              -73.8286,
              9.4662
            ],
            [
              -73.792,
              9.468
            ],
            [
              -73.7996,
              9.4875
            ],
            [
              -73.7878,
              9.4929
            ],
            [
              -73.7856,
              9.5238
            ]
          ]
        ]
      },
      "properties": {
        "OBJECTID": 407,
        "DPTO_CCDGO": "12",
        "MPIO_CCDGO": "032",
        "name": "12170",
        "MPIO_CRSLC": "Ordenanza 13 de Noviembre 26 de 1984",
        "MPIO_NANO_": 1993,
        "MPIO_NAREA": 565.32402073,
        "MPIO_CSMBL": "4",
        "MPIO_CCNCT": "20032",
        "MPIO_NANO": 2012,
        "SHAPE_Leng": 1.18477971886,
        "SHAPE_Area": 0.0465486994928,
        "NOMBRE": "ASTREA",
        "DANE": {
          "dpto_ccdgo": "20",
          "mpio_ccdgo": "032",
          "mpio_cdpmp": "20032",
          "dpto_cnmbr": "CESAR",
          "mpio_cnmbr": "ASTREA",
          "mpio_crslc": "Ordenanza 13 de Noviembre 26 de 1984",
          "mpio_tipo": "MUNICIPIO",
          "mpio_narea": 637.902772529,
          "mpio_nano": 2024,
          "shape_Leng": 1.33587447478,
          "shape_Area": 0.0525264725638
        }
      }
    },
    {
      "type": "Feature",
      "geometry": {
        "type": "Polygon",
        "coordinates": [
          [
            [
              -73.0701,
              9.6325
            ],
            [
              -73.0606,
              9.6502
            ],
            [
              -73.0551,
              9.6783
            ],
            [
              -73.0359,
              9.7008
            ],
            [
              -73.0343,
              9.7099
            ],
            [
              -73.0142,
              9.7361
            ],
            [
              -73.0059,
              9.7412
            ],
            [
              -73.0017,
              9.7657
            ],
            [
              -72.9879,
              9.7941
            ],
            [
              -72.9745,
              9.8033
            ],
            [
              -72.9661,
              9.8178
            ],
            [
              -72.9571,
              9.8212
            ],
            [
              -72.9435,
              9.8431
            ],
            [
              -72.9503,
              9.8492
            ],
            [
              -72.9714,
              9.8552
            ],
            [
              -72.9712,
              9.8666
            ],
            [
              -72.9911,
              9.8741
            ],
            [
              -72.9782,
              9.8865
            ],
            [
              -72.9885,
              9.8981
            ],
            [
              -72.9836,
              9.9071
            ],
            [
              -72.9985,
              9.9211
            ],
            [
              -73.0255,
              9.9049
            ],
            [
              -73.0291,
              9.8933
            ],
            [
              -73.0506,
              9.8827
            ],
            [
              -73.0609,
              9.8734
            ],
            [
              -73.0896,
              9.8599
            ],
            [
              -73.1084,
              9.8368
            ],
            [
              -73.1235,
              9.8305
            ],
            [
              -73.1271,
              9.8213
            ],
            [
              -73.1533,
              9.8148
            ],
            [
              -73.171,
              9.793
            ],
            [
              -73.1912,
              9.8022
            ],
            [
              -73.2021,
              9.8136
            ],
            [
              -73.2164,
              9.8191
            ],
            [
              -73.2497,
              9.813
            ],
            [
              -73.2701,
              9.8171
            ],
            [
              -73.2868,
              9.8032
            ],
            [
              -73.2879,
              9.7959
            ],
            [
              -73.3032,
              9.7882
            ],
            [
              -73.3148,
              9.7874
            ],
            [
              -73.327,
              9.7749
            ],
            [
              -73.3448,
              9.7811
            ],
            [
              -73.3545,
              9.7798
            ],
            [
              -73.3725,
              9.7851
            ],
            [
              -73.405,
              9.7746
            ],
            [
              -73.4215,
              9.7742
            ],
            [
              -73.4422,
              9.765
            ],
            [
              -73.4707,
              9.7717
            ],
            [
              -73.4707,
              9.7621
            ],
            [
              -73.4945,
              9.7407
            ],
            [
              -73.5096,
              9.7465
            ],
            [
              -73.514,
              9.7546
            ],
            [
              -73.5346,
              9.7527
            ],
            [
              -73.5864,
              9.7516
            ],
            [
              -73.5897,
              9.7445
            ],
            [
              -73.6149,
              9.7318
            ],
            [
              -73.6197,
              9.7229
            ],
            [
              -73.6342,
              9.6968
            ],
            [
              -73.6436,
              9.6925
            ],
            [
              -73.6422,
              9.651
            ],
            [
              -73.6308,
              9.6418
            ],
            [
              -73.6083,
              9.6521
            ],
            [
              -73.594,
              9.6492
            ],
            [
              -73.5753,
              9.6579
            ],
            [
              -73.5704,
              9.6547
            ],
            [
              -73.5551,
              9.6633
            ],
            [
              -73.5343,
              9.6621
            ],
            [
              -73.5082,
              9.6643
            ],
            [
              -73.49,
              9.6742
            ],
            [
              -73.4822,
              9.6768
            ],
            [
              -73.4721,
              9.6932
            ],
            [
              -73.4466,
              9.6823
            ],
            [
              -73.4406,
              9.6837
            ],
            [
              -73.4206,
              9.675
            ],
            [
              -73.411,
              9.6583
            ],
            [
              -73.3948,
              9.6572
            ],
            [
              -73.3928,
              9.65
            ],
            [
              -73.3724,
              9.6393
            ],
            [
              -73.3734,
              9.6258
            ],
            [
              -73.361,
              9.6156
            ],
            [
              -73.3621,
              9.6064
            ],
            [
              -73.3475,
              9.6039
            ],
            [
              -73.3228,
              9.5884
            ],
            [
              -73.3016,
              9.5874
            ],
            [
              -73.299,
              9.5928
            ],
            [
              -73.269,
              9.6017
            ],
            [
              -73.241,
              9.5976
            ],
            [
              -73.2155,
              9.6204
            ],
            [
              -73.1858,
              9.631
            ],
            [
              -73.1546,
              9.6204
            ],
            [
              -73.143,
              9.6202
            ],
            [
              -73.1213,
              9.6381
            ],
            [
              -73.0994,
              9.6289
            ],
            [
              -73.0701,
              9.6325
            ]
          ]
        ]
      },
      "properties": {
        "OBJECTID": 408,
        "DPTO_CCDGO": "12",
        "MPIO_CCDGO": "045",
        "name": "12180",
        "MPIO_CRSLC": "Ordenanza 020 del 24 de Noviembre de 1977",
        "MPIO_NANO_": 1993,
        "MPIO_NAREA": 1227.95375634,
        "MPIO_CSMBL": "4",
        "MPIO_CCNCT": "20045",
        "MPIO_NANO": 2012,
        "SHAPE_Leng": 2.38873616431,
        "SHAPE_Area": 0.101155188475,
        "NOMBRE": "BECERRIL",
        "DANE": {
          "dpto_ccdgo": "20",
          "mpio_ccdgo": "045",
          "mpio_cdpmp": "20045",
          "dpto_cnmbr": "CESAR",
          "mpio_cnmbr": "BECERRIL",
          "mpio_crslc": "Ordenanza 020 del 24 de Noviembre de 1977",
          "mpio_tipo": "MUNICIPIO",
          "mpio_narea": 1225.40113279,
          "mpio_nano": 2024,
          "shape_Leng": 2.65454667767,
          "shape_Area": 0.100945045248
        }
      }
    },
    {
      "type": "Feature",
      "geometry": {
        "type": "Polygon",
        "coordinates": [
          [
            [
              -73.8128,
              10.0744
            ],
            [
              -73.8545,
              10.0701
            ],
            [
              -73.8659,
              10.0652
            ],
            [
              -73.9203,
              10.0537
            ],
            [
              -73.9592,
              10.0331
            ],
            [
              -73.9706,
              10.0363
            ],
            [
              -74.0101,
              10.023
            ],
            [
              -74.0177,
              10.0251
            ],
            [
              -74.0361,
              10.0046
            ],
            [
              -74.0346,
              9.9984
            ],
            [
              -74.0229,
              9.9811
            ],
            [
              -74.0117,
              9.9759
            ],
            [
              -74.0018,
              9.9466
            ],
            [
              -73.9926,
              9.9358
            ],
            [
              -73.9591,
              9.9316
            ],
            [
              -73.9489,
              9.9146
            ],
            [
              -73.932,
              9.9001
            ],
            [
              -73.9162,
              9.8717
            ],
            [
              -73.9075,
              9.8619
            ],
            [
              -73.8979,
              9.8378
            ],
            [
              -73.8869,
              9.8337
            ],
            [
              -73.8785,
              9.8171
            ],
            [
              -73.8537,
              9.8072
            ],
            [
              -73.842,
              9.7975
            ],
            [
              -73.8371,
              9.7808
            ],
            [
              -73.8323,
              9.7985
            ],
            [
              -73.8178,
              9.8146
            ],
            [
              -73.8038,
              9.8197
            ],
            [
              -73.7355,
              9.8844
            ],
            [
              -73.7427,
              9.9111
            ],
            [
              -73.7402,
              9.9287
            ],
            [
              -73.7467,
              9.9496
            ],
            [
              -73.7537,
              9.9583
            ],
            [
              -73.7564,
              9.9926
            ],
            [
              -73.764,
              10.005
            ],
            [
              -73.7827,
              10.0172
            ],
            [
              -73.7893,
              10.0338
            ],
            [
              -73.8009,
              10.05
            ],
            [
              -73.8078,
              10.0431
            ],
            [
              -73.8296,
              10.0413
            ],
            [
              -73.8393,
              10.046
            ],
            [
              -73.8336,
              10.0636
            ],
            [
              -73.8128,
              10.0744
            ]
          ]
        ]
      },
      "properties": {
        "OBJECTID": 409,
        "DPTO_CCDGO": "12",
        "MPIO_CCDGO": "060",
        "name": "12200",
        "MPIO_CRSLC": "Ordenanza 1 de Noviembre 6 de 1979",
        "MPIO_NANO_": 1993,
        "MPIO_NAREA": 585.48615485,
        "MPIO_CSMBL": "4",
        "MPIO_CCNCT": "20060",
        "MPIO_NANO": 2012,
        "SHAPE_Leng": 1.21693518865,
        "SHAPE_Area": 0.0482712786706,
        "NOMBRE": "BOSCONIA",
        "DANE": {
          "dpto_ccdgo": "20",
          "mpio_ccdgo": "060",
          "mpio_cdpmp": "20060",
          "dpto_cnmbr": "CESAR",
          "mpio_cnmbr": "BOSCONIA",
          "mpio_crslc": "Ordenanza 1 de Noviembre 6 de 1979",
          "mpio_tipo": "MUNICIPIO",
          "mpio_narea": 586.612841724,
          "mpio_nano": 2024,
          "shape_Leng": 1.28493665135,
          "shape_Area": 0.048364153991
        }
      }
    },
    {
      "type": "Feature",
      "geometry": {
        "type": "Polygon",
        "coordinates": [
          [
            [
              -73.7878,
              9.4929
            ],
            [
              -73.7996,
              9.4875
            ],
            [
              -73.792,
              9.468
            ],
            [
              -73.8286,
              9.4662
            ],
            [
              -73.8319,
              9.4588
            ],
            [
              -73.8686,
              9.4568
            ],
            [
              -73.8796,
              9.4466
            ],
            [
              -73.891,
              9.4441
            ],
            [
              -73.9099,
              9.4209
            ],
            [
              -73.9099,
              9.3945
            ],
            [
              -73.9255,
              9.3937
            ],
            [
              -73.9304,
              9.3827
            ],
            [
              -73.95,
              9.3797
            ],
            [
              -73.9699,
              9.3912
            ],
            [
              -73.9781,
              9.3894
            ],
            [
              -73.982,
              9.3867
            ],
            [
              -73.9846,
              9.365
            ],
            [
              -73.9897,
              9.3511
            ],
            [
              -73.9891,
              9.3167
            ],
            [
              -73.9749,
              9.3041
            ],
            [
              -73.9577,
              9.3034
            ],
            [
              -73.9428,
              9.2896
            ],
            [
              -73.9432,
              9.2684
            ],
            [
              -73.951,
              9.2566
            ],
            [
              -73.9515,
              9.2334
            ],
            [
              -73.9649,
              9.2213
            ],
            [
              -73.964,
              9.2066
            ],
            [
              -73.9559,
              9.1962
            ],
            [
              -73.962,
              9.1877
            ],
            [
              -73.8978,
              9.1765
            ],
            [
              -73.8914,
              9.1735
            ],
            [
              -73.8789,
              9.1858
            ],
            [
              -73.864,
              9.1807
            ],
            [
              -73.8641,
              9.163
            ],
            [
              -73.8757,
              9.1451
            ],
            [
              -73.8753,
              9.1305
            ],
            [
              -73.8641,
              9.1122
            ],
            [
              -73.8092,
              9.0707
            ],
            [
              -73.799,
              9.0593
            ],
            [
              -73.7551,
              9.0534
            ],
            [
              -73.7381,
              9.0494
            ],
            [
              -73.7031,
              9.0348
            ],
            [
              -73.6916,
              9.0378
            ],
            [
              -73.6509,
              9.0305
            ],
            [
              -73.6311,
              9.0441
            ],
            [
              -73.6107,
              9.0412
            ],
            [
              -73.6074,
              9.0485
            ],
            [
              -73.5923,
              9.0583
            ],
            [
              -73.5815,
              9.0705
            ],
            [
              -73.5619,
              9.0632
            ],
            [
              -73.5654,
              9.0514
            ],
            [
              -73.5563,
              9.0432
            ],
            [
              -73.5564,
              9.0258
            ],
            [
              -73.5499,
              9.0065
            ],
            [
              -73.5294,
              8.9954
            ],
            [
              -73.5147,
              8.9952
            ],
            [
              -73.491,
              8.9821
            ],
            [
              -73.4652,
              8.9949
            ],
            [
              -73.4364,
              8.9999
            ],
            [
              -73.4233,
              9.0123
            ],
            [
              -73.4223,
              9.029
            ],
            [
              -73.412,
              9.0533
            ],
            [
              -73.4163,
              9.0584
            ],
            [
              -73.4165,
              9.0839
            ],
            [
              -73.4295,
              9.1024
            ],
            [
              -73.4247,
              9.1222
            ],
            [
              -73.4543,
              9.1373
            ],
            [
              -73.469,
              9.1315
            ],
            [
              -73.5151,
              9.1301
            ],
            [
              -73.5306,
              9.1244
            ],
            [
              -73.5408,
              9.1083
            ],
            [
              -73.5551,
              9.1124
            ],
            [
              -73.579,
              9.0921
            ],
            [
              -73.5922,
              9.0945
            ],
            [
              -73.6162,
              9.0821
            ],
            [
              -73.632,
              9.0691
            ],
            [
              -73.6423,
              9.0721
            ],
            [
              -73.654,
              9.0919
            ],
            [
              -73.6559,
              9.1121
            ],
            [
              -73.6665,
              9.1215
            ],
            [
              -73.6572,
              9.1423
            ],
            [
              -73.6675,
              9.1679
            ],
            [
              -73.6711,
              9.1854
            ],
            [
              -73.6837,
              9.1982
            ],
            [
              -73.6955,
              9.2177
            ],
            [
              -73.6849,
              9.2393
            ],
            [
              -73.7067,
              9.2785
            ],
            [
              -73.7033,
              9.3026
            ],
            [
              -73.6939,
              9.3191
            ],
            [
              -73.7126,
              9.3391
            ],
            [
              -73.7167,
              9.3543
            ],
            [
              -73.7274,
              9.3498
            ],
            [
              -73.7376,
              9.3615
            ],
            [
              -73.7376,
              9.3726
            ],
            [
              -73.7475,
              9.3815
            ],
            [
              -73.743,
              9.4005
            ],
            [
              -73.7541,
              9.4227
            ],
            [
              -73.7528,
              9.4354
            ],
            [
              -73.762,
              9.4519
            ],
            [
              -73.7542,
              9.459
            ],
            [
              -73.7597,
              9.4788
            ],
            [
              -73.7796,
              9.4815
            ],
            [
              -73.7878,
              9.4929
            ]
          ]
        ]
      },
      "properties": {
        "OBJECTID": 410,
        "DPTO_CCDGO": "12",
        "MPIO_CCDGO": "175",
        "name": "12300",
        "MPIO_CRSLC": "Ordenanza 0054 de 1892",
        "MPIO_NANO_": 1993,
        "MPIO_NAREA": 1375.69392519,
        "MPIO_CSMBL": "4",
        "MPIO_CCNCT": "20175",
        "MPIO_NANO": 2012,
        "SHAPE_Leng": 2.42445125462,
        "SHAPE_Area": 0.113182133919,
        "NOMBRE": "CHIMICHAGUA",
        "DANE": {
          "dpto_ccdgo": "20",
          "mpio_ccdgo": "175",
          "mpio_cdpmp": "20175",
          "dpto_cnmbr": "CESAR",
          "mpio_cnmbr": "CHIMICHAGUA",
          "mpio_crslc": "Ordenanza 0054 de 1892",
          "mpio_tipo": "MUNICIPIO",
          "mpio_narea": 1376.42532214,
          "mpio_nano": 2024,
          "shape_Leng": 2.47394551028,
          "shape_Area": 0.113242352013
        }
      }
    },
    {
      "type": "Feature",
      "geometry": {
        "type": "Polygon",
        "coordinates": [
          [
            [
              -73.4857,
              9.5818
            ],
            [
              -73.5017,
              9.5864
            ],
            [
              -73.5311,
              9.6033
            ],
            [
              -73.5544,
              9.6097
            ],
            [
              -73.5668,
              9.5994
            ],
            [
              -73.5912,
              9.6022
            ],
            [
              -73.6179,
              9.5824
            ],
            [
              -73.6283,
              9.5828
            ],
            [
              -73.6459,
              9.5682
            ],
            [
              -73.6474,
              9.5444
            ],
            [
              -73.6354,
              9.5385
            ],
            [
              -73.6358,
              9.5239
            ],
            [
              -73.7856,
              9.5238
            ],
            [
              -73.7878,
              9.4929
            ],
            [
              -73.7796,
              9.4815
            ],
            [
              -73.7597,
              9.4788
            ],
            [
              -73.7542,
              9.459
            ],
            [
              -73.762,
              9.4519
            ],
            [
              -73.7528,
              9.4354
            ],
            [
              -73.7541,
              9.4227
            ],
            [
              -73.743,
              9.4005
            ],
            [
              -73.7475,
              9.3815
            ],
            [
              -73.7376,
              9.3726
            ],
            [
              -73.7376,
              9.3615
            ],
            [
              -73.7274,
              9.3498
            ],
            [
              -73.7167,
              9.3543
            ],
            [
              -73.7126,
              9.3391
            ],
            [
              -73.6939,
              9.3191
            ],
            [
              -73.7033,
              9.3026
            ],
            [
              -73.7067,
              9.2785
            ],
            [
              -73.6849,
              9.2393
            ],
            [
              -73.6825,
              9.2557
            ],
            [
              -73.6523,
              9.2804
            ],
            [
              -73.6404,
              9.285
            ],
            [
              -73.6242,
              9.2749
            ],
            [
              -73.6148,
              9.28
            ],
            [
              -73.5864,
              9.2762
            ],
            [
              -73.5724,
              9.2843
            ],
            [
              -73.554,
              9.2855
            ],
            [
              -73.5359,
              9.3175
            ],
            [
              -73.5051,
              9.3238
            ],
            [
              -73.4972,
              9.3304
            ],
            [
              -73.4868,
              9.35
            ],
            [
              -73.4812,
              9.3511
            ],
            [
              -73.4733,
              9.3721
            ],
            [
              -73.4589,
              9.386
            ],
            [
              -73.4523,
              9.3973
            ],
            [
              -73.4397,
              9.4067
            ],
            [
              -73.4182,
              9.4105
            ],
            [
              -73.3789,
              9.4029
            ],
            [
              -73.3675,
              9.3831
            ],
            [
              -73.3685,
              9.3607
            ],
            [
              -73.3502,
              9.3509
            ],
            [
              -73.3409,
              9.3548
            ],
            [
              -73.3263,
              9.3485
            ],
            [
              -73.3123,
              9.3513
            ],
            [
              -73.2818,
              9.3358
            ],
            [
              -73.2701,
              9.3235
            ],
            [
              -73.2624,
              9.3335
            ],
            [
              -73.2628,
              9.3594
            ],
            [
              -73.2586,
              9.3735
            ],
            [
              -73.2512,
              9.3767
            ],
            [
              -73.2412,
              9.3922
            ],
            [
              -73.2411,
              9.4031
            ],
            [
              -73.2216,
              9.4209
            ],
            [
              -73.2074,
              9.4237
            ],
            [
              -73.2112,
              9.4469
            ],
            [
              -73.231,
              9.4599
            ],
            [
              -73.252,
              9.4668
            ],
            [
              -73.2741,
              9.4592
            ],
            [
              -73.2873,
              9.446
            ],
            [
              -73.3087,
              9.454
            ],
            [
              -73.3215,
              9.4536
            ],
            [
              -73.3342,
              9.4644
            ],
            [
              -73.3568,
              9.4622
            ],
            [
              -73.3711,
              9.447
            ],
            [
              -73.3797,
              9.4495
            ],
            [
              -73.3836,
              9.4645
            ],
            [
              -73.3962,
              9.4706
            ],
            [
              -73.4046,
              9.4669
            ],
            [
              -73.4131,
              9.4748
            ],
            [
              -73.4459,
              9.4874
            ],
            [
              -73.4561,
              9.4869
            ],
            [
              -73.4702,
              9.4785
            ],
            [
              -73.4951,
              9.4844
            ],
            [
              -73.5015,
              9.479
            ],
            [
              -73.5173,
              9.492
            ],
            [
              -73.5292,
              9.4955
            ],
            [
              -73.5432,
              9.5105
            ],
            [
              -73.5597,
              9.5158
            ],
            [
              -73.5731,
              9.5124
            ],
            [
              -73.5773,
              9.5261
            ],
            [
              -73.5576,
              9.5282
            ],
            [
              -73.555,
              9.5331
            ],
            [
              -73.5266,
              9.5333
            ],
            [
              -73.5118,
              9.5466
            ],
            [
              -73.4975,
              9.5702
            ],
            [
              -73.4857,
              9.5818
            ]
          ]
        ]
      },
      "properties": {
        "OBJECTID": 411,
        "DPTO_CCDGO": "12",
        "MPIO_CCDGO": "178",
        "name": "12375",
        "MPIO_CRSLC": "Ordenanza 04 de 1888",
        "MPIO_NANO_": 1993,
        "MPIO_NAREA": 1109.92349383,
        "MPIO_CSMBL": "4",
        "MPIO_CCNCT": "20178",
        "MPIO_NANO": 2012,
        "SHAPE_Leng": 2.32251410296,
        "SHAPE_Area": 0.0913643423318,
        "NOMBRE": "CHIRIGUANA",
        "DANE": {
          "dpto_ccdgo": "20",
          "mpio_ccdgo": "178",
          "mpio_cdpmp": "20178",
          "dpto_cnmbr": "CESAR",
          "mpio_cnmbr": "CHIRIGUANÁ",
          "mpio_crslc": "Ordenanza 04 de 1888",
          "mpio_tipo": "MUNICIPIO",
          "mpio_narea": 1114.48037132,
          "mpio_nano": 2024,
          "shape_Leng": 2.48720581076,
          "shape_Area": 0.091739688392
        }
      }
    },
    {
      "type": "Feature",
      "geometry": {
        "type": "Polygon",
        "coordinates": [
          [
            [
              -73.2701,
              9.3235
            ],
            [
              -73.2818,
              9.3358
            ],
            [
              -73.3123,
              9.3513
            ],
            [
              -73.3263,
              9.3485
            ],
            [
              -73.3409,
              9.3548
            ],
            [
              -73.3502,
              9.3509
            ],
            [
              -73.3685,
              9.3607
            ],
            [
              -73.3675,
              9.3831
            ],
            [
              -73.3789,
              9.4029
            ],
            [
              -73.4182,
              9.4105
            ],
            [
              -73.4397,
              9.4067
            ],
            [
              -73.4523,
              9.3973
            ],
            [
              -73.4589,
              9.386
            ],
            [
              -73.4733,
              9.3721
            ],
            [
              -73.4812,
              9.3511
            ],
            [
              -73.4868,
              9.35
            ],
            [
              -73.4972,
              9.3304
            ],
            [
              -73.5051,
              9.3238
            ],
            [
              -73.5359,
              9.3175
            ],
            [
              -73.554,
              9.2855
            ],
            [
              -73.5724,
              9.2843
            ],
            [
              -73.5864,
              9.2762
            ],
            [
              -73.6148,
              9.28
            ],
            [
              -73.6242,
              9.2749
            ],
            [
              -73.6404,
              9.285
            ],
            [
              -73.6523,
              9.2804
            ],
            [
              -73.6825,
              9.2557
            ],
            [
              -73.6849,
              9.2393
            ],
            [
              -73.6955,
              9.2177
            ],
            [
              -73.6837,
              9.1982
            ],
            [
              -73.6711,
              9.1854
            ],
            [
              -73.6675,
              9.1679
            ],
            [
              -73.6572,
              9.1423
            ],
            [
              -73.6665,
              9.1215
            ],
            [
              -73.6559,
              9.1121
            ],
            [
              -73.654,
              9.0919
            ],
            [
              -73.6423,
              9.0721
            ],
            [
              -73.632,
              9.0691
            ],
            [
              -73.6162,
              9.0821
            ],
            [
              -73.5922,
              9.0945
            ],
            [
              -73.579,
              9.0921
            ],
            [
              -73.5551,
              9.1124
            ],
            [
              -73.5408,
              9.1083
            ],
            [
              -73.5306,
              9.1244
            ],
            [
              -73.5151,
              9.1301
            ],
            [
              -73.469,
              9.1315
            ],
            [
              -73.4543,
              9.1373
            ],
            [
              -73.4247,
              9.1222
            ],
            [
              -73.4154,
              9.1324
            ],
            [
              -73.4117,
              9.1544
            ],
            [
              -73.4031,
              9.1631
            ],
            [
              -73.3823,
              9.1526
            ],
            [
              -73.3717,
              9.1581
            ],
            [
              -73.369,
              9.1726
            ],
            [
              -73.3647,
              9.1942
            ],
            [
              -73.3557,
              9.2162
            ],
            [
              -73.3346,
              9.2125
            ],
            [
              -73.3215,
              9.2326
            ],
            [
              -73.3165,
              9.2479
            ],
            [
              -73.2987,
              9.2705
            ],
            [
              -73.2963,
              9.2866
            ],
            [
              -73.2827,
              9.3232
            ],
            [
              -73.2701,
              9.3235
            ]
          ]
        ]
      },
      "properties": {
        "OBJECTID": 412,
        "DPTO_CCDGO": "12",
        "MPIO_CCDGO": "228",
        "name": "12225",
        "MPIO_CRSLC": "Ordenanza 36 del 16 de Noviembre de 1965",
        "MPIO_NANO_": 1993,
        "MPIO_NAREA": 918.13037124,
        "MPIO_CSMBL": "4",
        "MPIO_CCNCT": "20228",
        "MPIO_NANO": 2012,
        "SHAPE_Leng": 1.56845273558,
        "SHAPE_Area": 0.075536054279,
        "NOMBRE": "CURUMANI",
        "DANE": {
          "dpto_ccdgo": "20",
          "mpio_ccdgo": "228",
          "mpio_cdpmp": "20228",
          "dpto_cnmbr": "CESAR",
          "mpio_cnmbr": "CURUMANÍ",
          "mpio_crslc": "Ordenanza 36 del 16 de Noviembre de 1965",
          "mpio_tipo": "MUNICIPIO",
          "mpio_narea": 915.171271451,
          "mpio_nano": 2024,
          "shape_Leng": 1.60625338794,
          "shape_Area": 0.0752924995388
        }
      }
    },
    {
      "type": "Feature",
      "geometry": {
        "type": "Polygon",
        "coordinates": [
          [
            [
              -73.7917,
              10.3923
            ],
            [
              -73.8071,
              10.396
            ],
            [
              -73.8171,
              10.3879
            ],
            [
              -73.8305,
              10.4026
            ],
            [
              -73.8416,
              10.4007
            ],
            [
              -73.8566,
              10.3879
            ],
            [
              -73.8931,
              10.3908
            ],
            [
              -73.9,
              10.3817
            ],
            [
              -73.922,
              10.3748
            ],
            [
              -73.9326,
              10.3646
            ],
            [
              -73.9318,
              10.3566
            ],
            [
              -73.9448,
              10.3513
            ],
            [
              -73.954,
              10.3391
            ],
            [
              -73.9609,
              10.3205
            ],
            [
              -73.9578,
              10.3094
            ],
            [
              -73.9635,
              10.2904
            ],
            [
              -73.9781,
              10.2772
            ],
            [
              -73.9995,
              10.2663
            ],
            [
              -74.0123,
              10.2517
            ],
            [
              -74.008,
              10.2415
            ],
            [
              -74.0256,
              10.2276
            ],
            [
              -74.0311,
              10.2277
            ],
            [
              -74.0408,
              10.1978
            ],
            [
              -74.0577,
              10.1831
            ],
            [
              -74.0656,
              10.1668
            ],
            [
              -74.0611,
              10.1376
            ],
            [
              -74.0659,
              10.1257
            ],
            [
              -74.0692,
              10.0948
            ],
            [
              -74.0844,
              10.0731
            ],
            [
              -74.074,
              10.0517
            ],
            [
              -74.062,
              10.0419
            ],
            [
              -74.0545,
              10.0162
            ],
            [
              -74.0361,
              10.0046
            ],
            [
              -74.0177,
              10.0251
            ],
            [
              -74.0101,
              10.023
            ],
            [
              -73.9706,
              10.0363
            ],
            [
              -73.9592,
              10.0331
            ],
            [
              -73.9203,
              10.0537
            ],
            [
              -73.8659,
              10.0652
            ],
            [
              -73.8545,
              10.0701
            ],
            [
              -73.8128,
              10.0744
            ],
            [
              -73.8083,
              10.0876
            ],
            [
              -73.8086,
              10.1038
            ],
            [
              -73.7856,
              10.1391
            ],
            [
              -73.7681,
              10.1478
            ],
            [
              -73.7714,
              10.1561
            ],
            [
              -73.7877,
              10.1544
            ],
            [
              -73.8003,
              10.1665
            ],
            [
              -73.7925,
              10.2166
            ],
            [
              -73.8014,
              10.2281
            ],
            [
              -73.7992,
              10.236
            ],
            [
              -73.8108,
              10.2444
            ],
            [
              -73.8137,
              10.2539
            ],
            [
              -73.8036,
              10.2692
            ],
            [
              -73.795,
              10.2709
            ],
            [
              -73.7736,
              10.2917
            ],
            [
              -73.7696,
              10.3082
            ],
            [
              -73.749,
              10.3116
            ],
            [
              -73.7365,
              10.3299
            ],
            [
              -73.7344,
              10.3512
            ],
            [
              -73.7549,
              10.345
            ],
            [
              -73.7778,
              10.3517
            ],
            [
              -73.7806,
              10.3673
            ],
            [
              -73.7917,
              10.3923
            ]
          ]
        ]
      },
      "properties": {
        "OBJECTID": 413,
        "DPTO_CCDGO": "12",
        "MPIO_CCDGO": "238",
        "name": "12410",
        "MPIO_CRSLC": "Ordenanza 8 de Noviembre 3 de 1971",
        "MPIO_NANO_": 1993,
        "MPIO_NAREA": 957.08296866,
        "MPIO_CSMBL": "4",
        "MPIO_CCNCT": "20238",
        "MPIO_NANO": 2012,
        "SHAPE_Leng": 1.68643289304,
        "SHAPE_Area": 0.0789690578563,
        "NOMBRE": "EL COPEY",
        "DANE": {
          "dpto_ccdgo": "20",
          "mpio_ccdgo": "238",
          "mpio_cdpmp": "20238",
          "dpto_cnmbr": "CESAR",
          "mpio_cnmbr": "EL COPEY",
          "mpio_crslc": "Ordenanza 8 de Noviembre 3 de 1971",
          "mpio_tipo": "MUNICIPIO",
          "mpio_narea": 956.45083592,
          "mpio_nano": 2024,
          "shape_Leng": 1.67499541324,
          "shape_Area": 0.0789168644496
        }
      }
    },
    {
      "type": "Feature",
      "geometry": {
        "type": "Polygon",
        "coordinates": [
          [
            [
              -73.6185,
              9.8185
            ],
            [
              -73.64,
              9.8305
            ],
            [
              -73.639,
              9.8461
            ],
            [
              -73.6511,
              9.8559
            ],
            [
              -73.6503,
              9.8306
            ],
            [
              -73.6925,
              9.8361
            ],
            [
              -73.7235,
              9.8284
            ],
            [
              -73.7417,
              9.8483
            ],
            [
              -73.7411,
              9.8689
            ],
            [
              -73.7355,
              9.8844
            ],
            [
              -73.8038,
              9.8197
            ],
            [
              -73.8178,
              9.8146
            ],
            [
              -73.8323,
              9.7985
            ],
            [
              -73.8371,
              9.7808
            ],
            [
              -73.8275,
              9.7532
            ],
            [
              -73.8399,
              9.7362
            ],
            [
              -73.8289,
              9.7158
            ],
            [
              -73.8105,
              9.696
            ],
            [
              -73.8107,
              9.6736
            ],
            [
              -73.8064,
              9.6672
            ],
            [
              -73.8033,
              9.6364
            ],
            [
              -73.7904,
              9.617
            ],
            [
              -73.7816,
              9.6121
            ],
            [
              -73.7752,
              9.5966
            ],
            [
              -73.797,
              9.5762
            ],
            [
              -73.7996,
              9.5559
            ],
            [
              -73.7856,
              9.5238
            ],
            [
              -73.6358,
              9.5239
            ],
            [
              -73.6354,
              9.5385
            ],
            [
              -73.6474,
              9.5444
            ],
            [
              -73.6459,
              9.5682
            ],
            [
              -73.6283,
              9.5828
            ],
            [
              -73.6179,
              9.5824
            ],
            [
              -73.5912,
              9.6022
            ],
            [
              -73.5668,
              9.5994
            ],
            [
              -73.5544,
              9.6097
            ],
            [
              -73.5311,
              9.6033
            ],
            [
              -73.5017,
              9.5864
            ],
            [
              -73.4857,
              9.5818
            ],
            [
              -73.4409,
              9.6091
            ],
            [
              -73.4465,
              9.6316
            ],
            [
              -73.4761,
              9.6321
            ],
            [
              -73.4977,
              9.6408
            ],
            [
              -73.492,
              9.6536
            ],
            [
              -73.49,
              9.6742
            ],
            [
              -73.5082,
              9.6643
            ],
            [
              -73.5343,
              9.6621
            ],
            [
              -73.5551,
              9.6633
            ],
            [
              -73.5704,
              9.6547
            ],
            [
              -73.5753,
              9.6579
            ],
            [
              -73.594,
              9.6492
            ],
            [
              -73.6083,
              9.6521
            ],
            [
              -73.6308,
              9.6418
            ],
            [
              -73.6422,
              9.651
            ],
            [
              -73.6436,
              9.6925
            ],
            [
              -73.6342,
              9.6968
            ],
            [
              -73.6197,
              9.7229
            ],
            [
              -73.6332,
              9.7421
            ],
            [
              -73.6213,
              9.7578
            ],
            [
              -73.6207,
              9.7699
            ],
            [
              -73.6126,
              9.7973
            ],
            [
              -73.6244,
              9.8038
            ],
            [
              -73.6185,
              9.8185
            ]
          ]
        ]
      },
      "properties": {
        "OBJECTID": 414,
        "DPTO_CCDGO": "12",
        "MPIO_CCDGO": "250",
        "name": "12415",
        "MPIO_CRSLC": "Ordenanza 29 de 1979",
        "MPIO_NANO_": 1993,
        "MPIO_NAREA": 818.66731764,
        "MPIO_CSMBL": "4",
        "MPIO_CCNCT": "20250",
        "MPIO_NANO": 2012,
        "SHAPE_Leng": 2.17246931825,
        "SHAPE_Area": 0.0674415203714,
        "NOMBRE": "EL PASO",
        "DANE": {
          "dpto_ccdgo": "20",
          "mpio_ccdgo": "250",
          "mpio_cdpmp": "20250",
          "dpto_cnmbr": "CESAR",
          "mpio_cnmbr": "EL PASO",
          "mpio_crslc": "Ordenanza 29 de 1979",
          "mpio_tipo": "MUNICIPIO",
          "mpio_narea": 813.528902608,
          "mpio_nano": 2024,
          "shape_Leng": 2.3255376843,
          "shape_Area": 0.0670183544305
        }
      }
    },
    {
      "type": "Feature",
      "geometry": {
        "type": "Polygon",
        "coordinates": [
          [
            [
              -73.6378,
              8.4874
            ],
            [
              -73.6539,
              8.489
            ],
            [
              -73.6744,
              8.4733
            ],
            [
              -73.6756,
              8.4617
            ],
            [
              -73.6945,
              8.4615
            ],
            [
              -73.7252,
              8.4543
            ],
            [
              -73.7355,
              8.4562
            ],
            [
              -73.7467,
              8.4492
            ],
            [
              -73.7495,
              8.4054
            ],
            [
              -73.7489,
              8.3604
            ],
            [
              -73.7576,
              8.3315
            ],
            [
              -73.7471,
              8.3192
            ],
            [
              -73.7597,
              8.3036
            ],
            [
              -73.7587,
              8.2908
            ],
            [
              -73.7502,
              8.2746
            ],
            [
              -73.7603,
              8.2629
            ],
            [
              -73.7646,
              8.2405
            ],
            [
              -73.7747,
              8.2261
            ],
            [
              -73.7796,
              8.2081
            ],
            [
              -73.7712,
              8.1546
            ],
            [
              -73.7481,
              8.1543
            ],
            [
              -73.7488,
              8.1752
            ],
            [
              -73.7275,
              8.1871
            ],
            [
              -73.6841,
              8.1874
            ],
            [
              -73.6951,
              8.2236
            ],
            [
              -73.6926,
              8.2558
            ],
            [
              -73.6796,
              8.3244
            ],
            [
              -73.6791,
              8.3334
            ],
            [
              -73.6658,
              8.339
            ],
            [
              -73.6448,
              8.3621
            ],
            [
              -73.6504,
              8.3898
            ],
            [
              -73.626,
              8.3937
            ],
            [
              -73.6149,
              8.3898
            ],
            [
              -73.6378,
              8.4874
            ]
          ]
        ]
      },
      "properties": {
        "OBJECTID": 415,
        "DPTO_CCDGO": "12",
        "MPIO_CCDGO": "295",
        "name": "12450",
        "MPIO_CRSLC": "Ordenanza 15 de Abril 9 de 1929",
        "MPIO_NANO_": 1993,
        "MPIO_NAREA": 334.08897793,
        "MPIO_CSMBL": "4",
        "MPIO_CCNCT": "20295",
        "MPIO_NANO": 2012,
        "SHAPE_Leng": 1.01720884674,
        "SHAPE_Area": 0.0274227679543,
        "NOMBRE": "GAMARRA",
        "DANE": {
          "dpto_ccdgo": "20",
          "mpio_ccdgo": "295",
          "mpio_cdpmp": "20295",
          "dpto_cnmbr": "CESAR",
          "mpio_cnmbr": "GAMARRA",
          "mpio_crslc": "Ordenanza 15 de Abril 9 de 1929",
          "mpio_tipo": "MUNICIPIO",
          "mpio_narea": 326.87990406,
          "mpio_nano": 2024,
          "shape_Leng": 0.99405132741,
          "shape_Area": 0.0268310568219
        }
      }
    },
    {
      "type": "Feature",
      "geometry": {
        "type": "Polygon",
        "coordinates": [
          [
            [
              -73.348,
              8.3919
            ],
            [
              -73.3501,
              8.4061
            ],
            [
              -73.3405,
              8.4209
            ],
            [
              -73.3416,
              8.4342
            ],
            [
              -73.3587,
              8.4513
            ],
            [
              -73.3718,
              8.4595
            ],
            [
              -73.4144,
              8.4593
            ],
            [
              -73.4106,
              8.4303
            ],
            [
              -73.3991,
              8.418
            ],
            [
              -73.4037,
              8.4058
            ],
            [
              -73.3932,
              8.3823
            ],
            [
              -73.4101,
              8.3686
            ],
            [
              -73.4073,
              8.362
            ],
            [
              -73.3862,
              8.368
            ],
            [
              -73.3759,
              8.36
            ],
            [
              -73.376,
              8.3485
            ],
            [
              -73.3597,
              8.3277
            ],
            [
              -73.3506,
              8.3343
            ],
            [
              -73.3529,
              8.3636
            ],
            [
              -73.348,
              8.3919
            ]
          ]
        ]
      },
      "properties": {
        "OBJECTID": 416,
        "DPTO_CCDGO": "12",
        "MPIO_CCDGO": "310",
        "name": "12525",
        "MPIO_CRSLC": "Ordenanza 31 de 1915",
        "MPIO_NANO_": 1993,
        "MPIO_NAREA": 71.78569106,
        "MPIO_CSMBL": "4",
        "MPIO_CCNCT": "20310",
        "MPIO_NANO": 2012,
        "SHAPE_Leng": 0.424091672805,
        "SHAPE_Area": 0.00589270354205,
        "NOMBRE": "GONZALEZ",
        "DANE": {
          "dpto_ccdgo": "20",
          "mpio_ccdgo": "310",
          "mpio_cdpmp": "20310",
          "dpto_cnmbr": "CESAR",
          "mpio_cnmbr": "GONZÁLEZ",
          "mpio_crslc": "Ordenanza 31 de 1915",
          "mpio_tipo": "MUNICIPIO",
          "mpio_narea": 72.697830617,
          "mpio_nano": 2024,
          "shape_Leng": 0.424576308317,
          "shape_Area": 0.00596758375675
        }
      }
    },
    {
      "type": "Feature",
      "geometry": {
        "type": "Polygon",
        "coordinates": [
          [
            [
              -73.5766,
              8.5057
            ],
            [
              -73.5535,
              8.5078
            ],
            [
              -73.5318,
              8.5279
            ],
            [
              -73.515,
              8.529
            ],
            [
              -73.5389,
              8.5608
            ],
            [
              -73.5472,
              8.5643
            ],
            [
              -73.5474,
              8.5823
            ],
            [
              -73.5522,
              8.6069
            ],
            [
              -73.5422,
              8.6242
            ],
            [
              -73.5262,
              8.6314
            ],
            [
              -73.52,
              8.6452
            ],
            [
              -73.5215,
              8.6582
            ],
            [
              -73.5068,
              8.6797
            ],
            [
              -73.505,
              8.6885
            ],
            [
              -73.4763,
              8.7033
            ],
            [
              -73.4714,
              8.727
            ],
            [
              -73.4627,
              8.7453
            ],
            [
              -73.4403,
              8.7607
            ],
            [
              -73.4161,
              8.7625
            ],
            [
              -73.4118,
              8.7811
            ],
            [
              -73.4211,
              8.7931
            ],
            [
              -73.4287,
              8.8128
            ],
            [
              -73.4287,
              8.8237
            ],
            [
              -73.4307,
              8.8178
            ],
            [
              -73.4557,
              8.7972
            ],
            [
              -73.4895,
              8.7925
            ],
            [
              -73.5126,
              8.7916
            ],
            [
              -73.5246,
              8.7751
            ],
            [
              -73.5324,
              8.7845
            ],
            [
              -73.5742,
              8.7717
            ],
            [
              -73.5869,
              8.7737
            ],
            [
              -73.6138,
              8.7418
            ],
            [
              -73.6197,
              8.7218
            ],
            [
              -73.6148,
              8.7148
            ],
            [
              -73.6216,
              8.686
            ],
            [
              -73.6485,
              8.6698
            ],
            [
              -73.6467,
              8.6541
            ],
            [
              -73.6773,
              8.6467
            ],
            [
              -73.6944,
              8.6549
            ],
            [
              -73.7411,
              8.6568
            ],
            [
              -73.7544,
              8.6659
            ],
            [
              -73.7849,
              8.6621
            ],
            [
              -73.8062,
              8.6648
            ],
            [
              -73.7979,
              8.7075
            ],
            [
              -73.7654,
              8.727
            ],
            [
              -73.7585,
              8.7402
            ],
            [
              -73.7718,
              8.7354
            ],
            [
              -73.7892,
              8.7515
            ],
            [
              -73.7943,
              8.743
            ],
            [
              -73.8115,
              8.7315
            ],
            [
              -73.8158,
              8.7199
            ],
            [
              -73.8092,
              8.6937
            ],
            [
              -73.8203,
              8.6619
            ],
            [
              -73.8163,
              8.631
            ],
            [
              -73.7984,
              8.6086
            ],
            [
              -73.7942,
              8.5902
            ],
            [
              -73.7827,
              8.5664
            ],
            [
              -73.7746,
              8.5587
            ],
            [
              -73.778,
              8.5484
            ],
            [
              -73.7799,
              8.5119
            ],
            [
              -73.7743,
              8.4971
            ],
            [
              -73.7469,
              8.4659
            ],
            [
              -73.7467,
              8.4492
            ],
            [
              -73.7355,
              8.4562
            ],
            [
              -73.7252,
              8.4543
            ],
            [
              -73.6945,
              8.4615
            ],
            [
              -73.6756,
              8.4617
            ],
            [
              -73.6744,
              8.4733
            ],
            [
              -73.6539,
              8.489
            ],
            [
              -73.6378,
              8.4874
            ],
            [
              -73.6222,
              8.4802
            ],
            [
              -73.6012,
              8.4876
            ],
            [
              -73.5918,
              8.4872
            ],
            [
              -73.5766,
              8.5057
            ]
          ]
        ]
      },
      "properties": {
        "OBJECTID": 417,
        "DPTO_CCDGO": "12",
        "MPIO_CCDGO": "383",
        "name": "12600",
        "MPIO_CRSLC": "Ordenanza 32 de 1916",
        "MPIO_NANO_": 1993,
        "MPIO_NAREA": 804.60918969,
        "MPIO_CSMBL": "4",
        "MPIO_CCNCT": "20383",
        "MPIO_NANO": 2012,
        "SHAPE_Leng": 1.92019234837,
        "SHAPE_Area": 0.0660904034762,
        "NOMBRE": "LA GLORIA",
        "DANE": {
          "dpto_ccdgo": "20",
          "mpio_ccdgo": "383",
          "mpio_cdpmp": "20383",
          "dpto_cnmbr": "CESAR",
          "mpio_cnmbr": "LA GLORIA",
          "mpio_crslc": "Ordenanza 32 de 1916",
          "mpio_tipo": "MUNICIPIO",
          "mpio_narea": 802.872114097,
          "mpio_nano": 2024,
          "shape_Leng": 1.95406000837,
          "shape_Area": 0.06594762742
        }
      }
    },
    {
      "type": "Feature",
      "geometry": {
        "type": "Polygon",
        "coordinates": [
          [
            [
              -73.0701,
              9.6325
            ],
            [
              -73.0994,
              9.6289
            ],
            [
              -73.1213,
              9.6381
            ],
            [
              -73.143,
              9.6202
            ],
            [
              -73.1546,
              9.6204
            ],
            [
              -73.1858,
              9.631
            ],
            [
              -73.2155,
              9.6204
            ],
            [
              -73.241,
              9.5976
            ],
            [
              -73.269,
              9.6017
            ],
            [
              -73.299,
              9.5928
            ],
            [
              -73.3016,
              9.5874
            ],
            [
              -73.3228,
              9.5884
            ],
            [
              -73.3475,
              9.6039
            ],
            [
              -73.3621,
              9.6064
            ],
            [
              -73.361,
              9.6156
            ],
            [
              -73.3734,
              9.6258
            ],
            [
              -73.3724,
              9.6393
            ],
            [
              -73.3928,
              9.65
            ],
            [
              -73.3948,
              9.6572
            ],
            [
              -73.411,
              9.6583
            ],
            [
              -73.4206,
              9.675
            ],
            [
              -73.4406,
              9.6837
            ],
            [
              -73.4466,
              9.6823
            ],
            [
              -73.4721,
              9.6932
            ],
            [
              -73.4822,
              9.6768
            ],
            [
              -73.49,
              9.6742
            ],
            [
              -73.492,
              9.6536
            ],
            [
              -73.4977,
              9.6408
            ],
            [
              -73.4761,
              9.6321
            ],
            [
              -73.4465,
              9.6316
            ],
            [
              -73.4409,
              9.6091
            ],
            [
              -73.4857,
              9.5818
            ],
            [
              -73.4975,
              9.5702
            ],
            [
              -73.5118,
              9.5466
            ],
            [
              -73.5266,
              9.5333
            ],
            [
              -73.555,
              9.5331
            ],
            [
              -73.5576,
              9.5282
            ],
            [
              -73.5773,
              9.5261
            ],
            [
              -73.5731,
              9.5124
            ],
            [
              -73.5597,
              9.5158
            ],
            [
              -73.5432,
              9.5105
            ],
            [
              -73.5292,
              9.4955
            ],
            [
              -73.5173,
              9.492
            ],
            [
              -73.5015,
              9.479
            ],
            [
              -73.4951,
              9.4844
            ],
            [
              -73.4702,
              9.4785
            ],
            [
              -73.4561,
              9.4869
            ],
            [
              -73.4459,
              9.4874
            ],
            [
              -73.4131,
              9.4748
            ],
            [
              -73.4046,
              9.4669
            ],
            [
              -73.3962,
              9.4706
            ],
            [
              -73.3836,
              9.4645
            ],
            [
              -73.3797,
              9.4495
            ],
            [
              -73.3711,
              9.447
            ],
            [
              -73.3568,
              9.4622
            ],
            [
              -73.3342,
              9.4644
            ],
            [
              -73.3215,
              9.4536
            ],
            [
              -73.3087,
              9.454
            ],
            [
              -73.2873,
              9.446
            ],
            [
              -73.2741,
              9.4592
            ],
            [
              -73.252,
              9.4668
            ],
            [
              -73.231,
              9.4599
            ],
            [
              -73.2112,
              9.4469
            ],
            [
              -73.2074,
              9.4237
            ],
            [
              -73.2023,
              9.4362
            ],
            [
              -73.1878,
              9.4495
            ],
            [
              -73.2027,
              9.4698
            ],
            [
              -73.1967,
              9.4766
            ],
            [
              -73.1753,
              9.4782
            ],
            [
              -73.1767,
              9.5011
            ],
            [
              -73.1584,
              9.5193
            ],
            [
              -73.1454,
              9.5423
            ],
            [
              -73.1269,
              9.5552
            ],
            [
              -73.1115,
              9.5537
            ],
            [
              -73.0847,
              9.5565
            ],
            [
              -73.0854,
              9.569
            ],
            [
              -73.0741,
              9.6012
            ],
            [
              -73.0776,
              9.6109
            ],
            [
              -73.0701,
              9.6325
            ]
          ]
        ]
      },
      "properties": {
        "OBJECTID": 418,
        "DPTO_CCDGO": "12",
        "MPIO_CCDGO": "400",
        "name": "12608",
        "MPIO_CRSLC": "Ordenanza 5 de Diciembre 5 de 1979",
        "MPIO_NANO_": 1993,
        "MPIO_NAREA": 748.39639092,
        "MPIO_CSMBL": "4",
        "MPIO_CCNCT": "20400",
        "MPIO_NANO": 2012,
        "SHAPE_Leng": 1.85642385076,
        "SHAPE_Area": 0.061621650581,
        "NOMBRE": "LA JAGUA DE IBIRICO",
        "DANE": {
          "dpto_ccdgo": "20",
          "mpio_ccdgo": "400",
          "mpio_cdpmp": "20400",
          "dpto_cnmbr": "CESAR",
          "mpio_cnmbr": "LA JAGUA DE IBIRICO",
          "mpio_crslc": "Ordenanza 5 de Diciembre 5 de 1979",
          "mpio_tipo": "MUNICIPIO",
          "mpio_narea": 755.906758702,
          "mpio_nano": 2024,
          "shape_Leng": 2.08188530045,
          "shape_Area": 0.0622399973864
        }
      }
    },
    {
      "type": "Feature",
      "geometry": {
        "type": "Polygon",
        "coordinates": [
          [
            [
              -72.9064,
              10.3532
            ],
            [
              -72.8861,
              10.3842
            ],
            [
              -72.8876,
              10.3941
            ],
            [
              -72.8997,
              10.3989
            ],
            [
              -72.8942,
              10.4114
            ],
            [
              -72.8962,
              10.4304
            ],
            [
              -72.9008,
              10.4361
            ],
            [
              -72.9429,
              10.4268
            ],
            [
              -72.9576,
              10.4131
            ],
            [
              -72.9728,
              10.4093
            ],
            [
              -72.9867,
              10.4005
            ],
            [
              -73.011,
              10.4048
            ],
            [
              -73.0142,
              10.4115
            ],
            [
              -73.0363,
              10.4035
            ],
            [
              -73.0713,
              10.424
            ],
            [
              -73.0878,
              10.4251
            ],
            [
              -73.1284,
              10.3988
            ],
            [
              -73.1155,
              10.3912
            ],
            [
              -73.0998,
              10.3956
            ],
            [
              -73.0891,
              10.3891
            ],
            [
              -73.0669,
              10.3671
            ],
            [
              -73.0531,
              10.3573
            ],
            [
              -73.033,
              10.3518
            ],
            [
              -73.0055,
              10.3543
            ],
            [
              -73.0024,
              10.3604
            ],
            [
              -72.9863,
              10.3668
            ],
            [
              -72.9758,
              10.3626
            ],
            [
              -72.9646,
              10.3706
            ],
            [
              -72.9482,
              10.3684
            ],
            [
              -72.9286,
              10.3601
            ],
            [
              -72.9149,
              10.3602
            ],
            [
              -72.9064,
              10.3532
            ]
          ]
        ]
      },
      "properties": {
        "OBJECTID": 419,
        "DPTO_CCDGO": "12",
        "MPIO_CCDGO": "443",
        "name": "12625",
        "MPIO_CRSLC": "Ordenanza 19 de Noviembre 28 de 1980",
        "MPIO_NANO_": 1993,
        "MPIO_NAREA": 136.97409762,
        "MPIO_CSMBL": "4",
        "MPIO_CCNCT": "20443",
        "MPIO_NANO": 2012,
        "SHAPE_Leng": 0.639036331527,
        "SHAPE_Area": 0.0113045447266,
        "NOMBRE": "MANAURE BALCON DEL CESAR (MANA",
        "DANE": {
          "dpto_ccdgo": "20",
          "mpio_ccdgo": "443",
          "mpio_cdpmp": "20443",
          "dpto_cnmbr": "CESAR",
          "mpio_cnmbr": "MANAURE BALCÓN DEL CESAR",
          "mpio_crslc": "Ordenanza 19 de Noviembre 28 de 1980",
          "mpio_tipo": "MUNICIPIO",
          "mpio_narea": 136.782085129,
          "mpio_nano": 2024,
          "shape_Leng": 0.669730939862,
          "shape_Area": 0.011288697228
        }
      }
    },
    {
      "type": "Feature",
      "geometry": {
        "type": "Polygon",
        "coordinates": [
          [
            [
              -73.6916,
              9.0378
            ],
            [
              -73.6946,
              9.0039
            ],
            [
              -73.6937,
              8.941
            ],
            [
              -73.6965,
              8.926
            ],
            [
              -73.6951,
              8.8855
            ],
            [
              -73.6984,
              8.8574
            ],
            [
              -73.6854,
              8.8603
            ],
            [
              -73.6831,
              8.8412
            ],
            [
              -73.6733,
              8.8404
            ],
            [
              -73.6474,
              8.8586
            ],
            [
              -73.6344,
              8.8634
            ],
            [
              -73.6198,
              8.8776
            ],
            [
              -73.6135,
              8.8904
            ],
            [
              -73.5762,
              8.8602
            ],
            [
              -73.5693,
              8.8471
            ],
            [
              -73.5696,
              8.835
            ],
            [
              -73.5332,
              8.8293
            ],
            [
              -73.5094,
              8.8421
            ],
            [
              -73.4997,
              8.8506
            ],
            [
              -73.4673,
              8.8511
            ],
            [
              -73.4525,
              8.8709
            ],
            [
              -73.4473,
              8.8709
            ],
            [
              -73.4341,
              8.8713
            ],
            [
              -73.4257,
              8.8996
            ],
            [
              -73.4374,
              8.91
            ],
            [
              -73.4302,
              8.9188
            ],
            [
              -73.4346,
              8.9589
            ],
            [
              -73.4395,
              8.9743
            ],
            [
              -73.4364,
              8.9999
            ],
            [
              -73.4652,
              8.9949
            ],
            [
              -73.491,
              8.9821
            ],
            [
              -73.5147,
              8.9952
            ],
            [
              -73.5294,
              8.9954
            ],
            [
              -73.5499,
              9.0065
            ],
            [
              -73.5564,
              9.0258
            ],
            [
              -73.5563,
              9.0432
            ],
            [
              -73.5654,
              9.0514
            ],
            [
              -73.5619,
              9.0632
            ],
            [
              -73.5815,
              9.0705
            ],
            [
              -73.5923,
              9.0583
            ],
            [
              -73.6074,
              9.0485
            ],
            [
              -73.6107,
              9.0412
            ],
            [
              -73.6311,
              9.0441
            ],
            [
              -73.6509,
              9.0305
            ],
            [
              -73.6916,
              9.0378
            ]
          ]
        ]
      },
      "properties": {
        "OBJECTID": 420,
        "DPTO_CCDGO": "12",
        "MPIO_CCDGO": "517",
        "name": "12650",
        "MPIO_CRSLC": "Ordenanza 38 de 1968",
        "MPIO_NANO_": 1993,
        "MPIO_NAREA": 532.39858193,
        "MPIO_CSMBL": "4",
        "MPIO_CCNCT": "20517",
        "MPIO_NANO": 2012,
        "SHAPE_Leng": 1.09911129241,
        "SHAPE_Area": 0.0437667615156,
        "NOMBRE": "PAILITAS",
        "DANE": {
          "dpto_ccdgo": "20",
          "mpio_ccdgo": "517",
          "mpio_cdpmp": "20517",
          "dpto_cnmbr": "CESAR",
          "mpio_cnmbr": "PAILITAS",
          "mpio_crslc": "Ordenanza 38 de 1968",
          "mpio_tipo": "MUNICIPIO",
          "mpio_narea": 531.767497468,
          "mpio_nano": 2024,
          "shape_Leng": 1.13539453099,
          "shape_Area": 0.0437148914337
        }
      }
    },
    {
      "type": "Feature",
      "geometry": {
        "type": "Polygon",
        "coordinates": [
          [
            [
              -73.4473,
              8.8709
            ],
            [
              -73.4525,
              8.8709
            ],
            [
              -73.4673,
              8.8511
            ],
            [
              -73.4997,
              8.8506
            ],
            [
              -73.5094,
              8.8421
            ],
            [
              -73.5332,
              8.8293
            ],
            [
              -73.5696,
              8.835
            ],
            [
              -73.5693,
              8.8471
            ],
            [
              -73.5762,
              8.8602
            ],
            [
              -73.6135,
              8.8904
            ],
            [
              -73.6198,
              8.8776
            ],
            [
              -73.6344,
              8.8634
            ],
            [
              -73.6474,
              8.8586
            ],
            [
              -73.6733,
              8.8404
            ],
            [
              -73.6848,
              8.7787
            ],
            [
              -73.6938,
              8.7723
            ],
            [
              -73.6914,
              8.7399
            ],
            [
              -73.7025,
              8.7492
            ],
            [
              -73.7154,
              8.7489
            ],
            [
              -73.7585,
              8.7402
            ],
            [
              -73.7654,
              8.727
            ],
            [
              -73.7979,
              8.7075
            ],
            [
              -73.8062,
              8.6648
            ],
            [
              -73.7849,
              8.6621
            ],
            [
              -73.7544,
              8.6659
            ],
            [
              -73.7411,
              8.6568
            ],
            [
              -73.6944,
              8.6549
            ],
            [
              -73.6773,
              8.6467
            ],
            [
              -73.6467,
              8.6541
            ],
            [
              -73.6485,
              8.6698
            ],
            [
              -73.6216,
              8.686
            ],
            [
              -73.6148,
              8.7148
            ],
            [
              -73.6197,
              8.7218
            ],
            [
              -73.6138,
              8.7418
            ],
            [
              -73.5869,
              8.7737
            ],
            [
              -73.5742,
              8.7717
            ],
            [
              -73.5324,
              8.7845
            ],
            [
              -73.5246,
              8.7751
            ],
            [
              -73.5126,
              8.7916
            ],
            [
              -73.4895,
              8.7925
            ],
            [
              -73.4557,
              8.7972
            ],
            [
              -73.4307,
              8.8178
            ],
            [
              -73.4287,
              8.8237
            ],
            [
              -73.4298,
              8.8345
            ],
            [
              -73.4482,
              8.8622
            ],
            [
              -73.4473,
              8.8709
            ]
          ]
        ]
      },
      "properties": {
        "OBJECTID": 421,
        "DPTO_CCDGO": "12",
        "MPIO_CCDGO": "550",
        "name": "12700",
        "MPIO_CRSLC": "Ordenanza 4 de 1983",
        "MPIO_NANO_": 1993,
        "MPIO_NAREA": 423.75876219,
        "MPIO_CSMBL": "4",
        "MPIO_CCNCT": "20550",
        "MPIO_NANO": 2012,
        "SHAPE_Leng": 1.36528611299,
        "SHAPE_Area": 0.034820296815,
        "NOMBRE": "PELAYA",
        "DANE": {
          "dpto_ccdgo": "20",
          "mpio_ccdgo": "550",
          "mpio_cdpmp": "20550",
          "dpto_cnmbr": "CESAR",
          "mpio_cnmbr": "PELAYA",
          "mpio_crslc": "Ordenanza 4 de 1983",
          "mpio_tipo": "MUNICIPIO",
          "mpio_narea": 423.397846814,
          "mpio_nano": 2024,
          "shape_Leng": 1.42448284171,
          "shape_Area": 0.0347906507818
        }
      }
    },
    {
      "type": "Feature",
      "geometry": {
        "type": "Polygon",
        "coordinates": [
          [
            [
              -73.7344,
              10.3512
            ],
            [
              -73.7213,
              10.3298
            ],
            [
              -73.7111,
              10.336
            ],
            [
              -73.6945,
              10.3367
            ],
            [
              -73.6816,
              10.3285
            ],
            [
              -73.6549,
              10.3191
            ],
            [
              -73.6466,
              10.3309
            ],
            [
              -73.6335,
              10.3359
            ],
            [
              -73.6066,
              10.3313
            ],
            [
              -73.5874,
              10.3394
            ],
            [
              -73.5564,
              10.3314
            ],
            [
              -73.5413,
              10.3328
            ],
            [
              -73.5335,
              10.3388
            ],
            [
              -73.5246,
              10.3306
            ],
            [
              -73.5139,
              10.3313
            ],
            [
              -73.4992,
              10.3444
            ],
            [
              -73.4837,
              10.3415
            ],
            [
              -73.4789,
              10.348
            ],
            [
              -73.45,
              10.3603
            ],
            [
              -73.4545,
              10.3729
            ],
            [
              -73.4405,
              10.3824
            ],
            [
              -73.4377,
              10.3914
            ],
            [
              -73.4483,
              10.4118
            ],
            [
              -73.4647,
              10.4203
            ],
            [
              -73.4774,
              10.4395
            ],
            [
              -73.483,
              10.4611
            ],
            [
              -73.4949,
              10.473
            ],
            [
              -73.4936,
              10.4895
            ],
            [
              -73.4707,
              10.5003
            ],
            [
              -73.4823,
              10.5148
            ],
            [
              -73.5008,
              10.5244
            ],
            [
              -73.52,
              10.5955
            ],
            [
              -73.5194,
              10.723
            ],
            [
              -73.5623,
              10.7409
            ],
            [
              -73.5629,
              10.7162
            ],
            [
              -73.5938,
              10.7053
            ],
            [
              -73.5967,
              10.6858
            ],
            [
              -73.6117,
              10.6727
            ],
            [
              -73.6124,
              10.6541
            ],
            [
              -73.6167,
              10.6448
            ],
            [
              -73.5985,
              10.6396
            ],
            [
              -73.6005,
              10.6194
            ],
            [
              -73.5942,
              10.6004
            ],
            [
              -73.5995,
              10.5758
            ],
            [
              -73.5978,
              10.5623
            ],
            [
              -73.5905,
              10.5491
            ],
            [
              -73.572,
              10.5429
            ],
            [
              -73.5653,
              10.5305
            ],
            [
              -73.5665,
              10.501
            ],
            [
              -73.5921,
              10.4955
            ],
            [
              -73.6154,
              10.5009
            ],
            [
              -73.6318,
              10.4952
            ],
            [
              -73.6452,
              10.4956
            ],
            [
              -73.6453,
              10.4695
            ],
            [
              -73.6595,
              10.4555
            ],
            [
              -73.6907,
              10.4654
            ],
            [
              -73.7033,
              10.4636
            ],
            [
              -73.6993,
              10.4516
            ],
            [
              -73.7033,
              10.4318
            ],
            [
              -73.7415,
              10.4349
            ],
            [
              -73.7557,
              10.4156
            ],
            [
              -73.7651,
              10.4117
            ],
            [
              -73.7794,
              10.3961
            ],
            [
              -73.7917,
              10.3923
            ],
            [
              -73.7806,
              10.3673
            ],
            [
              -73.7778,
              10.3517
            ],
            [
              -73.7549,
              10.345
            ],
            [
              -73.7344,
              10.3512
            ]
          ]
        ]
      },
      "properties": {
        "OBJECTID": 422,
        "DPTO_CCDGO": "12",
        "MPIO_CCDGO": "570",
        "name": "12720",
        "MPIO_CRSLC": "ORD 37 DE DICIEMBRE 10 DE 1997",
        "MPIO_NANO_": 1997,
        "MPIO_NAREA": 696.19406195,
        "MPIO_CSMBL": "4",
        "MPIO_CCNCT": "20570",
        "MPIO_NANO": 2012,
        "SHAPE_Leng": 1.6578945074,
        "SHAPE_Area": 0.0574877424228,
        "NOMBRE": "PUEBLO BELLO",
        "DANE": {
          "dpto_ccdgo": "20",
          "mpio_ccdgo": "570",
          "mpio_cdpmp": "20570",
          "dpto_cnmbr": "CESAR",
          "mpio_cnmbr": "PUEBLO BELLO",
          "mpio_crslc": "ORD 37 DE DICIEMBRE 10 DE 1997",
          "mpio_tipo": "MUNICIPIO",
          "mpio_narea": 743.801820091,
          "mpio_nano": 2024,
          "shape_Leng": 1.8600318766,
          "shape_Area": 0.0614181410807
        }
      }
    },
    {
      "type": "Feature",
      "geometry": {
        "type": "Polygon",
        "coordinates": [
          [
            [
              -73.3597,
              8.3277
            ],
            [
              -73.376,
              8.3485
            ],
            [
              -73.3759,
              8.36
            ],
            [
              -73.3862,
              8.368
            ],
            [
              -73.4073,
              8.362
            ],
            [
              -73.4101,
              8.3686
            ],
            [
              -73.4361,
              8.3626
            ],
            [
              -73.4429,
              8.3422
            ],
            [
              -73.4564,
              8.3455
            ],
            [
              -73.4566,
              8.3614
            ],
            [
              -73.4784,
              8.34
            ],
            [
              -73.4856,
              8.3242
            ],
            [
              -73.5075,
              8.3068
            ],
            [
              -73.5106,
              8.2976
            ],
            [
              -73.5282,
              8.2902
            ],
            [
              -73.5364,
              8.28
            ],
            [
              -73.5358,
              8.27
            ],
            [
              -73.5419,
              8.2515
            ],
            [
              -73.5541,
              8.2374
            ],
            [
              -73.553,
              8.2223
            ],
            [
              -73.5582,
              8.205
            ],
            [
              -73.5754,
              8.1992
            ],
            [
              -73.6042,
              8.1782
            ],
            [
              -73.6,
              8.1673
            ],
            [
              -73.5685,
              8.1076
            ],
            [
              -73.586,
              8.1148
            ],
            [
              -73.6077,
              8.103
            ],
            [
              -73.6243,
              8.1067
            ],
            [
              -73.6535,
              8.1052
            ],
            [
              -73.6389,
              8.0661
            ],
            [
              -73.6346,
              8.0685
            ],
            [
              -73.5969,
              8.066
            ],
            [
              -73.5912,
              8.0604
            ],
            [
              -73.5765,
              8.0698
            ],
            [
              -73.5337,
              8.0705
            ],
            [
              -73.5196,
              8.066
            ],
            [
              -73.4983,
              8.0809
            ],
            [
              -73.4706,
              8.087
            ],
            [
              -73.4392,
              8.08
            ],
            [
              -73.4172,
              8.0875
            ],
            [
              -73.4161,
              8.0975
            ],
            [
              -73.3965,
              8.1066
            ],
            [
              -73.3955,
              8.1149
            ],
            [
              -73.4154,
              8.1146
            ],
            [
              -73.4306,
              8.1274
            ],
            [
              -73.4271,
              8.1352
            ],
            [
              -73.4374,
              8.1512
            ],
            [
              -73.4289,
              8.1634
            ],
            [
              -73.4301,
              8.1775
            ],
            [
              -73.4456,
              8.1934
            ],
            [
              -73.435,
              8.2073
            ],
            [
              -73.4291,
              8.233
            ],
            [
              -73.4312,
              8.2475
            ],
            [
              -73.4406,
              8.2572
            ],
            [
              -73.418,
              8.2655
            ],
            [
              -73.4065,
              8.2555
            ],
            [
              -73.3901,
              8.2692
            ],
            [
              -73.3767,
              8.2649
            ],
            [
              -73.3711,
              8.2802
            ],
            [
              -73.3775,
              8.3028
            ],
            [
              -73.3705,
              8.3183
            ],
            [
              -73.3597,
              8.3277
            ]
          ]
        ]
      },
      "properties": {
        "OBJECTID": 423,
        "DPTO_CCDGO": "12",
        "MPIO_CCDGO": "614",
        "name": "12750",
        "MPIO_CRSLC": "Ordenanza 10 del 8 de Enero de 1913",
        "MPIO_NANO_": 1993,
        "MPIO_NAREA": 466.46483638,
        "MPIO_CSMBL": "4",
        "MPIO_CCNCT": "20614",
        "MPIO_NANO": 2012,
        "SHAPE_Leng": 1.47515181789,
        "SHAPE_Area": 0.0382733678754,
        "NOMBRE": "RIO DE ORO",
        "DANE": {
          "dpto_ccdgo": "20",
          "mpio_ccdgo": "614",
          "mpio_cdpmp": "20614",
          "dpto_cnmbr": "CESAR",
          "mpio_cnmbr": "RÍO DE ORO",
          "mpio_crslc": "Ordenanza 10 del 8 de Enero de 1913",
          "mpio_tipo": "MUNICIPIO",
          "mpio_narea": 518.690127787,
          "mpio_nano": 2024,
          "shape_Leng": 1.51634234155,
          "shape_Area": 0.0425581570892
        }
      }
    },
    {
      "type": "Feature",
      "geometry": {
        "type": "Polygon",
        "coordinates": [
          [
            [
              -73.1284,
              10.3988
            ],
            [
              -73.1459,
              10.4002
            ],
            [
              -73.1419,
              10.4348
            ],
            [
              -73.1553,
              10.4522
            ],
            [
              -73.1675,
              10.4611
            ],
            [
              -73.1777,
              10.4565
            ],
            [
              -73.1894,
              10.4469
            ],
            [
              -73.186,
              10.434
            ],
            [
              -73.2267,
              10.3921
            ],
            [
              -73.2369,
              10.356
            ],
            [
              -73.2255,
              10.3579
            ],
            [
              -73.1816,
              10.3404
            ],
            [
              -73.1731,
              10.3431
            ],
            [
              -73.1465,
              10.3326
            ],
            [
              -73.1188,
              10.341
            ],
            [
              -73.1191,
              10.2009
            ],
            [
              -73.1649,
              10.201
            ],
            [
              -73.1651,
              10.1105
            ],
            [
              -73.2163,
              10.1105
            ],
            [
              -73.229,
              10.1192
            ],
            [
              -73.2496,
              10.1112
            ],
            [
              -73.2685,
              10.1133
            ],
            [
              -73.2865,
              10.1068
            ],
            [
              -73.3021,
              10.1105
            ],
            [
              -73.306,
              10.0951
            ],
            [
              -73.3131,
              10.0949
            ],
            [
              -73.3473,
              10.0837
            ],
            [
              -73.3748,
              10.0899
            ],
            [
              -73.3916,
              10.0816
            ],
            [
              -73.4195,
              10.0439
            ],
            [
              -73.4268,
              10.0209
            ],
            [
              -73.4659,
              10.0209
            ],
            [
              -73.4923,
              10.0123
            ],
            [
              -73.4983,
              10.0171
            ],
            [
              -73.5495,
              9.9051
            ],
            [
              -73.5629,
              9.9061
            ],
            [
              -73.5751,
              9.8828
            ],
            [
              -73.575,
              9.8719
            ],
            [
              -73.5884,
              9.8663
            ],
            [
              -73.6011,
              9.8605
            ],
            [
              -73.6175,
              9.8362
            ],
            [
              -73.6185,
              9.8185
            ],
            [
              -73.6244,
              9.8038
            ],
            [
              -73.6126,
              9.7973
            ],
            [
              -73.6207,
              9.7699
            ],
            [
              -73.6213,
              9.7578
            ],
            [
              -73.6124,
              9.7625
            ],
            [
              -73.6088,
              9.7766
            ],
            [
              -73.5971,
              9.7744
            ],
            [
              -73.5826,
              9.7852
            ],
            [
              -73.5771,
              9.7976
            ],
            [
              -73.563,
              9.8069
            ],
            [
              -73.5497,
              9.8102
            ],
            [
              -73.5486,
              9.8202
            ],
            [
              -73.5334,
              9.8259
            ],
            [
              -73.5205,
              9.8366
            ],
            [
              -73.5222,
              9.8438
            ],
            [
              -73.506,
              9.8622
            ],
            [
              -73.5001,
              9.882
            ],
            [
              -73.492,
              9.8795
            ],
            [
              -73.473,
              9.8952
            ],
            [
              -73.4521,
              9.9087
            ],
            [
              -73.446,
              9.9263
            ],
            [
              -73.4377,
              9.9363
            ],
            [
              -73.4648,
              9.9541
            ],
            [
              -73.452,
              9.965
            ],
            [
              -73.45,
              9.9729
            ],
            [
              -73.4287,
              9.9976
            ],
            [
              -73.4037,
              10.0096
            ],
            [
              -73.4027,
              10.0192
            ],
            [
              -73.3675,
              10.0508
            ],
            [
              -73.3489,
              10.0611
            ],
            [
              -73.3297,
              10.0566
            ],
            [
              -73.3234,
              10.0645
            ],
            [
              -73.297,
              10.0618
            ],
            [
              -73.2831,
              10.0506
            ],
            [
              -73.2598,
              10.055
            ],
            [
              -73.2382,
              10.0657
            ],
            [
              -73.2248,
              10.0652
            ],
            [
              -73.2056,
              10.0418
            ],
            [
              -73.1885,
              10.0445
            ],
            [
              -73.151,
              10.0782
            ],
            [
              -73.1559,
              10.0935
            ],
            [
              -73.1414,
              10.1135
            ],
            [
              -73.1122,
              10.0993
            ],
            [
              -73.0965,
              10.1019
            ],
            [
              -73.0646,
              10.126
            ],
            [
              -73.0498,
              10.134
            ],
            [
              -73.0365,
              10.1522
            ],
            [
              -72.9985,
              10.1648
            ],
            [
              -72.9845,
              10.1739
            ],
            [
              -72.9679,
              10.193
            ],
            [
              -72.9509,
              10.2056
            ],
            [
              -72.9414,
              10.2218
            ],
            [
              -72.9214,
              10.234
            ],
            [
              -72.9105,
              10.2495
            ],
            [
              -72.907,
              10.268
            ],
            [
              -72.8963,
              10.3119
            ],
            [
              -72.9068,
              10.3254
            ],
            [
              -72.9064,
              10.3532
            ],
            [
              -72.9149,
              10.3602
            ],
            [
              -72.9286,
              10.3601
            ],
            [
              -72.9482,
              10.3684
            ],
            [
              -72.9646,
              10.3706
            ],
            [
              -72.9758,
              10.3626
            ],
            [
              -72.9863,
              10.3668
            ],
            [
              -73.0024,
              10.3604
            ],
            [
              -73.0055,
              10.3543
            ],
            [
              -73.033,
              10.3518
            ],
            [
              -73.0531,
              10.3573
            ],
            [
              -73.0669,
              10.3671
            ],
            [
              -73.0891,
              10.3891
            ],
            [
              -73.0998,
              10.3956
            ],
            [
              -73.1155,
              10.3912
            ],
            [
              -73.1284,
              10.3988
            ]
          ]
        ]
      },
      "properties": {
        "OBJECTID": 424,
        "DPTO_CCDGO": "12",
        "MPIO_CCDGO": "621",
        "name": "12825",
        "MPIO_CRSLC": "Ordenananza 08 de 1935",
        "MPIO_NANO_": 1993,
        "MPIO_NAREA": 1072.66336198,
        "MPIO_CSMBL": "4",
        "MPIO_CCNCT": "20621",
        "MPIO_NANO": 2012,
        "SHAPE_Leng": 3.30872503943,
        "SHAPE_Area": 0.0884754102225,
        "NOMBRE": "LA PAZ",
        "DANE": {
          "dpto_ccdgo": "20",
          "mpio_ccdgo": "621",
          "mpio_cdpmp": "20621",
          "dpto_cnmbr": "CESAR",
          "mpio_cnmbr": "LA PAZ",
          "mpio_crslc": "Ordenananza 08 de 1935",
          "mpio_tipo": "MUNICIPIO",
          "mpio_narea": 1073.10115256,
          "mpio_nano": 2024,
          "shape_Leng": 3.49274966906,
          "shape_Area": 0.0885113858636
        }
      }
    },
    {
      "type": "Feature",
      "geometry": {
        "type": "Polygon",
        "coordinates": [
          [
            [
              -73.3486,
              7.8289
            ],
            [
              -73.3519,
              7.892
            ],
            [
              -73.3466,
              7.8996
            ],
            [
              -73.3272,
              7.9071
            ],
            [
              -73.3047,
              7.911
            ],
            [
              -73.3022,
              7.9229
            ],
            [
              -73.2786,
              7.9362
            ],
            [
              -73.2752,
              7.9575
            ],
            [
              -73.2785,
              7.9858
            ],
            [
              -73.2888,
              7.9924
            ],
            [
              -73.2978,
              7.9846
            ],
            [
              -73.4045,
              7.9183
            ],
            [
              -73.4108,
              7.9364
            ],
            [
              -73.43,
              7.9446
            ],
            [
              -73.4434,
              7.9386
            ],
            [
              -73.4454,
              7.9274
            ],
            [
              -73.4663,
              7.8616
            ],
            [
              -73.4736,
              7.8563
            ],
            [
              -73.4747,
              7.8424
            ],
            [
              -73.4865,
              7.8264
            ],
            [
              -73.5075,
              7.8152
            ],
            [
              -73.5314,
              7.8207
            ],
            [
              -73.5309,
              7.8111
            ],
            [
              -73.5378,
              7.795
            ],
            [
              -73.5731,
              7.7935
            ],
            [
              -73.6012,
              7.8037
            ],
            [
              -73.6038,
              7.8098
            ],
            [
              -73.6254,
              7.8024
            ],
            [
              -73.6391,
              7.8048
            ],
            [
              -73.6449,
              7.8182
            ],
            [
              -73.6532,
              7.8238
            ],
            [
              -73.6657,
              7.8221
            ],
            [
              -73.6688,
              7.7998
            ],
            [
              -73.6623,
              7.7951
            ],
            [
              -73.6535,
              7.7668
            ],
            [
              -73.6448,
              7.7523
            ],
            [
              -73.633,
              7.7492
            ],
            [
              -73.614,
              7.7417
            ],
            [
              -73.6044,
              7.7431
            ],
            [
              -73.5805,
              7.7385
            ],
            [
              -73.5612,
              7.7269
            ],
            [
              -73.5517,
              7.7121
            ],
            [
              -73.5296,
              7.7042
            ],
            [
              -73.5078,
              7.6819
            ],
            [
              -73.4809,
              7.6763
            ],
            [
              -73.4668,
              7.6846
            ],
            [
              -73.4627,
              7.6923
            ],
            [
              -73.4402,
              7.6961
            ],
            [
              -73.4119,
              7.7164
            ],
            [
              -73.4104,
              7.7248
            ],
            [
              -73.3851,
              7.7571
            ],
            [
              -73.3749,
              7.7744
            ],
            [
              -73.3542,
              7.7898
            ],
            [
              -73.3487,
              7.8108
            ],
            [
              -73.3486,
              7.8289
            ]
          ]
        ]
      },
      "properties": {
        "OBJECTID": 425,
        "DPTO_CCDGO": "12",
        "MPIO_CCDGO": "710",
        "name": "12800",
        "MPIO_CRSLC": "Ordenanza 003 del 19 de Noviembre de 1976",
        "MPIO_NANO_": 1993,
        "MPIO_NAREA": 574.3627354,
        "MPIO_CSMBL": "4",
        "MPIO_CCNCT": "20710",
        "MPIO_NANO": 2012,
        "SHAPE_Leng": 1.55067120625,
        "SHAPE_Area": 0.0470819463177,
        "NOMBRE": "SAN ALBERTO",
        "DANE": {
          "dpto_ccdgo": "20",
          "mpio_ccdgo": "710",
          "mpio_cdpmp": "20710",
          "dpto_cnmbr": "CESAR",
          "mpio_cnmbr": "SAN ALBERTO",
          "mpio_crslc": "Ordenanza 003 del 19 de Noviembre de 1976",
          "mpio_tipo": "MUNICIPIO",
          "mpio_narea": 550.211705372,
          "mpio_nano": 2024,
          "shape_Leng": 1.58118780223,
          "shape_Area": 0.0451021391428
        }
      }
    },
    {
      "type": "Feature",
      "geometry": {
        "type": "Polygon",
        "coordinates": [
          [
            [
              -73.5884,
              9.8663
            ],
            [
              -73.575,
              9.8719
            ],
            [
              -73.5751,
              9.8828
            ],
            [
              -73.5629,
              9.9061
            ],
            [
              -73.5495,
              9.9051
            ],
            [
              -73.4983,
              10.0171
            ],
            [
              -73.4923,
              10.0123
            ],
            [
              -73.4659,
              10.0209
            ],
            [
              -73.4268,
              10.0209
            ],
            [
              -73.4195,
              10.0439
            ],
            [
              -73.3916,
              10.0816
            ],
            [
              -73.3748,
              10.0899
            ],
            [
              -73.3473,
              10.0837
            ],
            [
              -73.3131,
              10.0949
            ],
            [
              -73.306,
              10.0951
            ],
            [
              -73.3021,
              10.1105
            ],
            [
              -73.2865,
              10.1068
            ],
            [
              -73.2685,
              10.1133
            ],
            [
              -73.2496,
              10.1112
            ],
            [
              -73.229,
              10.1192
            ],
            [
              -73.2163,
              10.1105
            ],
            [
              -73.1651,
              10.1105
            ],
            [
              -73.1649,
              10.201
            ],
            [
              -73.1191,
              10.2009
            ],
            [
              -73.1188,
              10.341
            ],
            [
              -73.1465,
              10.3326
            ],
            [
              -73.1731,
              10.3431
            ],
            [
              -73.1816,
              10.3404
            ],
            [
              -73.2255,
              10.3579
            ],
            [
              -73.2369,
              10.356
            ],
            [
              -73.2521,
              10.3335
            ],
            [
              -73.251,
              10.3042
            ],
            [
              -73.26,
              10.2926
            ],
            [
              -73.2749,
              10.2644
            ],
            [
              -73.2647,
              10.2602
            ],
            [
              -73.2845,
              10.2391
            ],
            [
              -73.2997,
              10.2144
            ],
            [
              -73.3294,
              10.2059
            ],
            [
              -73.3418,
              10.1897
            ],
            [
              -73.3533,
              10.1866
            ],
            [
              -73.3601,
              10.1704
            ],
            [
              -73.374,
              10.166
            ],
            [
              -73.3941,
              10.1396
            ],
            [
              -73.3931,
              10.1326
            ],
            [
              -73.4255,
              10.0914
            ],
            [
              -73.4589,
              10.0823
            ],
            [
              -73.4662,
              10.0716
            ],
            [
              -73.4852,
              10.0603
            ],
            [
              -73.4849,
              10.0442
            ],
            [
              -73.4937,
              10.043
            ],
            [
              -73.4987,
              10.0216
            ],
            [
              -73.5184,
              10.016
            ],
            [
              -73.5291,
              10.0204
            ],
            [
              -73.5459,
              9.9963
            ],
            [
              -73.5557,
              9.9765
            ],
            [
              -73.5596,
              9.9611
            ],
            [
              -73.567,
              9.9564
            ],
            [
              -73.5671,
              9.9387
            ],
            [
              -73.5758,
              9.9273
            ],
            [
              -73.5882,
              9.9271
            ],
            [
              -73.5875,
              9.9041
            ],
            [
              -73.5939,
              9.8945
            ],
            [
              -73.587,
              9.8789
            ],
            [
              -73.5884,
              9.8663
            ]
          ]
        ]
      },
      "properties": {
        "OBJECTID": 426,
        "DPTO_CCDGO": "12",
        "MPIO_CCDGO": "750",
        "name": "12850",
        "MPIO_CRSLC": "Ordenanza 19 de Noviembre 25 de 1983",
        "MPIO_NANO_": 1993,
        "MPIO_NAREA": 651.42985551,
        "MPIO_CSMBL": "4",
        "MPIO_CCNCT": "20750",
        "MPIO_NANO": 2012,
        "SHAPE_Leng": 2.03459132716,
        "SHAPE_Area": 0.0537348435019,
        "NOMBRE": "SAN DIEGO",
        "DANE": {
          "dpto_ccdgo": "20",
          "mpio_ccdgo": "750",
          "mpio_cdpmp": "20750",
          "dpto_cnmbr": "CESAR",
          "mpio_cnmbr": "SAN DIEGO",
          "mpio_crslc": "Ordenanza 19 de Noviembre 25 de 1983",
          "mpio_tipo": "MUNICIPIO",
          "mpio_narea": 645.999443987,
          "mpio_nano": 2024,
          "shape_Leng": 2.2053196953,
          "shape_Area": 0.0532870059412
        }
      }
    },
    {
      "type": "Feature",
      "geometry": {
        "type": "Polygon",
        "coordinates": [
          [
            [
              -73.3096,
              8.0157
            ],
            [
              -73.3235,
              8.0141
            ],
            [
              -73.3338,
              8.0214
            ],
            [
              -73.355,
              8.0171
            ],
            [
              -73.3657,
              8.0223
            ],
            [
              -73.3748,
              8.0515
            ],
            [
              -73.369,
              8.069
            ],
            [
              -73.3776,
              8.1055
            ],
            [
              -73.3846,
              8.1118
            ],
            [
              -73.3965,
              8.1066
            ],
            [
              -73.4161,
              8.0975
            ],
            [
              -73.4172,
              8.0875
            ],
            [
              -73.4392,
              8.08
            ],
            [
              -73.4706,
              8.087
            ],
            [
              -73.4983,
              8.0809
            ],
            [
              -73.5196,
              8.066
            ],
            [
              -73.5337,
              8.0705
            ],
            [
              -73.5765,
              8.0698
            ],
            [
              -73.5912,
              8.0604
            ],
            [
              -73.5969,
              8.066
            ],
            [
              -73.6346,
              8.0685
            ],
            [
              -73.6389,
              8.0661
            ],
            [
              -73.6161,
              8.0102
            ],
            [
              -73.6341,
              8.0046
            ],
            [
              -73.6416,
              7.9939
            ],
            [
              -73.6583,
              7.9936
            ],
            [
              -73.6786,
              7.9977
            ],
            [
              -73.7075,
              7.9906
            ],
            [
              -73.7178,
              7.997
            ],
            [
              -73.7209,
              8.0092
            ],
            [
              -73.7235,
              7.971
            ],
            [
              -73.7093,
              7.97
            ],
            [
              -73.6975,
              7.9513
            ],
            [
              -73.6763,
              7.9428
            ],
            [
              -73.6726,
              7.9273
            ],
            [
              -73.6776,
              7.9128
            ],
            [
              -73.6706,
              7.8943
            ],
            [
              -73.6902,
              7.8836
            ],
            [
              -73.7008,
              7.8657
            ],
            [
              -73.7099,
              7.8631
            ],
            [
              -73.7245,
              7.8435
            ],
            [
              -73.7247,
              7.8374
            ],
            [
              -73.7442,
              7.8302
            ],
            [
              -73.7511,
              7.8198
            ],
            [
              -73.751,
              7.8036
            ],
            [
              -73.7415,
              7.796
            ],
            [
              -73.7377,
              7.7835
            ],
            [
              -73.7606,
              7.7622
            ],
            [
              -73.7526,
              7.7507
            ],
            [
              -73.633,
              7.7492
            ],
            [
              -73.6448,
              7.7523
            ],
            [
              -73.6535,
              7.7668
            ],
            [
              -73.6623,
              7.7951
            ],
            [
              -73.6688,
              7.7998
            ],
            [
              -73.6657,
              7.8221
            ],
            [
              -73.6532,
              7.8238
            ],
            [
              -73.6449,
              7.8182
            ],
            [
              -73.6391,
              7.8048
            ],
            [
              -73.6254,
              7.8024
            ],
            [
              -73.6038,
              7.8098
            ],
            [
              -73.6012,
              7.8037
            ],
            [
              -73.5731,
              7.7935
            ],
            [
              -73.5378,
              7.795
            ],
            [
              -73.5309,
              7.8111
            ],
            [
              -73.5314,
              7.8207
            ],
            [
              -73.5075,
              7.8152
            ],
            [
              -73.4865,
              7.8264
            ],
            [
              -73.4747,
              7.8424
            ],
            [
              -73.4736,
              7.8563
            ],
            [
              -73.4663,
              7.8616
            ],
            [
              -73.4454,
              7.9274
            ],
            [
              -73.4434,
              7.9386
            ],
            [
              -73.43,
              7.9446
            ],
            [
              -73.4108,
              7.9364
            ],
            [
              -73.4045,
              7.9183
            ],
            [
              -73.2978,
              7.9846
            ],
            [
              -73.3011,
              8.002
            ],
            [
              -73.3096,
              8.0157
            ]
          ]
        ]
      },
      "properties": {
        "OBJECTID": 427,
        "DPTO_CCDGO": "12",
        "MPIO_CCDGO": "770",
        "name": "12875",
        "MPIO_CRSLC": "Ordenanza 15 de Noviembre 16 de 1983",
        "MPIO_NANO_": 1993,
        "MPIO_NAREA": 850.32921901,
        "MPIO_CSMBL": "4",
        "MPIO_CCNCT": "20770",
        "MPIO_NANO": 2012,
        "SHAPE_Leng": 1.80983041594,
        "SHAPE_Area": 0.0697287728775,
        "NOMBRE": "SAN MARTIN",
        "DANE": {
          "dpto_ccdgo": "20",
          "mpio_ccdgo": "770",
          "mpio_cdpmp": "20770",
          "dpto_cnmbr": "CESAR",
          "mpio_cnmbr": "SAN MARTÍN",
          "mpio_crslc": "Ordenanza 15 de Noviembre 16 de 1983",
          "mpio_tipo": "MUNICIPIO",
          "mpio_narea": 993.291243414,
          "mpio_nano": 2024,
          "shape_Leng": 2.20144999785,
          "shape_Area": 0.0814486107407
        }
      }
    },
    {
      "type": "Feature",
      "geometry": {
        "type": "Polygon",
        "coordinates": [
          [
            [
              -73.6733,
              8.8404
            ],
            [
              -73.6831,
              8.8412
            ],
            [
              -73.6854,
              8.8603
            ],
            [
              -73.6984,
              8.8574
            ],
            [
              -73.6951,
              8.8855
            ],
            [
              -73.6965,
              8.926
            ],
            [
              -73.6937,
              8.941
            ],
            [
              -73.6946,
              9.0039
            ],
            [
              -73.6916,
              9.0378
            ],
            [
              -73.7031,
              9.0348
            ],
            [
              -73.7381,
              9.0494
            ],
            [
              -73.7551,
              9.0534
            ],
            [
              -73.799,
              9.0593
            ],
            [
              -73.7979,
              9.0494
            ],
            [
              -73.8098,
              9.044
            ],
            [
              -73.815,
              9.0261
            ],
            [
              -73.8258,
              9.0227
            ],
            [
              -73.8259,
              9.0005
            ],
            [
              -73.8327,
              8.9784
            ],
            [
              -73.8498,
              8.9558
            ],
            [
              -73.8631,
              8.9466
            ],
            [
              -73.8677,
              8.9365
            ],
            [
              -73.8734,
              8.9118
            ],
            [
              -73.8666,
              8.887
            ],
            [
              -73.8183,
              8.8352
            ],
            [
              -73.8079,
              8.8317
            ],
            [
              -73.7963,
              8.8186
            ],
            [
              -73.7919,
              8.7903
            ],
            [
              -73.7948,
              8.7669
            ],
            [
              -73.7892,
              8.7515
            ],
            [
              -73.7718,
              8.7354
            ],
            [
              -73.7585,
              8.7402
            ],
            [
              -73.7154,
              8.7489
            ],
            [
              -73.7025,
              8.7492
            ],
            [
              -73.6914,
              8.7399
            ],
            [
              -73.6938,
              8.7723
            ],
            [
              -73.6848,
              8.7787
            ],
            [
              -73.6733,
              8.8404
            ]
          ]
        ]
      },
      "properties": {
        "OBJECTID": 428,
        "DPTO_CCDGO": "12",
        "MPIO_CCDGO": "787",
        "name": "12900",
        "MPIO_CRSLC": "Ordenanza 32 de 1915",
        "MPIO_NANO_": 1993,
        "MPIO_NAREA": 508.16135571,
        "MPIO_CSMBL": "4",
        "MPIO_CCNCT": "20787",
        "MPIO_NANO": 2012,
        "SHAPE_Leng": 1.02149175984,
        "SHAPE_Area": 0.0417722022851,
        "NOMBRE": "TAMALAMEQUE",
        "DANE": {
          "dpto_ccdgo": "20",
          "mpio_ccdgo": "787",
          "mpio_cdpmp": "20787",
          "dpto_cnmbr": "CESAR",
          "mpio_cnmbr": "TAMALAMEQUE",
          "mpio_crslc": "Ordenanza 32 de 1915",
          "mpio_tipo": "MUNICIPIO",
          "mpio_narea": 513.363513019,
          "mpio_nano": 2024,
          "shape_Leng": 1.03711092756,
          "shape_Area": 0.0421998440695
        }
      }
    }
  ],
  "name": "12"
}