{
  "type": "FeatureCollection",
  "crs": {
    "type": "name",
    "properties": {
      "name": "urn:ogc:def:crs:OGC:1.3:CRS84"
    }
  },
  "features": [
    {
      "type": "Feature",
      "geometry": {
        "type": "Polygon",
        "coordinates": [
          [
            [
              -76.0873,
              8.9411
            ],
            [
              -76.1252,
              8.9447
            ],
            [
              -76.1399,
              8.9436
            ],
            [
              -76.1556,
              8.937
            ],
            [
              -76.1781,
              8.922
            ],
            [
              -76.1795,
              8.899
            ],
            [
              -76.1615,
              8.8916
            ],
            [
              -76.1372,
              8.8965
            ],
            [
              -76.1183,
              8.889
            ],
            [
              -76.113,
              8.8799
            ],
            [
              -76.1262,
              8.8677
            ],
            [
              -76.1367,
              8.8655
            ],
            [
              -76.1427,
              8.8563
            ],
            [
              -76.1451,
              8.8349
            ],
            [
              -76.1381,
              8.827
            ],
            [
              -76.1456,
              8.8175
            ],
            [
              -76.1446,
              8.7986
            ],
            [
              -76.1327,
              8.789
            ],
            [
              -76.1161,
              8.7547
            ],
            [
              -76.1221,
              8.7523
            ],
            [
              -76.1166,
              8.7351
            ],
            [
              -76.1198,
              8.7224
            ],
            [
              -76.1299,
              8.724
            ],
            [
              -76.1401,
              8.7049
            ],
            [
              -76.1351,
              8.697
            ],
            [
              -76.1499,
              8.6786
            ],
            [
              -76.1643,
              8.6808
            ],
            [
              -76.166,
              8.6513
            ],
            [
              -76.182,
              8.6432
            ],
            [
              -76.1889,
              8.6231
            ],
            [
              -76.2076,
              8.6354
            ],
            [
              -76.2133,
              8.6266
            ],
            [
              -76.2255,
              8.6329
            ],
            [
              -76.2339,
              8.6303
            ],
            [
              -76.2511,
              8.6113
            ],
            [
              -76.2548,
              8.5945
            ],
            [
              -76.2654,
              8.5842
            ],
            [
              -76.2441,
              8.5721
            ],
            [
              -76.2241,
              8.5739
            ],
            [
              -76.2239,
              8.5618
            ],
            [
              -76.2363,
              8.5526
            ],
            [
              -76.21,
              8.5229
            ],
            [
              -76.2101,
              8.4748
            ],
            [
              -76.2187,
              8.4436
            ],
            [
              -76.2119,
              8.43
            ],
            [
              -76.1969,
              8.4234
            ],
            [
              -76.1809,
              8.4
            ],
            [
              -76.169,
              8.3943
            ],
            [
              -76.1654,
              8.3805
            ],
            [
              -76.1408,
              8.3808
            ],
            [
              -76.1234,
              8.394
            ],
            [
              -76.1135,
              8.3913
            ],
            [
              -76.0867,
              8.3706
            ],
            [
              -76.0911,
              8.3601
            ],
            [
              -76.079,
              8.3442
            ],
            [
              -76.0637,
              8.3512
            ],
            [
              -76.0634,
              8.3323
            ],
            [
              -75.9016,
              8.3259
            ],
            [
              -75.891,
              8.3279
            ],
            [
              -75.8719,
              8.3171
            ],
            [
              -75.8706,
              8.276
            ],
            [
              -75.8534,
              8.2718
            ],
            [
              -75.8292,
              8.2805
            ],
            [
              -75.8301,
              8.2936
            ],
            [
              -75.8209,
              8.3109
            ],
            [
              -75.8097,
              8.3199
            ],
            [
              -75.7963,
              8.3126
            ],
            [
              -75.7928,
              8.3027
            ],
            [
              -75.7774,
              8.309
            ],
            [
              -75.7668,
              8.2977
            ],
            [
              -75.7466,
              8.294
            ],
            [
              -75.7398,
              8.2871
            ],
            [
              -75.7289,
              8.2943
            ],
            [
              -75.7098,
              8.2919
            ],
            [
              -75.7085,
              8.3086
            ],
            [
              -75.6881,
              8.3062
            ],
            [
              -75.6865,
              8.3163
            ],
            [
              -75.6625,
              8.3273
            ],
            [
              -75.6729,
              8.3509
            ],
            [
              -75.6615,
              8.3519
            ],
            [
              -75.6644,
              8.3777
            ],
            [
              -75.6453,
              8.3968
            ],
            [
              -75.6493,
              8.4085
            ],
            [
              -75.6592,
              8.4062
            ],
            [
              -75.6632,
              8.4197
            ],
            [
              -75.6796,
              8.4168
            ],
            [
              -75.686,
              8.4334
            ],
            [
              -75.673,
              8.4511
            ],
            [
              -75.6713,
              8.4854
            ],
            [
              -75.6663,
              8.5005
            ],
            [
              -75.6779,
              8.5028
            ],
            [
              -75.6783,
              8.5141
            ],
            [
              -75.6824,
              8.5364
            ],
            [
              -75.6933,
              8.555
            ],
            [
              -75.6871,
              8.5587
            ],
            [
              -75.6826,
              8.5827
            ],
            [
              -75.6957,
              8.5835
            ],
            [
              -75.7036,
              8.5904
            ],
            [
              -75.7078,
              8.6128
            ],
            [
              -75.7303,
              8.6144
            ],
            [
              -75.7415,
              8.6251
            ],
            [
              -75.7526,
              8.6287
            ],
            [
              -75.7492,
              8.6432
            ],
            [
              -75.7662,
              8.6484
            ],
            [
              -75.774,
              8.6657
            ],
            [
              -75.7624,
              8.6884
            ],
            [
              -75.7613,
              8.7018
            ],
            [
              -75.7676,
              8.7192
            ],
            [
              -75.783,
              8.7305
            ],
            [
              -75.7762,
              8.7376
            ],
            [
              -75.7909,
              8.7503
            ],
            [
              -75.8005,
              8.7683
            ],
            [
              -75.7874,
              8.7832
            ],
            [
              -75.7932,
              8.7984
            ],
            [
              -75.8062,
              8.8206
            ],
            [
              -75.8209,
              8.8257
            ],
            [
              -75.8344,
              8.8362
            ],
            [
              -75.8446,
              8.8263
            ],
            [
              -75.8554,
              8.8362
            ],
            [
              -75.8541,
              8.8572
            ],
            [
              -75.8687,
              8.8649
            ],
            [
              -75.8798,
              8.8605
            ],
            [
              -75.8926,
              8.8624
            ],
            [
              -75.899,
              8.8713
            ],
            [
              -75.9452,
              8.8913
            ],
            [
              -75.9802,
              8.8883
            ],
            [
              -75.9954,
              8.8949
            ],
            [
              -75.9937,
              8.9015
            ],
            [
              -76.0131,
              8.9078
            ],
            [
              -76.0163,
              8.9357
            ],
            [
              -76.028,
              8.9481
            ],
            [
              -76.0516,
              8.9482
            ],
            [
              -76.0671,
              8.9474
            ],
            [
              -76.0793,
              8.9387
            ],
            [
              -76.0873,
              8.9411
            ]
          ]
        ]
      },
      "properties": {
        "OBJECTID": 429,
        "DPTO_CCDGO": "13",
        "MPIO_CCDGO": "001",
        "name": "13001",
        "MPIO_CRSLC": "Ordenanza 42 del 27 de Abril de 1923",
        "MPIO_NANO_": 1993,
        "MPIO_NAREA": 3097.86547759,
        "MPIO_CSMBL": "4",
        "MPIO_CCNCT": "23001",
        "MPIO_NANO": 2012,
        "SHAPE_Leng": 3.37064015798,
        "SHAPE_Area": 0.254354211759,
        "NOMBRE": "MONTERIA",
        "DANE": {
          "dpto_ccdgo": "23",
          "mpio_ccdgo": "001",
          "mpio_cdpmp": "23001",
          "dpto_cnmbr": "CÓRDOBA",
          "mpio_cnmbr": "MONTERÍA",
          "mpio_crslc": "Ordenanza 42 del 27 de Abril de 1923",
          "mpio_tipo": "MUNICIPIO",
          "mpio_narea": 3136.89104481,
          "mpio_nano": 2024,
          "shape_Leng": 3.7233888561,
          "shape_Area": 0.257383137479
        }
      }
    },
    {
      "type": "Feature",
      "geometry": {
        "type": "Polygon",
        "coordinates": [
          [
            [
              -75.003,
              8.5226
            ],
            [
              -75.0076,
              8.511
            ],
            [
              -75.0241,
              8.497
            ],
            [
              -75.0335,
              8.4989
            ],
            [
              -75.0328,
              8.4709
            ],
            [
              -75.0415,
              8.4581
            ],
            [
              -75.0558,
              8.466
            ],
            [
              -75.0624,
              8.4533
            ],
            [
              -75.0853,
              8.4658
            ],
            [
              -75.128,
              8.4683
            ],
            [
              -75.1348,
              8.4599
            ],
            [
              -75.1298,
              8.4502
            ],
            [
              -75.1448,
              8.4302
            ],
            [
              -75.1565,
              8.4333
            ],
            [
              -75.1566,
              8.419
            ],
            [
              -75.1654,
              8.4158
            ],
            [
              -75.1773,
              8.3998
            ],
            [
              -75.1851,
              8.3966
            ],
            [
              -75.2128,
              8.3845
            ],
            [
              -75.2319,
              8.3572
            ],
            [
              -75.2378,
              8.342
            ],
            [
              -75.2346,
              8.3315
            ],
            [
              -75.2463,
              8.328
            ],
            [
              -75.24,
              8.3135
            ],
            [
              -75.2524,
              8.2958
            ],
            [
              -75.2828,
              8.2798
            ],
            [
              -75.2813,
              8.2665
            ],
            [
              -75.2918,
              8.2612
            ],
            [
              -75.2921,
              8.2501
            ],
            [
              -75.307,
              8.2327
            ],
            [
              -75.3082,
              8.2227
            ],
            [
              -75.3289,
              8.2061
            ],
            [
              -75.3394,
              8.1835
            ],
            [
              -75.3258,
              8.1649
            ],
            [
              -75.3328,
              8.1542
            ],
            [
              -75.3247,
              8.1409
            ],
            [
              -75.311,
              8.1374
            ],
            [
              -75.2999,
              8.1417
            ],
            [
              -75.2745,
              8.1326
            ],
            [
              -75.252,
              8.1352
            ],
            [
              -75.2363,
              8.11
            ],
            [
              -75.2238,
              8.1045
            ],
            [
              -75.2127,
              8.1138
            ],
            [
              -75.2122,
              8.127
            ],
            [
              -75.1982,
              8.122
            ],
            [
              -75.1887,
              8.1243
            ],
            [
              -75.1864,
              8.1114
            ],
            [
              -75.1726,
              8.1022
            ],
            [
              -75.1731,
              8.0889
            ],
            [
              -75.1684,
              8.0527
            ],
            [
              -75.1549,
              8.051
            ],
            [
              -75.1327,
              8.0536
            ],
            [
              -75.1215,
              8.0416
            ],
            [
              -75.1008,
              8.0557
            ],
            [
              -75.0954,
              8.07
            ],
            [
              -75.0818,
              8.0629
            ],
            [
              -75.0809,
              8.0532
            ],
            [
              -75.0561,
              8.0479
            ],
            [
              -75.0276,
              8.053
            ],
            [
              -75.0134,
              8.0706
            ],
            [
              -74.9899,
              8.0748
            ],
            [
              -74.9663,
              8.0901
            ],
            [
              -74.9556,
              8.0793
            ],
            [
              -74.9279,
              8.0746
            ],
            [
              -74.9134,
              8.0996
            ],
            [
              -74.8939,
              8.1156
            ],
            [
              -74.8927,
              8.1243
            ],
            [
              -74.8687,
              8.1574
            ],
            [
              -74.8664,
              8.1784
            ],
            [
              -74.8679,
              8.1961
            ],
            [
              -74.8608,
              8.2012
            ],
            [
              -74.8306,
              8.1999
            ],
            [
              -74.833,
              8.223
            ],
            [
              -74.8171,
              8.2247
            ],
            [
              -74.8096,
              8.2306
            ],
            [
              -74.797,
              8.2526
            ],
            [
              -74.8061,
              8.2572
            ],
            [
              -74.8086,
              8.2739
            ],
            [
              -74.7953,
              8.2689
            ],
            [
              -74.7809,
              8.2779
            ],
            [
              -74.7909,
              8.2833
            ],
            [
              -74.8006,
              8.2962
            ],
            [
              -74.7981,
              8.308
            ],
            [
              -74.7888,
              8.3129
            ],
            [
              -74.8012,
              8.3376
            ],
            [
              -74.8101,
              8.3418
            ],
            [
              -74.828,
              8.3597
            ],
            [
              -74.8159,
              8.3714
            ],
            [
              -74.8037,
              8.3688
            ],
            [
              -74.8082,
              8.3866
            ],
            [
              -74.825,
              8.3853
            ],
            [
              -74.8403,
              8.394
            ],
            [
              -74.8496,
              8.3909
            ],
            [
              -74.8742,
              8.403
            ],
            [
              -74.8865,
              8.4323
            ],
            [
              -74.8988,
              8.4466
            ],
            [
              -74.9008,
              8.4545
            ],
            [
              -74.9275,
              8.4533
            ],
            [
              -74.926,
              8.4996
            ],
            [
              -74.9938,
              8.5095
            ],
            [
              -75.003,
              8.5226
            ]
          ]
        ]
      },
      "properties": {
        "OBJECTID": 430,
        "DPTO_CCDGO": "13",
        "MPIO_CCDGO": "068",
        "name": "13004",
        "MPIO_CRSLC": "Ordenanza 42 del 27 de Abril de 1923",
        "MPIO_NANO_": 1993,
        "MPIO_NAREA": 1925.98439412,
        "MPIO_CSMBL": "4",
        "MPIO_CCNCT": "23068",
        "MPIO_NANO": 2012,
        "SHAPE_Leng": 2.39876858088,
        "SHAPE_Area": 0.15801840795,
        "NOMBRE": "AYAPEL",
        "DANE": {
          "dpto_ccdgo": "23",
          "mpio_ccdgo": "068",
          "mpio_cdpmp": "23068",
          "dpto_cnmbr": "CÓRDOBA",
          "mpio_cnmbr": "AYAPEL",
          "mpio_crslc": "Ordenanza 42 del 27 de Abril de 1923",
          "mpio_tipo": "MUNICIPIO",
          "mpio_narea": 1964.83882201,
          "mpio_nano": 2024,
          "shape_Leng": 2.4096790863,
          "shape_Area": 0.161210107179
        }
      }
    },
    {
      "type": "Feature",
      "geometry": {
        "type": "Polygon",
        "coordinates": [
          [
            [
              -75.2463,
              8.328
            ],
            [
              -75.2536,
              8.3334
            ],
            [
              -75.2688,
              8.3127
            ],
            [
              -75.2822,
              8.3126
            ],
            [
              -75.2827,
              8.3037
            ],
            [
              -75.3067,
              8.3118
            ],
            [
              -75.3095,
              8.325
            ],
            [
              -75.33,
              8.3282
            ],
            [
              -75.3426,
              8.3213
            ],
            [
              -75.3569,
              8.3295
            ],
            [
              -75.3653,
              8.3442
            ],
            [
              -75.3573,
              8.3542
            ],
            [
              -75.3478,
              8.3559
            ],
            [
              -75.3543,
              8.3758
            ],
            [
              -75.3675,
              8.3658
            ],
            [
              -75.3971,
              8.3273
            ],
            [
              -75.4112,
              8.3205
            ],
            [
              -75.4335,
              8.3161
            ],
            [
              -75.4422,
              8.3207
            ],
            [
              -75.4619,
              8.3093
            ],
            [
              -75.4727,
              8.3174
            ],
            [
              -75.4831,
              8.3127
            ],
            [
              -75.5001,
              8.2875
            ],
            [
              -75.505,
              8.2888
            ],
            [
              -75.5302,
              8.2757
            ],
            [
              -75.5554,
              8.2816
            ],
            [
              -75.5736,
              8.2739
            ],
            [
              -75.5875,
              8.2541
            ],
            [
              -75.5873,
              8.2347
            ],
            [
              -75.5802,
              8.208
            ],
            [
              -75.5853,
              8.1964
            ],
            [
              -75.574,
              8.1746
            ],
            [
              -75.5857,
              8.1547
            ],
            [
              -75.5776,
              8.1408
            ],
            [
              -75.5848,
              8.1221
            ],
            [
              -75.5738,
              8.0996
            ],
            [
              -75.5683,
              8.0882
            ],
            [
              -75.5465,
              8.0918
            ],
            [
              -75.5307,
              8.0905
            ],
            [
              -75.5225,
              8.0826
            ],
            [
              -75.4932,
              8.0748
            ],
            [
              -75.4886,
              8.0651
            ],
            [
              -75.4588,
              8.0341
            ],
            [
              -75.429,
              8.0231
            ],
            [
              -75.4244,
              8.0101
            ],
            [
              -75.4099,
              8.0133
            ],
            [
              -75.3984,
              8.0038
            ],
            [
              -75.3883,
              8.0062
            ],
            [
              -75.3893,
              8.0194
            ],
            [
              -75.3924,
              8.0274
            ],
            [
              -75.3835,
              8.0372
            ],
            [
              -75.3904,
              8.0442
            ],
            [
              -75.3811,
              8.0552
            ],
            [
              -75.3734,
              8.0527
            ],
            [
              -75.3572,
              8.0659
            ],
            [
              -75.3564,
              8.0871
            ],
            [
              -75.3397,
              8.0876
            ],
            [
              -75.3216,
              8.105
            ],
            [
              -75.3279,
              8.1285
            ],
            [
              -75.3247,
              8.1409
            ],
            [
              -75.3328,
              8.1542
            ],
            [
              -75.3258,
              8.1649
            ],
            [
              -75.3394,
              8.1835
            ],
            [
              -75.3289,
              8.2061
            ],
            [
              -75.3082,
              8.2227
            ],
            [
              -75.307,
              8.2327
            ],
            [
              -75.2921,
              8.2501
            ],
            [
              -75.2918,
              8.2612
            ],
            [
              -75.2813,
              8.2665
            ],
            [
              -75.2828,
              8.2798
            ],
            [
              -75.2524,
              8.2958
            ],
            [
              -75.24,
              8.3135
            ],
            [
              -75.2463,
              8.328
            ]
          ]
        ]
      },
      "properties": {
        "OBJECTID": 431,
        "DPTO_CCDGO": "13",
        "MPIO_CCDGO": "079",
        "name": "13007",
        "MPIO_CRSLC": "Ordenanza 10  de Diciembre de 1969",
        "MPIO_NANO_": 1993,
        "MPIO_NAREA": 833.29094629,
        "MPIO_CSMBL": "4",
        "MPIO_CCNCT": "23079",
        "MPIO_NANO": 2012,
        "SHAPE_Leng": 1.83308328533,
        "SHAPE_Area": 0.0683386579989,
        "NOMBRE": "BUENAVISTA",
        "DANE": {
          "dpto_ccdgo": "23",
          "mpio_ccdgo": "079",
          "mpio_cdpmp": "23079",
          "dpto_cnmbr": "CÓRDOBA",
          "mpio_cnmbr": "BUENAVISTA",
          "mpio_crslc": "Ordenanza 10  de Diciembre de 1969",
          "mpio_tipo": "MUNICIPIO",
          "mpio_narea": 834.927037877,
          "mpio_nano": 2024,
          "shape_Leng": 1.88887294873,
          "shape_Area": 0.0684728432891
        }
      }
    },
    {
      "type": "Feature",
      "geometry": {
        "type": "Polygon",
        "coordinates": [
          [
            [
              -76.1446,
              8.7986
            ],
            [
              -76.1647,
              8.8084
            ],
            [
              -76.1817,
              8.8073
            ],
            [
              -76.1925,
              8.8228
            ],
            [
              -76.2176,
              8.8179
            ],
            [
              -76.248,
              8.8256
            ],
            [
              -76.2691,
              8.8262
            ],
            [
              -76.2868,
              8.8131
            ],
            [
              -76.2896,
              8.8039
            ],
            [
              -76.3004,
              8.8017
            ],
            [
              -76.3063,
              8.7914
            ],
            [
              -76.3143,
              8.7579
            ],
            [
              -76.3266,
              8.7442
            ],
            [
              -76.3376,
              8.7413
            ],
            [
              -76.3424,
              8.7296
            ],
            [
              -76.3535,
              8.7307
            ],
            [
              -76.3643,
              8.7194
            ],
            [
              -76.3635,
              8.7095
            ],
            [
              -76.3557,
              8.693
            ],
            [
              -76.3496,
              8.6575
            ],
            [
              -76.3402,
              8.6409
            ],
            [
              -76.3184,
              8.6558
            ],
            [
              -76.295,
              8.6529
            ],
            [
              -76.2824,
              8.6443
            ],
            [
              -76.2661,
              8.6388
            ],
            [
              -76.2698,
              8.6263
            ],
            [
              -76.2648,
              8.6176
            ],
            [
              -76.2511,
              8.6113
            ],
            [
              -76.2339,
              8.6303
            ],
            [
              -76.2255,
              8.6329
            ],
            [
              -76.2133,
              8.6266
            ],
            [
              -76.2076,
              8.6354
            ],
            [
              -76.1889,
              8.6231
            ],
            [
              -76.182,
              8.6432
            ],
            [
              -76.166,
              8.6513
            ],
            [
              -76.1643,
              8.6808
            ],
            [
              -76.1499,
              8.6786
            ],
            [
              -76.1351,
              8.697
            ],
            [
              -76.1401,
              8.7049
            ],
            [
              -76.1299,
              8.724
            ],
            [
              -76.1198,
              8.7224
            ],
            [
              -76.1166,
              8.7351
            ],
            [
              -76.1221,
              8.7523
            ],
            [
              -76.1161,
              8.7547
            ],
            [
              -76.1327,
              8.789
            ],
            [
              -76.1446,
              8.7986
            ]
          ]
        ]
      },
      "properties": {
        "OBJECTID": 432,
        "DPTO_CCDGO": "13",
        "MPIO_CCDGO": "090",
        "name": "13009",
        "MPIO_CRSLC": "Ordenanza 28 de 1978",
        "MPIO_NANO_": 1993,
        "MPIO_NAREA": 397.49538204,
        "MPIO_CSMBL": "4",
        "MPIO_CCNCT": "23090",
        "MPIO_NANO": 2012,
        "SHAPE_Leng": 0.949338999978,
        "SHAPE_Area": 0.0326532494767,
        "NOMBRE": "CANALETE",
        "DANE": {
          "dpto_ccdgo": "23",
          "mpio_ccdgo": "090",
          "mpio_cdpmp": "23090",
          "dpto_cnmbr": "CÓRDOBA",
          "mpio_cnmbr": "CANALETE",
          "mpio_crslc": "Ordenanza 28 de 1978",
          "mpio_tipo": "MUNICIPIO",
          "mpio_narea": 420.04154977,
          "mpio_nano": 2024,
          "shape_Leng": 1.30446866985,
          "shape_Area": 0.0344651025573
        }
      }
    },
    {
      "type": "Feature",
      "geometry": {
        "type": "Polygon",
        "coordinates": [
          [
            [
              -75.718,
              8.9747
            ],
            [
              -75.7344,
              8.9772
            ],
            [
              -75.7461,
              8.9744
            ],
            [
              -75.7577,
              8.9781
            ],
            [
              -75.7656,
              8.9704
            ],
            [
              -75.7635,
              8.951
            ],
            [
              -75.7768,
              8.9401
            ],
            [
              -75.8064,
              8.9421
            ],
            [
              -75.8078,
              8.9303
            ],
            [
              -75.8201,
              8.9217
            ],
            [
              -75.8277,
              8.9043
            ],
            [
              -75.8623,
              8.915
            ],
            [
              -75.8884,
              8.918
            ],
            [
              -75.9179,
              8.908
            ],
            [
              -75.9273,
              8.9084
            ],
            [
              -75.9336,
              8.9196
            ],
            [
              -75.9438,
              8.9219
            ],
            [
              -75.9601,
              8.9439
            ],
            [
              -75.9884,
              8.9513
            ],
            [
              -76.0008,
              8.9601
            ],
            [
              -76.0214,
              8.9474
            ],
            [
              -76.0427,
              8.9554
            ],
            [
              -76.0516,
              8.9482
            ],
            [
              -76.028,
              8.9481
            ],
            [
              -76.0163,
              8.9357
            ],
            [
              -76.0131,
              8.9078
            ],
            [
              -75.9937,
              8.9015
            ],
            [
              -75.9954,
              8.8949
            ],
            [
              -75.9802,
              8.8883
            ],
            [
              -75.9452,
              8.8913
            ],
            [
              -75.899,
              8.8713
            ],
            [
              -75.8926,
              8.8624
            ],
            [
              -75.8798,
              8.8605
            ],
            [
              -75.8687,
              8.8649
            ],
            [
              -75.8541,
              8.8572
            ],
            [
              -75.8554,
              8.8362
            ],
            [
              -75.8446,
              8.8263
            ],
            [
              -75.8344,
              8.8362
            ],
            [
              -75.8209,
              8.8257
            ],
            [
              -75.8062,
              8.8206
            ],
            [
              -75.7932,
              8.7984
            ],
            [
              -75.7762,
              8.7859
            ],
            [
              -75.7638,
              8.7999
            ],
            [
              -75.7462,
              8.8081
            ],
            [
              -75.7503,
              8.8175
            ],
            [
              -75.7406,
              8.8404
            ],
            [
              -75.7452,
              8.8467
            ],
            [
              -75.7181,
              8.8611
            ],
            [
              -75.728,
              8.869
            ],
            [
              -75.726,
              8.8848
            ],
            [
              -75.7447,
              8.8914
            ],
            [
              -75.7315,
              8.9154
            ],
            [
              -75.7231,
              8.915
            ],
            [
              -75.7056,
              8.9491
            ],
            [
              -75.7202,
              8.9465
            ],
            [
              -75.734,
              8.9553
            ],
            [
              -75.7152,
              8.9692
            ],
            [
              -75.718,
              8.9747
            ]
          ]
        ]
      },
      "properties": {
        "OBJECTID": 433,
        "DPTO_CCDGO": "13",
        "MPIO_CCDGO": "162",
        "name": "13010",
        "MPIO_CRSLC": "1923",
        "MPIO_NANO_": 1993,
        "MPIO_NAREA": 277.46788835,
        "MPIO_CSMBL": "4",
        "MPIO_CCNCT": "23162",
        "MPIO_NANO": 2012,
        "SHAPE_Leng": 1.39663730706,
        "SHAPE_Area": 0.0227979945861,
        "NOMBRE": "CERETE",
        "DANE": {
          "dpto_ccdgo": "23",
          "mpio_ccdgo": "162",
          "mpio_cdpmp": "23162",
          "dpto_cnmbr": "CÓRDOBA",
          "mpio_cnmbr": "CERETÉ",
          "mpio_crslc": "1923",
          "mpio_tipo": "MUNICIPIO",
          "mpio_narea": 290.881961369,
          "mpio_nano": 2024,
          "shape_Leng": 1.49266514621,
          "shape_Area": 0.0238891346033
        }
      }
    },
    {
      "type": "Feature",
      "geometry": {
        "type": "Polygon",
        "coordinates": [
          [
            [
              -75.6007,
              9.2388
            ],
            [
              -75.6165,
              9.2315
            ],
            [
              -75.6286,
              9.2087
            ],
            [
              -75.6478,
              9.2095
            ],
            [
              -75.6683,
              9.1981
            ],
            [
              -75.6883,
              9.1625
            ],
            [
              -75.6998,
              9.1513
            ],
            [
              -75.7116,
              9.1582
            ],
            [
              -75.731,
              9.1414
            ],
            [
              -75.7483,
              9.1321
            ],
            [
              -75.7398,
              9.1135
            ],
            [
              -75.7356,
              9.0968
            ],
            [
              -75.7253,
              9.0817
            ],
            [
              -75.7276,
              9.0681
            ],
            [
              -75.722,
              9.0519
            ],
            [
              -75.7237,
              9.0162
            ],
            [
              -75.7215,
              8.9866
            ],
            [
              -75.7109,
              8.9839
            ],
            [
              -75.6848,
              9.0017
            ],
            [
              -75.6844,
              9.012
            ],
            [
              -75.6704,
              9.0088
            ],
            [
              -75.6545,
              9.0195
            ],
            [
              -75.6371,
              9.0219
            ],
            [
              -75.6184,
              9.0384
            ],
            [
              -75.5999,
              9.043
            ],
            [
              -75.5902,
              9.0376
            ],
            [
              -75.5951,
              9.051
            ],
            [
              -75.5957,
              9.0764
            ],
            [
              -75.5778,
              9.096
            ],
            [
              -75.5727,
              9.1126
            ],
            [
              -75.5768,
              9.1286
            ],
            [
              -75.5724,
              9.1442
            ],
            [
              -75.5612,
              9.1626
            ],
            [
              -75.571,
              9.1748
            ],
            [
              -75.5694,
              9.1889
            ],
            [
              -75.5867,
              9.1974
            ],
            [
              -75.6007,
              9.2388
            ]
          ]
        ]
      },
      "properties": {
        "OBJECTID": 434,
        "DPTO_CCDGO": "13",
        "MPIO_CCDGO": "168",
        "name": "13016",
        "MPIO_CRSLC": "1927",
        "MPIO_NANO_": 1993,
        "MPIO_NAREA": 324.46609613,
        "MPIO_CSMBL": "4",
        "MPIO_CCNCT": "23168",
        "MPIO_NANO": 2012,
        "SHAPE_Leng": 0.927512241722,
        "SHAPE_Area": 0.0266715631916,
        "NOMBRE": "CHIMA",
        "DANE": {
          "dpto_ccdgo": "23",
          "mpio_ccdgo": "168",
          "mpio_cdpmp": "23168",
          "dpto_cnmbr": "CÓRDOBA",
          "mpio_cnmbr": "CHIMÁ",
          "mpio_crslc": "1927",
          "mpio_tipo": "MUNICIPIO",
          "mpio_narea": 323.951638724,
          "mpio_nano": 2024,
          "shape_Leng": 0.917527299336,
          "shape_Area": 0.0266256477008
        }
      }
    },
    {
      "type": "Feature",
      "geometry": {
        "type": "Polygon",
        "coordinates": [
          [
            [
              -75.4489,
              9.1401
            ],
            [
              -75.4636,
              9.1183
            ],
            [
              -75.478,
              9.1188
            ],
            [
              -75.4861,
              9.1003
            ],
            [
              -75.4854,
              9.0911
            ],
            [
              -75.5049,
              9.0687
            ],
            [
              -75.5015,
              9.0524
            ],
            [
              -75.5144,
              9.0333
            ],
            [
              -75.5232,
              9.0366
            ],
            [
              -75.5406,
              9.0341
            ],
            [
              -75.5397,
              9.0233
            ],
            [
              -75.5502,
              9.0196
            ],
            [
              -75.5688,
              9.0215
            ],
            [
              -75.5776,
              8.9991
            ],
            [
              -75.5871,
              8.9919
            ],
            [
              -75.5847,
              8.9813
            ],
            [
              -75.5657,
              8.9689
            ],
            [
              -75.5577,
              8.9707
            ],
            [
              -75.5583,
              8.9772
            ],
            [
              -75.5213,
              8.9694
            ],
            [
              -75.5223,
              8.9805
            ],
            [
              -75.4954,
              8.9885
            ],
            [
              -75.4868,
              8.9962
            ],
            [
              -75.4593,
              9.0052
            ],
            [
              -75.4576,
              9.0118
            ],
            [
              -75.4278,
              8.9977
            ],
            [
              -75.4239,
              8.9891
            ],
            [
              -75.3877,
              8.9781
            ],
            [
              -75.3665,
              8.9653
            ],
            [
              -75.3455,
              8.9453
            ],
            [
              -75.3255,
              8.954
            ],
            [
              -75.3121,
              8.9475
            ],
            [
              -75.3049,
              8.9364
            ],
            [
              -75.2892,
              8.9357
            ],
            [
              -75.2607,
              8.9202
            ],
            [
              -75.2516,
              8.9045
            ],
            [
              -75.2585,
              8.8956
            ],
            [
              -75.2446,
              8.8823
            ],
            [
              -75.2169,
              8.9158
            ],
            [
              -75.2036,
              8.9154
            ],
            [
              -75.1924,
              8.9201
            ],
            [
              -75.1863,
              8.9143
            ],
            [
              -75.1805,
              8.9297
            ],
            [
              -75.192,
              8.936
            ],
            [
              -75.188,
              8.9442
            ],
            [
              -75.1719,
              8.9283
            ],
            [
              -75.1684,
              8.9524
            ],
            [
              -75.1804,
              8.9672
            ],
            [
              -75.1878,
              8.9675
            ],
            [
              -75.1864,
              8.9864
            ],
            [
              -75.2076,
              9.0067
            ],
            [
              -75.2083,
              9.0345
            ],
            [
              -75.2091,
              9.0499
            ],
            [
              -75.2241,
              9.0731
            ],
            [
              -75.2362,
              9.0671
            ],
            [
              -75.2714,
              9.0768
            ],
            [
              -75.2811,
              9.0729
            ],
            [
              -75.3112,
              9.0963
            ],
            [
              -75.3104,
              9.1177
            ],
            [
              -75.321,
              9.1156
            ],
            [
              -75.3281,
              9.1265
            ],
            [
              -75.3465,
              9.1237
            ],
            [
              -75.3651,
              9.1393
            ],
            [
              -75.3794,
              9.1368
            ],
            [
              -75.3788,
              9.1485
            ],
            [
              -75.392,
              9.1597
            ],
            [
              -75.4105,
              9.1448
            ],
            [
              -75.4229,
              9.1506
            ],
            [
              -75.4336,
              9.1409
            ],
            [
              -75.4489,
              9.1401
            ]
          ]
        ]
      },
      "properties": {
        "OBJECTID": 435,
        "DPTO_CCDGO": "13",
        "MPIO_CCDGO": "182",
        "name": "13019",
        "MPIO_CRSLC": "Ordenanza 42 del 27 de Abril de 1923",
        "MPIO_NANO_": 1993,
        "MPIO_NAREA": 602.08124599,
        "MPIO_CSMBL": "4",
        "MPIO_CCNCT": "23182",
        "MPIO_NANO": 2012,
        "SHAPE_Leng": 1.5622110832,
        "SHAPE_Area": 0.0494862689501,
        "NOMBRE": "CHINU",
        "DANE": {
          "dpto_ccdgo": "23",
          "mpio_ccdgo": "182",
          "mpio_cdpmp": "23182",
          "dpto_cnmbr": "CÓRDOBA",
          "mpio_cnmbr": "CHINÚ",
          "mpio_crslc": "Ordenanza 42 del 27 de Abril de 1923",
          "mpio_tipo": "MUNICIPIO",
          "mpio_narea": 626.230625028,
          "mpio_nano": 2024,
          "shape_Leng": 1.72823246335,
          "shape_Area": 0.0514713249367
        }
      }
    },
    {
      "type": "Feature",
      "geometry": {
        "type": "Polygon",
        "coordinates": [
          [
            [
              -75.5902,
              9.0376
            ],
            [
              -75.5999,
              9.043
            ],
            [
              -75.6184,
              9.0384
            ],
            [
              -75.6371,
              9.0219
            ],
            [
              -75.6545,
              9.0195
            ],
            [
              -75.6704,
              9.0088
            ],
            [
              -75.6844,
              9.012
            ],
            [
              -75.6848,
              9.0017
            ],
            [
              -75.7109,
              8.9839
            ],
            [
              -75.718,
              8.9747
            ],
            [
              -75.7152,
              8.9692
            ],
            [
              -75.734,
              8.9553
            ],
            [
              -75.7202,
              8.9465
            ],
            [
              -75.7056,
              8.9491
            ],
            [
              -75.7231,
              8.915
            ],
            [
              -75.7315,
              8.9154
            ],
            [
              -75.7447,
              8.8914
            ],
            [
              -75.726,
              8.8848
            ],
            [
              -75.728,
              8.869
            ],
            [
              -75.7181,
              8.8611
            ],
            [
              -75.6977,
              8.8373
            ],
            [
              -75.6839,
              8.8348
            ],
            [
              -75.6733,
              8.8275
            ],
            [
              -75.6602,
              8.8073
            ],
            [
              -75.639,
              8.7989
            ],
            [
              -75.63,
              8.7744
            ],
            [
              -75.6143,
              8.7528
            ],
            [
              -75.5961,
              8.7427
            ],
            [
              -75.6026,
              8.7329
            ],
            [
              -75.5959,
              8.7126
            ],
            [
              -75.6124,
              8.6988
            ],
            [
              -75.6202,
              8.6833
            ],
            [
              -75.6167,
              8.6512
            ],
            [
              -75.6034,
              8.64
            ],
            [
              -75.5832,
              8.6349
            ],
            [
              -75.577,
              8.6125
            ],
            [
              -75.5561,
              8.6009
            ],
            [
              -75.5491,
              8.5877
            ],
            [
              -75.5356,
              8.5867
            ],
            [
              -75.5266,
              8.5801
            ],
            [
              -75.5105,
              8.5881
            ],
            [
              -75.5356,
              8.5988
            ],
            [
              -75.5347,
              8.6093
            ],
            [
              -75.5169,
              8.611
            ],
            [
              -75.5006,
              8.6175
            ],
            [
              -75.5099,
              8.6561
            ],
            [
              -75.51,
              8.6811
            ],
            [
              -75.5298,
              8.7121
            ],
            [
              -75.5426,
              8.7117
            ],
            [
              -75.5469,
              8.7187
            ],
            [
              -75.5705,
              8.7188
            ],
            [
              -75.5525,
              8.7436
            ],
            [
              -75.5297,
              8.7482
            ],
            [
              -75.5318,
              8.7683
            ],
            [
              -75.5285,
              8.7844
            ],
            [
              -75.5396,
              8.8029
            ],
            [
              -75.5377,
              8.8181
            ],
            [
              -75.5424,
              8.8261
            ],
            [
              -75.5355,
              8.8498
            ],
            [
              -75.5394,
              8.8608
            ],
            [
              -75.5386,
              8.8783
            ],
            [
              -75.545,
              8.8859
            ],
            [
              -75.5274,
              8.9104
            ],
            [
              -75.5438,
              8.9337
            ],
            [
              -75.5459,
              8.9473
            ],
            [
              -75.541,
              8.9626
            ],
            [
              -75.5577,
              8.9707
            ],
            [
              -75.5657,
              8.9689
            ],
            [
              -75.5847,
              8.9813
            ],
            [
              -75.5871,
              8.9919
            ],
            [
              -75.5776,
              8.9991
            ],
            [
              -75.5688,
              9.0215
            ],
            [
              -75.5744,
              9.03
            ],
            [
              -75.5902,
              9.0376
            ]
          ]
        ]
      },
      "properties": {
        "OBJECTID": 436,
        "DPTO_CCDGO": "13",
        "MPIO_CCDGO": "189",
        "name": "13013",
        "MPIO_CRSLC": "1923",
        "MPIO_NANO_": 1993,
        "MPIO_NAREA": 651.84476707,
        "MPIO_CSMBL": "4",
        "MPIO_CCNCT": "23189",
        "MPIO_NANO": 2012,
        "SHAPE_Leng": 1.89502200714,
        "SHAPE_Area": 0.0535420568324,
        "NOMBRE": "CIENAGA DE ORO",
        "DANE": {
          "dpto_ccdgo": "23",
          "mpio_ccdgo": "189",
          "mpio_cdpmp": "23189",
          "dpto_cnmbr": "CÓRDOBA",
          "mpio_cnmbr": "CIÉNAGA DE ORO",
          "mpio_crslc": "1923",
          "mpio_tipo": "MUNICIPIO",
          "mpio_narea": 641.257202177,
          "mpio_nano": 2024,
          "shape_Leng": 1.97697044589,
          "shape_Area": 0.0526692832749
        }
      }
    },
    {
      "type": "Feature",
      "geometry": {
        "type": "Polygon",
        "coordinates": [
          [
            [
              -75.7398,
              9.1135
            ],
            [
              -75.7651,
              9.1153
            ],
            [
              -75.7879,
              9.101
            ],
            [
              -75.7959,
              9.083
            ],
            [
              -75.7856,
              9.0574
            ],
            [
              -75.7916,
              9.0494
            ],
            [
              -75.814,
              9.0462
            ],
            [
              -75.8172,
              9.0561
            ],
            [
              -75.8371,
              9.0668
            ],
            [
              -75.8449,
              9.0518
            ],
            [
              -75.8431,
              9.0452
            ],
            [
              -75.8311,
              9.0396
            ],
            [
              -75.8281,
              9.0316
            ],
            [
              -75.8301,
              9.0096
            ],
            [
              -75.8209,
              9.0024
            ],
            [
              -75.8058,
              9.0123
            ],
            [
              -75.7996,
              9.0029
            ],
            [
              -75.7834,
              9.0029
            ],
            [
              -75.7799,
              9.0183
            ],
            [
              -75.7657,
              9.0145
            ],
            [
              -75.7598,
              9.031
            ],
            [
              -75.7448,
              9.0242
            ],
            [
              -75.7424,
              9.0539
            ],
            [
              -75.7276,
              9.0681
            ],
            [
              -75.7253,
              9.0817
            ],
            [
              -75.7356,
              9.0968
            ],
            [
              -75.7398,
              9.1135
            ]
          ]
        ]
      },
      "properties": {
        "OBJECTID": 437,
        "DPTO_CCDGO": "13",
        "MPIO_CCDGO": "300",
        "name": "13014",
        "MPIO_CRSLC": "ORD 03 DE ABRIL 08 DE 1997",
        "MPIO_NANO_": 1997,
        "MPIO_NAREA": 88.18474302,
        "MPIO_CSMBL": "4",
        "MPIO_CCNCT": "23300",
        "MPIO_NANO": 2012,
        "SHAPE_Leng": 0.620239664262,
        "SHAPE_Area": 0.00724859739764,
        "NOMBRE": "COTORRA (BONGO)",
        "DANE": {
          "dpto_ccdgo": "23",
          "mpio_ccdgo": "300",
          "mpio_cdpmp": "23300",
          "dpto_cnmbr": "CÓRDOBA",
          "mpio_cnmbr": "COTORRA",
          "mpio_crslc": "ORD 03 DE ABRIL 08 DE 1997",
          "mpio_tipo": "MUNICIPIO",
          "mpio_narea": 88.1122974464,
          "mpio_nano": 2024,
          "shape_Leng": 0.61533691568,
          "shape_Area": 0.00724002084279
        }
      }
    },
    {
      "type": "Feature",
      "geometry": {
        "type": "Polygon",
        "coordinates": [
          [
            [
              -75.1684,
              8.0527
            ],
            [
              -75.1731,
              8.0889
            ],
            [
              -75.1726,
              8.1022
            ],
            [
              -75.1864,
              8.1114
            ],
            [
              -75.1887,
              8.1243
            ],
            [
              -75.1982,
              8.122
            ],
            [
              -75.2122,
              8.127
            ],
            [
              -75.2127,
              8.1138
            ],
            [
              -75.2238,
              8.1045
            ],
            [
              -75.2363,
              8.11
            ],
            [
              -75.252,
              8.1352
            ],
            [
              -75.2745,
              8.1326
            ],
            [
              -75.2999,
              8.1417
            ],
            [
              -75.311,
              8.1374
            ],
            [
              -75.3247,
              8.1409
            ],
            [
              -75.3279,
              8.1285
            ],
            [
              -75.3216,
              8.105
            ],
            [
              -75.3397,
              8.0876
            ],
            [
              -75.3564,
              8.0871
            ],
            [
              -75.3572,
              8.0659
            ],
            [
              -75.3734,
              8.0527
            ],
            [
              -75.3811,
              8.0552
            ],
            [
              -75.3904,
              8.0442
            ],
            [
              -75.3835,
              8.0372
            ],
            [
              -75.3924,
              8.0274
            ],
            [
              -75.3893,
              8.0194
            ],
            [
              -75.3751,
              7.9973
            ],
            [
              -75.3578,
              7.9864
            ],
            [
              -75.345,
              7.9532
            ],
            [
              -75.3367,
              7.9481
            ],
            [
              -75.3152,
              7.9448
            ],
            [
              -75.292,
              7.96
            ],
            [
              -75.287,
              7.9744
            ],
            [
              -75.2656,
              8.0002
            ],
            [
              -75.2521,
              8.001
            ],
            [
              -75.2433,
              8.009
            ],
            [
              -75.2374,
              8.0317
            ],
            [
              -75.2466,
              8.043
            ],
            [
              -75.2304,
              8.0533
            ],
            [
              -75.2203,
              8.0663
            ],
            [
              -75.2084,
              8.0567
            ],
            [
              -75.1962,
              8.0563
            ],
            [
              -75.1858,
              8.0443
            ],
            [
              -75.1684,
              8.0527
            ]
          ]
        ]
      },
      "properties": {
        "OBJECTID": 438,
        "DPTO_CCDGO": "13",
        "MPIO_CCDGO": "350",
        "name": "13020",
        "MPIO_CRSLC": "ORD 07 DE MAYO 06 DE 1997",
        "MPIO_NANO_": 1997,
        "MPIO_NAREA": 240.34417087,
        "MPIO_CSMBL": "4",
        "MPIO_CCNCT": "23350",
        "MPIO_NANO": 2012,
        "SHAPE_Leng": 0.878804972388,
        "SHAPE_Area": 0.0197059400703,
        "NOMBRE": "LA APARTADA (FRONTERA)",
        "DANE": {
          "dpto_ccdgo": "23",
          "mpio_ccdgo": "350",
          "mpio_cdpmp": "23350",
          "dpto_cnmbr": "CÓRDOBA",
          "mpio_cnmbr": "LA APARTADA",
          "mpio_crslc": "ORD 07 DE MAYO 06 DE 1997",
          "mpio_tipo": "MUNICIPIO",
          "mpio_narea": 287.043717345,
          "mpio_nano": 2024,
          "shape_Leng": 1.00547692436,
          "shape_Area": 0.023535318931
        }
      }
    },
    {
      "type": "Feature",
      "geometry": {
        "type": "Polygon",
        "coordinates": [
          [
            [
              -75.8642,
              9.3373
            ],
            [
              -75.8909,
              9.3439
            ],
            [
              -75.9046,
              9.3346
            ],
            [
              -75.9045,
              9.3218
            ],
            [
              -75.924,
              9.3229
            ],
            [
              -75.9226,
              9.3118
            ],
            [
              -75.9519,
              9.2892
            ],
            [
              -75.9611,
              9.2641
            ],
            [
              -75.9773,
              9.2526
            ],
            [
              -75.9875,
              9.2537
            ],
            [
              -75.992,
              9.2442
            ],
            [
              -76.0093,
              9.2284
            ],
            [
              -76.01,
              9.2171
            ],
            [
              -76.0519,
              9.2021
            ],
            [
              -76.071,
              9.199
            ],
            [
              -76.0747,
              9.1879
            ],
            [
              -76.0511,
              9.1869
            ],
            [
              -76.0439,
              9.1765
            ],
            [
              -76.0504,
              9.1577
            ],
            [
              -76.0746,
              9.16
            ],
            [
              -76.0807,
              9.1652
            ],
            [
              -76.1142,
              9.1495
            ],
            [
              -76.1112,
              9.1317
            ],
            [
              -76.1128,
              9.1166
            ],
            [
              -76.1254,
              9.0932
            ],
            [
              -76.1374,
              9.0939
            ],
            [
              -76.1544,
              9.0842
            ],
            [
              -76.1218,
              9.0783
            ],
            [
              -76.1103,
              9.0632
            ],
            [
              -76.1035,
              9.0555
            ],
            [
              -76.0918,
              9.055
            ],
            [
              -76.0541,
              9.0602
            ],
            [
              -76.0531,
              9.0524
            ],
            [
              -76.0347,
              9.0421
            ],
            [
              -76.0389,
              9.0282
            ],
            [
              -76.0248,
              9.0311
            ],
            [
              -76.0134,
              9.024
            ],
            [
              -76.0044,
              9.0301
            ],
            [
              -75.9872,
              9.0299
            ],
            [
              -75.9726,
              9.025
            ],
            [
              -75.9689,
              9.0335
            ],
            [
              -75.9327,
              9.0648
            ],
            [
              -75.9204,
              9.0651
            ],
            [
              -75.9042,
              9.0521
            ],
            [
              -75.8894,
              9.0522
            ],
            [
              -75.8672,
              9.0406
            ],
            [
              -75.8538,
              9.04
            ],
            [
              -75.8431,
              9.0452
            ],
            [
              -75.8449,
              9.0518
            ],
            [
              -75.8371,
              9.0668
            ],
            [
              -75.8172,
              9.0561
            ],
            [
              -75.814,
              9.0462
            ],
            [
              -75.7916,
              9.0494
            ],
            [
              -75.7856,
              9.0574
            ],
            [
              -75.7959,
              9.083
            ],
            [
              -75.7879,
              9.101
            ],
            [
              -75.7651,
              9.1153
            ],
            [
              -75.7398,
              9.1135
            ],
            [
              -75.7483,
              9.1321
            ],
            [
              -75.731,
              9.1414
            ],
            [
              -75.7116,
              9.1582
            ],
            [
              -75.6998,
              9.1513
            ],
            [
              -75.6883,
              9.1625
            ],
            [
              -75.699,
              9.1895
            ],
            [
              -75.7097,
              9.2061
            ],
            [
              -75.7087,
              9.2163
            ],
            [
              -75.7247,
              9.2185
            ],
            [
              -75.7414,
              9.2064
            ],
            [
              -75.7576,
              9.2076
            ],
            [
              -75.7764,
              9.2154
            ],
            [
              -75.7727,
              9.2292
            ],
            [
              -75.7768,
              9.245
            ],
            [
              -75.7691,
              9.2535
            ],
            [
              -75.7773,
              9.2839
            ],
            [
              -75.7899,
              9.2847
            ],
            [
              -75.8009,
              9.3007
            ],
            [
              -75.8147,
              9.313
            ],
            [
              -75.8331,
              9.3091
            ],
            [
              -75.8535,
              9.2991
            ],
            [
              -75.8579,
              9.3044
            ],
            [
              -75.8572,
              9.3229
            ],
            [
              -75.8642,
              9.3373
            ]
          ]
        ]
      },
      "properties": {
        "OBJECTID": 439,
        "DPTO_CCDGO": "13",
        "MPIO_CCDGO": "417",
        "name": "13022",
        "MPIO_CRSLC": "1739",
        "MPIO_NANO_": 1993,
        "MPIO_NAREA": 983.75406829,
        "MPIO_CSMBL": "4",
        "MPIO_CCNCT": "23417",
        "MPIO_NANO": 2012,
        "SHAPE_Leng": 2.07694147229,
        "SHAPE_Area": 0.080894047843,
        "NOMBRE": "LORICA",
        "DANE": {
          "dpto_ccdgo": "23",
          "mpio_ccdgo": "417",
          "mpio_cdpmp": "23417",
          "dpto_cnmbr": "CÓRDOBA",
          "mpio_cnmbr": "LORICA",
          "mpio_crslc": "1739",
          "mpio_tipo": "MUNICIPIO",
          "mpio_narea": 951.053880386,
          "mpio_nano": 2024,
          "shape_Leng": 2.07773732557,
          "shape_Area": 0.0781583898531
        }
      }
    },
    {
      "type": "Feature",
      "geometry": {
        "type": "Polygon",
        "coordinates": [
          [
            [
              -76.1795,
              8.899
            ],
            [
              -76.1872,
              8.8916
            ],
            [
              -76.2014,
              8.8889
            ],
            [
              -76.2121,
              8.8796
            ],
            [
              -76.227,
              8.8813
            ],
            [
              -76.2554,
              8.8772
            ],
            [
              -76.266,
              8.8783
            ],
            [
              -76.2695,
              8.9013
            ],
            [
              -76.2768,
              8.9055
            ],
            [
              -76.2894,
              8.9007
            ],
            [
              -76.2956,
              8.9122
            ],
            [
              -76.3161,
              8.926
            ],
            [
              -76.3246,
              8.9366
            ],
            [
              -76.3394,
              8.9191
            ],
            [
              -76.3654,
              8.9075
            ],
            [
              -76.3927,
              8.8991
            ],
            [
              -76.4165,
              8.8885
            ],
            [
              -76.4136,
              8.874
            ],
            [
              -76.3812,
              8.7942
            ],
            [
              -76.3996,
              8.7796
            ],
            [
              -76.4153,
              8.7626
            ],
            [
              -76.416,
              8.7492
            ],
            [
              -76.3997,
              8.7461
            ],
            [
              -76.3679,
              8.7207
            ],
            [
              -76.3635,
              8.7095
            ],
            [
              -76.3643,
              8.7194
            ],
            [
              -76.3535,
              8.7307
            ],
            [
              -76.3424,
              8.7296
            ],
            [
              -76.3376,
              8.7413
            ],
            [
              -76.3266,
              8.7442
            ],
            [
              -76.3143,
              8.7579
            ],
            [
              -76.3063,
              8.7914
            ],
            [
              -76.3004,
              8.8017
            ],
            [
              -76.2896,
              8.8039
            ],
            [
              -76.2868,
              8.8131
            ],
            [
              -76.2691,
              8.8262
            ],
            [
              -76.248,
              8.8256
            ],
            [
              -76.2176,
              8.8179
            ],
            [
              -76.1925,
              8.8228
            ],
            [
              -76.1817,
              8.8073
            ],
            [
              -76.1647,
              8.8084
            ],
            [
              -76.1446,
              8.7986
            ],
            [
              -76.1456,
              8.8175
            ],
            [
              -76.1381,
              8.827
            ],
            [
              -76.1451,
              8.8349
            ],
            [
              -76.1427,
              8.8563
            ],
            [
              -76.1367,
              8.8655
            ],
            [
              -76.1262,
              8.8677
            ],
            [
              -76.113,
              8.8799
            ],
            [
              -76.1183,
              8.889
            ],
            [
              -76.1372,
              8.8965
            ],
            [
              -76.1615,
              8.8916
            ],
            [
              -76.1795,
              8.899
            ]
          ]
        ]
      },
      "properties": {
        "OBJECTID": 440,
        "DPTO_CCDGO": "13",
        "MPIO_CCDGO": "419",
        "name": "13023",
        "MPIO_CRSLC": "Ordenanza 6 de Junio 6 de 1963",
        "MPIO_NANO_": 1993,
        "MPIO_NAREA": 408.41999881,
        "MPIO_CSMBL": "4",
        "MPIO_CCNCT": "23419",
        "MPIO_NANO": 2012,
        "SHAPE_Leng": 1.18571588663,
        "SHAPE_Area": 0.0335622945093,
        "NOMBRE": "LOS CORDOBAS",
        "DANE": {
          "dpto_ccdgo": "23",
          "mpio_ccdgo": "419",
          "mpio_cdpmp": "23419",
          "dpto_cnmbr": "CÓRDOBA",
          "mpio_cnmbr": "LOS CÓRDOBAS",
          "mpio_crslc": "Ordenanza 6 de Junio 6 de 1963",
          "mpio_tipo": "MUNICIPIO",
          "mpio_narea": 366.064789811,
          "mpio_nano": 2024,
          "shape_Leng": 1.36898084585,
          "shape_Area": 0.0300430395134
        }
      }
    },
    {
      "type": "Feature",
      "geometry": {
        "type": "Polygon",
        "coordinates": [
          [
            [
              -75.5842,
              9.273
            ],
            [
              -75.5892,
              9.2787
            ],
            [
              -75.6094,
              9.281
            ],
            [
              -75.603,
              9.2994
            ],
            [
              -75.5941,
              9.2963
            ],
            [
              -75.5997,
              9.3254
            ],
            [
              -75.6137,
              9.3313
            ],
            [
              -75.6281,
              9.3523
            ],
            [
              -75.6381,
              9.3456
            ],
            [
              -75.6481,
              9.3305
            ],
            [
              -75.6696,
              9.3339
            ],
            [
              -75.694,
              9.3106
            ],
            [
              -75.7014,
              9.268
            ],
            [
              -75.6954,
              9.2487
            ],
            [
              -75.7026,
              9.225
            ],
            [
              -75.7087,
              9.2163
            ],
            [
              -75.7097,
              9.2061
            ],
            [
              -75.699,
              9.1895
            ],
            [
              -75.6883,
              9.1625
            ],
            [
              -75.6683,
              9.1981
            ],
            [
              -75.6478,
              9.2095
            ],
            [
              -75.6286,
              9.2087
            ],
            [
              -75.6165,
              9.2315
            ],
            [
              -75.6007,
              9.2388
            ],
            [
              -75.5842,
              9.273
            ]
          ]
        ]
      },
      "properties": {
        "OBJECTID": 441,
        "DPTO_CCDGO": "13",
        "MPIO_CCDGO": "464",
        "name": "13024",
        "MPIO_CRSLC": "Ordenanza 21 de 1963",
        "MPIO_NANO_": 1993,
        "MPIO_NAREA": 159.9864441,
        "MPIO_CSMBL": "4",
        "MPIO_CCNCT": "23464",
        "MPIO_NANO": 2012,
        "SHAPE_Leng": 0.651696637491,
        "SHAPE_Area": 0.0131566075079,
        "NOMBRE": "MOMIL",
        "DANE": {
          "dpto_ccdgo": "23",
          "mpio_ccdgo": "464",
          "mpio_cdpmp": "23464",
          "dpto_cnmbr": "CÓRDOBA",
          "mpio_cnmbr": "MOMIL",
          "mpio_crslc": "Ordenanza 21 de 1963",
          "mpio_tipo": "MUNICIPIO",
          "mpio_narea": 158.762773668,
          "mpio_nano": 2024,
          "shape_Leng": 0.679390040687,
          "shape_Area": 0.0130543444758
        }
      }
    },
    {
      "type": "Feature",
      "geometry": {
        "type": "Polygon",
        "coordinates": [
          [
            [
              -75.5738,
              8.0996
            ],
            [
              -75.5896,
              8.0941
            ],
            [
              -75.5971,
              8.0716
            ],
            [
              -75.6076,
              8.0526
            ],
            [
              -75.6295,
              8.0497
            ],
            [
              -75.6302,
              8.0558
            ],
            [
              -75.6554,
              8.0606
            ],
            [
              -75.6642,
              8.0449
            ],
            [
              -75.6776,
              8.054
            ],
            [
              -75.6773,
              8.0648
            ],
            [
              -75.6987,
              8.0573
            ],
            [
              -75.7143,
              8.0576
            ],
            [
              -75.7244,
              8.0644
            ],
            [
              -75.7421,
              8.0418
            ],
            [
              -75.7499,
              8.0433
            ],
            [
              -75.752,
              8.0698
            ],
            [
              -75.741,
              8.1226
            ],
            [
              -75.7532,
              8.1335
            ],
            [
              -75.7707,
              8.1227
            ],
            [
              -75.7868,
              8.1204
            ],
            [
              -75.7916,
              8.1413
            ],
            [
              -75.801,
              8.153
            ],
            [
              -75.8004,
              8.1681
            ],
            [
              -75.8175,
              8.1605
            ],
            [
              -75.8342,
              8.1474
            ],
            [
              -75.8363,
              8.1329
            ],
            [
              -75.8341,
              8.1079
            ],
            [
              -75.8435,
              8.1019
            ],
            [
              -75.8442,
              8.0871
            ],
            [
              -75.8549,
              8.0847
            ],
            [
              -75.8806,
              8.0614
            ],
            [
              -75.8853,
              8.0744
            ],
            [
              -75.8942,
              8.0743
            ],
            [
              -75.9045,
              8.0482
            ],
            [
              -75.934,
              8.03
            ],
            [
              -75.952,
              8.0404
            ],
            [
              -75.9584,
              8.0385
            ],
            [
              -75.9625,
              8.0172
            ],
            [
              -75.9698,
              7.9968
            ],
            [
              -75.9804,
              7.9784
            ],
            [
              -75.9814,
              7.9476
            ],
            [
              -76.0104,
              7.9168
            ],
            [
              -76.0024,
              7.8933
            ],
            [
              -76.0045,
              7.8637
            ],
            [
              -76.0016,
              7.8566
            ],
            [
              -75.9834,
              7.8503
            ],
            [
              -75.9683,
              7.839
            ],
            [
              -75.9713,
              7.8231
            ],
            [
              -75.9686,
              7.8062
            ],
            [
              -75.9592,
              7.794
            ],
            [
              -75.9587,
              7.7653
            ],
            [
              -75.9534,
              7.7522
            ],
            [
              -75.9543,
              7.7164
            ],
            [
              -75.9606,
              7.7035
            ],
            [
              -75.972,
              7.6965
            ],
            [
              -75.9727,
              7.6697
            ],
            [
              -75.9636,
              7.6651
            ],
            [
              -75.9592,
              7.6352
            ],
            [
              -75.9496,
              7.6177
            ],
            [
              -75.9507,
              7.6016
            ],
            [
              -75.957,
              7.5775
            ],
            [
              -75.9528,
              7.5715
            ],
            [
              -75.9566,
              7.557
            ],
            [
              -75.9789,
              7.5392
            ],
            [
              -75.9895,
              7.5212
            ],
            [
              -75.9903,
              7.5076
            ],
            [
              -76.0063,
              7.4923
            ],
            [
              -76.0315,
              7.4805
            ],
            [
              -76.0333,
              7.4547
            ],
            [
              -76.0369,
              7.442
            ],
            [
              -76.0517,
              7.4129
            ],
            [
              -76.0487,
              7.4031
            ],
            [
              -76.0549,
              7.3902
            ],
            [
              -76.055,
              7.3646
            ],
            [
              -75.9661,
              7.3572
            ],
            [
              -75.9657,
              7.3695
            ],
            [
              -75.9741,
              7.3981
            ],
            [
              -75.9813,
              7.4101
            ],
            [
              -75.9771,
              7.4281
            ],
            [
              -75.995,
              7.4567
            ],
            [
              -75.997,
              7.4649
            ],
            [
              -75.9905,
              7.4901
            ],
            [
              -75.9553,
              7.5076
            ],
            [
              -75.9536,
              7.5265
            ],
            [
              -75.9211,
              7.5645
            ],
            [
              -75.9174,
              7.5872
            ],
            [
              -75.9047,
              7.599
            ],
            [
              -75.8938,
              7.6452
            ],
            [
              -75.8878,
              7.6584
            ],
            [
              -75.8746,
              7.6662
            ],
            [
              -75.8663,
              7.6925
            ],
            [
              -75.8579,
              7.699
            ],
            [
              -75.8532,
              7.7135
            ],
            [
              -75.8576,
              7.7363
            ],
            [
              -75.8518,
              7.7685
            ],
            [
              -75.843,
              7.7951
            ],
            [
              -75.8347,
              7.7992
            ],
            [
              -75.8355,
              7.8148
            ],
            [
              -75.8218,
              7.8246
            ],
            [
              -75.8186,
              7.836
            ],
            [
              -75.8376,
              7.8371
            ],
            [
              -75.8397,
              7.8474
            ],
            [
              -75.8573,
              7.8504
            ],
            [
              -75.8468,
              7.8657
            ],
            [
              -75.8535,
              7.8831
            ],
            [
              -75.8294,
              7.922
            ],
            [
              -75.8171,
              7.9176
            ],
            [
              -75.8101,
              7.9323
            ],
            [
              -75.8013,
              7.9313
            ],
            [
              -75.7978,
              7.9485
            ],
            [
              -75.7887,
              7.9554
            ],
            [
              -75.7924,
              7.9683
            ],
            [
              -75.7594,
              7.9766
            ],
            [
              -75.749,
              7.983
            ],
            [
              -75.7499,
              7.9933
            ],
            [
              -75.737,
              8.0048
            ],
            [
              -75.7371,
              8.0114
            ],
            [
              -75.7174,
              8.03
            ],
            [
              -75.6969,
              8.0341
            ],
            [
              -75.6882,
              8.0144
            ],
            [
              -75.6805,
              8.0268
            ],
            [
              -75.6726,
              8.0169
            ],
            [
              -75.6607,
              8.0152
            ],
            [
              -75.6403,
              8.0029
            ],
            [
              -75.6289,
              7.9995
            ],
            [
              -75.6122,
              8.0059
            ],
            [
              -75.5965,
              8.0001
            ],
            [
              -75.5854,
              8.0142
            ],
            [
              -75.563,
              7.9907
            ],
            [
              -75.5551,
              7.9944
            ],
            [
              -75.5517,
              7.9723
            ],
            [
              -75.5272,
              7.9556
            ],
            [
              -75.5193,
              7.9582
            ],
            [
              -75.5104,
              7.9461
            ],
            [
              -75.5334,
              7.9312
            ],
            [
              -75.5423,
              7.9349
            ],
            [
              -75.5517,
              7.9343
            ],
            [
              -75.556,
              7.9166
            ],
            [
              -75.565,
              7.9114
            ],
            [
              -75.5649,
              7.8914
            ],
            [
              -75.5389,
              7.8959
            ],
            [
              -75.5132,
              7.9101
            ],
            [
              -75.4961,
              7.9079
            ],
            [
              -75.4854,
              7.9113
            ],
            [
              -75.48,
              7.9216
            ],
            [
              -75.4615,
              7.9053
            ],
            [
              -75.4451,
              7.9113
            ],
            [
              -75.4407,
              7.8999
            ],
            [
              -75.4481,
              7.8926
            ],
            [
              -75.4452,
              7.8672
            ],
            [
              -75.4503,
              7.8523
            ],
            [
              -75.465,
              7.8467
            ],
            [
              -75.4587,
              7.8338
            ],
            [
              -75.4279,
              7.818
            ],
            [
              -75.4187,
              7.8236
            ],
            [
              -75.4161,
              7.8391
            ],
            [
              -75.4052,
              7.8431
            ],
            [
              -75.4043,
              7.8575
            ],
            [
              -75.3911,
              7.8629
            ],
            [
              -75.3763,
              7.8633
            ],
            [
              -75.3545,
              7.8688
            ],
            [
              -75.3435,
              7.8813
            ],
            [
              -75.3444,
              7.8919
            ],
            [
              -75.3356,
              7.9068
            ],
            [
              -75.331,
              7.9254
            ],
            [
              -75.3299,
              7.9372
            ],
            [
              -75.3367,
              7.9481
            ],
            [
              -75.345,
              7.9532
            ],
            [
              -75.3578,
              7.9864
            ],
            [
              -75.3751,
              7.9973
            ],
            [
              -75.3893,
              8.0194
            ],
            [
              -75.3883,
              8.0062
            ],
            [
              -75.3984,
              8.0038
            ],
            [
              -75.4099,
              8.0133
            ],
            [
              -75.4244,
              8.0101
            ],
            [
              -75.429,
              8.0231
            ],
            [
              -75.4588,
              8.0341
            ],
            [
              -75.4886,
              8.0651
            ],
            [
              -75.4932,
              8.0748
            ],
            [
              -75.5225,
              8.0826
            ],
            [
              -75.5307,
              8.0905
            ],
            [
              -75.5465,
              8.0918
            ],
            [
              -75.5683,
              8.0882
            ],
            [
              -75.5738,
              8.0996
            ]
          ]
        ]
      },
      "properties": {
        "OBJECTID": 442,
        "DPTO_CCDGO": "13",
        "MPIO_CCDGO": "466",
        "name": "13025",
        "MPIO_CRSLC": "Decreto 810 del 4 de Marzo de 1954",
        "MPIO_NANO_": 1993,
        "MPIO_NAREA": 1583.86986715,
        "MPIO_CSMBL": "4",
        "MPIO_CCNCT": "23466",
        "MPIO_NANO": 2012,
        "SHAPE_Leng": 4.01182238812,
        "SHAPE_Area": 0.129802991817,
        "NOMBRE": "MONTELIBANO",
        "DANE": {
          "dpto_ccdgo": "23",
          "mpio_ccdgo": "466",
          "mpio_cdpmp": "23466",
          "dpto_cnmbr": "CÓRDOBA",
          "mpio_cnmbr": "MONTELÍBANO",
          "mpio_crslc": "Decreto 810 del 4 de Marzo de 1954",
          "mpio_tipo": "MUNICIPIO",
          "mpio_narea": 1551.0073662,
          "mpio_nano": 2024,
          "shape_Leng": 4.35178239702,
          "shape_Area": 0.127066843214
        }
      }
    },
    {
      "type": "Feature",
      "geometry": {
        "type": "Polygon",
        "coordinates": [
          [
            [
              -76.071,
              9.199
            ],
            [
              -76.0646,
              9.2185
            ],
            [
              -76.0545,
              9.2188
            ],
            [
              -76.0389,
              9.2288
            ],
            [
              -76.0433,
              9.2402
            ],
            [
              -76.0633,
              9.2407
            ],
            [
              -76.061,
              9.2678
            ],
            [
              -76.076,
              9.2734
            ],
            [
              -76.0756,
              9.2861
            ],
            [
              -76.0996,
              9.3134
            ],
            [
              -76.1099,
              9.3044
            ],
            [
              -76.1016,
              9.276
            ],
            [
              -76.1086,
              9.2647
            ],
            [
              -76.1349,
              9.2449
            ],
            [
              -76.1702,
              9.2297
            ],
            [
              -76.1696,
              9.2143
            ],
            [
              -76.1761,
              9.2065
            ],
            [
              -76.1745,
              9.1914
            ],
            [
              -76.1809,
              9.1811
            ],
            [
              -76.1755,
              9.173
            ],
            [
              -76.1779,
              9.1516
            ],
            [
              -76.1868,
              9.1192
            ],
            [
              -76.1933,
              9.1111
            ],
            [
              -76.1713,
              9.1083
            ],
            [
              -76.1544,
              9.0842
            ],
            [
              -76.1374,
              9.0939
            ],
            [
              -76.1254,
              9.0932
            ],
            [
              -76.1128,
              9.1166
            ],
            [
              -76.1112,
              9.1317
            ],
            [
              -76.1142,
              9.1495
            ],
            [
              -76.0807,
              9.1652
            ],
            [
              -76.0746,
              9.16
            ],
            [
              -76.0504,
              9.1577
            ],
            [
              -76.0439,
              9.1765
            ],
            [
              -76.0511,
              9.1869
            ],
            [
              -76.0747,
              9.1879
            ],
            [
              -76.071,
              9.199
            ]
          ]
        ]
      },
      "properties": {
        "OBJECTID": 443,
        "DPTO_CCDGO": "13",
        "MPIO_CCDGO": "500",
        "name": "13027",
        "MPIO_CRSLC": "Ordenanza 2 Octubre 17 de 1978",
        "MPIO_NANO_": 1993,
        "MPIO_NAREA": 168.18045968,
        "MPIO_CSMBL": "4",
        "MPIO_CCNCT": "23500",
        "MPIO_NANO": 2012,
        "SHAPE_Leng": 0.847896601892,
        "SHAPE_Area": 0.0138326900012,
        "NOMBRE": "MOÑITOS",
        "DANE": {
          "dpto_ccdgo": "23",
          "mpio_ccdgo": "500",
          "mpio_cdpmp": "23500",
          "dpto_cnmbr": "CÓRDOBA",
          "mpio_cnmbr": "MOÑITOS",
          "mpio_crslc": "Ordenanza 2 Octubre 17 de 1978",
          "mpio_tipo": "MUNICIPIO",
          "mpio_narea": 203.344089773,
          "mpio_nano": 2024,
          "shape_Leng": 0.858887694618,
          "shape_Area": 0.0167081399247
        }
      }
    },
    {
      "type": "Feature",
      "geometry": {
        "type": "Polygon",
        "coordinates": [
          [
            [
              -75.3543,
              8.3758
            ],
            [
              -75.3587,
              8.4035
            ],
            [
              -75.3724,
              8.399
            ],
            [
              -75.3971,
              8.4134
            ],
            [
              -75.4153,
              8.4044
            ],
            [
              -75.427,
              8.417
            ],
            [
              -75.4533,
              8.4178
            ],
            [
              -75.4697,
              8.4218
            ],
            [
              -75.4823,
              8.4317
            ],
            [
              -75.4969,
              8.4359
            ],
            [
              -75.5044,
              8.4473
            ],
            [
              -75.5249,
              8.4517
            ],
            [
              -75.5348,
              8.4409
            ],
            [
              -75.5455,
              8.4505
            ],
            [
              -75.5569,
              8.4685
            ],
            [
              -75.5866,
              8.4812
            ],
            [
              -75.5826,
              8.4865
            ],
            [
              -75.595,
              8.5146
            ],
            [
              -75.5832,
              8.5371
            ],
            [
              -75.5987,
              8.5397
            ],
            [
              -75.6217,
              8.553
            ],
            [
              -75.6399,
              8.5535
            ],
            [
              -75.6422,
              8.5614
            ],
            [
              -75.6499,
              8.5608
            ],
            [
              -75.6511,
              8.5404
            ],
            [
              -75.67,
              8.5383
            ],
            [
              -75.6726,
              8.5211
            ],
            [
              -75.6783,
              8.5141
            ],
            [
              -75.6779,
              8.5028
            ],
            [
              -75.6663,
              8.5005
            ],
            [
              -75.6713,
              8.4854
            ],
            [
              -75.673,
              8.4511
            ],
            [
              -75.686,
              8.4334
            ],
            [
              -75.6796,
              8.4168
            ],
            [
              -75.6632,
              8.4197
            ],
            [
              -75.6592,
              8.4062
            ],
            [
              -75.6493,
              8.4085
            ],
            [
              -75.6453,
              8.3968
            ],
            [
              -75.6644,
              8.3777
            ],
            [
              -75.6615,
              8.3519
            ],
            [
              -75.6729,
              8.3509
            ],
            [
              -75.6625,
              8.3273
            ],
            [
              -75.6865,
              8.3163
            ],
            [
              -75.6881,
              8.3062
            ],
            [
              -75.7085,
              8.3086
            ],
            [
              -75.7098,
              8.2919
            ],
            [
              -75.7289,
              8.2943
            ],
            [
              -75.7398,
              8.2871
            ],
            [
              -75.7466,
              8.294
            ],
            [
              -75.7668,
              8.2977
            ],
            [
              -75.7697,
              8.2838
            ],
            [
              -75.7651,
              8.2672
            ],
            [
              -75.7543,
              8.263
            ],
            [
              -75.7555,
              8.2315
            ],
            [
              -75.767,
              8.2271
            ],
            [
              -75.7762,
              8.2094
            ],
            [
              -75.786,
              8.1985
            ],
            [
              -75.8004,
              8.1681
            ],
            [
              -75.801,
              8.153
            ],
            [
              -75.7916,
              8.1413
            ],
            [
              -75.7868,
              8.1204
            ],
            [
              -75.7707,
              8.1227
            ],
            [
              -75.7532,
              8.1335
            ],
            [
              -75.741,
              8.1226
            ],
            [
              -75.752,
              8.0698
            ],
            [
              -75.7499,
              8.0433
            ],
            [
              -75.7421,
              8.0418
            ],
            [
              -75.7244,
              8.0644
            ],
            [
              -75.7143,
              8.0576
            ],
            [
              -75.6987,
              8.0573
            ],
            [
              -75.6773,
              8.0648
            ],
            [
              -75.6776,
              8.054
            ],
            [
              -75.6642,
              8.0449
            ],
            [
              -75.6554,
              8.0606
            ],
            [
              -75.6302,
              8.0558
            ],
            [
              -75.6295,
              8.0497
            ],
            [
              -75.6076,
              8.0526
            ],
            [
              -75.5971,
              8.0716
            ],
            [
              -75.5896,
              8.0941
            ],
            [
              -75.5738,
              8.0996
            ],
            [
              -75.5848,
              8.1221
            ],
            [
              -75.5776,
              8.1408
            ],
            [
              -75.5857,
              8.1547
            ],
            [
              -75.574,
              8.1746
            ],
            [
              -75.5853,
              8.1964
            ],
            [
              -75.5802,
              8.208
            ],
            [
              -75.5873,
              8.2347
            ],
            [
              -75.5875,
              8.2541
            ],
            [
              -75.5736,
              8.2739
            ],
            [
              -75.5554,
              8.2816
            ],
            [
              -75.5302,
              8.2757
            ],
            [
              -75.505,
              8.2888
            ],
            [
              -75.5001,
              8.2875
            ],
            [
              -75.4831,
              8.3127
            ],
            [
              -75.4727,
              8.3174
            ],
            [
              -75.4619,
              8.3093
            ],
            [
              -75.4422,
              8.3207
            ],
            [
              -75.4335,
              8.3161
            ],
            [
              -75.4112,
              8.3205
            ],
            [
              -75.3971,
              8.3273
            ],
            [
              -75.3675,
              8.3658
            ],
            [
              -75.3543,
              8.3758
            ]
          ]
        ]
      },
      "properties": {
        "OBJECTID": 444,
        "DPTO_CCDGO": "13",
        "MPIO_CCDGO": "555",
        "name": "13028",
        "MPIO_CRSLC": "Decreto 81 del 2 de Febrero de 1955",
        "MPIO_NANO_": 1993,
        "MPIO_NAREA": 1208.27425866,
        "MPIO_CSMBL": "4",
        "MPIO_CCNCT": "23555",
        "MPIO_NANO": 2012,
        "SHAPE_Leng": 2.05569612984,
        "SHAPE_Area": 0.0991081277203,
        "NOMBRE": "PLANETA RICA",
        "DANE": {
          "dpto_ccdgo": "23",
          "mpio_ccdgo": "555",
          "mpio_cdpmp": "23555",
          "dpto_cnmbr": "CÓRDOBA",
          "mpio_cnmbr": "PLANETA RICA",
          "mpio_crslc": "Decreto 81 del 2 de Febrero de 1955",
          "mpio_tipo": "MUNICIPIO",
          "mpio_narea": 1140.410547,
          "mpio_nano": 2024,
          "shape_Leng": 2.53368623464,
          "shape_Area": 0.0935340611934
        }
      }
    },
    {
      "type": "Feature",
      "geometry": {
        "type": "Polygon",
        "coordinates": [
          [
            [
              -75.5006,
              8.6175
            ],
            [
              -75.5169,
              8.611
            ],
            [
              -75.5347,
              8.6093
            ],
            [
              -75.5356,
              8.5988
            ],
            [
              -75.5105,
              8.5881
            ],
            [
              -75.5266,
              8.5801
            ],
            [
              -75.5356,
              8.5867
            ],
            [
              -75.5491,
              8.5877
            ],
            [
              -75.5561,
              8.6009
            ],
            [
              -75.577,
              8.6125
            ],
            [
              -75.5832,
              8.6349
            ],
            [
              -75.6034,
              8.64
            ],
            [
              -75.6095,
              8.6251
            ],
            [
              -75.625,
              8.6306
            ],
            [
              -75.6363,
              8.5842
            ],
            [
              -75.6458,
              8.5703
            ],
            [
              -75.6422,
              8.5614
            ],
            [
              -75.6399,
              8.5535
            ],
            [
              -75.6217,
              8.553
            ],
            [
              -75.5987,
              8.5397
            ],
            [
              -75.5832,
              8.5371
            ],
            [
              -75.595,
              8.5146
            ],
            [
              -75.5826,
              8.4865
            ],
            [
              -75.5866,
              8.4812
            ],
            [
              -75.5569,
              8.4685
            ],
            [
              -75.5455,
              8.4505
            ],
            [
              -75.5348,
              8.4409
            ],
            [
              -75.5249,
              8.4517
            ],
            [
              -75.5044,
              8.4473
            ],
            [
              -75.4969,
              8.4359
            ],
            [
              -75.4823,
              8.4317
            ],
            [
              -75.4697,
              8.4218
            ],
            [
              -75.4533,
              8.4178
            ],
            [
              -75.427,
              8.417
            ],
            [
              -75.4153,
              8.4044
            ],
            [
              -75.3971,
              8.4134
            ],
            [
              -75.3724,
              8.399
            ],
            [
              -75.3587,
              8.4035
            ],
            [
              -75.3543,
              8.3758
            ],
            [
              -75.3478,
              8.3559
            ],
            [
              -75.3573,
              8.3542
            ],
            [
              -75.3653,
              8.3442
            ],
            [
              -75.3569,
              8.3295
            ],
            [
              -75.3426,
              8.3213
            ],
            [
              -75.33,
              8.3282
            ],
            [
              -75.3095,
              8.325
            ],
            [
              -75.3067,
              8.3118
            ],
            [
              -75.2827,
              8.3037
            ],
            [
              -75.2822,
              8.3126
            ],
            [
              -75.2688,
              8.3127
            ],
            [
              -75.2536,
              8.3334
            ],
            [
              -75.2463,
              8.328
            ],
            [
              -75.2346,
              8.3315
            ],
            [
              -75.2378,
              8.342
            ],
            [
              -75.2319,
              8.3572
            ],
            [
              -75.2128,
              8.3845
            ],
            [
              -75.1851,
              8.3966
            ],
            [
              -75.1959,
              8.4085
            ],
            [
              -75.1965,
              8.4214
            ],
            [
              -75.2087,
              8.4218
            ],
            [
              -75.2094,
              8.4324
            ],
            [
              -75.1925,
              8.4434
            ],
            [
              -75.2018,
              8.4531
            ],
            [
              -75.2135,
              8.474
            ],
            [
              -75.2241,
              8.4815
            ],
            [
              -75.2428,
              8.4871
            ],
            [
              -75.2675,
              8.4876
            ],
            [
              -75.2889,
              8.4999
            ],
            [
              -75.3069,
              8.4966
            ],
            [
              -75.3144,
              8.5024
            ],
            [
              -75.3043,
              8.5178
            ],
            [
              -75.3225,
              8.5472
            ],
            [
              -75.3283,
              8.5624
            ],
            [
              -75.3178,
              8.5742
            ],
            [
              -75.3181,
              8.5882
            ],
            [
              -75.3306,
              8.5825
            ],
            [
              -75.3594,
              8.5854
            ],
            [
              -75.3881,
              8.5803
            ],
            [
              -75.3953,
              8.5854
            ],
            [
              -75.4265,
              8.5819
            ],
            [
              -75.4393,
              8.5903
            ],
            [
              -75.4781,
              8.5889
            ],
            [
              -75.5006,
              8.6175
            ]
          ]
        ]
      },
      "properties": {
        "OBJECTID": 445,
        "DPTO_CCDGO": "13",
        "MPIO_CCDGO": "570",
        "name": "13031",
        "MPIO_CRSLC": "Ordenanza 4 Enero 26 de 1957",
        "MPIO_NANO_": 1993,
        "MPIO_NAREA": 847.08885773,
        "MPIO_CSMBL": "4",
        "MPIO_CCNCT": "23570",
        "MPIO_NANO": 2012,
        "SHAPE_Leng": 1.92762953151,
        "SHAPE_Area": 0.0695220175105,
        "NOMBRE": "PUEBLO NUEVO",
        "DANE": {
          "dpto_ccdgo": "23",
          "mpio_ccdgo": "570",
          "mpio_cdpmp": "23570",
          "dpto_cnmbr": "CÓRDOBA",
          "mpio_cnmbr": "PUEBLO NUEVO",
          "mpio_crslc": "Ordenanza 4 Enero 26 de 1957",
          "mpio_tipo": "MUNICIPIO",
          "mpio_narea": 849.279888064,
          "mpio_nano": 2024,
          "shape_Leng": 2.04023865838,
          "shape_Area": 0.0697017548973
        }
      }
    },
    {
      "type": "Feature",
      "geometry": {
        "type": "Polygon",
        "coordinates": [
          [
            [
              -76.1544,
              9.0842
            ],
            [
              -76.1713,
              9.1083
            ],
            [
              -76.1933,
              9.1111
            ],
            [
              -76.2153,
              9.0874
            ],
            [
              -76.2512,
              9.0579
            ],
            [
              -76.2629,
              9.0355
            ],
            [
              -76.2645,
              8.9975
            ],
            [
              -76.2853,
              8.9834
            ],
            [
              -76.3023,
              8.968
            ],
            [
              -76.3228,
              8.957
            ],
            [
              -76.3246,
              8.9366
            ],
            [
              -76.3161,
              8.926
            ],
            [
              -76.2956,
              8.9122
            ],
            [
              -76.2894,
              8.9007
            ],
            [
              -76.2768,
              8.9055
            ],
            [
              -76.2695,
              8.9013
            ],
            [
              -76.266,
              8.8783
            ],
            [
              -76.2554,
              8.8772
            ],
            [
              -76.227,
              8.8813
            ],
            [
              -76.2121,
              8.8796
            ],
            [
              -76.2014,
              8.8889
            ],
            [
              -76.1872,
              8.8916
            ],
            [
              -76.1795,
              8.899
            ],
            [
              -76.1781,
              8.922
            ],
            [
              -76.1556,
              8.937
            ],
            [
              -76.1399,
              8.9436
            ],
            [
              -76.1252,
              8.9447
            ],
            [
              -76.0873,
              8.9411
            ],
            [
              -76.0736,
              8.957
            ],
            [
              -76.0943,
              8.9726
            ],
            [
              -76.0915,
              8.9901
            ],
            [
              -76.0701,
              9.003
            ],
            [
              -76.0654,
              9.0174
            ],
            [
              -76.0821,
              9.0185
            ],
            [
              -76.0789,
              9.0344
            ],
            [
              -76.0906,
              9.0384
            ],
            [
              -76.1065,
              9.0528
            ],
            [
              -76.1103,
              9.0632
            ],
            [
              -76.1218,
              9.0783
            ],
            [
              -76.1544,
              9.0842
            ]
          ]
        ]
      },
      "properties": {
        "OBJECTID": 446,
        "DPTO_CCDGO": "13",
        "MPIO_CCDGO": "574",
        "name": "13033",
        "MPIO_CRSLC": "Ordenanza 11 de Noviembre 24 de 1961",
        "MPIO_NANO_": 1993,
        "MPIO_NAREA": 412.23371742,
        "MPIO_CSMBL": "4",
        "MPIO_CCNCT": "23574",
        "MPIO_NANO": 2012,
        "SHAPE_Leng": 1.15912093429,
        "SHAPE_Area": 0.0338875159527,
        "NOMBRE": "PUERTO ESCONDIDO",
        "DANE": {
          "dpto_ccdgo": "23",
          "mpio_ccdgo": "574",
          "mpio_cdpmp": "23574",
          "dpto_cnmbr": "CÓRDOBA",
          "mpio_cnmbr": "PUERTO ESCONDIDO",
          "mpio_crslc": "Ordenanza 11 de Noviembre 24 de 1961",
          "mpio_tipo": "MUNICIPIO",
          "mpio_narea": 411.041731137,
          "mpio_nano": 2024,
          "shape_Leng": 1.15563630955,
          "shape_Area": 0.0337522537277
        }
      }
    },
    {
      "type": "Feature",
      "geometry": {
        "type": "Polygon",
        "coordinates": [
          [
            [
              -75.5104,
              7.9461
            ],
            [
              -75.5193,
              7.9582
            ],
            [
              -75.5272,
              7.9556
            ],
            [
              -75.5517,
              7.9723
            ],
            [
              -75.5551,
              7.9944
            ],
            [
              -75.563,
              7.9907
            ],
            [
              -75.5854,
              8.0142
            ],
            [
              -75.5965,
              8.0001
            ],
            [
              -75.6122,
              8.0059
            ],
            [
              -75.6289,
              7.9995
            ],
            [
              -75.6403,
              8.0029
            ],
            [
              -75.6607,
              8.0152
            ],
            [
              -75.6726,
              8.0169
            ],
            [
              -75.6805,
              8.0268
            ],
            [
              -75.6882,
              8.0144
            ],
            [
              -75.6969,
              8.0341
            ],
            [
              -75.7174,
              8.03
            ],
            [
              -75.7371,
              8.0114
            ],
            [
              -75.737,
              8.0048
            ],
            [
              -75.7499,
              7.9933
            ],
            [
              -75.749,
              7.983
            ],
            [
              -75.7594,
              7.9766
            ],
            [
              -75.7924,
              7.9683
            ],
            [
              -75.7887,
              7.9554
            ],
            [
              -75.7978,
              7.9485
            ],
            [
              -75.8013,
              7.9313
            ],
            [
              -75.8101,
              7.9323
            ],
            [
              -75.8171,
              7.9176
            ],
            [
              -75.8294,
              7.922
            ],
            [
              -75.8535,
              7.8831
            ],
            [
              -75.8468,
              7.8657
            ],
            [
              -75.8573,
              7.8504
            ],
            [
              -75.8397,
              7.8474
            ],
            [
              -75.8376,
              7.8371
            ],
            [
              -75.8186,
              7.836
            ],
            [
              -75.8218,
              7.8246
            ],
            [
              -75.8355,
              7.8148
            ],
            [
              -75.8347,
              7.7992
            ],
            [
              -75.843,
              7.7951
            ],
            [
              -75.8518,
              7.7685
            ],
            [
              -75.8576,
              7.7363
            ],
            [
              -75.8532,
              7.7135
            ],
            [
              -75.8579,
              7.699
            ],
            [
              -75.8663,
              7.6925
            ],
            [
              -75.8746,
              7.6662
            ],
            [
              -75.8878,
              7.6584
            ],
            [
              -75.8938,
              7.6452
            ],
            [
              -75.9047,
              7.599
            ],
            [
              -75.9174,
              7.5872
            ],
            [
              -75.9211,
              7.5645
            ],
            [
              -75.9536,
              7.5265
            ],
            [
              -75.9553,
              7.5076
            ],
            [
              -75.9905,
              7.4901
            ],
            [
              -75.997,
              7.4649
            ],
            [
              -75.995,
              7.4567
            ],
            [
              -75.9771,
              7.4281
            ],
            [
              -75.9813,
              7.4101
            ],
            [
              -75.9741,
              7.3981
            ],
            [
              -75.9657,
              7.3695
            ],
            [
              -75.9661,
              7.3572
            ],
            [
              -75.8455,
              7.3471
            ],
            [
              -75.8457,
              7.354
            ],
            [
              -75.8337,
              7.3713
            ],
            [
              -75.8357,
              7.3892
            ],
            [
              -75.8295,
              7.4077
            ],
            [
              -75.8178,
              7.4166
            ],
            [
              -75.8276,
              7.4264
            ],
            [
              -75.8247,
              7.4428
            ],
            [
              -75.8022,
              7.446
            ],
            [
              -75.7877,
              7.4602
            ],
            [
              -75.7882,
              7.4733
            ],
            [
              -75.7762,
              7.5026
            ],
            [
              -75.7872,
              7.512
            ],
            [
              -75.7767,
              7.5233
            ],
            [
              -75.7722,
              7.535
            ],
            [
              -75.7737,
              7.565
            ],
            [
              -75.7609,
              7.5775
            ],
            [
              -75.7657,
              7.5991
            ],
            [
              -75.7517,
              7.6136
            ],
            [
              -75.7426,
              7.612
            ],
            [
              -75.7119,
              7.5813
            ],
            [
              -75.6806,
              7.5851
            ],
            [
              -75.6723,
              7.5975
            ],
            [
              -75.6737,
              7.6096
            ],
            [
              -75.6876,
              7.6176
            ],
            [
              -75.6949,
              7.6377
            ],
            [
              -75.6861,
              7.6512
            ],
            [
              -75.6904,
              7.6562
            ],
            [
              -75.6907,
              7.6832
            ],
            [
              -75.6717,
              7.6981
            ],
            [
              -75.6609,
              7.731
            ],
            [
              -75.6656,
              7.7362
            ],
            [
              -75.6542,
              7.759
            ],
            [
              -75.635,
              7.755
            ],
            [
              -75.6013,
              7.7604
            ],
            [
              -75.6006,
              7.7765
            ],
            [
              -75.5819,
              7.7923
            ],
            [
              -75.5889,
              7.8093
            ],
            [
              -75.5861,
              7.8201
            ],
            [
              -75.5957,
              7.828
            ],
            [
              -75.5969,
              7.8463
            ],
            [
              -75.5866,
              7.8648
            ],
            [
              -75.5856,
              7.9001
            ],
            [
              -75.572,
              7.91
            ],
            [
              -75.5575,
              7.9188
            ],
            [
              -75.5612,
              7.9218
            ],
            [
              -75.5539,
              7.9323
            ],
            [
              -75.5478,
              7.938
            ],
            [
              -75.5355,
              7.9357
            ],
            [
              -75.5104,
              7.9461
            ]
          ]
        ]
      },
      "properties": {
        "OBJECTID": 447,
        "DPTO_CCDGO": "13",
        "MPIO_CCDGO": "580",
        "name": "13032",
        "MPIO_CRSLC": "Ordenanza 006 del 20 de Octubre de 1980",
        "MPIO_NANO_": 1993,
        "MPIO_NAREA": 1701.99032171,
        "MPIO_CSMBL": "4",
        "MPIO_CCNCT": "23580",
        "MPIO_NANO": 2012,
        "SHAPE_Leng": 2.68017580602,
        "SHAPE_Area": 0.13942726758,
        "NOMBRE": "PUERTO LIBERTADOR",
        "DANE": {
          "dpto_ccdgo": "23",
          "mpio_ccdgo": "580",
          "mpio_cdpmp": "23580",
          "dpto_cnmbr": "CÓRDOBA",
          "mpio_cnmbr": "PUERTO LIBERTADOR",
          "mpio_crslc": "Ordenanza 006 del 20 de Octubre de 1980",
          "mpio_tipo": "MUNICIPIO",
          "mpio_narea": 1647.51501396,
          "mpio_nano": 2024,
          "shape_Leng": 2.79817887361,
          "shape_Area": 0.134918199021
        }
      }
    },
    {
      "type": "Feature",
      "geometry": {
        "type": "Polygon",
        "coordinates": [
          [
            [
              -75.7044,
              9.3722
            ],
            [
              -75.7142,
              9.3645
            ],
            [
              -75.7123,
              9.3506
            ],
            [
              -75.715,
              9.3186
            ],
            [
              -75.7351,
              9.3009
            ],
            [
              -75.75,
              9.2977
            ],
            [
              -75.7615,
              9.306
            ],
            [
              -75.7656,
              9.2953
            ],
            [
              -75.7759,
              9.2944
            ],
            [
              -75.7773,
              9.2839
            ],
            [
              -75.7691,
              9.2535
            ],
            [
              -75.7768,
              9.245
            ],
            [
              -75.7727,
              9.2292
            ],
            [
              -75.7764,
              9.2154
            ],
            [
              -75.7576,
              9.2076
            ],
            [
              -75.7414,
              9.2064
            ],
            [
              -75.7247,
              9.2185
            ],
            [
              -75.7087,
              9.2163
            ],
            [
              -75.7026,
              9.225
            ],
            [
              -75.6954,
              9.2487
            ],
            [
              -75.7014,
              9.268
            ],
            [
              -75.694,
              9.3106
            ],
            [
              -75.6696,
              9.3339
            ],
            [
              -75.6481,
              9.3305
            ],
            [
              -75.6381,
              9.3456
            ],
            [
              -75.6281,
              9.3523
            ],
            [
              -75.641,
              9.3489
            ],
            [
              -75.6487,
              9.3623
            ],
            [
              -75.6611,
              9.3576
            ],
            [
              -75.6715,
              9.3431
            ],
            [
              -75.6876,
              9.356
            ],
            [
              -75.6892,
              9.3646
            ],
            [
              -75.7044,
              9.3722
            ]
          ]
        ]
      },
      "properties": {
        "OBJECTID": 448,
        "DPTO_CCDGO": "13",
        "MPIO_CCDGO": "586",
        "name": "13034",
        "MPIO_CRSLC": "Ordenanza 21 de 1963",
        "MPIO_NANO_": 1993,
        "MPIO_NAREA": 109.64829216,
        "MPIO_CSMBL": "4",
        "MPIO_CCNCT": "23586",
        "MPIO_NANO": 2012,
        "SHAPE_Leng": 0.713287638277,
        "SHAPE_Area": 0.00901782315938,
        "NOMBRE": "PURISIMA",
        "DANE": {
          "dpto_ccdgo": "23",
          "mpio_ccdgo": "586",
          "mpio_cdpmp": "23586",
          "dpto_cnmbr": "CÓRDOBA",
          "mpio_cnmbr": "PURÍSIMA DE LA CONCEPCIÓN",
          "mpio_crslc": "Ordenanza 21 de 1963",
          "mpio_tipo": "MUNICIPIO",
          "mpio_narea": 117.734571533,
          "mpio_nano": 2024,
          "shape_Leng": 0.786516680512,
          "shape_Area": 0.00968058086358
        }
      }
    },
    {
      "type": "Feature",
      "geometry": {
        "type": "Polygon",
        "coordinates": [
          [
            [
              -75.2585,
              8.8956
            ],
            [
              -75.2516,
              8.9045
            ],
            [
              -75.2607,
              8.9202
            ],
            [
              -75.2892,
              8.9357
            ],
            [
              -75.3049,
              8.9364
            ],
            [
              -75.3121,
              8.9475
            ],
            [
              -75.3255,
              8.954
            ],
            [
              -75.3455,
              8.9453
            ],
            [
              -75.3665,
              8.9653
            ],
            [
              -75.3877,
              8.9781
            ],
            [
              -75.4239,
              8.9891
            ],
            [
              -75.4278,
              8.9977
            ],
            [
              -75.4576,
              9.0118
            ],
            [
              -75.4593,
              9.0052
            ],
            [
              -75.4868,
              8.9962
            ],
            [
              -75.4954,
              8.9885
            ],
            [
              -75.5223,
              8.9805
            ],
            [
              -75.5213,
              8.9694
            ],
            [
              -75.5583,
              8.9772
            ],
            [
              -75.5577,
              8.9707
            ],
            [
              -75.541,
              8.9626
            ],
            [
              -75.5459,
              8.9473
            ],
            [
              -75.5438,
              8.9337
            ],
            [
              -75.5274,
              8.9104
            ],
            [
              -75.545,
              8.8859
            ],
            [
              -75.5386,
              8.8783
            ],
            [
              -75.5394,
              8.8608
            ],
            [
              -75.5355,
              8.8498
            ],
            [
              -75.5424,
              8.8261
            ],
            [
              -75.5377,
              8.8181
            ],
            [
              -75.5396,
              8.8029
            ],
            [
              -75.5285,
              8.7844
            ],
            [
              -75.5318,
              8.7683
            ],
            [
              -75.5297,
              8.7482
            ],
            [
              -75.5525,
              8.7436
            ],
            [
              -75.5705,
              8.7188
            ],
            [
              -75.5469,
              8.7187
            ],
            [
              -75.5426,
              8.7117
            ],
            [
              -75.5298,
              8.7121
            ],
            [
              -75.51,
              8.6811
            ],
            [
              -75.5099,
              8.6561
            ],
            [
              -75.5006,
              8.6175
            ],
            [
              -75.4781,
              8.5889
            ],
            [
              -75.4393,
              8.5903
            ],
            [
              -75.4265,
              8.5819
            ],
            [
              -75.3953,
              8.5854
            ],
            [
              -75.3881,
              8.5803
            ],
            [
              -75.3594,
              8.5854
            ],
            [
              -75.3306,
              8.5825
            ],
            [
              -75.3181,
              8.5882
            ],
            [
              -75.341,
              8.6381
            ],
            [
              -75.339,
              8.646
            ],
            [
              -75.3515,
              8.658
            ],
            [
              -75.3543,
              8.6793
            ],
            [
              -75.3359,
              8.7113
            ],
            [
              -75.328,
              8.7365
            ],
            [
              -75.3334,
              8.7578
            ],
            [
              -75.3439,
              8.7769
            ],
            [
              -75.3692,
              8.7919
            ],
            [
              -75.3673,
              8.81
            ],
            [
              -75.3716,
              8.8265
            ],
            [
              -75.3535,
              8.8407
            ],
            [
              -75.3508,
              8.8504
            ],
            [
              -75.3357,
              8.8534
            ],
            [
              -75.3316,
              8.8655
            ],
            [
              -75.319,
              8.8582
            ],
            [
              -75.3088,
              8.8597
            ],
            [
              -75.2962,
              8.8722
            ],
            [
              -75.2872,
              8.89
            ],
            [
              -75.2893,
              8.897
            ],
            [
              -75.271,
              8.912
            ],
            [
              -75.2652,
              8.8955
            ],
            [
              -75.2585,
              8.8956
            ]
          ]
        ]
      },
      "properties": {
        "OBJECTID": 449,
        "DPTO_CCDGO": "13",
        "MPIO_CCDGO": "660",
        "name": "13037",
        "MPIO_CRSLC": "1834",
        "MPIO_NANO_": 1993,
        "MPIO_NAREA": 960.48859986,
        "MPIO_CSMBL": "4",
        "MPIO_CCNCT": "23660",
        "MPIO_NANO": 2012,
        "SHAPE_Leng": 1.94967126236,
        "SHAPE_Area": 0.0788921469822,
        "NOMBRE": "SAHAGUN",
        "DANE": {
          "dpto_ccdgo": "23",
          "mpio_ccdgo": "660",
          "mpio_cdpmp": "23660",
          "dpto_cnmbr": "CÓRDOBA",
          "mpio_cnmbr": "SAHAGÚN",
          "mpio_crslc": "1834",
          "mpio_tipo": "MUNICIPIO",
          "mpio_narea": 964.825490694,
          "mpio_nano": 2024,
          "shape_Leng": 2.10413871015,
          "shape_Area": 0.0792485986065
        }
      }
    },
    {
      "type": "Feature",
      "geometry": {
        "type": "Polygon",
        "coordinates": [
          [
            [
              -75.4777,
              9.2472
            ],
            [
              -75.4868,
              9.2341
            ],
            [
              -75.4889,
              9.2178
            ],
            [
              -75.5014,
              9.2052
            ],
            [
              -75.5157,
              9.2102
            ],
            [
              -75.5203,
              9.1924
            ],
            [
              -75.5466,
              9.1528
            ],
            [
              -75.5612,
              9.1626
            ],
            [
              -75.5724,
              9.1442
            ],
            [
              -75.5768,
              9.1286
            ],
            [
              -75.5727,
              9.1126
            ],
            [
              -75.5778,
              9.096
            ],
            [
              -75.5957,
              9.0764
            ],
            [
              -75.5951,
              9.051
            ],
            [
              -75.5902,
              9.0376
            ],
            [
              -75.5744,
              9.03
            ],
            [
              -75.5688,
              9.0215
            ],
            [
              -75.5502,
              9.0196
            ],
            [
              -75.5397,
              9.0233
            ],
            [
              -75.5406,
              9.0341
            ],
            [
              -75.5232,
              9.0366
            ],
            [
              -75.5144,
              9.0333
            ],
            [
              -75.5015,
              9.0524
            ],
            [
              -75.5049,
              9.0687
            ],
            [
              -75.4854,
              9.0911
            ],
            [
              -75.4861,
              9.1003
            ],
            [
              -75.478,
              9.1188
            ],
            [
              -75.4636,
              9.1183
            ],
            [
              -75.4489,
              9.1401
            ],
            [
              -75.4578,
              9.1553
            ],
            [
              -75.4663,
              9.158
            ],
            [
              -75.4582,
              9.1747
            ],
            [
              -75.4593,
              9.192
            ],
            [
              -75.4662,
              9.2132
            ],
            [
              -75.4575,
              9.2378
            ],
            [
              -75.4777,
              9.2472
            ]
          ]
        ]
      },
      "properties": {
        "OBJECTID": 450,
        "DPTO_CCDGO": "13",
        "MPIO_CCDGO": "670",
        "name": "13040",
        "MPIO_CRSLC": "1923",
        "MPIO_NANO_": 1993,
        "MPIO_NAREA": 214.25787549,
        "MPIO_CSMBL": "4",
        "MPIO_CCNCT": "23670",
        "MPIO_NANO": 2012,
        "SHAPE_Leng": 0.863945200653,
        "SHAPE_Area": 0.0176126168565,
        "NOMBRE": "SAN ANDRES DE SOTAVENTO",
        "DANE": {
          "dpto_ccdgo": "23",
          "mpio_ccdgo": "670",
          "mpio_cdpmp": "23670",
          "dpto_cnmbr": "CÓRDOBA",
          "mpio_cnmbr": "SAN ANDRÉS DE SOTAVENTO",
          "mpio_crslc": "1923",
          "mpio_tipo": "MUNICIPIO",
          "mpio_narea": 206.75986479,
          "mpio_nano": 2024,
          "shape_Leng": 0.919335958027,
          "shape_Area": 0.0169961677946
        }
      }
    },
    {
      "type": "Feature",
      "geometry": {
        "type": "Polygon",
        "coordinates": [
          [
            [
              -75.7001,
              9.4117
            ],
            [
              -75.7244,
              9.4145
            ],
            [
              -75.7285,
              9.4205
            ],
            [
              -75.7438,
              9.4201
            ],
            [
              -75.76,
              9.4065
            ],
            [
              -75.7842,
              9.393
            ],
            [
              -75.8049,
              9.4
            ],
            [
              -75.8246,
              9.3934
            ],
            [
              -75.8349,
              9.4
            ],
            [
              -75.824,
              9.4164
            ],
            [
              -75.7912,
              9.418
            ],
            [
              -75.7997,
              9.4328
            ],
            [
              -75.8617,
              9.4248
            ],
            [
              -75.8617,
              9.3948
            ],
            [
              -75.8746,
              9.3609
            ],
            [
              -75.856,
              9.3555
            ],
            [
              -75.8642,
              9.3373
            ],
            [
              -75.8572,
              9.3229
            ],
            [
              -75.8579,
              9.3044
            ],
            [
              -75.8535,
              9.2991
            ],
            [
              -75.8331,
              9.3091
            ],
            [
              -75.8147,
              9.313
            ],
            [
              -75.8009,
              9.3007
            ],
            [
              -75.7899,
              9.2847
            ],
            [
              -75.7773,
              9.2839
            ],
            [
              -75.7759,
              9.2944
            ],
            [
              -75.7656,
              9.2953
            ],
            [
              -75.7615,
              9.306
            ],
            [
              -75.75,
              9.2977
            ],
            [
              -75.7351,
              9.3009
            ],
            [
              -75.715,
              9.3186
            ],
            [
              -75.7123,
              9.3506
            ],
            [
              -75.7142,
              9.3645
            ],
            [
              -75.7044,
              9.3722
            ],
            [
              -75.7001,
              9.4117
            ]
          ]
        ]
      },
      "properties": {
        "OBJECTID": 451,
        "DPTO_CCDGO": "13",
        "MPIO_CCDGO": "672",
        "name": "13043",
        "MPIO_CRSLC": "Ordenanza 22 del 8 de Abril de 1929",
        "MPIO_NANO_": 1993,
        "MPIO_NAREA": 222.91455433,
        "MPIO_CSMBL": "4",
        "MPIO_CCNCT": "23672",
        "MPIO_NANO": 2012,
        "SHAPE_Leng": 1.05518640698,
        "SHAPE_Area": 0.0183384550022,
        "NOMBRE": "SAN ANTERO",
        "DANE": {
          "dpto_ccdgo": "23",
          "mpio_ccdgo": "672",
          "mpio_cdpmp": "23672",
          "dpto_cnmbr": "CÓRDOBA",
          "mpio_cnmbr": "SAN ANTERO",
          "mpio_crslc": "Ordenanza 22 del 8 de Abril de 1929",
          "mpio_tipo": "MUNICIPIO",
          "mpio_narea": 207.458615923,
          "mpio_nano": 2024,
          "shape_Leng": 1.0206892603,
          "shape_Area": 0.0170605832792
        }
      }
    },
    {
      "type": "Feature",
      "geometry": {
        "type": "Polygon",
        "coordinates": [
          [
            [
              -75.8617,
              9.4248
            ],
            [
              -75.8864,
              9.4241
            ],
            [
              -75.9144,
              9.4351
            ],
            [
              -75.9256,
              9.4476
            ],
            [
              -75.9483,
              9.4417
            ],
            [
              -75.9664,
              9.4213
            ],
            [
              -75.9567,
              9.4064
            ],
            [
              -75.9619,
              9.3919
            ],
            [
              -75.9781,
              9.3764
            ],
            [
              -76.024,
              9.3524
            ],
            [
              -76.0816,
              9.3368
            ],
            [
              -76.0996,
              9.3134
            ],
            [
              -76.0756,
              9.2861
            ],
            [
              -76.076,
              9.2734
            ],
            [
              -76.061,
              9.2678
            ],
            [
              -76.0633,
              9.2407
            ],
            [
              -76.0433,
              9.2402
            ],
            [
              -76.0389,
              9.2288
            ],
            [
              -76.0545,
              9.2188
            ],
            [
              -76.0646,
              9.2185
            ],
            [
              -76.071,
              9.199
            ],
            [
              -76.0519,
              9.2021
            ],
            [
              -76.01,
              9.2171
            ],
            [
              -76.0093,
              9.2284
            ],
            [
              -75.992,
              9.2442
            ],
            [
              -75.9875,
              9.2537
            ],
            [
              -75.9773,
              9.2526
            ],
            [
              -75.9611,
              9.2641
            ],
            [
              -75.9519,
              9.2892
            ],
            [
              -75.9226,
              9.3118
            ],
            [
              -75.924,
              9.3229
            ],
            [
              -75.9045,
              9.3218
            ],
            [
              -75.9046,
              9.3346
            ],
            [
              -75.8909,
              9.3439
            ],
            [
              -75.8642,
              9.3373
            ],
            [
              -75.856,
              9.3555
            ],
            [
              -75.8746,
              9.3609
            ],
            [
              -75.8617,
              9.3948
            ],
            [
              -75.8617,
              9.4248
            ]
          ]
        ]
      },
      "properties": {
        "OBJECTID": 452,
        "DPTO_CCDGO": "13",
        "MPIO_CCDGO": "675",
        "name": "13046",
        "MPIO_CRSLC": "Ordenanza 13 del 23 de Mayo de 1945",
        "MPIO_NANO_": 1993,
        "MPIO_NAREA": 302.99866506,
        "MPIO_CSMBL": "4",
        "MPIO_CCNCT": "23675",
        "MPIO_NANO": 2012,
        "SHAPE_Leng": 0.969230431921,
        "SHAPE_Area": 0.0249278289238,
        "NOMBRE": "SAN BERNARDO DEL VIENTO",
        "DANE": {
          "dpto_ccdgo": "23",
          "mpio_ccdgo": "675",
          "mpio_cdpmp": "23675",
          "dpto_cnmbr": "CÓRDOBA",
          "mpio_cnmbr": "SAN BERNARDO DEL VIENTO",
          "mpio_crslc": "Ordenanza 13 del 23 de Mayo de 1945",
          "mpio_tipo": "MUNICIPIO",
          "mpio_narea": 315.489296872,
          "mpio_nano": 2024,
          "shape_Leng": 1.0805341964,
          "shape_Area": 0.025937155031
        }
      }
    },
    {
      "type": "Feature",
      "geometry": {
        "type": "Polygon",
        "coordinates": [
          [
            [
              -75.6034,
              8.64
            ],
            [
              -75.6167,
              8.6512
            ],
            [
              -75.6202,
              8.6833
            ],
            [
              -75.6124,
              8.6988
            ],
            [
              -75.5959,
              8.7126
            ],
            [
              -75.6026,
              8.7329
            ],
            [
              -75.5961,
              8.7427
            ],
            [
              -75.6143,
              8.7528
            ],
            [
              -75.63,
              8.7744
            ],
            [
              -75.639,
              8.7989
            ],
            [
              -75.6602,
              8.8073
            ],
            [
              -75.6733,
              8.8275
            ],
            [
              -75.6839,
              8.8348
            ],
            [
              -75.6977,
              8.8373
            ],
            [
              -75.7181,
              8.8611
            ],
            [
              -75.7452,
              8.8467
            ],
            [
              -75.7406,
              8.8404
            ],
            [
              -75.7503,
              8.8175
            ],
            [
              -75.7462,
              8.8081
            ],
            [
              -75.7638,
              8.7999
            ],
            [
              -75.7762,
              8.7859
            ],
            [
              -75.7932,
              8.7984
            ],
            [
              -75.7874,
              8.7832
            ],
            [
              -75.8005,
              8.7683
            ],
            [
              -75.7909,
              8.7503
            ],
            [
              -75.7762,
              8.7376
            ],
            [
              -75.783,
              8.7305
            ],
            [
              -75.7676,
              8.7192
            ],
            [
              -75.7613,
              8.7018
            ],
            [
              -75.7624,
              8.6884
            ],
            [
              -75.774,
              8.6657
            ],
            [
              -75.7662,
              8.6484
            ],
            [
              -75.7492,
              8.6432
            ],
            [
              -75.7526,
              8.6287
            ],
            [
              -75.7415,
              8.6251
            ],
            [
              -75.7303,
              8.6144
            ],
            [
              -75.7078,
              8.6128
            ],
            [
              -75.7036,
              8.5904
            ],
            [
              -75.6957,
              8.5835
            ],
            [
              -75.6826,
              8.5827
            ],
            [
              -75.6871,
              8.5587
            ],
            [
              -75.6933,
              8.555
            ],
            [
              -75.6824,
              8.5364
            ],
            [
              -75.6783,
              8.5141
            ],
            [
              -75.6726,
              8.5211
            ],
            [
              -75.67,
              8.5383
            ],
            [
              -75.6511,
              8.5404
            ],
            [
              -75.6499,
              8.5608
            ],
            [
              -75.6422,
              8.5614
            ],
            [
              -75.6458,
              8.5703
            ],
            [
              -75.6363,
              8.5842
            ],
            [
              -75.625,
              8.6306
            ],
            [
              -75.6095,
              8.6251
            ],
            [
              -75.6034,
              8.64
            ]
          ]
        ]
      },
      "properties": {
        "OBJECTID": 453,
        "DPTO_CCDGO": "13",
        "MPIO_CCDGO": "678",
        "name": "13049",
        "MPIO_CRSLC": "REPORTE ALCALDIA MUNICIPAL",
        "MPIO_NANO_": 1993,
        "MPIO_NAREA": 456.48711993,
        "MPIO_CSMBL": "4",
        "MPIO_CCNCT": "23678",
        "MPIO_NANO": 2012,
        "SHAPE_Leng": 1.31791017861,
        "SHAPE_Area": 0.0374848164067,
        "NOMBRE": "SAN CARLOS",
        "DANE": {
          "dpto_ccdgo": "23",
          "mpio_ccdgo": "678",
          "mpio_cdpmp": "23678",
          "dpto_cnmbr": "CÓRDOBA",
          "mpio_cnmbr": "SAN CARLOS",
          "mpio_crslc": "REPORTE ALCALDIA MUNICIPAL",
          "mpio_tipo": "MUNICIPIO",
          "mpio_narea": 446.691491406,
          "mpio_nano": 2024,
          "shape_Leng": 1.48953738715,
          "shape_Area": 0.0366727326797
        }
      }
    },
    {
      "type": "Feature",
      "geometry": {
        "type": "Polygon",
        "coordinates": [
          [
            [
              -75.5104,
              7.9461
            ],
            [
              -75.5355,
              7.9357
            ],
            [
              -75.5478,
              7.938
            ],
            [
              -75.5539,
              7.9323
            ],
            [
              -75.5612,
              7.9218
            ],
            [
              -75.5575,
              7.9188
            ],
            [
              -75.572,
              7.91
            ],
            [
              -75.5856,
              7.9001
            ],
            [
              -75.5866,
              7.8648
            ],
            [
              -75.5969,
              7.8463
            ],
            [
              -75.5957,
              7.828
            ],
            [
              -75.5861,
              7.8201
            ],
            [
              -75.5889,
              7.8093
            ],
            [
              -75.5819,
              7.7923
            ],
            [
              -75.6006,
              7.7765
            ],
            [
              -75.6013,
              7.7604
            ],
            [
              -75.635,
              7.755
            ],
            [
              -75.6542,
              7.759
            ],
            [
              -75.6656,
              7.7362
            ],
            [
              -75.6609,
              7.731
            ],
            [
              -75.6717,
              7.6981
            ],
            [
              -75.6907,
              7.6832
            ],
            [
              -75.6904,
              7.6562
            ],
            [
              -75.6861,
              7.6512
            ],
            [
              -75.6949,
              7.6377
            ],
            [
              -75.6876,
              7.6176
            ],
            [
              -75.6737,
              7.6096
            ],
            [
              -75.6723,
              7.5975
            ],
            [
              -75.6533,
              7.5926
            ],
            [
              -75.6457,
              7.5858
            ],
            [
              -75.6194,
              7.5827
            ],
            [
              -75.6017,
              7.5897
            ],
            [
              -75.6014,
              7.6022
            ],
            [
              -75.5924,
              7.6039
            ],
            [
              -75.5709,
              7.6249
            ],
            [
              -75.558,
              7.624
            ],
            [
              -75.5488,
              7.6449
            ],
            [
              -75.5514,
              7.6666
            ],
            [
              -75.5402,
              7.6779
            ],
            [
              -75.5341,
              7.6915
            ],
            [
              -75.5379,
              7.7149
            ],
            [
              -75.5307,
              7.7249
            ],
            [
              -75.5187,
              7.7254
            ],
            [
              -75.5029,
              7.7187
            ],
            [
              -75.4852,
              7.7361
            ],
            [
              -75.4802,
              7.7467
            ],
            [
              -75.4796,
              7.7657
            ],
            [
              -75.4746,
              7.7772
            ],
            [
              -75.4613,
              7.7857
            ],
            [
              -75.4539,
              7.8032
            ],
            [
              -75.4674,
              7.8207
            ],
            [
              -75.4587,
              7.8338
            ],
            [
              -75.465,
              7.8467
            ],
            [
              -75.4503,
              7.8523
            ],
            [
              -75.4452,
              7.8672
            ],
            [
              -75.4481,
              7.8926
            ],
            [
              -75.4407,
              7.8999
            ],
            [
              -75.4451,
              7.9113
            ],
            [
              -75.4615,
              7.9053
            ],
            [
              -75.48,
              7.9216
            ],
            [
              -75.4854,
              7.9113
            ],
            [
              -75.4961,
              7.9079
            ],
            [
              -75.5132,
              7.9101
            ],
            [
              -75.5389,
              7.8959
            ],
            [
              -75.5649,
              7.8914
            ],
            [
              -75.565,
              7.9114
            ],
            [
              -75.556,
              7.9166
            ],
            [
              -75.5517,
              7.9343
            ],
            [
              -75.5423,
              7.9349
            ],
            [
              -75.5334,
              7.9312
            ],
            [
              -75.5104,
              7.9461
            ]
          ]
        ]
      },
      "properties": {
        "OBJECTID": 454,
        "DPTO_CCDGO": "13",
        "MPIO_CCDGO": "682",
        "name": "13052",
        "MPIO_CRSLC": "Ordenanza 11 de Julio 24 de 2007",
        "MPIO_NANO_": 2007,
        "MPIO_NAREA": 518.27219972,
        "MPIO_CSMBL": "4",
        "MPIO_CCNCT": "23682",
        "MPIO_NANO": 2012,
        "SHAPE_Leng": 1.5428889542,
        "SHAPE_Area": 0.042454690313,
        "NOMBRE": "SAN JOSE DE URE",
        "DANE": {
          "dpto_ccdgo": "23",
          "mpio_ccdgo": "682",
          "mpio_cdpmp": "23682",
          "dpto_cnmbr": "CÓRDOBA",
          "mpio_cnmbr": "SAN JOSÉ DE URÉ",
          "mpio_crslc": "Ordenanza 11 de Julio 24 de 2007",
          "mpio_tipo": "MUNICIPIO",
          "mpio_narea": 525.650276568,
          "mpio_nano": 2024,
          "shape_Leng": 1.57659725266,
          "shape_Area": 0.0430589929671
        }
      }
    },
    {
      "type": "Feature",
      "geometry": {
        "type": "Polygon",
        "coordinates": [
          [
            [
              -75.8431,
              9.0452
            ],
            [
              -75.8538,
              9.04
            ],
            [
              -75.8672,
              9.0406
            ],
            [
              -75.8894,
              9.0522
            ],
            [
              -75.9042,
              9.0521
            ],
            [
              -75.9204,
              9.0651
            ],
            [
              -75.9327,
              9.0648
            ],
            [
              -75.9689,
              9.0335
            ],
            [
              -75.9726,
              9.025
            ],
            [
              -75.9872,
              9.0299
            ],
            [
              -76.0044,
              9.0301
            ],
            [
              -76.0134,
              9.024
            ],
            [
              -76.0248,
              9.0311
            ],
            [
              -76.0389,
              9.0282
            ],
            [
              -76.0347,
              9.0421
            ],
            [
              -76.0531,
              9.0524
            ],
            [
              -76.0541,
              9.0602
            ],
            [
              -76.0918,
              9.055
            ],
            [
              -76.1035,
              9.0555
            ],
            [
              -76.1103,
              9.0632
            ],
            [
              -76.1065,
              9.0528
            ],
            [
              -76.0906,
              9.0384
            ],
            [
              -76.0789,
              9.0344
            ],
            [
              -76.0821,
              9.0185
            ],
            [
              -76.0654,
              9.0174
            ],
            [
              -76.0701,
              9.003
            ],
            [
              -76.0915,
              8.9901
            ],
            [
              -76.0943,
              8.9726
            ],
            [
              -76.0736,
              8.957
            ],
            [
              -76.0873,
              8.9411
            ],
            [
              -76.0793,
              8.9387
            ],
            [
              -76.0671,
              8.9474
            ],
            [
              -76.0516,
              8.9482
            ],
            [
              -76.0427,
              8.9554
            ],
            [
              -76.0214,
              8.9474
            ],
            [
              -76.0008,
              8.9601
            ],
            [
              -75.9884,
              8.9513
            ],
            [
              -75.9601,
              8.9439
            ],
            [
              -75.9438,
              8.9219
            ],
            [
              -75.9336,
              8.9196
            ],
            [
              -75.9273,
              8.9084
            ],
            [
              -75.9179,
              8.908
            ],
            [
              -75.8884,
              8.918
            ],
            [
              -75.8623,
              8.915
            ],
            [
              -75.8277,
              8.9043
            ],
            [
              -75.8201,
              8.9217
            ],
            [
              -75.8078,
              8.9303
            ],
            [
              -75.8064,
              8.9421
            ],
            [
              -75.7768,
              8.9401
            ],
            [
              -75.7635,
              8.951
            ],
            [
              -75.7656,
              8.9704
            ],
            [
              -75.7577,
              8.9781
            ],
            [
              -75.7461,
              8.9744
            ],
            [
              -75.7344,
              8.9772
            ],
            [
              -75.718,
              8.9747
            ],
            [
              -75.7109,
              8.9839
            ],
            [
              -75.7215,
              8.9866
            ],
            [
              -75.7237,
              9.0162
            ],
            [
              -75.722,
              9.0519
            ],
            [
              -75.7276,
              9.0681
            ],
            [
              -75.7424,
              9.0539
            ],
            [
              -75.7448,
              9.0242
            ],
            [
              -75.7598,
              9.031
            ],
            [
              -75.7657,
              9.0145
            ],
            [
              -75.7799,
              9.0183
            ],
            [
              -75.7834,
              9.0029
            ],
            [
              -75.7996,
              9.0029
            ],
            [
              -75.8058,
              9.0123
            ],
            [
              -75.8209,
              9.0024
            ],
            [
              -75.8301,
              9.0096
            ],
            [
              -75.8281,
              9.0316
            ],
            [
              -75.8311,
              9.0396
            ],
            [
              -75.8431,
              9.0452
            ]
          ]
        ]
      },
      "properties": {
        "OBJECTID": 455,
        "DPTO_CCDGO": "13",
        "MPIO_CCDGO": "686",
        "name": "13055",
        "MPIO_CRSLC": "Ordenanza 43 de 1931",
        "MPIO_NANO_": 1993,
        "MPIO_NAREA": 448.83191214,
        "MPIO_CSMBL": "4",
        "MPIO_CCNCT": "23686",
        "MPIO_NANO": 2012,
        "SHAPE_Leng": 1.8416710217,
        "SHAPE_Area": 0.0368895436143,
        "NOMBRE": "SAN PELAYO",
        "DANE": {
          "dpto_ccdgo": "23",
          "mpio_ccdgo": "686",
          "mpio_cdpmp": "23686",
          "dpto_cnmbr": "CÓRDOBA",
          "mpio_cnmbr": "SAN PELAYO",
          "mpio_crslc": "Ordenanza 43 de 1931",
          "mpio_tipo": "MUNICIPIO",
          "mpio_narea": 445.587827267,
          "mpio_nano": 2024,
          "shape_Leng": 1.85228504864,
          "shape_Area": 0.0366011065911
        }
      }
    },
    {
      "type": "Feature",
      "geometry": {
        "type": "Polygon",
        "coordinates": [
          [
            [
              -75.7668,
              8.2977
            ],
            [
              -75.7774,
              8.309
            ],
            [
              -75.7928,
              8.3027
            ],
            [
              -75.7963,
              8.3126
            ],
            [
              -75.8097,
              8.3199
            ],
            [
              -75.8209,
              8.3109
            ],
            [
              -75.8301,
              8.2936
            ],
            [
              -75.8292,
              8.2805
            ],
            [
              -75.8534,
              8.2718
            ],
            [
              -75.8706,
              8.276
            ],
            [
              -75.8719,
              8.3171
            ],
            [
              -75.891,
              8.3279
            ],
            [
              -75.9016,
              8.3259
            ],
            [
              -76.0634,
              8.3323
            ],
            [
              -76.0605,
              8.3271
            ],
            [
              -76.0627,
              8.3049
            ],
            [
              -76.0548,
              8.2804
            ],
            [
              -76.0697,
              8.272
            ],
            [
              -76.0626,
              8.2584
            ],
            [
              -76.0658,
              8.2502
            ],
            [
              -76.0496,
              8.241
            ],
            [
              -76.0472,
              8.216
            ],
            [
              -76.0531,
              8.2139
            ],
            [
              -76.0588,
              8.1952
            ],
            [
              -76.0741,
              8.1735
            ],
            [
              -76.095,
              8.1716
            ],
            [
              -76.0975,
              8.1597
            ],
            [
              -76.1078,
              8.1578
            ],
            [
              -76.1055,
              8.1463
            ],
            [
              -76.1233,
              8.1417
            ],
            [
              -76.1329,
              8.1476
            ],
            [
              -76.187,
              8.1467
            ],
            [
              -76.1988,
              8.1307
            ],
            [
              -76.2138,
              8.1213
            ],
            [
              -76.2172,
              8.1055
            ],
            [
              -76.2274,
              8.0992
            ],
            [
              -76.2441,
              8.0795
            ],
            [
              -76.2557,
              8.0775
            ],
            [
              -76.2644,
              8.0691
            ],
            [
              -76.3338,
              8.0387
            ],
            [
              -76.352,
              8.0398
            ],
            [
              -76.3637,
              8.0483
            ],
            [
              -76.3769,
              8.0497
            ],
            [
              -76.3857,
              8.0367
            ],
            [
              -76.4048,
              8.024
            ],
            [
              -76.4116,
              8.0071
            ],
            [
              -76.4169,
              7.9823
            ],
            [
              -76.4155,
              7.9545
            ],
            [
              -76.4229,
              7.9505
            ],
            [
              -76.4192,
              7.9268
            ],
            [
              -76.4211,
              7.9118
            ],
            [
              -76.4382,
              7.9048
            ],
            [
              -76.4495,
              7.8787
            ],
            [
              -76.4644,
              7.87
            ],
            [
              -76.4651,
              7.849
            ],
            [
              -76.4736,
              7.8388
            ],
            [
              -76.4812,
              7.8207
            ],
            [
              -76.4835,
              7.8033
            ],
            [
              -76.4805,
              7.7786
            ],
            [
              -76.4835,
              7.758
            ],
            [
              -76.4966,
              7.7497
            ],
            [
              -76.4908,
              7.7198
            ],
            [
              -76.4856,
              7.6893
            ],
            [
              -76.4898,
              7.6654
            ],
            [
              -76.4956,
              7.653
            ],
            [
              -76.4923,
              7.6405
            ],
            [
              -76.5047,
              7.6176
            ],
            [
              -76.5145,
              7.5867
            ],
            [
              -76.5104,
              7.5824
            ],
            [
              -76.5021,
              7.5556
            ],
            [
              -76.4928,
              7.5499
            ],
            [
              -76.4886,
              7.5378
            ],
            [
              -76.4799,
              7.5373
            ],
            [
              -76.4743,
              7.5216
            ],
            [
              -76.4625,
              7.5168
            ],
            [
              -76.4523,
              7.5006
            ],
            [
              -76.4547,
              7.4827
            ],
            [
              -76.445,
              7.4796
            ],
            [
              -76.4376,
              7.4572
            ],
            [
              -76.4269,
              7.4487
            ],
            [
              -76.4241,
              7.4332
            ],
            [
              -76.4128,
              7.4149
            ],
            [
              -76.4019,
              7.4101
            ],
            [
              -76.3809,
              7.3917
            ],
            [
              -76.1874,
              7.3756
            ],
            [
              -76.055,
              7.3646
            ],
            [
              -76.0549,
              7.3902
            ],
            [
              -76.0487,
              7.4031
            ],
            [
              -76.0517,
              7.4129
            ],
            [
              -76.0369,
              7.442
            ],
            [
              -76.0333,
              7.4547
            ],
            [
              -76.0315,
              7.4805
            ],
            [
              -76.0063,
              7.4923
            ],
            [
              -75.9903,
              7.5076
            ],
            [
              -75.9895,
              7.5212
            ],
            [
              -75.9789,
              7.5392
            ],
            [
              -75.9566,
              7.557
            ],
            [
              -75.9528,
              7.5715
            ],
            [
              -75.957,
              7.5775
            ],
            [
              -75.9507,
              7.6016
            ],
            [
              -75.9496,
              7.6177
            ],
            [
              -75.9592,
              7.6352
            ],
            [
              -75.9636,
              7.6651
            ],
            [
              -75.9727,
              7.6697
            ],
            [
              -75.972,
              7.6965
            ],
            [
              -75.9606,
              7.7035
            ],
            [
              -75.9543,
              7.7164
            ],
            [
              -75.9534,
              7.7522
            ],
            [
              -75.9587,
              7.7653
            ],
            [
              -75.9592,
              7.794
            ],
            [
              -75.9686,
              7.8062
            ],
            [
              -75.9713,
              7.8231
            ],
            [
              -75.9683,
              7.839
            ],
            [
              -75.9834,
              7.8503
            ],
            [
              -76.0016,
              7.8566
            ],
            [
              -76.0045,
              7.8637
            ],
            [
              -76.0024,
              7.8933
            ],
            [
              -76.0104,
              7.9168
            ],
            [
              -75.9814,
              7.9476
            ],
            [
              -75.9804,
              7.9784
            ],
            [
              -75.9698,
              7.9968
            ],
            [
              -75.9625,
              8.0172
            ],
            [
              -75.9584,
              8.0385
            ],
            [
              -75.952,
              8.0404
            ],
            [
              -75.934,
              8.03
            ],
            [
              -75.9045,
              8.0482
            ],
            [
              -75.8942,
              8.0743
            ],
            [
              -75.8853,
              8.0744
            ],
            [
              -75.8806,
              8.0614
            ],
            [
              -75.8549,
              8.0847
            ],
            [
              -75.8442,
              8.0871
            ],
            [
              -75.8435,
              8.1019
            ],
            [
              -75.8341,
              8.1079
            ],
            [
              -75.8363,
              8.1329
            ],
            [
              -75.8342,
              8.1474
            ],
            [
              -75.8175,
              8.1605
            ],
            [
              -75.8004,
              8.1681
            ],
            [
              -75.786,
              8.1985
            ],
            [
              -75.7762,
              8.2094
            ],
            [
              -75.767,
              8.2271
            ],
            [
              -75.7555,
              8.2315
            ],
            [
              -75.7543,
              8.263
            ],
            [
              -75.7651,
              8.2672
            ],
            [
              -75.7697,
              8.2838
            ],
            [
              -75.7668,
              8.2977
            ]
          ]
        ]
      },
      "properties": {
        "OBJECTID": 456,
        "DPTO_CCDGO": "13",
        "MPIO_CCDGO": "807",
        "name": "13058",
        "MPIO_CRSLC": "Ordenanza 63 del 13 de diciembre de 1948",
        "MPIO_NANO_": 1993,
        "MPIO_NAREA": 4887.39132922,
        "MPIO_CSMBL": "4",
        "MPIO_CCNCT": "23807",
        "MPIO_NANO": 2012,
        "SHAPE_Leng": 3.53614279218,
        "SHAPE_Area": 0.400576523729,
        "NOMBRE": "TIERRALTA",
        "DANE": {
          "dpto_ccdgo": "23",
          "mpio_ccdgo": "807",
          "mpio_cdpmp": "23807",
          "dpto_cnmbr": "CÓRDOBA",
          "mpio_cnmbr": "TIERRALTA",
          "mpio_crslc": "Ordenanza 63 del 13 de diciembre de 1948",
          "mpio_tipo": "MUNICIPIO",
          "mpio_narea": 4937.63144214,
          "mpio_nano": 2024,
          "shape_Leng": 3.729988536,
          "shape_Area": 0.404264793641
        }
      }
    },
    {
      "type": "Feature",
      "geometry": {
        "type": "Polygon",
        "coordinates": [
          [
            [
              -75.4967,
              9.2846
            ],
            [
              -75.5079,
              9.2734
            ],
            [
              -75.512,
              9.2588
            ],
            [
              -75.5483,
              9.2598
            ],
            [
              -75.5693,
              9.2797
            ],
            [
              -75.5842,
              9.273
            ],
            [
              -75.6007,
              9.2388
            ],
            [
              -75.5867,
              9.1974
            ],
            [
              -75.5694,
              9.1889
            ],
            [
              -75.571,
              9.1748
            ],
            [
              -75.5612,
              9.1626
            ],
            [
              -75.5466,
              9.1528
            ],
            [
              -75.5203,
              9.1924
            ],
            [
              -75.5157,
              9.2102
            ],
            [
              -75.5014,
              9.2052
            ],
            [
              -75.4889,
              9.2178
            ],
            [
              -75.4868,
              9.2341
            ],
            [
              -75.4777,
              9.2472
            ],
            [
              -75.4813,
              9.2549
            ],
            [
              -75.4962,
              9.2619
            ],
            [
              -75.4967,
              9.2846
            ]
          ]
        ]
      },
      "properties": {
        "OBJECTID": 457,
        "DPTO_CCDGO": "13",
        "MPIO_CCDGO": "815",
        "name": "13060",
        "MPIO_CRSLC": "Ordenanza 11 de Julio 24 de 2007",
        "MPIO_NANO_": 2007,
        "MPIO_NAREA": 101.35669045,
        "MPIO_CSMBL": "4",
        "MPIO_CCNCT": "23815",
        "MPIO_NANO": 2012,
        "SHAPE_Leng": 0.532399624141,
        "SHAPE_Area": 0.00833392964771,
        "NOMBRE": "TUCHIN",
        "DANE": {
          "dpto_ccdgo": "23",
          "mpio_ccdgo": "815",
          "mpio_cdpmp": "23815",
          "dpto_cnmbr": "CÓRDOBA",
          "mpio_cnmbr": "TUCHÍN",
          "mpio_crslc": "Ordenanza 11 de Julio 24 de 2007",
          "mpio_tipo": "MUNICIPIO",
          "mpio_narea": 106.404399951,
          "mpio_nano": 2024,
          "shape_Leng": 0.592633910097,
          "shape_Area": 0.00874900948228
        }
      }
    },
    {
      "type": "Feature",
      "geometry": {
        "type": "Polygon",
        "coordinates": [
          [
            [
              -76.0634,
              8.3323
            ],
            [
              -76.0637,
              8.3512
            ],
            [
              -76.079,
              8.3442
            ],
            [
              -76.0911,
              8.3601
            ],
            [
              -76.0867,
              8.3706
            ],
            [
              -76.1135,
              8.3913
            ],
            [
              -76.1234,
              8.394
            ],
            [
              -76.1408,
              8.3808
            ],
            [
              -76.1654,
              8.3805
            ],
            [
              -76.169,
              8.3943
            ],
            [
              -76.1809,
              8.4
            ],
            [
              -76.1838,
              8.3927
            ],
            [
              -76.2268,
              8.3808
            ],
            [
              -76.2372,
              8.3701
            ],
            [
              -76.2685,
              8.3511
            ],
            [
              -76.2947,
              8.3151
            ],
            [
              -76.3034,
              8.3112
            ],
            [
              -76.2998,
              8.2986
            ],
            [
              -76.3033,
              8.2845
            ],
            [
              -76.3249,
              8.262
            ],
            [
              -76.3242,
              8.2537
            ],
            [
              -76.3341,
              8.2371
            ],
            [
              -76.3337,
              8.2293
            ],
            [
              -76.3431,
              8.2109
            ],
            [
              -76.3514,
              8.2033
            ],
            [
              -76.3533,
              8.1835
            ],
            [
              -76.3496,
              8.1721
            ],
            [
              -76.3325,
              8.1557
            ],
            [
              -76.3485,
              8.1553
            ],
            [
              -76.3573,
              8.1462
            ],
            [
              -76.3711,
              8.1498
            ],
            [
              -76.3749,
              8.1115
            ],
            [
              -76.4017,
              8.1021
            ],
            [
              -76.4085,
              8.0997
            ],
            [
              -76.4087,
              8.0739
            ],
            [
              -76.4249,
              8.073
            ],
            [
              -76.4296,
              8.0558
            ],
            [
              -76.4288,
              8.0356
            ],
            [
              -76.4225,
              8.0296
            ],
            [
              -76.4271,
              8.0185
            ],
            [
              -76.4116,
              8.0071
            ],
            [
              -76.4048,
              8.024
            ],
            [
              -76.3857,
              8.0367
            ],
            [
              -76.3769,
              8.0497
            ],
            [
              -76.3637,
              8.0483
            ],
            [
              -76.352,
              8.0398
            ],
            [
              -76.3338,
              8.0387
            ],
            [
              -76.2644,
              8.0691
            ],
            [
              -76.2557,
              8.0775
            ],
            [
              -76.2441,
              8.0795
            ],
            [
              -76.2274,
              8.0992
            ],
            [
              -76.2172,
              8.1055
            ],
            [
              -76.2138,
              8.1213
            ],
            [
              -76.1988,
              8.1307
            ],
            [
              -76.187,
              8.1467
            ],
            [
              -76.1329,
              8.1476
            ],
            [
              -76.1233,
              8.1417
            ],
            [
              -76.1055,
              8.1463
            ],
            [
              -76.1078,
              8.1578
            ],
            [
              -76.0975,
              8.1597
            ],
            [
              -76.095,
              8.1716
            ],
            [
              -76.0741,
              8.1735
            ],
            [
              -76.0588,
              8.1952
            ],
            [
              -76.0531,
              8.2139
            ],
            [
              -76.0472,
              8.216
            ],
            [
              -76.0496,
              8.241
            ],
            [
              -76.0658,
              8.2502
            ],
            [
              -76.0626,
              8.2584
            ],
            [
              -76.0697,
              8.272
            ],
            [
              -76.0548,
              8.2804
            ],
            [
              -76.0627,
              8.3049
            ],
            [
              -76.0605,
              8.3271
            ],
            [
              -76.0634,
              8.3323
            ]
          ]
        ]
      },
      "properties": {
        "OBJECTID": 458,
        "DPTO_CCDGO": "13",
        "MPIO_CCDGO": "855",
        "name": "13061",
        "MPIO_CRSLC": "Ordenanza 29 del 20 de Noviembre de 1959",
        "MPIO_NANO_": 1993,
        "MPIO_NAREA": 914.42607068,
        "MPIO_CSMBL": "4",
        "MPIO_CCNCT": "23855",
        "MPIO_NANO": 2012,
        "SHAPE_Leng": 1.62987043158,
        "SHAPE_Area": 0.0750224915518,
        "NOMBRE": "VALENCIA",
        "DANE": {
          "dpto_ccdgo": "23",
          "mpio_ccdgo": "855",
          "mpio_cdpmp": "23855",
          "dpto_cnmbr": "CÓRDOBA",
          "mpio_cnmbr": "VALENCIA",
          "mpio_crslc": "Ordenanza 29 del 20 de Noviembre de 1959",
          "mpio_tipo": "MUNICIPIO",
          "mpio_narea": 919.35069093,
          "mpio_nano": 2024,
          "shape_Leng": 1.72901931973,
          "shape_Area": 0.0753392971574
        }
      }
    }
  ],
  "name": "13"
}