{
  "type": "FeatureCollection",
  "crs": {
    "type": "name",
    "properties": {
      "name": "urn:ogc:def:crs:OGC:1.3:CRS84"
    }
  },
  "features": [
    {
      "type": "Feature",
      "geometry": {
        "type": "Polygon",
        "coordinates": [
          [
            [
              -74.5962,
              4.3594
            ],
            [
              -74.5987,
              4.3716
            ],
            [
              -74.6091,
              4.3847
            ],
            [
              -74.6203,
              4.3867
            ],
            [
              -74.6396,
              4.4003
            ],
            [
              -74.6587,
              4.4018
            ],
            [
              -74.6655,
              4.4156
            ],
            [
              -74.6937,
              4.412
            ],
            [
              -74.698,
              4.4006
            ],
            [
              -74.7154,
              4.3913
            ],
            [
              -74.7257,
              4.3934
            ],
            [
              -74.7354,
              4.3807
            ],
            [
              -74.7207,
              4.3485
            ],
            [
              -74.7026,
              4.334
            ],
            [
              -74.6833,
              4.3282
            ],
            [
              -74.6775,
              4.3392
            ],
            [
              -74.6647,
              4.3392
            ],
            [
              -74.6468,
              4.3539
            ],
            [
              -74.6312,
              4.3429
            ],
            [
              -74.6176,
              4.3567
            ],
            [
              -74.5962,
              4.3594
            ]
          ]
        ]
      },
      "properties": {
        "OBJECTID": 459,
        "DPTO_CCDGO": "15",
        "MPIO_CCDGO": "001",
        "name": "15004",
        "MPIO_CRSLC": "Ordenanza 78 Noviembre 29 de 1963",
        "MPIO_NANO_": 1993,
        "MPIO_NAREA": 86.19939912,
        "MPIO_CSMBL": "4",
        "MPIO_CCNCT": "25001",
        "MPIO_NANO": 2012,
        "SHAPE_Leng": 0.450509879912,
        "SHAPE_Area": 0.007022058035,
        "NOMBRE": "AGUA DE DIOS",
        "DANE": {
          "dpto_ccdgo": "25",
          "mpio_ccdgo": "001",
          "mpio_cdpmp": "25001",
          "dpto_cnmbr": "CUNDINAMARCA",
          "mpio_cnmbr": "AGUA DE DIOS",
          "mpio_crslc": "Ordenanza 78 Noviembre 29 de 1963",
          "mpio_tipo": "MUNICIPIO",
          "mpio_narea": 85.9587073309,
          "mpio_nano": 2024,
          "shape_Leng": 0.496355656731,
          "shape_Area": 0.00700244937416
        }
      }
    },
    {
      "type": "Feature",
      "geometry": {
        "type": "Polygon",
        "coordinates": [
          [
            [
              -74.403,
              4.8805
            ],
            [
              -74.414,
              4.8902
            ],
            [
              -74.4181,
              4.9113
            ],
            [
              -74.425,
              4.9193
            ],
            [
              -74.4399,
              4.9242
            ],
            [
              -74.446,
              4.9375
            ],
            [
              -74.4679,
              4.9272
            ],
            [
              -74.4802,
              4.9525
            ],
            [
              -74.483,
              4.9383
            ],
            [
              -74.475,
              4.9265
            ],
            [
              -74.4788,
              4.9171
            ],
            [
              -74.475,
              4.8908
            ],
            [
              -74.4559,
              4.8967
            ],
            [
              -74.4547,
              4.8776
            ],
            [
              -74.4448,
              4.8562
            ],
            [
              -74.4543,
              4.8485
            ],
            [
              -74.4586,
              4.8328
            ],
            [
              -74.4477,
              4.8351
            ],
            [
              -74.431,
              4.8485
            ],
            [
              -74.4207,
              4.8388
            ],
            [
              -74.4137,
              4.8414
            ],
            [
              -74.4104,
              4.859
            ],
            [
              -74.4199,
              4.8665
            ],
            [
              -74.4193,
              4.8763
            ],
            [
              -74.403,
              4.8805
            ]
          ]
        ]
      },
      "properties": {
        "OBJECTID": 460,
        "DPTO_CCDGO": "15",
        "MPIO_CCDGO": "019",
        "name": "15007",
        "MPIO_CRSLC": "Ordenanza 19 del 22 de Mayo de 1903",
        "MPIO_NANO_": 1993,
        "MPIO_NAREA": 55.75033856,
        "MPIO_CSMBL": "4",
        "MPIO_CCNCT": "25019",
        "MPIO_NANO": 2012,
        "SHAPE_Leng": 0.52499190818,
        "SHAPE_Area": 0.00454515370681,
        "NOMBRE": "ALBAN",
        "DANE": {
          "dpto_ccdgo": "25",
          "mpio_ccdgo": "019",
          "mpio_cdpmp": "25019",
          "dpto_cnmbr": "CUNDINAMARCA",
          "mpio_cnmbr": "ALBÁN",
          "mpio_crslc": "Ordenanza 19 del 22 de Mayo de 1903",
          "mpio_tipo": "MUNICIPIO",
          "mpio_narea": 50.8350997195,
          "mpio_nano": 2024,
          "shape_Leng": 0.516214243156,
          "shape_Area": 0.00414441102617
        }
      }
    },
    {
      "type": "Feature",
      "geometry": {
        "type": "Polygon",
        "coordinates": [
          [
            [
              -74.4776,
              4.5755
            ],
            [
              -74.4897,
              4.5888
            ],
            [
              -74.5142,
              4.6007
            ],
            [
              -74.5181,
              4.6123
            ],
            [
              -74.5403,
              4.6229
            ],
            [
              -74.552,
              4.6476
            ],
            [
              -74.5576,
              4.6475
            ],
            [
              -74.5616,
              4.6371
            ],
            [
              -74.5751,
              4.6242
            ],
            [
              -74.59,
              4.6341
            ],
            [
              -74.5974,
              4.627
            ],
            [
              -74.583,
              4.6228
            ],
            [
              -74.5693,
              4.5717
            ],
            [
              -74.5509,
              4.5527
            ],
            [
              -74.5527,
              4.5423
            ],
            [
              -74.5645,
              4.5319
            ],
            [
              -74.5578,
              4.5248
            ],
            [
              -74.5463,
              4.5289
            ],
            [
              -74.5412,
              4.5204
            ],
            [
              -74.5574,
              4.5016
            ],
            [
              -74.5353,
              4.5026
            ],
            [
              -74.5021,
              4.4839
            ],
            [
              -74.4887,
              4.4951
            ],
            [
              -74.4694,
              4.4969
            ],
            [
              -74.4653,
              4.5013
            ],
            [
              -74.464,
              4.5285
            ],
            [
              -74.4793,
              4.5316
            ],
            [
              -74.4904,
              4.5451
            ],
            [
              -74.4855,
              4.5596
            ],
            [
              -74.4892,
              4.5684
            ],
            [
              -74.4776,
              4.5755
            ]
          ]
        ]
      },
      "properties": {
        "OBJECTID": 461,
        "DPTO_CCDGO": "15",
        "MPIO_CCDGO": "035",
        "name": "15010",
        "MPIO_CRSLC": "Dispocisión de Septiembre 1 de 1864",
        "MPIO_NANO_": 1993,
        "MPIO_NAREA": 124.53419902,
        "MPIO_CSMBL": "4",
        "MPIO_CCNCT": "25035",
        "MPIO_NANO": 2012,
        "SHAPE_Leng": 0.678153532629,
        "SHAPE_Area": 0.0101479154107,
        "NOMBRE": "ANAPOIMA",
        "DANE": {
          "dpto_ccdgo": "25",
          "mpio_ccdgo": "035",
          "mpio_cdpmp": "25035",
          "dpto_cnmbr": "CUNDINAMARCA",
          "mpio_cnmbr": "ANAPOIMA",
          "mpio_crslc": "Dispocisión de Septiembre 1 de 1864",
          "mpio_tipo": "MUNICIPIO",
          "mpio_narea": 123.955490168,
          "mpio_nano": 2024,
          "shape_Leng": 0.670556514259,
          "shape_Area": 0.010100758333
        }
      }
    },
    {
      "type": "Feature",
      "geometry": {
        "type": "Polygon",
        "coordinates": [
          [
            [
              -74.4207,
              4.8388
            ],
            [
              -74.431,
              4.8485
            ],
            [
              -74.4477,
              4.8351
            ],
            [
              -74.4586,
              4.8328
            ],
            [
              -74.4856,
              4.8251
            ],
            [
              -74.5052,
              4.832
            ],
            [
              -74.5192,
              4.8263
            ],
            [
              -74.5075,
              4.8072
            ],
            [
              -74.5081,
              4.7944
            ],
            [
              -74.5247,
              4.7939
            ],
            [
              -74.5213,
              4.7776
            ],
            [
              -74.5059,
              4.7631
            ],
            [
              -74.5123,
              4.7453
            ],
            [
              -74.5109,
              4.7279
            ],
            [
              -74.4696,
              4.7302
            ],
            [
              -74.4526,
              4.7397
            ],
            [
              -74.4488,
              4.7585
            ],
            [
              -74.4263,
              4.7622
            ],
            [
              -74.41,
              4.7735
            ],
            [
              -74.4061,
              4.7821
            ],
            [
              -74.3946,
              4.8037
            ],
            [
              -74.396,
              4.8161
            ],
            [
              -74.4072,
              4.8365
            ],
            [
              -74.4207,
              4.8388
            ]
          ]
        ]
      },
      "properties": {
        "OBJECTID": 462,
        "DPTO_CCDGO": "15",
        "MPIO_CCDGO": "040",
        "name": "15013",
        "MPIO_CRSLC": "1882",
        "MPIO_NANO_": 1993,
        "MPIO_NAREA": 121.37338234,
        "MPIO_CSMBL": "4",
        "MPIO_CCNCT": "25040",
        "MPIO_NANO": 2012,
        "SHAPE_Leng": 0.527984119613,
        "SHAPE_Area": 0.00989366598653,
        "NOMBRE": "ANOLAIMA",
        "DANE": {
          "dpto_ccdgo": "25",
          "mpio_ccdgo": "040",
          "mpio_cdpmp": "25040",
          "dpto_cnmbr": "CUNDINAMARCA",
          "mpio_cnmbr": "ANOLAIMA",
          "mpio_crslc": "1882",
          "mpio_tipo": "MUNICIPIO",
          "mpio_narea": 120.951463352,
          "mpio_nano": 2024,
          "shape_Leng": 0.52800793672,
          "shape_Area": 0.00985926802355
        }
      }
    },
    {
      "type": "Feature",
      "geometry": {
        "type": "Polygon",
        "coordinates": [
          [
            [
              -74.3356,
              4.2278
            ],
            [
              -74.3621,
              4.2444
            ],
            [
              -74.3669,
              4.2631
            ],
            [
              -74.3893,
              4.2703
            ],
            [
              -74.4132,
              4.2875
            ],
            [
              -74.4304,
              4.2926
            ],
            [
              -74.4364,
              4.2863
            ],
            [
              -74.4579,
              4.2763
            ],
            [
              -74.4794,
              4.272
            ],
            [
              -74.4905,
              4.2576
            ],
            [
              -74.5106,
              4.2501
            ],
            [
              -74.5379,
              4.2541
            ],
            [
              -74.5412,
              4.2516
            ],
            [
              -74.5189,
              4.2405
            ],
            [
              -74.5048,
              4.2437
            ],
            [
              -74.4822,
              4.24
            ],
            [
              -74.4661,
              4.217
            ],
            [
              -74.4481,
              4.2268
            ],
            [
              -74.4335,
              4.2268
            ],
            [
              -74.422,
              4.2187
            ],
            [
              -74.4167,
              4.2026
            ],
            [
              -74.4002,
              4.1971
            ],
            [
              -74.3945,
              4.2026
            ],
            [
              -74.3544,
              4.1903
            ],
            [
              -74.3488,
              4.183
            ],
            [
              -74.3323,
              4.1878
            ],
            [
              -74.298,
              4.1761
            ],
            [
              -74.2728,
              4.1817
            ],
            [
              -74.2618,
              4.1811
            ],
            [
              -74.2401,
              4.1867
            ],
            [
              -74.2377,
              4.1955
            ],
            [
              -74.2467,
              4.199
            ],
            [
              -74.2748,
              4.1933
            ],
            [
              -74.2832,
              4.1975
            ],
            [
              -74.3128,
              4.1966
            ],
            [
              -74.3231,
              4.2088
            ],
            [
              -74.3254,
              4.2255
            ],
            [
              -74.3356,
              4.2278
            ]
          ]
        ]
      },
      "properties": {
        "OBJECTID": 463,
        "DPTO_CCDGO": "15",
        "MPIO_CCDGO": "053",
        "name": "15016",
        "MPIO_CRSLC": "Decreto 32 de Enero 16 de 1886",
        "MPIO_NANO_": 1993,
        "MPIO_NAREA": 142.48077084,
        "MPIO_CSMBL": "4",
        "MPIO_CCNCT": "25053",
        "MPIO_NANO": 2012,
        "SHAPE_Leng": 0.781230953298,
        "SHAPE_Area": 0.0116057061873,
        "NOMBRE": "ARBELAEZ",
        "DANE": {
          "dpto_ccdgo": "25",
          "mpio_ccdgo": "053",
          "mpio_cdpmp": "25053",
          "dpto_cnmbr": "CUNDINAMARCA",
          "mpio_cnmbr": "ARBELÁEZ",
          "mpio_crslc": "Decreto 32 de Enero 16 de 1886",
          "mpio_tipo": "MUNICIPIO",
          "mpio_narea": 142.457162642,
          "mpio_nano": 2024,
          "shape_Leng": 0.806584350974,
          "shape_Area": 0.011603784294
        }
      }
    },
    {
      "type": "Feature",
      "geometry": {
        "type": "Polygon",
        "coordinates": [
          [
            [
              -74.6849,
              4.7577
            ],
            [
              -74.6974,
              4.771
            ],
            [
              -74.6907,
              4.7821
            ],
            [
              -74.6898,
              4.8109
            ],
            [
              -74.6802,
              4.8225
            ],
            [
              -74.7019,
              4.8359
            ],
            [
              -74.7488,
              4.8376
            ],
            [
              -74.7692,
              4.8421
            ],
            [
              -74.7661,
              4.8356
            ],
            [
              -74.7491,
              4.8297
            ],
            [
              -74.7431,
              4.7903
            ],
            [
              -74.7686,
              4.7751
            ],
            [
              -74.7769,
              4.7521
            ],
            [
              -74.7945,
              4.7476
            ],
            [
              -74.8145,
              4.7357
            ],
            [
              -74.8191,
              4.726
            ],
            [
              -74.8158,
              4.7136
            ],
            [
              -74.8029,
              4.7049
            ],
            [
              -74.8072,
              4.6694
            ],
            [
              -74.7882,
              4.6582
            ],
            [
              -74.7865,
              4.6473
            ],
            [
              -74.7956,
              4.6429
            ],
            [
              -74.8023,
              4.6258
            ],
            [
              -74.8162,
              4.6111
            ],
            [
              -74.7938,
              4.5921
            ],
            [
              -74.7826,
              4.5959
            ],
            [
              -74.7517,
              4.5877
            ],
            [
              -74.7464,
              4.6002
            ],
            [
              -74.7364,
              4.6062
            ],
            [
              -74.7332,
              4.621
            ],
            [
              -74.743,
              4.6242
            ],
            [
              -74.749,
              4.6464
            ],
            [
              -74.7569,
              4.6503
            ],
            [
              -74.7547,
              4.671
            ],
            [
              -74.7633,
              4.6831
            ],
            [
              -74.7584,
              4.7007
            ],
            [
              -74.7463,
              4.7128
            ],
            [
              -74.7484,
              4.7319
            ],
            [
              -74.7351,
              4.7545
            ],
            [
              -74.7145,
              4.7455
            ],
            [
              -74.709,
              4.7572
            ],
            [
              -74.6944,
              4.7506
            ],
            [
              -74.6849,
              4.7577
            ]
          ]
        ]
      },
      "properties": {
        "OBJECTID": 464,
        "DPTO_CCDGO": "15",
        "MPIO_CCDGO": "086",
        "name": "15019",
        "MPIO_CRSLC": "Ordenanza 5 del 12 de Noviembre de 1853",
        "MPIO_NANO_": 1993,
        "MPIO_NAREA": 178.14546357,
        "MPIO_CSMBL": "4",
        "MPIO_CCNCT": "25086",
        "MPIO_NANO": 2012,
        "SHAPE_Leng": 0.905047754165,
        "SHAPE_Area": 0.0145185861843,
        "NOMBRE": "BELTRAN",
        "DANE": {
          "dpto_ccdgo": "25",
          "mpio_ccdgo": "086",
          "mpio_cdpmp": "25086",
          "dpto_cnmbr": "CUNDINAMARCA",
          "mpio_cnmbr": "BELTRÁN",
          "mpio_crslc": "Ordenanza 5 del 12 de Noviembre de 1853",
          "mpio_tipo": "MUNICIPIO",
          "mpio_narea": 176.853200125,
          "mpio_nano": 2024,
          "shape_Leng": 0.909367034253,
          "shape_Area": 0.0144132728005
        }
      }
    },
    {
      "type": "Feature",
      "geometry": {
        "type": "Polygon",
        "coordinates": [
          [
            [
              -74.5046,
              4.9443
            ],
            [
              -74.5166,
              4.9438
            ],
            [
              -74.5122,
              4.9358
            ],
            [
              -74.517,
              4.9096
            ],
            [
              -74.5233,
              4.8994
            ],
            [
              -74.5358,
              4.8938
            ],
            [
              -74.5455,
              4.883
            ],
            [
              -74.5457,
              4.8708
            ],
            [
              -74.5536,
              4.8563
            ],
            [
              -74.552,
              4.8484
            ],
            [
              -74.5558,
              4.8081
            ],
            [
              -74.5598,
              4.796
            ],
            [
              -74.5436,
              4.7864
            ],
            [
              -74.5247,
              4.7939
            ],
            [
              -74.5081,
              4.7944
            ],
            [
              -74.5075,
              4.8072
            ],
            [
              -74.5192,
              4.8263
            ],
            [
              -74.5052,
              4.832
            ],
            [
              -74.5055,
              4.8607
            ],
            [
              -74.4991,
              4.8676
            ],
            [
              -74.5093,
              4.8846
            ],
            [
              -74.505,
              4.8957
            ],
            [
              -74.5133,
              4.9026
            ],
            [
              -74.5114,
              4.9251
            ],
            [
              -74.5036,
              4.9337
            ],
            [
              -74.5046,
              4.9443
            ]
          ]
        ]
      },
      "properties": {
        "OBJECTID": 465,
        "DPTO_CCDGO": "15",
        "MPIO_CCDGO": "095",
        "name": "15022",
        "MPIO_CRSLC": "1772",
        "MPIO_NANO_": 1993,
        "MPIO_NAREA": 60.59154574,
        "MPIO_CSMBL": "4",
        "MPIO_CCNCT": "25095",
        "MPIO_NANO": 2012,
        "SHAPE_Leng": 0.489730123777,
        "SHAPE_Area": 0.00493940574038,
        "NOMBRE": "BITUIMA",
        "DANE": {
          "dpto_ccdgo": "25",
          "mpio_ccdgo": "095",
          "mpio_cdpmp": "25095",
          "dpto_cnmbr": "CUNDINAMARCA",
          "mpio_cnmbr": "BITUIMA",
          "mpio_crslc": "1772",
          "mpio_tipo": "MUNICIPIO",
          "mpio_narea": 61.0470760557,
          "mpio_nano": 2024,
          "shape_Leng": 0.490795748044,
          "shape_Area": 0.00497654083218
        }
      }
    },
    {
      "type": "Feature",
      "geometry": {
        "type": "Polygon",
        "coordinates": [
          [
            [
              -74.2995,
              4.7168
            ],
            [
              -74.3138,
              4.7369
            ],
            [
              -74.3218,
              4.7426
            ],
            [
              -74.3279,
              4.7647
            ],
            [
              -74.3467,
              4.7628
            ],
            [
              -74.3724,
              4.7263
            ],
            [
              -74.3985,
              4.7169
            ],
            [
              -74.3933,
              4.6993
            ],
            [
              -74.3666,
              4.6941
            ],
            [
              -74.3628,
              4.6844
            ],
            [
              -74.3513,
              4.6828
            ],
            [
              -74.3415,
              4.6655
            ],
            [
              -74.3441,
              4.6539
            ],
            [
              -74.338,
              4.6465
            ],
            [
              -74.3168,
              4.6403
            ],
            [
              -74.3062,
              4.6206
            ],
            [
              -74.2803,
              4.6094
            ],
            [
              -74.2726,
              4.6187
            ],
            [
              -74.2838,
              4.6351
            ],
            [
              -74.2869,
              4.677
            ],
            [
              -74.3014,
              4.7125
            ],
            [
              -74.2995,
              4.7168
            ]
          ]
        ]
      },
      "properties": {
        "OBJECTID": 466,
        "DPTO_CCDGO": "15",
        "MPIO_CCDGO": "099",
        "name": "15025",
        "MPIO_CRSLC": "1700",
        "MPIO_NANO_": 1993,
        "MPIO_NAREA": 100.54773936,
        "MPIO_CSMBL": "4",
        "MPIO_CCNCT": "25099",
        "MPIO_NANO": 2012,
        "SHAPE_Leng": 0.499122338557,
        "SHAPE_Area": 0.0081951680876,
        "NOMBRE": "BOJACA",
        "DANE": {
          "dpto_ccdgo": "25",
          "mpio_ccdgo": "099",
          "mpio_cdpmp": "25099",
          "dpto_cnmbr": "CUNDINAMARCA",
          "mpio_cnmbr": "BOJACÁ",
          "mpio_crslc": "1700",
          "mpio_tipo": "MUNICIPIO",
          "mpio_narea": 102.319881266,
          "mpio_nano": 2024,
          "shape_Leng": 0.497916887442,
          "shape_Area": 0.00833959708793
        }
      }
    },
    {
      "type": "Feature",
      "geometry": {
        "type": "Polygon",
        "coordinates": [
          [
            [
              -74.3793,
              4.0361
            ],
            [
              -74.3834,
              4.0199
            ],
            [
              -74.3997,
              4.0273
            ],
            [
              -74.4215,
              4.0246
            ],
            [
              -74.4536,
              4.0272
            ],
            [
              -74.4629,
              4.037
            ],
            [
              -74.48,
              4.0284
            ],
            [
              -74.4924,
              4.034
            ],
            [
              -74.5009,
              4.0233
            ],
            [
              -74.524,
              4.0223
            ],
            [
              -74.5336,
              3.9933
            ],
            [
              -74.5316,
              3.9755
            ],
            [
              -74.5275,
              3.9628
            ],
            [
              -74.5143,
              3.9552
            ],
            [
              -74.5116,
              3.9434
            ],
            [
              -74.515,
              3.9272
            ],
            [
              -74.5226,
              3.9171
            ],
            [
              -74.5287,
              3.8785
            ],
            [
              -74.5395,
              3.8448
            ],
            [
              -74.5347,
              3.8432
            ],
            [
              -74.5098,
              3.8328
            ],
            [
              -74.5071,
              3.8245
            ],
            [
              -74.4861,
              3.8174
            ],
            [
              -74.4781,
              3.8243
            ],
            [
              -74.4502,
              3.819
            ],
            [
              -74.4453,
              3.8008
            ],
            [
              -74.4582,
              3.7726
            ],
            [
              -74.4577,
              3.7557
            ],
            [
              -74.4635,
              3.7421
            ],
            [
              -74.4527,
              3.7305
            ],
            [
              -74.4396,
              3.7306
            ],
            [
              -74.4507,
              3.7499
            ],
            [
              -74.4337,
              3.7646
            ],
            [
              -74.4337,
              3.779
            ],
            [
              -74.4157,
              3.7945
            ],
            [
              -74.4121,
              3.8039
            ],
            [
              -74.3952,
              3.824
            ],
            [
              -74.3857,
              3.8562
            ],
            [
              -74.3865,
              3.8627
            ],
            [
              -74.3754,
              3.8767
            ],
            [
              -74.3595,
              3.9139
            ],
            [
              -74.3547,
              3.9446
            ],
            [
              -74.3569,
              3.971
            ],
            [
              -74.3745,
              3.9861
            ],
            [
              -74.3622,
              4.0124
            ],
            [
              -74.3656,
              4.0347
            ],
            [
              -74.3793,
              4.0361
            ]
          ]
        ]
      },
      "properties": {
        "OBJECTID": 467,
        "DPTO_CCDGO": "15",
        "MPIO_CCDGO": "120",
        "name": "15029",
        "MPIO_CRSLC": "Ordenanza 79 Noviembre 29 de 1963",
        "MPIO_NANO_": 1993,
        "MPIO_NAREA": 443.9439335,
        "MPIO_CSMBL": "4",
        "MPIO_CCNCT": "25120",
        "MPIO_NANO": 2012,
        "SHAPE_Leng": 0.995747780612,
        "SHAPE_Area": 0.0361469172713,
        "NOMBRE": "CABRERA",
        "DANE": {
          "dpto_ccdgo": "25",
          "mpio_ccdgo": "120",
          "mpio_cdpmp": "25120",
          "dpto_cnmbr": "CUNDINAMARCA",
          "mpio_cnmbr": "CABRERA",
          "mpio_crslc": "Ordenanza 79 Noviembre 29 de 1963",
          "mpio_tipo": "MUNICIPIO",
          "mpio_narea": 421.839592754,
          "mpio_nano": 2024,
          "shape_Leng": 1.01880514277,
          "shape_Area": 0.0343473625594
        }
      }
    },
    {
      "type": "Feature",
      "geometry": {
        "type": "Polygon",
        "coordinates": [
          [
            [
              -74.4378,
              4.7131
            ],
            [
              -74.4206,
              4.7261
            ],
            [
              -74.4111,
              4.7413
            ],
            [
              -74.4045,
              4.7695
            ],
            [
              -74.4061,
              4.7821
            ],
            [
              -74.41,
              4.7735
            ],
            [
              -74.4263,
              4.7622
            ],
            [
              -74.4488,
              4.7585
            ],
            [
              -74.4526,
              4.7397
            ],
            [
              -74.4696,
              4.7302
            ],
            [
              -74.5109,
              4.7279
            ],
            [
              -74.5029,
              4.7118
            ],
            [
              -74.509,
              4.6797
            ],
            [
              -74.4974,
              4.6775
            ],
            [
              -74.4828,
              4.6848
            ],
            [
              -74.4689,
              4.6849
            ],
            [
              -74.4528,
              4.7054
            ],
            [
              -74.4378,
              4.7131
            ]
          ]
        ]
      },
      "properties": {
        "OBJECTID": 468,
        "DPTO_CCDGO": "15",
        "MPIO_CCDGO": "123",
        "name": "15030",
        "MPIO_CRSLC": "Ordenanza 6 Noviembre 26 de 1982",
        "MPIO_NANO_": 1993,
        "MPIO_NAREA": 54.44105976,
        "MPIO_CSMBL": "4",
        "MPIO_CCNCT": "25123",
        "MPIO_NANO": 2012,
        "SHAPE_Leng": 0.43210570963,
        "SHAPE_Area": 0.00443730953943,
        "NOMBRE": "CACHIPAY",
        "DANE": {
          "dpto_ccdgo": "25",
          "mpio_ccdgo": "123",
          "mpio_cdpmp": "25123",
          "dpto_cnmbr": "CUNDINAMARCA",
          "mpio_cnmbr": "CACHIPAY",
          "mpio_crslc": "Ordenanza 6 Noviembre 26 de 1982",
          "mpio_tipo": "MUNICIPIO",
          "mpio_narea": 53.4526156151,
          "mpio_nano": 2024,
          "shape_Leng": 0.421110451192,
          "shape_Area": 0.00435674447683
        }
      }
    },
    {
      "type": "Feature",
      "geometry": {
        "type": "Polygon",
        "coordinates": [
          [
            [
              -73.9972,
              4.9739
            ],
            [
              -73.9984,
              4.9831
            ],
            [
              -74.012,
              4.9842
            ],
            [
              -74.0149,
              4.9747
            ],
            [
              -74.0328,
              4.9632
            ],
            [
              -74.0444,
              4.9553
            ],
            [
              -74.0548,
              4.9344
            ],
            [
              -74.0638,
              4.9285
            ],
            [
              -74.0769,
              4.9112
            ],
            [
              -74.0705,
              4.9104
            ],
            [
              -74.0457,
              4.8928
            ],
            [
              -74.0217,
              4.8848
            ],
            [
              -74.0171,
              4.895
            ],
            [
              -74.0052,
              4.9033
            ],
            [
              -74.0064,
              4.9179
            ],
            [
              -74.0084,
              4.9404
            ],
            [
              -74.0021,
              4.9462
            ],
            [
              -73.9972,
              4.9739
            ]
          ]
        ]
      },
      "properties": {
        "OBJECTID": 469,
        "DPTO_CCDGO": "15",
        "MPIO_CCDGO": "126",
        "name": "15031",
        "MPIO_CRSLC": "1537",
        "MPIO_NANO_": 1993,
        "MPIO_NAREA": 51.68653489,
        "MPIO_CSMBL": "4",
        "MPIO_CCNCT": "25126",
        "MPIO_NANO": 2012,
        "SHAPE_Leng": 0.405537004655,
        "SHAPE_Area": 0.00421423740344,
        "NOMBRE": "CAJICA",
        "DANE": {
          "dpto_ccdgo": "25",
          "mpio_ccdgo": "126",
          "mpio_cdpmp": "25126",
          "dpto_cnmbr": "CUNDINAMARCA",
          "mpio_cnmbr": "CAJICÁ",
          "mpio_crslc": "1537",
          "mpio_tipo": "MUNICIPIO",
          "mpio_narea": 50.8720674129,
          "mpio_nano": 2024,
          "shape_Leng": 0.405005063593,
          "shape_Area": 0.00414783003427
        }
      }
    },
    {
      "type": "Feature",
      "geometry": {
        "type": "Polygon",
        "coordinates": [
          [
            [
              -74.4226,
              5.4438
            ],
            [
              -74.4187,
              5.4625
            ],
            [
              -74.4105,
              5.4774
            ],
            [
              -74.4164,
              5.4974
            ],
            [
              -74.429,
              5.5125
            ],
            [
              -74.433,
              5.5298
            ],
            [
              -74.4433,
              5.538
            ],
            [
              -74.445,
              5.5501
            ],
            [
              -74.4722,
              5.5509
            ],
            [
              -74.4834,
              5.5563
            ],
            [
              -74.4974,
              5.5466
            ],
            [
              -74.5096,
              5.5435
            ],
            [
              -74.5263,
              5.5518
            ],
            [
              -74.5404,
              5.5545
            ],
            [
              -74.5428,
              5.5385
            ],
            [
              -74.5577,
              5.5221
            ],
            [
              -74.5622,
              5.5086
            ],
            [
              -74.5803,
              5.495
            ],
            [
              -74.5903,
              5.482
            ],
            [
              -74.5964,
              5.4335
            ],
            [
              -74.5928,
              5.4265
            ],
            [
              -74.6109,
              5.4005
            ],
            [
              -74.615,
              5.3879
            ],
            [
              -74.6031,
              5.3632
            ],
            [
              -74.5892,
              5.3546
            ],
            [
              -74.5956,
              5.3221
            ],
            [
              -74.597,
              5.3032
            ],
            [
              -74.608,
              5.2741
            ],
            [
              -74.6026,
              5.2594
            ],
            [
              -74.614,
              5.2359
            ],
            [
              -74.6102,
              5.2258
            ],
            [
              -74.6144,
              5.2156
            ],
            [
              -74.6032,
              5.2053
            ],
            [
              -74.591,
              5.2026
            ],
            [
              -74.5751,
              5.1923
            ],
            [
              -74.5462,
              5.1921
            ],
            [
              -74.5249,
              5.1891
            ],
            [
              -74.5143,
              5.1945
            ],
            [
              -74.5054,
              5.2021
            ],
            [
              -74.4997,
              5.2302
            ],
            [
              -74.4999,
              5.2489
            ],
            [
              -74.4924,
              5.256
            ],
            [
              -74.4848,
              5.2608
            ],
            [
              -74.4724,
              5.291
            ],
            [
              -74.4546,
              5.2985
            ],
            [
              -74.4602,
              5.3283
            ],
            [
              -74.454,
              5.3441
            ],
            [
              -74.4373,
              5.3616
            ],
            [
              -74.4366,
              5.3714
            ],
            [
              -74.4555,
              5.3818
            ],
            [
              -74.4373,
              5.4025
            ],
            [
              -74.4314,
              5.4208
            ],
            [
              -74.4313,
              5.4331
            ],
            [
              -74.4226,
              5.4438
            ]
          ]
        ]
      },
      "properties": {
        "OBJECTID": 470,
        "DPTO_CCDGO": "15",
        "MPIO_CCDGO": "148",
        "name": "15034",
        "MPIO_CRSLC": "1560",
        "MPIO_NANO_": 1993,
        "MPIO_NAREA": 615.99362679,
        "MPIO_CSMBL": "4",
        "MPIO_CCNCT": "25148",
        "MPIO_NANO": 2012,
        "SHAPE_Leng": 1.16505167287,
        "SHAPE_Area": 0.0502565109216,
        "NOMBRE": "CAPARRAPI",
        "DANE": {
          "dpto_ccdgo": "25",
          "mpio_ccdgo": "148",
          "mpio_cdpmp": "25148",
          "dpto_cnmbr": "CUNDINAMARCA",
          "mpio_cnmbr": "CAPARRAPÍ",
          "mpio_crslc": "1560",
          "mpio_tipo": "MUNICIPIO",
          "mpio_narea": 615.667597623,
          "mpio_nano": 2024,
          "shape_Leng": 1.17179486359,
          "shape_Area": 0.0502299358964
        }
      }
    },
    {
      "type": "Feature",
      "geometry": {
        "type": "Polygon",
        "coordinates": [
          [
            [
              -73.9037,
              4.4411
            ],
            [
              -73.9175,
              4.4399
            ],
            [
              -73.9216,
              4.4538
            ],
            [
              -73.9337,
              4.4572
            ],
            [
              -73.9501,
              4.4534
            ],
            [
              -73.9655,
              4.4604
            ],
            [
              -73.9736,
              4.4575
            ],
            [
              -73.9803,
              4.4528
            ],
            [
              -73.9908,
              4.4186
            ],
            [
              -74.0034,
              4.4091
            ],
            [
              -73.9981,
              4.3924
            ],
            [
              -73.9977,
              4.3773
            ],
            [
              -73.992,
              4.3552
            ],
            [
              -73.975,
              4.3527
            ],
            [
              -73.9317,
              4.3681
            ],
            [
              -73.9186,
              4.3679
            ],
            [
              -73.8964,
              4.3492
            ],
            [
              -73.8953,
              4.3618
            ],
            [
              -73.9,
              4.3772
            ],
            [
              -73.8756,
              4.3856
            ],
            [
              -73.9007,
              4.411
            ],
            [
              -73.904,
              4.418
            ],
            [
              -73.9037,
              4.4411
            ]
          ]
        ]
      },
      "properties": {
        "OBJECTID": 471,
        "DPTO_CCDGO": "15",
        "MPIO_CCDGO": "151",
        "name": "15037",
        "MPIO_CRSLC": "1600",
        "MPIO_NANO_": 1993,
        "MPIO_NAREA": 110.9865009,
        "MPIO_CSMBL": "4",
        "MPIO_CCNCT": "25151",
        "MPIO_NANO": 2012,
        "SHAPE_Leng": 0.543862299947,
        "SHAPE_Area": 0.00904255671212,
        "NOMBRE": "CAQUEZA",
        "DANE": {
          "dpto_ccdgo": "25",
          "mpio_ccdgo": "151",
          "mpio_cdpmp": "25151",
          "dpto_cnmbr": "CUNDINAMARCA",
          "mpio_cnmbr": "CÁQUEZA",
          "mpio_crslc": "1600",
          "mpio_tipo": "MUNICIPIO",
          "mpio_narea": 111.506819664,
          "mpio_nano": 2024,
          "shape_Leng": 0.579900265841,
          "shape_Area": 0.00908495196137
        }
      }
    },
    {
      "type": "Feature",
      "geometry": {
        "type": "Polygon",
        "coordinates": [
          [
            [
              -73.8672,
              5.462
            ],
            [
              -73.8814,
              5.4697
            ],
            [
              -73.902,
              5.4671
            ],
            [
              -73.9053,
              5.446
            ],
            [
              -73.9125,
              5.4322
            ],
            [
              -73.9254,
              5.44
            ],
            [
              -73.9422,
              5.4341
            ],
            [
              -73.9471,
              5.4241
            ],
            [
              -73.973,
              5.4194
            ],
            [
              -73.9835,
              5.389
            ],
            [
              -73.9991,
              5.3675
            ],
            [
              -74.0062,
              5.3476
            ],
            [
              -73.9961,
              5.3341
            ],
            [
              -73.9744,
              5.32
            ],
            [
              -73.973,
              5.3026
            ],
            [
              -73.9867,
              5.2804
            ],
            [
              -73.9866,
              5.2663
            ],
            [
              -73.9954,
              5.2585
            ],
            [
              -73.9887,
              5.2462
            ],
            [
              -73.9718,
              5.2387
            ],
            [
              -73.9708,
              5.2227
            ],
            [
              -73.9642,
              5.2113
            ],
            [
              -73.9527,
              5.2053
            ],
            [
              -73.9415,
              5.2107
            ],
            [
              -73.9262,
              5.2354
            ],
            [
              -73.8977,
              5.2519
            ],
            [
              -73.8912,
              5.2695
            ],
            [
              -73.8673,
              5.2816
            ],
            [
              -73.8888,
              5.3027
            ],
            [
              -73.8866,
              5.3171
            ],
            [
              -73.8754,
              5.3129
            ],
            [
              -73.8711,
              5.3219
            ],
            [
              -73.8502,
              5.3282
            ],
            [
              -73.8506,
              5.3519
            ],
            [
              -73.8397,
              5.3676
            ],
            [
              -73.858,
              5.3822
            ],
            [
              -73.8648,
              5.3942
            ],
            [
              -73.8558,
              5.4037
            ],
            [
              -73.8612,
              5.4186
            ],
            [
              -73.8753,
              5.4332
            ],
            [
              -73.8879,
              5.4366
            ],
            [
              -73.8824,
              5.458
            ],
            [
              -73.8672,
              5.462
            ]
          ]
        ]
      },
      "properties": {
        "OBJECTID": 472,
        "DPTO_CCDGO": "15",
        "MPIO_CCDGO": "154",
        "name": "15040",
        "MPIO_CRSLC": "1857",
        "MPIO_NANO_": 1993,
        "MPIO_NAREA": 302.33412082,
        "MPIO_CSMBL": "4",
        "MPIO_CCNCT": "25154",
        "MPIO_NANO": 2012,
        "SHAPE_Leng": 0.896583460946,
        "SHAPE_Area": 0.0246659173636,
        "NOMBRE": "CARMEN DE CARUPA",
        "DANE": {
          "dpto_ccdgo": "25",
          "mpio_ccdgo": "154",
          "mpio_cdpmp": "25154",
          "dpto_cnmbr": "CUNDINAMARCA",
          "mpio_cnmbr": "CARMEN DE CARUPA",
          "mpio_crslc": "1857",
          "mpio_tipo": "MUNICIPIO",
          "mpio_narea": 298.549064061,
          "mpio_nano": 2024,
          "shape_Leng": 0.943872902939,
          "shape_Area": 0.0243570802653
        }
      }
    },
    {
      "type": "Feature",
      "geometry": {
        "type": "Polygon",
        "coordinates": [
          [
            [
              -74.552,
              4.9647
            ],
            [
              -74.5619,
              4.9824
            ],
            [
              -74.5618,
              4.9964
            ],
            [
              -74.5878,
              4.9953
            ],
            [
              -74.6186,
              5.0057
            ],
            [
              -74.6297,
              4.9994
            ],
            [
              -74.6353,
              5.0053
            ],
            [
              -74.66,
              4.9933
            ],
            [
              -74.6731,
              4.9957
            ],
            [
              -74.6833,
              5.005
            ],
            [
              -74.7047,
              5.0122
            ],
            [
              -74.7217,
              5.0095
            ],
            [
              -74.7311,
              4.9968
            ],
            [
              -74.7212,
              4.9949
            ],
            [
              -74.7059,
              4.9814
            ],
            [
              -74.7147,
              4.9722
            ],
            [
              -74.7278,
              4.9771
            ],
            [
              -74.729,
              4.9646
            ],
            [
              -74.7242,
              4.9512
            ],
            [
              -74.7114,
              4.9552
            ],
            [
              -74.6919,
              4.951
            ],
            [
              -74.6727,
              4.9404
            ],
            [
              -74.6676,
              4.9229
            ],
            [
              -74.6567,
              4.9079
            ],
            [
              -74.6435,
              4.8964
            ],
            [
              -74.6268,
              4.8928
            ],
            [
              -74.6026,
              4.896
            ],
            [
              -74.5768,
              4.889
            ],
            [
              -74.565,
              4.903
            ],
            [
              -74.5634,
              4.9422
            ],
            [
              -74.552,
              4.9647
            ]
          ]
        ]
      },
      "properties": {
        "OBJECTID": 473,
        "DPTO_CCDGO": "15",
        "MPIO_CCDGO": "168",
        "name": "15052",
        "MPIO_CRSLC": "1700",
        "MPIO_NANO_": 1993,
        "MPIO_NAREA": 162.18239904,
        "MPIO_CSMBL": "4",
        "MPIO_CCNCT": "25168",
        "MPIO_NANO": 2012,
        "SHAPE_Leng": 0.611450632029,
        "SHAPE_Area": 0.0132227038598,
        "NOMBRE": "CHAGUANI",
        "DANE": {
          "dpto_ccdgo": "25",
          "mpio_ccdgo": "168",
          "mpio_cdpmp": "25168",
          "dpto_cnmbr": "CUNDINAMARCA",
          "mpio_cnmbr": "CHAGUANÍ",
          "mpio_crslc": "1700",
          "mpio_tipo": "MUNICIPIO",
          "mpio_narea": 172.026722569,
          "mpio_nano": 2024,
          "shape_Leng": 0.654525867461,
          "shape_Area": 0.0140252990973
        }
      }
    },
    {
      "type": "Feature",
      "geometry": {
        "type": "Polygon",
        "coordinates": [
          [
            [
              -74.0067,
              4.8232
            ],
            [
              -73.9984,
              4.848
            ],
            [
              -73.9946,
              4.8498
            ],
            [
              -73.9849,
              4.8942
            ],
            [
              -73.9895,
              4.903
            ],
            [
              -74.0064,
              4.9179
            ],
            [
              -74.0052,
              4.9033
            ],
            [
              -74.0171,
              4.895
            ],
            [
              -74.0217,
              4.8848
            ],
            [
              -74.0457,
              4.8928
            ],
            [
              -74.0705,
              4.9104
            ],
            [
              -74.0769,
              4.9112
            ],
            [
              -74.0825,
              4.8929
            ],
            [
              -74.0833,
              4.8703
            ],
            [
              -74.0942,
              4.8491
            ],
            [
              -74.082,
              4.835
            ],
            [
              -74.0522,
              4.8328
            ],
            [
              -74.0315,
              4.8235
            ],
            [
              -74.0067,
              4.8232
            ]
          ]
        ]
      },
      "properties": {
        "OBJECTID": 474,
        "DPTO_CCDGO": "15",
        "MPIO_CCDGO": "175",
        "name": "15055",
        "MPIO_CRSLC": "1700",
        "MPIO_NANO_": 1993,
        "MPIO_NAREA": 79.76021286,
        "MPIO_CSMBL": "4",
        "MPIO_CCNCT": "25175",
        "MPIO_NANO": 2012,
        "SHAPE_Leng": 0.500423159619,
        "SHAPE_Area": 0.00650259535453,
        "NOMBRE": "CHIA",
        "DANE": {
          "dpto_ccdgo": "25",
          "mpio_ccdgo": "175",
          "mpio_cdpmp": "25175",
          "dpto_cnmbr": "CUNDINAMARCA",
          "mpio_cnmbr": "CHÍA",
          "mpio_crslc": "1700",
          "mpio_tipo": "MUNICIPIO",
          "mpio_narea": 80.4780787508,
          "mpio_nano": 2024,
          "shape_Leng": 0.505372991929,
          "shape_Area": 0.00656112077357
        }
      }
    },
    {
      "type": "Feature",
      "geometry": {
        "type": "Polygon",
        "coordinates": [
          [
            [
              -74.0483,
              4.5128
            ],
            [
              -74.0737,
              4.5083
            ],
            [
              -74.0764,
              4.4624
            ],
            [
              -74.0919,
              4.4589
            ],
            [
              -74.1094,
              4.4424
            ],
            [
              -74.1168,
              4.4044
            ],
            [
              -74.1113,
              4.3858
            ],
            [
              -74.0977,
              4.3799
            ],
            [
              -74.0944,
              4.3633
            ],
            [
              -74.0982,
              4.3456
            ],
            [
              -74.1191,
              4.3109
            ],
            [
              -74.0993,
              4.3033
            ],
            [
              -74.0853,
              4.3108
            ],
            [
              -74.0814,
              4.3198
            ],
            [
              -74.085,
              4.3366
            ],
            [
              -74.0819,
              4.3498
            ],
            [
              -74.073,
              4.347
            ],
            [
              -74.0525,
              4.3628
            ],
            [
              -74.059,
              4.3798
            ],
            [
              -74.0581,
              4.4075
            ],
            [
              -74.0346,
              4.4269
            ],
            [
              -74.0048,
              4.4297
            ],
            [
              -73.9908,
              4.4186
            ],
            [
              -73.9803,
              4.4528
            ],
            [
              -73.9736,
              4.4575
            ],
            [
              -73.984,
              4.4637
            ],
            [
              -73.9841,
              4.4742
            ],
            [
              -74.0104,
              4.4843
            ],
            [
              -74.0252,
              4.4865
            ],
            [
              -74.0483,
              4.5128
            ]
          ]
        ]
      },
      "properties": {
        "OBJECTID": 475,
        "DPTO_CCDGO": "15",
        "MPIO_CCDGO": "178",
        "name": "15058",
        "MPIO_CRSLC": "1852",
        "MPIO_NANO_": 1993,
        "MPIO_NAREA": 136.80949457,
        "MPIO_CSMBL": "4",
        "MPIO_CCNCT": "25178",
        "MPIO_NANO": 2012,
        "SHAPE_Leng": 0.67044366706,
        "SHAPE_Area": 0.0111468804611,
        "NOMBRE": "CHIPAQUE",
        "DANE": {
          "dpto_ccdgo": "25",
          "mpio_ccdgo": "178",
          "mpio_cdpmp": "25178",
          "dpto_cnmbr": "CUNDINAMARCA",
          "mpio_cnmbr": "CHIPAQUE",
          "mpio_crslc": "1852",
          "mpio_tipo": "MUNICIPIO",
          "mpio_narea": 150.549554102,
          "mpio_nano": 2024,
          "shape_Leng": 0.729764792852,
          "shape_Area": 0.0122663804105
        }
      }
    },
    {
      "type": "Feature",
      "geometry": {
        "type": "Polygon",
        "coordinates": [
          [
            [
              -73.7928,
              4.6377
            ],
            [
              -73.8103,
              4.641
            ],
            [
              -73.8558,
              4.6366
            ],
            [
              -73.8741,
              4.6399
            ],
            [
              -73.8872,
              4.634
            ],
            [
              -73.8931,
              4.6193
            ],
            [
              -73.9017,
              4.6107
            ],
            [
              -73.9092,
              4.593
            ],
            [
              -73.9215,
              4.5998
            ],
            [
              -73.9316,
              4.6182
            ],
            [
              -73.9416,
              4.6228
            ],
            [
              -73.9447,
              4.6417
            ],
            [
              -73.956,
              4.6543
            ],
            [
              -73.9666,
              4.6422
            ],
            [
              -73.9875,
              4.6312
            ],
            [
              -73.9971,
              4.6061
            ],
            [
              -73.9942,
              4.6009
            ],
            [
              -74.0034,
              4.586
            ],
            [
              -74.0053,
              4.5606
            ],
            [
              -73.9842,
              4.551
            ],
            [
              -73.9815,
              4.5394
            ],
            [
              -73.9661,
              4.5334
            ],
            [
              -73.9586,
              4.5091
            ],
            [
              -73.9435,
              4.5041
            ],
            [
              -73.9338,
              4.5098
            ],
            [
              -73.9046,
              4.5006
            ],
            [
              -73.9056,
              4.5251
            ],
            [
              -73.8908,
              4.5323
            ],
            [
              -73.8847,
              4.5406
            ],
            [
              -73.8684,
              4.5438
            ],
            [
              -73.8417,
              4.574
            ],
            [
              -73.8271,
              4.584
            ],
            [
              -73.8018,
              4.6194
            ],
            [
              -73.7928,
              4.6377
            ]
          ]
        ]
      },
      "properties": {
        "OBJECTID": 476,
        "DPTO_CCDGO": "15",
        "MPIO_CCDGO": "181",
        "name": "15061",
        "MPIO_CRSLC": "1700",
        "MPIO_NANO_": 1993,
        "MPIO_NAREA": 213.24176594,
        "MPIO_CSMBL": "4",
        "MPIO_CCNCT": "25181",
        "MPIO_NANO": 2012,
        "SHAPE_Leng": 0.755999256287,
        "SHAPE_Area": 0.0173778679282,
        "NOMBRE": "CHOACHI",
        "DANE": {
          "dpto_ccdgo": "25",
          "mpio_ccdgo": "181",
          "mpio_cdpmp": "25181",
          "dpto_cnmbr": "CUNDINAMARCA",
          "mpio_cnmbr": "CHOACHÍ",
          "mpio_crslc": "1700",
          "mpio_tipo": "MUNICIPIO",
          "mpio_narea": 212.420096278,
          "mpio_nano": 2024,
          "shape_Leng": 0.75216450808,
          "shape_Area": 0.0173109184097
        }
      }
    },
    {
      "type": "Feature",
      "geometry": {
        "type": "Polygon",
        "coordinates": [
          [
            [
              -73.5367,
              5.1322
            ],
            [
              -73.5505,
              5.1542
            ],
            [
              -73.5724,
              5.1646
            ],
            [
              -73.5759,
              5.1583
            ],
            [
              -73.5999,
              5.1667
            ],
            [
              -73.6082,
              5.1802
            ],
            [
              -73.6273,
              5.1879
            ],
            [
              -73.6383,
              5.2011
            ],
            [
              -73.6438,
              5.2163
            ],
            [
              -73.6545,
              5.2261
            ],
            [
              -73.6538,
              5.2407
            ],
            [
              -73.662,
              5.2431
            ],
            [
              -73.6731,
              5.2324
            ],
            [
              -73.6844,
              5.2287
            ],
            [
              -73.6897,
              5.216
            ],
            [
              -73.7048,
              5.2005
            ],
            [
              -73.7336,
              5.1569
            ],
            [
              -73.7479,
              5.1559
            ],
            [
              -73.757,
              5.1677
            ],
            [
              -73.7691,
              5.1385
            ],
            [
              -73.7612,
              5.1342
            ],
            [
              -73.7394,
              5.0893
            ],
            [
              -73.7511,
              5.0844
            ],
            [
              -73.742,
              5.0699
            ],
            [
              -73.7605,
              5.0511
            ],
            [
              -73.7672,
              5.0312
            ],
            [
              -73.747,
              5.0278
            ],
            [
              -73.746,
              5.0177
            ],
            [
              -73.7276,
              5.0078
            ],
            [
              -73.7075,
              5.0027
            ],
            [
              -73.6995,
              4.9906
            ],
            [
              -73.6876,
              4.9835
            ],
            [
              -73.6839,
              4.9928
            ],
            [
              -73.6887,
              5.0038
            ],
            [
              -73.6848,
              5.017
            ],
            [
              -73.6751,
              5.0245
            ],
            [
              -73.6718,
              5.042
            ],
            [
              -73.6633,
              5.0492
            ],
            [
              -73.6377,
              5.0916
            ],
            [
              -73.6278,
              5.114
            ],
            [
              -73.6169,
              5.1197
            ],
            [
              -73.617,
              5.1317
            ],
            [
              -73.5941,
              5.1488
            ],
            [
              -73.5806,
              5.1495
            ],
            [
              -73.5632,
              5.1376
            ],
            [
              -73.5557,
              5.1258
            ],
            [
              -73.5562,
              5.1121
            ],
            [
              -73.5464,
              5.1093
            ],
            [
              -73.538,
              5.1228
            ],
            [
              -73.5367,
              5.1322
            ]
          ]
        ]
      },
      "properties": {
        "OBJECTID": 477,
        "DPTO_CCDGO": "15",
        "MPIO_CCDGO": "183",
        "name": "15064",
        "MPIO_CRSLC": "1810",
        "MPIO_NANO_": 1993,
        "MPIO_NAREA": 301.03964905,
        "MPIO_CSMBL": "4",
        "MPIO_CCNCT": "25183",
        "MPIO_NANO": 2012,
        "SHAPE_Leng": 1.06204063769,
        "SHAPE_Area": 0.0245508102517,
        "NOMBRE": "CHOCONTA",
        "DANE": {
          "dpto_ccdgo": "25",
          "mpio_ccdgo": "183",
          "mpio_cdpmp": "25183",
          "dpto_cnmbr": "CUNDINAMARCA",
          "mpio_cnmbr": "CHOCONTÁ",
          "mpio_crslc": "1810",
          "mpio_tipo": "MUNICIPIO",
          "mpio_narea": 300.108735491,
          "mpio_nano": 2024,
          "shape_Leng": 1.04676617039,
          "shape_Area": 0.024474926897
        }
      }
    },
    {
      "type": "Feature",
      "geometry": {
        "type": "Polygon",
        "coordinates": [
          [
            [
              -73.9063,
              5.133
            ],
            [
              -73.9306,
              5.152
            ],
            [
              -73.94,
              5.1415
            ],
            [
              -73.9431,
              5.1283
            ],
            [
              -74.0019,
              5.1644
            ],
            [
              -74.0179,
              5.1603
            ],
            [
              -74.0255,
              5.1804
            ],
            [
              -74.0455,
              5.1697
            ],
            [
              -74.0458,
              5.1582
            ],
            [
              -74.0376,
              5.1459
            ],
            [
              -74.0392,
              5.1365
            ],
            [
              -74.0071,
              5.127
            ],
            [
              -74.016,
              5.1081
            ],
            [
              -74.0062,
              5.1006
            ],
            [
              -74.0098,
              5.0866
            ],
            [
              -74.0199,
              5.076
            ],
            [
              -74.0206,
              5.0624
            ],
            [
              -74.0143,
              5.0488
            ],
            [
              -73.9956,
              5.0473
            ],
            [
              -73.9639,
              5.04
            ],
            [
              -73.9356,
              5.0435
            ],
            [
              -73.9249,
              5.055
            ],
            [
              -73.9316,
              5.0626
            ],
            [
              -73.9321,
              5.0855
            ],
            [
              -73.9096,
              5.1113
            ],
            [
              -73.9063,
              5.133
            ]
          ]
        ]
      },
      "properties": {
        "OBJECTID": 478,
        "DPTO_CCDGO": "15",
        "MPIO_CCDGO": "200",
        "name": "15043",
        "MPIO_CRSLC": "1604",
        "MPIO_NANO_": 1993,
        "MPIO_NAREA": 133.25238107,
        "MPIO_CSMBL": "4",
        "MPIO_CCNCT": "25200",
        "MPIO_NANO": 2012,
        "SHAPE_Leng": 0.645487285257,
        "SHAPE_Area": 0.0108674423716,
        "NOMBRE": "COGUA",
        "DANE": {
          "dpto_ccdgo": "25",
          "mpio_ccdgo": "200",
          "mpio_cdpmp": "25200",
          "dpto_cnmbr": "CUNDINAMARCA",
          "mpio_cnmbr": "COGUA",
          "mpio_crslc": "1604",
          "mpio_tipo": "MUNICIPIO",
          "mpio_narea": 132.858468856,
          "mpio_nano": 2024,
          "shape_Leng": 0.683982332496,
          "shape_Area": 0.0108353102895
        }
      }
    },
    {
      "type": "Feature",
      "geometry": {
        "type": "Polygon",
        "coordinates": [
          [
            [
              -74.082,
              4.835
            ],
            [
              -74.0942,
              4.8491
            ],
            [
              -74.1113,
              4.8318
            ],
            [
              -74.1198,
              4.8147
            ],
            [
              -74.1334,
              4.8139
            ],
            [
              -74.1465,
              4.8011
            ],
            [
              -74.1611,
              4.7771
            ],
            [
              -74.1529,
              4.7634
            ],
            [
              -74.1629,
              4.75
            ],
            [
              -74.1495,
              4.7413
            ],
            [
              -74.1568,
              4.7254
            ],
            [
              -74.1295,
              4.7304
            ],
            [
              -74.13,
              4.746
            ],
            [
              -74.1169,
              4.7618
            ],
            [
              -74.1149,
              4.7855
            ],
            [
              -74.1053,
              4.7968
            ],
            [
              -74.0799,
              4.8084
            ],
            [
              -74.082,
              4.835
            ]
          ]
        ]
      },
      "properties": {
        "OBJECTID": 479,
        "DPTO_CCDGO": "15",
        "MPIO_CCDGO": "214",
        "name": "15046",
        "MPIO_CRSLC": "1638",
        "MPIO_NANO_": 1993,
        "MPIO_NAREA": 56.10827876,
        "MPIO_CSMBL": "4",
        "MPIO_CCNCT": "25214",
        "MPIO_NANO": 2012,
        "SHAPE_Leng": 0.525122208975,
        "SHAPE_Area": 0.00457381560736,
        "NOMBRE": "COTA",
        "DANE": {
          "dpto_ccdgo": "25",
          "mpio_ccdgo": "214",
          "mpio_cdpmp": "25214",
          "dpto_cnmbr": "CUNDINAMARCA",
          "mpio_cnmbr": "COTA",
          "mpio_crslc": "1638",
          "mpio_tipo": "MUNICIPIO",
          "mpio_narea": 53.7106061101,
          "mpio_nano": 2024,
          "shape_Leng": 0.520669958296,
          "shape_Area": 0.00437836858908
        }
      }
    },
    {
      "type": "Feature",
      "geometry": {
        "type": "Polygon",
        "coordinates": [
          [
            [
              -73.6844,
              5.2287
            ],
            [
              -73.6978,
              5.2421
            ],
            [
              -73.7138,
              5.249
            ],
            [
              -73.7216,
              5.2455
            ],
            [
              -73.7288,
              5.2606
            ],
            [
              -73.7467,
              5.2834
            ],
            [
              -73.7656,
              5.2981
            ],
            [
              -73.7915,
              5.2796
            ],
            [
              -73.7934,
              5.2669
            ],
            [
              -73.8046,
              5.2591
            ],
            [
              -73.8134,
              5.2407
            ],
            [
              -73.8272,
              5.2337
            ],
            [
              -73.8247,
              5.2231
            ],
            [
              -73.8345,
              5.2131
            ],
            [
              -73.8471,
              5.2117
            ],
            [
              -73.8467,
              5.1941
            ],
            [
              -73.8392,
              5.1843
            ],
            [
              -73.8382,
              5.1645
            ],
            [
              -73.8272,
              5.1757
            ],
            [
              -73.8062,
              5.1677
            ],
            [
              -73.7941,
              5.182
            ],
            [
              -73.7853,
              5.1842
            ],
            [
              -73.7495,
              5.2195
            ],
            [
              -73.7387,
              5.2142
            ],
            [
              -73.7202,
              5.2228
            ],
            [
              -73.7139,
              5.2318
            ],
            [
              -73.6969,
              5.2328
            ],
            [
              -73.6844,
              5.2287
            ]
          ]
        ]
      },
      "properties": {
        "OBJECTID": 480,
        "DPTO_CCDGO": "15",
        "MPIO_CCDGO": "224",
        "name": "15049",
        "MPIO_CRSLC": "1700",
        "MPIO_NANO_": 1993,
        "MPIO_NAREA": 110.16209344,
        "MPIO_CSMBL": "4",
        "MPIO_CCNCT": "25224",
        "MPIO_NANO": 2012,
        "SHAPE_Leng": 0.553777942754,
        "SHAPE_Area": 0.00898584464875,
        "NOMBRE": "CUCUNUBA",
        "DANE": {
          "dpto_ccdgo": "25",
          "mpio_ccdgo": "224",
          "mpio_cdpmp": "25224",
          "dpto_cnmbr": "CUNDINAMARCA",
          "mpio_cnmbr": "CUCUNUBÁ",
          "mpio_crslc": "1700",
          "mpio_tipo": "MUNICIPIO",
          "mpio_narea": 109.840173636,
          "mpio_nano": 2024,
          "shape_Leng": 0.555568587698,
          "shape_Area": 0.00895958378044
        }
      }
    },
    {
      "type": "Feature",
      "geometry": {
        "type": "Polygon",
        "coordinates": [
          [
            [
              -74.3945,
              4.6231
            ],
            [
              -74.4036,
              4.6257
            ],
            [
              -74.4196,
              4.6182
            ],
            [
              -74.4362,
              4.5992
            ],
            [
              -74.4454,
              4.5977
            ],
            [
              -74.4714,
              4.5852
            ],
            [
              -74.4776,
              4.5755
            ],
            [
              -74.4892,
              4.5684
            ],
            [
              -74.4855,
              4.5596
            ],
            [
              -74.4904,
              4.5451
            ],
            [
              -74.4793,
              4.5316
            ],
            [
              -74.464,
              4.5285
            ],
            [
              -74.4653,
              4.5013
            ],
            [
              -74.4694,
              4.4969
            ],
            [
              -74.4483,
              4.5071
            ],
            [
              -74.4302,
              4.5021
            ],
            [
              -74.4281,
              4.5121
            ],
            [
              -74.4129,
              4.5228
            ],
            [
              -74.4006,
              4.5193
            ],
            [
              -74.3943,
              4.5001
            ],
            [
              -74.3872,
              4.5073
            ],
            [
              -74.37,
              4.5372
            ],
            [
              -74.3733,
              4.5468
            ],
            [
              -74.3641,
              4.5572
            ],
            [
              -74.373,
              4.5729
            ],
            [
              -74.3849,
              4.5795
            ],
            [
              -74.3955,
              4.6121
            ],
            [
              -74.3945,
              4.6231
            ]
          ]
        ]
      },
      "properties": {
        "OBJECTID": 481,
        "DPTO_CCDGO": "15",
        "MPIO_CCDGO": "245",
        "name": "15067",
        "MPIO_CRSLC": "1653",
        "MPIO_NANO_": 1993,
        "MPIO_NAREA": 118.78979682,
        "MPIO_CSMBL": "4",
        "MPIO_CCNCT": "25245",
        "MPIO_NANO": 2012,
        "SHAPE_Leng": 0.519464738986,
        "SHAPE_Area": 0.00968001388852,
        "NOMBRE": "EL COLEGIO",
        "DANE": {
          "dpto_ccdgo": "25",
          "mpio_ccdgo": "245",
          "mpio_cdpmp": "25245",
          "dpto_cnmbr": "CUNDINAMARCA",
          "mpio_cnmbr": "EL COLEGIO",
          "mpio_crslc": "1653",
          "mpio_tipo": "MUNICIPIO",
          "mpio_narea": 118.279645049,
          "mpio_nano": 2024,
          "shape_Leng": 0.521233445388,
          "shape_Area": 0.00963844196212
        }
      }
    },
    {
      "type": "Feature",
      "geometry": {
        "type": "Polygon",
        "coordinates": [
          [
            [
              -74.2492,
              5.2768
            ],
            [
              -74.2628,
              5.3152
            ],
            [
              -74.2749,
              5.3171
            ],
            [
              -74.2937,
              5.3028
            ],
            [
              -74.3043,
              5.3056
            ],
            [
              -74.3284,
              5.3398
            ],
            [
              -74.3477,
              5.3288
            ],
            [
              -74.358,
              5.3314
            ],
            [
              -74.3603,
              5.3131
            ],
            [
              -74.3453,
              5.3041
            ],
            [
              -74.3357,
              5.2913
            ],
            [
              -74.34,
              5.2774
            ],
            [
              -74.3407,
              5.2536
            ],
            [
              -74.3553,
              5.2559
            ],
            [
              -74.3545,
              5.2436
            ],
            [
              -74.3623,
              5.2377
            ],
            [
              -74.3611,
              5.2218
            ],
            [
              -74.3696,
              5.2001
            ],
            [
              -74.3596,
              5.2047
            ],
            [
              -74.3401,
              5.2002
            ],
            [
              -74.3205,
              5.1952
            ],
            [
              -74.3108,
              5.2023
            ],
            [
              -74.3006,
              5.1924
            ],
            [
              -74.2959,
              5.1936
            ],
            [
              -74.2855,
              5.2137
            ],
            [
              -74.2851,
              5.2279
            ],
            [
              -74.2787,
              5.2312
            ],
            [
              -74.257,
              5.229
            ],
            [
              -74.2487,
              5.2426
            ],
            [
              -74.2492,
              5.2768
            ]
          ]
        ]
      },
      "properties": {
        "OBJECTID": 482,
        "DPTO_CCDGO": "15",
        "MPIO_CCDGO": "258",
        "name": "15070",
        "MPIO_CRSLC": "Ordenanza 14 del 12 de Mayo de 1903",
        "MPIO_NANO_": 1993,
        "MPIO_NAREA": 133.67155077,
        "MPIO_CSMBL": "4",
        "MPIO_CCNCT": "25258",
        "MPIO_NANO": 2012,
        "SHAPE_Leng": 0.650175859339,
        "SHAPE_Area": 0.0109041557021,
        "NOMBRE": "EL PEÑON",
        "DANE": {
          "dpto_ccdgo": "25",
          "mpio_ccdgo": "258",
          "mpio_cdpmp": "25258",
          "dpto_cnmbr": "CUNDINAMARCA",
          "mpio_cnmbr": "EL PEÑÓN",
          "mpio_crslc": "Ordenanza 14 del 12 de Mayo de 1903",
          "mpio_tipo": "MUNICIPIO",
          "mpio_narea": 134.090998334,
          "mpio_nano": 2024,
          "shape_Leng": 0.698073768777,
          "shape_Area": 0.0109383608991
        }
      }
    },
    {
      "type": "Feature",
      "geometry": {
        "type": "Polygon",
        "coordinates": [
          [
            [
              -74.2309,
              4.9445
            ],
            [
              -74.235,
              4.9487
            ],
            [
              -74.2602,
              4.9247
            ],
            [
              -74.2763,
              4.8965
            ],
            [
              -74.2844,
              4.8755
            ],
            [
              -74.2681,
              4.8479
            ],
            [
              -74.2604,
              4.8232
            ],
            [
              -74.2393,
              4.8217
            ],
            [
              -74.2285,
              4.8274
            ],
            [
              -74.2016,
              4.8568
            ],
            [
              -74.1911,
              4.8646
            ],
            [
              -74.1872,
              4.8823
            ],
            [
              -74.1974,
              4.8893
            ],
            [
              -74.2093,
              4.9069
            ],
            [
              -74.22,
              4.9159
            ],
            [
              -74.2243,
              4.9393
            ],
            [
              -74.2309,
              4.9445
            ]
          ]
        ]
      },
      "properties": {
        "OBJECTID": 483,
        "DPTO_CCDGO": "15",
        "MPIO_CCDGO": "260",
        "name": "15072",
        "MPIO_CRSLC": "ORD 25 DE SEPTIEMBRE 25 DE 1997",
        "MPIO_NANO_": 1997,
        "MPIO_NAREA": 86.00751166,
        "MPIO_CSMBL": "4",
        "MPIO_CCNCT": "25260",
        "MPIO_NANO": 2012,
        "SHAPE_Leng": 0.38227357314,
        "SHAPE_Area": 0.00701200390427,
        "NOMBRE": "EL ROSAL",
        "DANE": {
          "dpto_ccdgo": "25",
          "mpio_ccdgo": "260",
          "mpio_cdpmp": "25260",
          "dpto_cnmbr": "CUNDINAMARCA",
          "mpio_cnmbr": "EL ROSAL",
          "mpio_crslc": "ORD 25 DE SEPTIEMBRE 25 DE 1997",
          "mpio_tipo": "MUNICIPIO",
          "mpio_narea": 87.2381769324,
          "mpio_nano": 2024,
          "shape_Leng": 0.426641493214,
          "shape_Area": 0.00711234395694
        }
      }
    },
    {
      "type": "Feature",
      "geometry": {
        "type": "Polygon",
        "coordinates": [
          [
            [
              -74.3225,
              4.8861
            ],
            [
              -74.3349,
              4.8948
            ],
            [
              -74.357,
              4.894
            ],
            [
              -74.3736,
              4.8713
            ],
            [
              -74.3855,
              4.8715
            ],
            [
              -74.403,
              4.8805
            ],
            [
              -74.4193,
              4.8763
            ],
            [
              -74.4199,
              4.8665
            ],
            [
              -74.4104,
              4.859
            ],
            [
              -74.4137,
              4.8414
            ],
            [
              -74.4207,
              4.8388
            ],
            [
              -74.4072,
              4.8365
            ],
            [
              -74.396,
              4.8161
            ],
            [
              -74.3946,
              4.8037
            ],
            [
              -74.342,
              4.7757
            ],
            [
              -74.3467,
              4.7628
            ],
            [
              -74.3279,
              4.7647
            ],
            [
              -74.3165,
              4.7827
            ],
            [
              -74.2953,
              4.793
            ],
            [
              -74.2812,
              4.7866
            ],
            [
              -74.2724,
              4.7902
            ],
            [
              -74.2656,
              4.8048
            ],
            [
              -74.267,
              4.8154
            ],
            [
              -74.2604,
              4.8232
            ],
            [
              -74.2681,
              4.8479
            ],
            [
              -74.2844,
              4.8755
            ],
            [
              -74.3004,
              4.8692
            ],
            [
              -74.3153,
              4.8736
            ],
            [
              -74.3225,
              4.8861
            ]
          ]
        ]
      },
      "properties": {
        "OBJECTID": 484,
        "DPTO_CCDGO": "15",
        "MPIO_CCDGO": "269",
        "name": "15076",
        "MPIO_CRSLC": "1600",
        "MPIO_NANO_": 1993,
        "MPIO_NAREA": 155.20014033,
        "MPIO_CSMBL": "4",
        "MPIO_CCNCT": "25269",
        "MPIO_NANO": 2012,
        "SHAPE_Leng": 0.602981530228,
        "SHAPE_Area": 0.012652125065,
        "NOMBRE": "FACATATIVA",
        "DANE": {
          "dpto_ccdgo": "25",
          "mpio_ccdgo": "269",
          "mpio_cdpmp": "25269",
          "dpto_cnmbr": "CUNDINAMARCA",
          "mpio_cnmbr": "FACATATIVÁ",
          "mpio_crslc": "1600",
          "mpio_tipo": "MUNICIPIO",
          "mpio_narea": 157.99553938,
          "mpio_nano": 2024,
          "shape_Leng": 0.674148597784,
          "shape_Area": 0.0128800237238
        }
      }
    },
    {
      "type": "Feature",
      "geometry": {
        "type": "Polygon",
        "coordinates": [
          [
            [
              -73.6688,
              4.5399
            ],
            [
              -73.6962,
              4.5611
            ],
            [
              -73.6994,
              4.5706
            ],
            [
              -73.6959,
              4.6025
            ],
            [
              -73.7005,
              4.6235
            ],
            [
              -73.7172,
              4.6433
            ],
            [
              -73.7454,
              4.6707
            ],
            [
              -73.767,
              4.6886
            ],
            [
              -73.793,
              4.6812
            ],
            [
              -73.7946,
              4.6631
            ],
            [
              -73.7928,
              4.6377
            ],
            [
              -73.8018,
              4.6194
            ],
            [
              -73.8271,
              4.584
            ],
            [
              -73.8417,
              4.574
            ],
            [
              -73.8684,
              4.5438
            ],
            [
              -73.8847,
              4.5406
            ],
            [
              -73.8908,
              4.5323
            ],
            [
              -73.9056,
              4.5251
            ],
            [
              -73.9046,
              4.5006
            ],
            [
              -73.9119,
              4.4883
            ],
            [
              -73.9017,
              4.4682
            ],
            [
              -73.9037,
              4.4411
            ],
            [
              -73.904,
              4.418
            ],
            [
              -73.9007,
              4.411
            ],
            [
              -73.8756,
              4.3856
            ],
            [
              -73.8725,
              4.3822
            ],
            [
              -73.8449,
              4.4069
            ],
            [
              -73.8088,
              4.3959
            ],
            [
              -73.8116,
              4.4018
            ],
            [
              -73.807,
              4.4222
            ],
            [
              -73.7833,
              4.4483
            ],
            [
              -73.7642,
              4.4498
            ],
            [
              -73.7552,
              4.4618
            ],
            [
              -73.7453,
              4.4553
            ],
            [
              -73.7341,
              4.4707
            ],
            [
              -73.7332,
              4.4883
            ],
            [
              -73.7277,
              4.5027
            ],
            [
              -73.7137,
              4.5151
            ],
            [
              -73.6913,
              4.5174
            ],
            [
              -73.6858,
              4.5298
            ],
            [
              -73.6688,
              4.5399
            ]
          ]
        ]
      },
      "properties": {
        "OBJECTID": 485,
        "DPTO_CCDGO": "15",
        "MPIO_CCDGO": "279",
        "name": "15079",
        "MPIO_CRSLC": "1593",
        "MPIO_NANO_": 1993,
        "MPIO_NAREA": 486.89141618,
        "MPIO_CSMBL": "4",
        "MPIO_CCNCT": "25279",
        "MPIO_NANO": 2012,
        "SHAPE_Leng": 1.10927255833,
        "SHAPE_Area": 0.0396750006123,
        "NOMBRE": "FOMEQUE",
        "DANE": {
          "dpto_ccdgo": "25",
          "mpio_ccdgo": "279",
          "mpio_cdpmp": "25279",
          "dpto_cnmbr": "CUNDINAMARCA",
          "mpio_cnmbr": "FÓMEQUE",
          "mpio_crslc": "1593",
          "mpio_tipo": "MUNICIPIO",
          "mpio_narea": 460.17535169,
          "mpio_nano": 2024,
          "shape_Leng": 0.99203604931,
          "shape_Area": 0.0374980963343
        }
      }
    },
    {
      "type": "Feature",
      "geometry": {
        "type": "Polygon",
        "coordinates": [
          [
            [
              -73.8964,
              4.3492
            ],
            [
              -73.9186,
              4.3679
            ],
            [
              -73.9317,
              4.3681
            ],
            [
              -73.975,
              4.3527
            ],
            [
              -73.992,
              4.3552
            ],
            [
              -73.9894,
              4.3439
            ],
            [
              -73.9992,
              4.3361
            ],
            [
              -74.0089,
              4.3135
            ],
            [
              -74.018,
              4.3073
            ],
            [
              -74.0414,
              4.3051
            ],
            [
              -74.0429,
              4.2966
            ],
            [
              -74.0319,
              4.2969
            ],
            [
              -74.0147,
              4.2848
            ],
            [
              -74.0075,
              4.2913
            ],
            [
              -73.9927,
              4.2927
            ],
            [
              -73.9789,
              4.2863
            ],
            [
              -73.9685,
              4.2688
            ],
            [
              -73.9505,
              4.2752
            ],
            [
              -73.9191,
              4.2646
            ],
            [
              -73.9009,
              4.2705
            ],
            [
              -73.9115,
              4.293
            ],
            [
              -73.9035,
              4.3214
            ],
            [
              -73.8889,
              4.3398
            ],
            [
              -73.8964,
              4.3492
            ]
          ]
        ]
      },
      "properties": {
        "OBJECTID": 486,
        "DPTO_CCDGO": "15",
        "MPIO_CCDGO": "281",
        "name": "15085",
        "MPIO_CRSLC": "1900",
        "MPIO_NANO_": 1993,
        "MPIO_NAREA": 112.89940286,
        "MPIO_CSMBL": "4",
        "MPIO_CCNCT": "25281",
        "MPIO_NANO": 2012,
        "SHAPE_Leng": 0.481784172892,
        "SHAPE_Area": 0.00919740089704,
        "NOMBRE": "FOSCA",
        "DANE": {
          "dpto_ccdgo": "25",
          "mpio_ccdgo": "281",
          "mpio_cdpmp": "25281",
          "dpto_cnmbr": "CUNDINAMARCA",
          "mpio_cnmbr": "FOSCA",
          "mpio_crslc": "1900",
          "mpio_tipo": "MUNICIPIO",
          "mpio_narea": 111.203545249,
          "mpio_nano": 2024,
          "shape_Leng": 0.518048343188,
          "shape_Area": 0.00905923918435
        }
      }
    },
    {
      "type": "Feature",
      "geometry": {
        "type": "Polygon",
        "coordinates": [
          [
            [
              -74.2183,
              4.7937
            ],
            [
              -74.2445,
              4.7682
            ],
            [
              -74.2456,
              4.7543
            ],
            [
              -74.2273,
              4.7425
            ],
            [
              -74.2323,
              4.737
            ],
            [
              -74.2099,
              4.7011
            ],
            [
              -74.1723,
              4.6962
            ],
            [
              -74.1723,
              4.7114
            ],
            [
              -74.1568,
              4.7254
            ],
            [
              -74.1495,
              4.7413
            ],
            [
              -74.1629,
              4.75
            ],
            [
              -74.1725,
              4.7735
            ],
            [
              -74.1915,
              4.7696
            ],
            [
              -74.2007,
              4.7921
            ],
            [
              -74.2164,
              4.7771
            ],
            [
              -74.2183,
              4.7937
            ]
          ]
        ]
      },
      "properties": {
        "OBJECTID": 487,
        "DPTO_CCDGO": "15",
        "MPIO_CCDGO": "286",
        "name": "15088",
        "MPIO_CRSLC": "1537",
        "MPIO_NANO_": 1993,
        "MPIO_NAREA": 69.57642561,
        "MPIO_CSMBL": "4",
        "MPIO_CCNCT": "25286",
        "MPIO_NANO": 2012,
        "SHAPE_Leng": 0.431892354915,
        "SHAPE_Area": 0.0056713292187,
        "NOMBRE": "FUNZA",
        "DANE": {
          "dpto_ccdgo": "25",
          "mpio_ccdgo": "286",
          "mpio_cdpmp": "25286",
          "dpto_cnmbr": "CUNDINAMARCA",
          "mpio_cnmbr": "FUNZA",
          "mpio_crslc": "1537",
          "mpio_tipo": "MUNICIPIO",
          "mpio_narea": 67.7527655846,
          "mpio_nano": 2024,
          "shape_Leng": 0.409908903239,
          "shape_Area": 0.00552268587119
        }
      }
    },
    {
      "type": "Feature",
      "geometry": {
        "type": "Polygon",
        "coordinates": [
          [
            [
              -73.7195,
              5.4588
            ],
            [
              -73.718,
              5.4763
            ],
            [
              -73.7284,
              5.4792
            ],
            [
              -73.7435,
              5.471
            ],
            [
              -73.7702,
              5.4722
            ],
            [
              -73.7947,
              5.4353
            ],
            [
              -73.7917,
              5.4228
            ],
            [
              -73.804,
              5.4055
            ],
            [
              -73.8153,
              5.3972
            ],
            [
              -73.8161,
              5.3873
            ],
            [
              -73.8252,
              5.3743
            ],
            [
              -73.8009,
              5.3705
            ],
            [
              -73.7806,
              5.3391
            ],
            [
              -73.7741,
              5.351
            ],
            [
              -73.7744,
              5.3623
            ],
            [
              -73.757,
              5.3836
            ],
            [
              -73.7433,
              5.4115
            ],
            [
              -73.7441,
              5.4374
            ],
            [
              -73.7367,
              5.4404
            ],
            [
              -73.7195,
              5.4588
            ]
          ]
        ]
      },
      "properties": {
        "OBJECTID": 488,
        "DPTO_CCDGO": "15",
        "MPIO_CCDGO": "288",
        "name": "15091",
        "MPIO_CRSLC": "1638",
        "MPIO_NANO_": 1993,
        "MPIO_NAREA": 82.61129278,
        "MPIO_CSMBL": "4",
        "MPIO_CCNCT": "25288",
        "MPIO_NANO": 2012,
        "SHAPE_Leng": 0.479220651816,
        "SHAPE_Area": 0.00674055551425,
        "NOMBRE": "FUQUENE",
        "DANE": {
          "dpto_ccdgo": "25",
          "mpio_ccdgo": "288",
          "mpio_cdpmp": "25288",
          "dpto_cnmbr": "CUNDINAMARCA",
          "mpio_cnmbr": "FÚQUENE",
          "mpio_crslc": "1638",
          "mpio_tipo": "MUNICIPIO",
          "mpio_narea": 77.4612284433,
          "mpio_nano": 2024,
          "shape_Leng": 0.437688199622,
          "shape_Area": 0.0063203073653
        }
      }
    },
    {
      "type": "Feature",
      "geometry": {
        "type": "Polygon",
        "coordinates": [
          [
            [
              -74.2825,
              4.3794
            ],
            [
              -74.2823,
              4.3937
            ],
            [
              -74.2987,
              4.3957
            ],
            [
              -74.295,
              4.419
            ],
            [
              -74.2997,
              4.4269
            ],
            [
              -74.3187,
              4.4077
            ],
            [
              -74.3213,
              4.3897
            ],
            [
              -74.3424,
              4.3898
            ],
            [
              -74.3559,
              4.3997
            ],
            [
              -74.3878,
              4.3984
            ],
            [
              -74.4011,
              4.373
            ],
            [
              -74.4096,
              4.3705
            ],
            [
              -74.4202,
              4.3586
            ],
            [
              -74.4217,
              4.3503
            ],
            [
              -74.4358,
              4.3369
            ],
            [
              -74.4409,
              4.3231
            ],
            [
              -74.4645,
              4.2988
            ],
            [
              -74.4824,
              4.2889
            ],
            [
              -74.516,
              4.2758
            ],
            [
              -74.5329,
              4.2733
            ],
            [
              -74.5494,
              4.2608
            ],
            [
              -74.5412,
              4.2516
            ],
            [
              -74.5379,
              4.2541
            ],
            [
              -74.5106,
              4.2501
            ],
            [
              -74.4905,
              4.2576
            ],
            [
              -74.4794,
              4.272
            ],
            [
              -74.4579,
              4.2763
            ],
            [
              -74.4364,
              4.2863
            ],
            [
              -74.4304,
              4.2926
            ],
            [
              -74.4132,
              4.2875
            ],
            [
              -74.3893,
              4.2703
            ],
            [
              -74.3669,
              4.2631
            ],
            [
              -74.3621,
              4.2444
            ],
            [
              -74.3356,
              4.2278
            ],
            [
              -74.3308,
              4.241
            ],
            [
              -74.3361,
              4.2519
            ],
            [
              -74.3282,
              4.2661
            ],
            [
              -74.3398,
              4.2844
            ],
            [
              -74.352,
              4.2956
            ],
            [
              -74.343,
              4.3254
            ],
            [
              -74.3341,
              4.3377
            ],
            [
              -74.3307,
              4.3568
            ],
            [
              -74.3194,
              4.3863
            ],
            [
              -74.3067,
              4.3685
            ],
            [
              -74.2891,
              4.3687
            ],
            [
              -74.2825,
              4.3794
            ]
          ]
        ]
      },
      "properties": {
        "OBJECTID": 489,
        "DPTO_CCDGO": "15",
        "MPIO_CCDGO": "290",
        "name": "15094",
        "MPIO_CRSLC": "1771",
        "MPIO_NANO_": 1993,
        "MPIO_NAREA": 195.35347376,
        "MPIO_CSMBL": "4",
        "MPIO_CCNCT": "25290",
        "MPIO_NANO": 2012,
        "SHAPE_Leng": 0.996020210067,
        "SHAPE_Area": 0.0159142890541,
        "NOMBRE": "FUSAGASUGA",
        "DANE": {
          "dpto_ccdgo": "25",
          "mpio_ccdgo": "290",
          "mpio_cdpmp": "25290",
          "dpto_cnmbr": "CUNDINAMARCA",
          "mpio_cnmbr": "FUSAGASUGÁ",
          "mpio_crslc": "1771",
          "mpio_tipo": "MUNICIPIO",
          "mpio_narea": 193.95073697,
          "mpio_nano": 2024,
          "shape_Leng": 1.0263395098,
          "shape_Area": 0.0158000196719
        }
      }
    },
    {
      "type": "Feature",
      "geometry": {
        "type": "Polygon",
        "coordinates": [
          [
            [
              -73.3718,
              4.8008
            ],
            [
              -73.3821,
              4.7996
            ],
            [
              -73.3968,
              4.7776
            ],
            [
              -73.4132,
              4.7685
            ],
            [
              -73.4148,
              4.7513
            ],
            [
              -73.4279,
              4.7444
            ],
            [
              -73.4363,
              4.7483
            ],
            [
              -73.449,
              4.739
            ],
            [
              -73.4653,
              4.7393
            ],
            [
              -73.4748,
              4.7286
            ],
            [
              -73.5004,
              4.7181
            ],
            [
              -73.5348,
              4.7158
            ],
            [
              -73.5528,
              4.7054
            ],
            [
              -73.5629,
              4.6922
            ],
            [
              -73.5578,
              4.6842
            ],
            [
              -73.5683,
              4.6614
            ],
            [
              -73.6016,
              4.6625
            ],
            [
              -73.6161,
              4.6683
            ],
            [
              -73.6236,
              4.6593
            ],
            [
              -73.6227,
              4.6456
            ],
            [
              -73.6368,
              4.6255
            ],
            [
              -73.6446,
              4.6054
            ],
            [
              -73.6413,
              4.6013
            ],
            [
              -73.6478,
              4.5575
            ],
            [
              -73.642,
              4.5468
            ],
            [
              -73.6219,
              4.5625
            ],
            [
              -73.5936,
              4.5452
            ],
            [
              -73.5811,
              4.5439
            ],
            [
              -73.5681,
              4.5251
            ],
            [
              -73.5553,
              4.5459
            ],
            [
              -73.5341,
              4.5471
            ],
            [
              -73.5117,
              4.5763
            ],
            [
              -73.5033,
              4.5932
            ],
            [
              -73.4844,
              4.5972
            ],
            [
              -73.4695,
              4.6309
            ],
            [
              -73.4606,
              4.639
            ],
            [
              -73.4437,
              4.6442
            ],
            [
              -73.4123,
              4.6663
            ],
            [
              -73.4035,
              4.6786
            ],
            [
              -73.397,
              4.6945
            ],
            [
              -73.384,
              4.7044
            ],
            [
              -73.3819,
              4.7182
            ],
            [
              -73.3909,
              4.7357
            ],
            [
              -73.3843,
              4.7585
            ],
            [
              -73.3687,
              4.7726
            ],
            [
              -73.3542,
              4.7653
            ],
            [
              -73.3249,
              4.7756
            ],
            [
              -73.3244,
              4.7796
            ],
            [
              -73.341,
              4.7913
            ],
            [
              -73.3718,
              4.8008
            ]
          ]
        ]
      },
      "properties": {
        "OBJECTID": 490,
        "DPTO_CCDGO": "15",
        "MPIO_CCDGO": "293",
        "name": "15097",
        "MPIO_CRSLC": "1814",
        "MPIO_NANO_": 1993,
        "MPIO_NAREA": 385.27769878,
        "MPIO_CSMBL": "4",
        "MPIO_CCNCT": "25293",
        "MPIO_NANO": 2012,
        "SHAPE_Leng": 1.10291949784,
        "SHAPE_Area": 0.0313980126747,
        "NOMBRE": "GACHALA",
        "DANE": {
          "dpto_ccdgo": "25",
          "mpio_ccdgo": "293",
          "mpio_cdpmp": "25293",
          "dpto_cnmbr": "CUNDINAMARCA",
          "mpio_cnmbr": "GACHALÁ",
          "mpio_crslc": "1814",
          "mpio_tipo": "MUNICIPIO",
          "mpio_narea": 384.997087302,
          "mpio_nano": 2024,
          "shape_Leng": 1.10342864369,
          "shape_Area": 0.0313751419477
        }
      }
    },
    {
      "type": "Feature",
      "geometry": {
        "type": "Polygon",
        "coordinates": [
          [
            [
              -73.8709,
              5.0475
            ],
            [
              -73.8889,
              5.0455
            ],
            [
              -73.9124,
              5.028
            ],
            [
              -73.8907,
              4.9857
            ],
            [
              -73.8983,
              4.9755
            ],
            [
              -73.8742,
              4.9632
            ],
            [
              -73.8676,
              4.9789
            ],
            [
              -73.8564,
              4.9879
            ],
            [
              -73.8383,
              5.0148
            ],
            [
              -73.8531,
              5.0246
            ],
            [
              -73.8554,
              5.0359
            ],
            [
              -73.8709,
              5.0475
            ]
          ]
        ]
      },
      "properties": {
        "OBJECTID": 491,
        "DPTO_CCDGO": "15",
        "MPIO_CCDGO": "295",
        "name": "15100",
        "MPIO_CRSLC": "1700",
        "MPIO_NANO_": 1993,
        "MPIO_NAREA": 41.29603501,
        "MPIO_CSMBL": "4",
        "MPIO_CCNCT": "25295",
        "MPIO_NANO": 2012,
        "SHAPE_Leng": 0.278168922047,
        "SHAPE_Area": 0.00336741002016,
        "NOMBRE": "GACHANCIPA",
        "DANE": {
          "dpto_ccdgo": "25",
          "mpio_ccdgo": "295",
          "mpio_cdpmp": "25295",
          "dpto_cnmbr": "CUNDINAMARCA",
          "mpio_cnmbr": "GACHANCIPÁ",
          "mpio_crslc": "1700",
          "mpio_tipo": "MUNICIPIO",
          "mpio_narea": 42.9244210849,
          "mpio_nano": 2024,
          "shape_Leng": 0.295123392771,
          "shape_Area": 0.00350019221137
        }
      }
    },
    {
      "type": "Feature",
      "geometry": {
        "type": "Polygon",
        "coordinates": [
          [
            [
              -73.6172,
              4.961
            ],
            [
              -73.6356,
              4.9563
            ],
            [
              -73.6427,
              4.9473
            ],
            [
              -73.6548,
              4.9463
            ],
            [
              -73.6774,
              4.9318
            ],
            [
              -73.6851,
              4.9339
            ],
            [
              -73.7018,
              4.919
            ],
            [
              -73.6914,
              4.8999
            ],
            [
              -73.7036,
              4.8908
            ],
            [
              -73.6979,
              4.8839
            ],
            [
              -73.6938,
              4.86
            ],
            [
              -73.6969,
              4.8523
            ],
            [
              -73.7141,
              4.8567
            ],
            [
              -73.7221,
              4.8421
            ],
            [
              -73.7159,
              4.8338
            ],
            [
              -73.6957,
              4.8188
            ],
            [
              -73.6821,
              4.8177
            ],
            [
              -73.6649,
              4.83
            ],
            [
              -73.6582,
              4.8201
            ],
            [
              -73.6446,
              4.8204
            ],
            [
              -73.6235,
              4.7952
            ],
            [
              -73.6132,
              4.788
            ],
            [
              -73.5911,
              4.7794
            ],
            [
              -73.5905,
              4.7953
            ],
            [
              -73.5794,
              4.7967
            ],
            [
              -73.544,
              4.7916
            ],
            [
              -73.546,
              4.8134
            ],
            [
              -73.5381,
              4.8312
            ],
            [
              -73.538,
              4.8495
            ],
            [
              -73.5206,
              4.879
            ],
            [
              -73.5246,
              4.8923
            ],
            [
              -73.5387,
              4.8966
            ],
            [
              -73.5424,
              4.9139
            ],
            [
              -73.5536,
              4.9134
            ],
            [
              -73.6014,
              4.9181
            ],
            [
              -73.6102,
              4.9282
            ],
            [
              -73.6172,
              4.961
            ]
          ]
        ]
      },
      "properties": {
        "OBJECTID": 492,
        "DPTO_CCDGO": "15",
        "MPIO_CCDGO": "297",
        "name": "15103",
        "MPIO_CRSLC": "1593",
        "MPIO_NANO_": 1993,
        "MPIO_NAREA": 260.75194067,
        "MPIO_CSMBL": "4",
        "MPIO_CCNCT": "25297",
        "MPIO_NANO": 2012,
        "SHAPE_Leng": 0.743676428999,
        "SHAPE_Area": 0.0212569013115,
        "NOMBRE": "GACHETA",
        "DANE": {
          "dpto_ccdgo": "25",
          "mpio_ccdgo": "297",
          "mpio_cdpmp": "25297",
          "dpto_cnmbr": "CUNDINAMARCA",
          "mpio_cnmbr": "GACHETÁ",
          "mpio_crslc": "1593",
          "mpio_tipo": "MUNICIPIO",
          "mpio_narea": 258.862031997,
          "mpio_nano": 2024,
          "shape_Leng": 0.771916014412,
          "shape_Area": 0.0211028998619
        }
      }
    },
    {
      "type": "Feature",
      "geometry": {
        "type": "Polygon",
        "coordinates": [
          [
            [
              -73.5911,
              4.7794
            ],
            [
              -73.6132,
              4.788
            ],
            [
              -73.6235,
              4.7952
            ],
            [
              -73.6396,
              4.7648
            ],
            [
              -73.6419,
              4.7477
            ],
            [
              -73.6473,
              4.745
            ],
            [
              -73.6538,
              4.7207
            ],
            [
              -73.6516,
              4.7124
            ],
            [
              -73.6347,
              4.7087
            ],
            [
              -73.6161,
              4.6683
            ],
            [
              -73.6016,
              4.6625
            ],
            [
              -73.5683,
              4.6614
            ],
            [
              -73.5578,
              4.6842
            ],
            [
              -73.5629,
              4.6922
            ],
            [
              -73.5528,
              4.7054
            ],
            [
              -73.5348,
              4.7158
            ],
            [
              -73.5641,
              4.7309
            ],
            [
              -73.5755,
              4.762
            ],
            [
              -73.5911,
              4.7794
            ]
          ]
        ]
      },
      "properties": {
        "OBJECTID": 493,
        "DPTO_CCDGO": "15",
        "MPIO_CCDGO": "299",
        "name": "15106",
        "MPIO_CRSLC": "Ordenanza 14 del 12 de Mayo de 1903",
        "MPIO_NANO_": 1993,
        "MPIO_NAREA": 107.57224795,
        "MPIO_CSMBL": "4",
        "MPIO_CCNCT": "25299",
        "MPIO_NANO": 2012,
        "SHAPE_Leng": 0.444177646834,
        "SHAPE_Area": 0.00876764540716,
        "NOMBRE": "GAMA",
        "DANE": {
          "dpto_ccdgo": "25",
          "mpio_ccdgo": "299",
          "mpio_cdpmp": "25299",
          "dpto_cnmbr": "CUNDINAMARCA",
          "mpio_cnmbr": "GAMA",
          "mpio_crslc": "Ordenanza 14 del 12 de Mayo de 1903",
          "mpio_tipo": "MUNICIPIO",
          "mpio_narea": 107.686798395,
          "mpio_nano": 2024,
          "shape_Leng": 0.446980374536,
          "shape_Area": 0.00877698117307
        }
      }
    },
    {
      "type": "Feature",
      "geometry": {
        "type": "Polygon",
        "coordinates": [
          [
            [
              -74.7535,
              4.4346
            ],
            [
              -74.7731,
              4.4272
            ],
            [
              -74.7949,
              4.4009
            ],
            [
              -74.8181,
              4.3672
            ],
            [
              -74.8466,
              4.3353
            ],
            [
              -74.8558,
              4.3347
            ],
            [
              -74.8649,
              4.3321
            ],
            [
              -74.8827,
              4.3176
            ],
            [
              -74.8831,
              4.3002
            ],
            [
              -74.8906,
              4.289
            ],
            [
              -74.879,
              4.2661
            ],
            [
              -74.8548,
              4.2685
            ],
            [
              -74.8337,
              4.2757
            ],
            [
              -74.813,
              4.2942
            ],
            [
              -74.8075,
              4.2862
            ],
            [
              -74.7968,
              4.2882
            ],
            [
              -74.7946,
              4.304
            ],
            [
              -74.7747,
              4.3061
            ],
            [
              -74.7618,
              4.3146
            ],
            [
              -74.7716,
              4.328
            ],
            [
              -74.7669,
              4.3599
            ],
            [
              -74.7688,
              4.3694
            ],
            [
              -74.7604,
              4.3812
            ],
            [
              -74.743,
              4.3808
            ],
            [
              -74.7512,
              4.4322
            ],
            [
              -74.7535,
              4.4346
            ]
          ]
        ]
      },
      "properties": {
        "OBJECTID": 494,
        "DPTO_CCDGO": "15",
        "MPIO_CCDGO": "307",
        "name": "15109",
        "MPIO_CRSLC": "1852",
        "MPIO_NANO_": 1993,
        "MPIO_NAREA": 129.96360061,
        "MPIO_CSMBL": "4",
        "MPIO_CCNCT": "25307",
        "MPIO_NANO": 2012,
        "SHAPE_Leng": 0.717109170966,
        "SHAPE_Area": 0.0105861429767,
        "NOMBRE": "GIRARDOT",
        "DANE": {
          "dpto_ccdgo": "25",
          "mpio_ccdgo": "307",
          "mpio_cdpmp": "25307",
          "dpto_cnmbr": "CUNDINAMARCA",
          "mpio_cnmbr": "GIRARDOT",
          "mpio_crslc": "1852",
          "mpio_tipo": "MUNICIPIO",
          "mpio_narea": 130.156680658,
          "mpio_nano": 2024,
          "shape_Leng": 0.692975308875,
          "shape_Area": 0.0106018712885
        }
      }
    },
    {
      "type": "Feature",
      "geometry": {
        "type": "Polygon",
        "coordinates": [
          [
            [
              -74.3038,
              4.555
            ],
            [
              -74.3058,
              4.5494
            ],
            [
              -74.3425,
              4.5512
            ],
            [
              -74.3641,
              4.5572
            ],
            [
              -74.3733,
              4.5468
            ],
            [
              -74.37,
              4.5372
            ],
            [
              -74.3872,
              4.5073
            ],
            [
              -74.3943,
              4.5001
            ],
            [
              -74.3987,
              4.4913
            ],
            [
              -74.3788,
              4.4961
            ],
            [
              -74.3616,
              4.494
            ],
            [
              -74.3261,
              4.4968
            ],
            [
              -74.3029,
              4.5037
            ],
            [
              -74.2867,
              4.5047
            ],
            [
              -74.2836,
              4.5123
            ],
            [
              -74.2825,
              4.5258
            ],
            [
              -74.2927,
              4.525
            ],
            [
              -74.2903,
              4.5487
            ],
            [
              -74.3038,
              4.555
            ]
          ]
        ]
      },
      "properties": {
        "OBJECTID": 495,
        "DPTO_CCDGO": "15",
        "MPIO_CCDGO": "312",
        "name": "15132",
        "MPIO_CRSLC": "Ordenanza 17 de diciembre 1 de 1995",
        "MPIO_NANO_": 1996,
        "MPIO_NAREA": 65.82558421,
        "MPIO_CSMBL": "4",
        "MPIO_CCNCT": "25312",
        "MPIO_NANO": 2012,
        "SHAPE_Leng": 0.404902302264,
        "SHAPE_Area": 0.00536389228453,
        "NOMBRE": "GRANADA",
        "DANE": {
          "dpto_ccdgo": "25",
          "mpio_ccdgo": "312",
          "mpio_cdpmp": "25312",
          "dpto_cnmbr": "CUNDINAMARCA",
          "mpio_cnmbr": "GRANADA",
          "mpio_crslc": "Ordenanza 17 de diciembre 1 de 1995",
          "mpio_tipo": "MUNICIPIO",
          "mpio_narea": 60.7049777643,
          "mpio_nano": 2024,
          "shape_Leng": 0.390419164289,
          "shape_Area": 0.00494662184177
        }
      }
    },
    {
      "type": "Feature",
      "geometry": {
        "type": "Polygon",
        "coordinates": [
          [
            [
              -73.6185,
              5.4048
            ],
            [
              -73.6409,
              5.4179
            ],
            [
              -73.6495,
              5.4149
            ],
            [
              -73.6553,
              5.4262
            ],
            [
              -73.6784,
              5.4348
            ],
            [
              -73.6791,
              5.454
            ],
            [
              -73.6967,
              5.4468
            ],
            [
              -73.7068,
              5.4559
            ],
            [
              -73.7195,
              5.4588
            ],
            [
              -73.7367,
              5.4404
            ],
            [
              -73.7441,
              5.4374
            ],
            [
              -73.7433,
              5.4115
            ],
            [
              -73.757,
              5.3836
            ],
            [
              -73.7744,
              5.3623
            ],
            [
              -73.7741,
              5.351
            ],
            [
              -73.7639,
              5.3244
            ],
            [
              -73.7564,
              5.3244
            ],
            [
              -73.7368,
              5.3432
            ],
            [
              -73.7139,
              5.3389
            ],
            [
              -73.7077,
              5.3298
            ],
            [
              -73.6941,
              5.3288
            ],
            [
              -73.6765,
              5.3354
            ],
            [
              -73.6357,
              5.3647
            ],
            [
              -73.6281,
              5.3585
            ],
            [
              -73.5988,
              5.3783
            ],
            [
              -73.5901,
              5.3899
            ],
            [
              -73.5926,
              5.3984
            ],
            [
              -73.6185,
              5.4048
            ]
          ]
        ]
      },
      "properties": {
        "OBJECTID": 496,
        "DPTO_CCDGO": "15",
        "MPIO_CCDGO": "317",
        "name": "15112",
        "MPIO_CRSLC": "1700",
        "MPIO_NANO_": 1993,
        "MPIO_NAREA": 172.13638976,
        "MPIO_CSMBL": "4",
        "MPIO_CCNCT": "25317",
        "MPIO_NANO": 2012,
        "SHAPE_Leng": 0.630333824331,
        "SHAPE_Area": 0.0140442618709,
        "NOMBRE": "GUACHETA",
        "DANE": {
          "dpto_ccdgo": "25",
          "mpio_ccdgo": "317",
          "mpio_cdpmp": "25317",
          "dpto_cnmbr": "CUNDINAMARCA",
          "mpio_cnmbr": "GUACHETÁ",
          "mpio_crslc": "1700",
          "mpio_tipo": "MUNICIPIO",
          "mpio_narea": 170.173303648,
          "mpio_nano": 2024,
          "shape_Leng": 0.632315086255,
          "shape_Area": 0.0138841022629
        }
      }
    },
    {
      "type": "Feature",
      "geometry": {
        "type": "Polygon",
        "coordinates": [
          [
            [
              -74.6499,
              5.4423
            ],
            [
              -74.6671,
              5.4435
            ],
            [
              -74.677,
              5.4366
            ],
            [
              -74.6678,
              5.4204
            ],
            [
              -74.6671,
              5.4052
            ],
            [
              -74.6852,
              5.3989
            ],
            [
              -74.6778,
              5.3778
            ],
            [
              -74.6888,
              5.3645
            ],
            [
              -74.6975,
              5.3651
            ],
            [
              -74.7086,
              5.3432
            ],
            [
              -74.7147,
              5.315
            ],
            [
              -74.7272,
              5.3061
            ],
            [
              -74.7343,
              5.2869
            ],
            [
              -74.7245,
              5.2629
            ],
            [
              -74.7273,
              5.2529
            ],
            [
              -74.7234,
              5.2399
            ],
            [
              -74.7304,
              5.2322
            ],
            [
              -74.7289,
              5.2141
            ],
            [
              -74.7336,
              5.2031
            ],
            [
              -74.7199,
              5.1983
            ],
            [
              -74.7147,
              5.186
            ],
            [
              -74.7192,
              5.1637
            ],
            [
              -74.731,
              5.1495
            ],
            [
              -74.7315,
              5.1407
            ],
            [
              -74.7198,
              5.1195
            ],
            [
              -74.7168,
              5.0923
            ],
            [
              -74.7297,
              5.0743
            ],
            [
              -74.7297,
              5.0681
            ],
            [
              -74.7259,
              5.0584
            ],
            [
              -74.731,
              5.0346
            ],
            [
              -74.7432,
              5.0082
            ],
            [
              -74.7311,
              4.9968
            ],
            [
              -74.7217,
              5.0095
            ],
            [
              -74.7047,
              5.0122
            ],
            [
              -74.6833,
              5.005
            ],
            [
              -74.6731,
              4.9957
            ],
            [
              -74.66,
              4.9933
            ],
            [
              -74.6353,
              5.0053
            ],
            [
              -74.6297,
              4.9994
            ],
            [
              -74.6186,
              5.0057
            ],
            [
              -74.5878,
              4.9953
            ],
            [
              -74.5618,
              4.9964
            ],
            [
              -74.5619,
              4.9824
            ],
            [
              -74.552,
              4.9647
            ],
            [
              -74.5357,
              4.9666
            ],
            [
              -74.5344,
              4.98
            ],
            [
              -74.5404,
              4.9929
            ],
            [
              -74.5361,
              5.0107
            ],
            [
              -74.5447,
              5.0591
            ],
            [
              -74.5408,
              5.0651
            ],
            [
              -74.5414,
              5.1075
            ],
            [
              -74.5392,
              5.1246
            ],
            [
              -74.5249,
              5.1342
            ],
            [
              -74.5177,
              5.141
            ],
            [
              -74.5143,
              5.1945
            ],
            [
              -74.5249,
              5.1891
            ],
            [
              -74.5462,
              5.1921
            ],
            [
              -74.5751,
              5.1923
            ],
            [
              -74.591,
              5.2026
            ],
            [
              -74.6032,
              5.2053
            ],
            [
              -74.6144,
              5.2156
            ],
            [
              -74.6102,
              5.2258
            ],
            [
              -74.614,
              5.2359
            ],
            [
              -74.6026,
              5.2594
            ],
            [
              -74.608,
              5.2741
            ],
            [
              -74.597,
              5.3032
            ],
            [
              -74.5956,
              5.3221
            ],
            [
              -74.5892,
              5.3546
            ],
            [
              -74.6031,
              5.3632
            ],
            [
              -74.615,
              5.3879
            ],
            [
              -74.6361,
              5.3836
            ],
            [
              -74.6387,
              5.402
            ],
            [
              -74.6261,
              5.4168
            ],
            [
              -74.6488,
              5.4304
            ],
            [
              -74.6499,
              5.4423
            ]
          ]
        ]
      },
      "properties": {
        "OBJECTID": 497,
        "DPTO_CCDGO": "15",
        "MPIO_CCDGO": "320",
        "name": "15115",
        "MPIO_CRSLC": "1644",
        "MPIO_NANO_": 1993,
        "MPIO_NAREA": 770.53596843,
        "MPIO_CSMBL": "4",
        "MPIO_CCNCT": "25320",
        "MPIO_NANO": 2012,
        "SHAPE_Leng": 1.57300975349,
        "SHAPE_Area": 0.0628423301187,
        "NOMBRE": "GUADUAS",
        "DANE": {
          "dpto_ccdgo": "25",
          "mpio_ccdgo": "320",
          "mpio_cdpmp": "25320",
          "dpto_cnmbr": "CUNDINAMARCA",
          "mpio_cnmbr": "GUADUAS",
          "mpio_crslc": "1644",
          "mpio_tipo": "MUNICIPIO",
          "mpio_narea": 763.675864065,
          "mpio_nano": 2024,
          "shape_Leng": 1.57090687986,
          "shape_Area": 0.0622827836884
        }
      }
    },
    {
      "type": "Feature",
      "geometry": {
        "type": "Polygon",
        "coordinates": [
          [
            [
              -73.7624,
              4.8238
            ],
            [
              -73.7722,
              4.8246
            ],
            [
              -73.7802,
              4.8426
            ],
            [
              -73.7806,
              4.8528
            ],
            [
              -73.7999,
              4.854
            ],
            [
              -73.8288,
              4.8841
            ],
            [
              -73.8749,
              4.903
            ],
            [
              -73.8773,
              4.9076
            ],
            [
              -73.9083,
              4.923
            ],
            [
              -73.9158,
              4.9137
            ],
            [
              -73.9246,
              4.8966
            ],
            [
              -73.9192,
              4.8842
            ],
            [
              -73.9258,
              4.8741
            ],
            [
              -73.9267,
              4.8517
            ],
            [
              -73.9348,
              4.8367
            ],
            [
              -73.9511,
              4.8367
            ],
            [
              -73.9595,
              4.8125
            ],
            [
              -73.9626,
              4.7987
            ],
            [
              -73.9415,
              4.7871
            ],
            [
              -73.9239,
              4.7838
            ],
            [
              -73.9018,
              4.7569
            ],
            [
              -73.8868,
              4.7445
            ],
            [
              -73.8723,
              4.7436
            ],
            [
              -73.872,
              4.7208
            ],
            [
              -73.857,
              4.7173
            ],
            [
              -73.8484,
              4.6864
            ],
            [
              -73.8134,
              4.6864
            ],
            [
              -73.799,
              4.6841
            ],
            [
              -73.8049,
              4.7025
            ],
            [
              -73.8019,
              4.7181
            ],
            [
              -73.7864,
              4.7325
            ],
            [
              -73.7622,
              4.7246
            ],
            [
              -73.7487,
              4.7282
            ],
            [
              -73.741,
              4.7387
            ],
            [
              -73.7366,
              4.7551
            ],
            [
              -73.738,
              4.7833
            ],
            [
              -73.7441,
              4.7997
            ],
            [
              -73.7624,
              4.8238
            ]
          ]
        ]
      },
      "properties": {
        "OBJECTID": 498,
        "DPTO_CCDGO": "15",
        "MPIO_CCDGO": "322",
        "name": "15118",
        "MPIO_CRSLC": "1700",
        "MPIO_NANO_": 1993,
        "MPIO_NAREA": 364.12130528,
        "MPIO_CSMBL": "4",
        "MPIO_CCNCT": "25322",
        "MPIO_NANO": 2012,
        "SHAPE_Leng": 0.930628423741,
        "SHAPE_Area": 0.0296824522925,
        "NOMBRE": "GUASCA",
        "DANE": {
          "dpto_ccdgo": "25",
          "mpio_ccdgo": "322",
          "mpio_cdpmp": "25322",
          "dpto_cnmbr": "CUNDINAMARCA",
          "mpio_cnmbr": "GUASCA",
          "mpio_crslc": "1700",
          "mpio_tipo": "MUNICIPIO",
          "mpio_narea": 360.588514093,
          "mpio_nano": 2024,
          "shape_Leng": 0.943304311204,
          "shape_Area": 0.0293944420497
        }
      }
    },
    {
      "type": "Feature",
      "geometry": {
        "type": "Polygon",
        "coordinates": [
          [
            [
              -74.7517,
              4.5877
            ],
            [
              -74.7826,
              4.5959
            ],
            [
              -74.7938,
              4.5921
            ],
            [
              -74.8122,
              4.5887
            ],
            [
              -74.8142,
              4.5815
            ],
            [
              -74.8051,
              4.567
            ],
            [
              -74.8089,
              4.5549
            ],
            [
              -74.8015,
              4.5439
            ],
            [
              -74.8051,
              4.536
            ],
            [
              -74.7962,
              4.5241
            ],
            [
              -74.7878,
              4.5036
            ],
            [
              -74.7946,
              4.5
            ],
            [
              -74.8009,
              4.484
            ],
            [
              -74.8045,
              4.4589
            ],
            [
              -74.8142,
              4.4464
            ],
            [
              -74.822,
              4.4453
            ],
            [
              -74.82,
              4.4354
            ],
            [
              -74.7995,
              4.4189
            ],
            [
              -74.7764,
              4.44
            ],
            [
              -74.7685,
              4.4556
            ],
            [
              -74.743,
              4.4758
            ],
            [
              -74.7568,
              4.4941
            ],
            [
              -74.7475,
              4.5105
            ],
            [
              -74.755,
              4.5196
            ],
            [
              -74.7522,
              4.5301
            ],
            [
              -74.7632,
              4.5428
            ],
            [
              -74.7617,
              4.5599
            ],
            [
              -74.7517,
              4.5877
            ]
          ]
        ]
      },
      "properties": {
        "OBJECTID": 499,
        "DPTO_CCDGO": "15",
        "MPIO_CCDGO": "324",
        "name": "15121",
        "MPIO_CRSLC": "1794",
        "MPIO_NANO_": 1993,
        "MPIO_NAREA": 89.713686,
        "MPIO_CSMBL": "4",
        "MPIO_CCNCT": "25324",
        "MPIO_NANO": 2012,
        "SHAPE_Leng": 0.556167837638,
        "SHAPE_Area": 0.00730937836048,
        "NOMBRE": "GUATAQUI",
        "DANE": {
          "dpto_ccdgo": "25",
          "mpio_ccdgo": "324",
          "mpio_cdpmp": "25324",
          "dpto_cnmbr": "CUNDINAMARCA",
          "mpio_cnmbr": "GUATAQUÍ",
          "mpio_crslc": "1794",
          "mpio_tipo": "MUNICIPIO",
          "mpio_narea": 90.9522028319,
          "mpio_nano": 2024,
          "shape_Leng": 0.57571150497,
          "shape_Area": 0.00741027924865
        }
      }
    },
    {
      "type": "Feature",
      "geometry": {
        "type": "Polygon",
        "coordinates": [
          [
            [
              -73.9083,
              4.923
            ],
            [
              -73.8773,
              4.9076
            ],
            [
              -73.8749,
              4.903
            ],
            [
              -73.8288,
              4.8841
            ],
            [
              -73.7999,
              4.854
            ],
            [
              -73.7806,
              4.8528
            ],
            [
              -73.7802,
              4.8426
            ],
            [
              -73.7722,
              4.8246
            ],
            [
              -73.7624,
              4.8238
            ],
            [
              -73.7381,
              4.827
            ],
            [
              -73.7352,
              4.8408
            ],
            [
              -73.7221,
              4.8421
            ],
            [
              -73.7141,
              4.8567
            ],
            [
              -73.6969,
              4.8523
            ],
            [
              -73.6938,
              4.86
            ],
            [
              -73.6979,
              4.8839
            ],
            [
              -73.7036,
              4.8908
            ],
            [
              -73.6914,
              4.8999
            ],
            [
              -73.7018,
              4.919
            ],
            [
              -73.6851,
              4.9339
            ],
            [
              -73.6967,
              4.9455
            ],
            [
              -73.714,
              4.952
            ],
            [
              -73.7326,
              4.9481
            ],
            [
              -73.7482,
              4.9551
            ],
            [
              -73.7601,
              4.9758
            ],
            [
              -73.768,
              4.9705
            ],
            [
              -73.785,
              4.9719
            ],
            [
              -73.7945,
              4.9624
            ],
            [
              -73.8149,
              4.9741
            ],
            [
              -73.8399,
              4.9795
            ],
            [
              -73.8564,
              4.9879
            ],
            [
              -73.8676,
              4.9789
            ],
            [
              -73.8742,
              4.9632
            ],
            [
              -73.9034,
              4.9357
            ],
            [
              -73.9083,
              4.923
            ]
          ]
        ]
      },
      "properties": {
        "OBJECTID": 500,
        "DPTO_CCDGO": "15",
        "MPIO_CCDGO": "326",
        "name": "15124",
        "MPIO_CRSLC": "1593",
        "MPIO_NANO_": 1993,
        "MPIO_NAREA": 246.58962474,
        "MPIO_CSMBL": "4",
        "MPIO_CCNCT": "25326",
        "MPIO_NANO": 2012,
        "SHAPE_Leng": 0.748097437495,
        "SHAPE_Area": 0.0201045649372,
        "NOMBRE": "GUATAVITA",
        "DANE": {
          "dpto_ccdgo": "25",
          "mpio_ccdgo": "326",
          "mpio_cdpmp": "25326",
          "dpto_cnmbr": "CUNDINAMARCA",
          "mpio_cnmbr": "GUATAVITA",
          "mpio_crslc": "1593",
          "mpio_tipo": "MUNICIPIO",
          "mpio_narea": 252.360516768,
          "mpio_nano": 2024,
          "shape_Leng": 0.759063323471,
          "shape_Area": 0.0205749897926
        }
      }
    },
    {
      "type": "Feature",
      "geometry": {
        "type": "Polygon",
        "coordinates": [
          [
            [
              -74.483,
              4.9383
            ],
            [
              -74.5033,
              4.9515
            ],
            [
              -74.5046,
              4.9443
            ],
            [
              -74.5036,
              4.9337
            ],
            [
              -74.5114,
              4.9251
            ],
            [
              -74.5133,
              4.9026
            ],
            [
              -74.505,
              4.8957
            ],
            [
              -74.5093,
              4.8846
            ],
            [
              -74.4991,
              4.8676
            ],
            [
              -74.5055,
              4.8607
            ],
            [
              -74.5052,
              4.832
            ],
            [
              -74.4856,
              4.8251
            ],
            [
              -74.4586,
              4.8328
            ],
            [
              -74.4543,
              4.8485
            ],
            [
              -74.4448,
              4.8562
            ],
            [
              -74.4547,
              4.8776
            ],
            [
              -74.4559,
              4.8967
            ],
            [
              -74.475,
              4.8908
            ],
            [
              -74.4788,
              4.9171
            ],
            [
              -74.475,
              4.9265
            ],
            [
              -74.483,
              4.9383
            ]
          ]
        ]
      },
      "properties": {
        "OBJECTID": 501,
        "DPTO_CCDGO": "15",
        "MPIO_CCDGO": "328",
        "name": "15127",
        "MPIO_CRSLC": "1845",
        "MPIO_NANO_": 1993,
        "MPIO_NAREA": 61.15753649,
        "MPIO_CSMBL": "4",
        "MPIO_CCNCT": "25328",
        "MPIO_NANO": 2012,
        "SHAPE_Leng": 0.449986575965,
        "SHAPE_Area": 0.0049858275003,
        "NOMBRE": "GUAYABAL DE SIQUIMA",
        "DANE": {
          "dpto_ccdgo": "25",
          "mpio_ccdgo": "328",
          "mpio_cdpmp": "25328",
          "dpto_cnmbr": "CUNDINAMARCA",
          "mpio_cnmbr": "GUAYABAL DE SÍQUIMA",
          "mpio_crslc": "1845",
          "mpio_tipo": "MUNICIPIO",
          "mpio_narea": 61.8734487002,
          "mpio_nano": 2024,
          "shape_Leng": 0.444128169966,
          "shape_Area": 0.00504419590523
        }
      }
    },
    {
      "type": "Feature",
      "geometry": {
        "type": "Polygon",
        "coordinates": [
          [
            [
              -73.7641,
              4.2812
            ],
            [
              -73.7711,
              4.2947
            ],
            [
              -73.7836,
              4.3003
            ],
            [
              -73.784,
              4.3327
            ],
            [
              -73.7926,
              4.3525
            ],
            [
              -73.7994,
              4.3479
            ],
            [
              -73.8065,
              4.3181
            ],
            [
              -73.8181,
              4.3114
            ],
            [
              -73.8282,
              4.2936
            ],
            [
              -73.831,
              4.2789
            ],
            [
              -73.8548,
              4.2821
            ],
            [
              -73.8672,
              4.2546
            ],
            [
              -73.8887,
              4.2624
            ],
            [
              -73.9009,
              4.2705
            ],
            [
              -73.9191,
              4.2646
            ],
            [
              -73.9083,
              4.2533
            ],
            [
              -73.9095,
              4.2352
            ],
            [
              -73.899,
              4.2179
            ],
            [
              -73.8986,
              4.2063
            ],
            [
              -73.905,
              4.1906
            ],
            [
              -73.9135,
              4.1926
            ],
            [
              -73.9262,
              4.1844
            ],
            [
              -73.9375,
              4.1642
            ],
            [
              -73.9334,
              4.1488
            ],
            [
              -73.9208,
              4.1439
            ],
            [
              -73.9136,
              4.1488
            ],
            [
              -73.8966,
              4.1426
            ],
            [
              -73.8825,
              4.1525
            ],
            [
              -73.8711,
              4.1678
            ],
            [
              -73.8399,
              4.1773
            ],
            [
              -73.8256,
              4.17
            ],
            [
              -73.8192,
              4.18
            ],
            [
              -73.8138,
              4.2015
            ],
            [
              -73.7944,
              4.2006
            ],
            [
              -73.7534,
              4.1929
            ],
            [
              -73.7426,
              4.1987
            ],
            [
              -73.7545,
              4.2134
            ],
            [
              -73.7603,
              4.2364
            ],
            [
              -73.7514,
              4.259
            ],
            [
              -73.7441,
              4.2662
            ],
            [
              -73.7641,
              4.2812
            ]
          ]
        ]
      },
      "properties": {
        "OBJECTID": 502,
        "DPTO_CCDGO": "15",
        "MPIO_CCDGO": "335",
        "name": "15128",
        "MPIO_CRSLC": "Ordenanza 28 de 1980",
        "MPIO_NANO_": 1993,
        "MPIO_NAREA": 214.81410814,
        "MPIO_CSMBL": "4",
        "MPIO_CCNCT": "25335",
        "MPIO_NANO": 2012,
        "SHAPE_Leng": 0.80897104242,
        "SHAPE_Area": 0.0174977737115,
        "NOMBRE": "GUAYABETAL",
        "DANE": {
          "dpto_ccdgo": "25",
          "mpio_ccdgo": "335",
          "mpio_cdpmp": "25335",
          "dpto_cnmbr": "CUNDINAMARCA",
          "mpio_cnmbr": "GUAYABETAL",
          "mpio_crslc": "Ordenanza 28 de 1980",
          "mpio_tipo": "MUNICIPIO",
          "mpio_narea": 222.824800942,
          "mpio_nano": 2024,
          "shape_Leng": 0.829519762784,
          "shape_Area": 0.0181503204091
        }
      }
    },
    {
      "type": "Feature",
      "geometry": {
        "type": "Polygon",
        "coordinates": [
          [
            [
              -73.9191,
              4.2646
            ],
            [
              -73.9505,
              4.2752
            ],
            [
              -73.9685,
              4.2688
            ],
            [
              -73.9789,
              4.2863
            ],
            [
              -73.9927,
              4.2927
            ],
            [
              -74.0075,
              4.2913
            ],
            [
              -74.0147,
              4.2848
            ],
            [
              -74.0319,
              4.2969
            ],
            [
              -74.0429,
              4.2966
            ],
            [
              -74.0549,
              4.2934
            ],
            [
              -74.0684,
              4.2958
            ],
            [
              -74.0765,
              4.2888
            ],
            [
              -74.0568,
              4.2797
            ],
            [
              -74.0502,
              4.2671
            ],
            [
              -74.0617,
              4.2577
            ],
            [
              -74.068,
              4.2391
            ],
            [
              -74.0796,
              4.2302
            ],
            [
              -74.0745,
              4.2183
            ],
            [
              -74.0587,
              4.2134
            ],
            [
              -74.0642,
              4.1871
            ],
            [
              -74.0938,
              4.1876
            ],
            [
              -74.1101,
              4.182
            ],
            [
              -74.1094,
              4.1687
            ],
            [
              -74.1145,
              4.1554
            ],
            [
              -74.1094,
              4.1333
            ],
            [
              -74.1291,
              4.1253
            ],
            [
              -74.1316,
              4.1035
            ],
            [
              -74.1278,
              4.1001
            ],
            [
              -74.1326,
              4.0805
            ],
            [
              -74.1263,
              4.0687
            ],
            [
              -74.1253,
              4.0551
            ],
            [
              -74.1341,
              4.0343
            ],
            [
              -74.1469,
              4.0166
            ],
            [
              -74.1507,
              4.0048
            ],
            [
              -74.1373,
              4.0004
            ],
            [
              -74.1239,
              4.0091
            ],
            [
              -74.1002,
              4.0129
            ],
            [
              -74.0925,
              4.0265
            ],
            [
              -74.0815,
              4.035
            ],
            [
              -74.0707,
              4.0577
            ],
            [
              -74.0543,
              4.0623
            ],
            [
              -74.0349,
              4.0608
            ],
            [
              -74.0334,
              4.0679
            ],
            [
              -74.0362,
              4.0817
            ],
            [
              -74.0251,
              4.0975
            ],
            [
              -74.0163,
              4.0978
            ],
            [
              -74.0052,
              4.1101
            ],
            [
              -73.9911,
              4.103
            ],
            [
              -73.9828,
              4.1093
            ],
            [
              -73.9678,
              4.0907
            ],
            [
              -73.9558,
              4.0995
            ],
            [
              -73.945,
              4.1184
            ],
            [
              -73.9334,
              4.1488
            ],
            [
              -73.9375,
              4.1642
            ],
            [
              -73.9262,
              4.1844
            ],
            [
              -73.9135,
              4.1926
            ],
            [
              -73.905,
              4.1906
            ],
            [
              -73.8986,
              4.2063
            ],
            [
              -73.899,
              4.2179
            ],
            [
              -73.9095,
              4.2352
            ],
            [
              -73.9083,
              4.2533
            ],
            [
              -73.9191,
              4.2646
            ]
          ]
        ]
      },
      "properties": {
        "OBJECTID": 503,
        "DPTO_CCDGO": "15",
        "MPIO_CCDGO": "339",
        "name": "15130",
        "MPIO_CRSLC": "1887",
        "MPIO_NANO_": 1993,
        "MPIO_NAREA": 446.68777419,
        "MPIO_CSMBL": "4",
        "MPIO_CCNCT": "25339",
        "MPIO_NANO": 2012,
        "SHAPE_Leng": 1.17057077433,
        "SHAPE_Area": 0.0363828914033,
        "NOMBRE": "GUTIERREZ",
        "DANE": {
          "dpto_ccdgo": "25",
          "mpio_ccdgo": "339",
          "mpio_cdpmp": "25339",
          "dpto_cnmbr": "CUNDINAMARCA",
          "mpio_cnmbr": "GUTIÉRREZ",
          "mpio_crslc": "1887",
          "mpio_tipo": "MUNICIPIO",
          "mpio_narea": 453.22549052,
          "mpio_nano": 2024,
          "shape_Leng": 1.1887408773,
          "shape_Area": 0.0369153410788
        }
      }
    },
    {
      "type": "Feature",
      "geometry": {
        "type": "Polygon",
        "coordinates": [
          [
            [
              -74.6087,
              4.6512
            ],
            [
              -74.6251,
              4.6514
            ],
            [
              -74.6566,
              4.6368
            ],
            [
              -74.6687,
              4.6464
            ],
            [
              -74.6817,
              4.6505
            ],
            [
              -74.6816,
              4.637
            ],
            [
              -74.7108,
              4.6389
            ],
            [
              -74.7223,
              4.6344
            ],
            [
              -74.7332,
              4.621
            ],
            [
              -74.7364,
              4.6062
            ],
            [
              -74.7464,
              4.6002
            ],
            [
              -74.7517,
              4.5877
            ],
            [
              -74.7617,
              4.5599
            ],
            [
              -74.7632,
              4.5428
            ],
            [
              -74.7522,
              4.5301
            ],
            [
              -74.755,
              4.5196
            ],
            [
              -74.7475,
              4.5105
            ],
            [
              -74.7568,
              4.4941
            ],
            [
              -74.743,
              4.4758
            ],
            [
              -74.7327,
              4.4618
            ],
            [
              -74.7256,
              4.4602
            ],
            [
              -74.7198,
              4.4624
            ],
            [
              -74.7036,
              4.4895
            ],
            [
              -74.6886,
              4.5052
            ],
            [
              -74.6631,
              4.5266
            ],
            [
              -74.632,
              4.5608
            ],
            [
              -74.621,
              4.589
            ],
            [
              -74.6005,
              4.619
            ],
            [
              -74.5974,
              4.627
            ],
            [
              -74.59,
              4.6341
            ],
            [
              -74.589,
              4.6448
            ],
            [
              -74.6031,
              4.6449
            ],
            [
              -74.6087,
              4.6512
            ]
          ]
        ]
      },
      "properties": {
        "OBJECTID": 504,
        "DPTO_CCDGO": "15",
        "MPIO_CCDGO": "368",
        "name": "15133",
        "MPIO_CRSLC": "Ley 18 del 15 de Diciembre de 1879",
        "MPIO_NANO_": 1993,
        "MPIO_NAREA": 224.554224,
        "MPIO_CSMBL": "4",
        "MPIO_CCNCT": "25368",
        "MPIO_NANO": 2012,
        "SHAPE_Leng": 0.699664788013,
        "SHAPE_Area": 0.0182975525048,
        "NOMBRE": "JERUSALEN",
        "DANE": {
          "dpto_ccdgo": "25",
          "mpio_ccdgo": "368",
          "mpio_cdpmp": "25368",
          "dpto_cnmbr": "CUNDINAMARCA",
          "mpio_cnmbr": "JERUSALÉN",
          "mpio_crslc": "Ley 18 del 15 de Diciembre de 1879",
          "mpio_tipo": "MUNICIPIO",
          "mpio_narea": 221.86018189,
          "mpio_nano": 2024,
          "shape_Leng": 0.715303450088,
          "shape_Area": 0.0180780368777
        }
      }
    },
    {
      "type": "Feature",
      "geometry": {
        "type": "Polygon",
        "coordinates": [
          [
            [
              -73.6235,
              4.7952
            ],
            [
              -73.6446,
              4.8204
            ],
            [
              -73.6582,
              4.8201
            ],
            [
              -73.6649,
              4.83
            ],
            [
              -73.6821,
              4.8177
            ],
            [
              -73.6957,
              4.8188
            ],
            [
              -73.7159,
              4.8338
            ],
            [
              -73.7221,
              4.8421
            ],
            [
              -73.7352,
              4.8408
            ],
            [
              -73.7381,
              4.827
            ],
            [
              -73.7624,
              4.8238
            ],
            [
              -73.7441,
              4.7997
            ],
            [
              -73.738,
              4.7833
            ],
            [
              -73.7366,
              4.7551
            ],
            [
              -73.741,
              4.7387
            ],
            [
              -73.7487,
              4.7282
            ],
            [
              -73.7622,
              4.7246
            ],
            [
              -73.7864,
              4.7325
            ],
            [
              -73.8019,
              4.7181
            ],
            [
              -73.8049,
              4.7025
            ],
            [
              -73.799,
              4.6841
            ],
            [
              -73.793,
              4.6812
            ],
            [
              -73.767,
              4.6886
            ],
            [
              -73.7454,
              4.6707
            ],
            [
              -73.7172,
              4.6433
            ],
            [
              -73.7005,
              4.6235
            ],
            [
              -73.6959,
              4.6025
            ],
            [
              -73.6994,
              4.5706
            ],
            [
              -73.6962,
              4.5611
            ],
            [
              -73.6688,
              4.5399
            ],
            [
              -73.6612,
              4.547
            ],
            [
              -73.642,
              4.5468
            ],
            [
              -73.6478,
              4.5575
            ],
            [
              -73.6413,
              4.6013
            ],
            [
              -73.6446,
              4.6054
            ],
            [
              -73.6368,
              4.6255
            ],
            [
              -73.6227,
              4.6456
            ],
            [
              -73.6236,
              4.6593
            ],
            [
              -73.6161,
              4.6683
            ],
            [
              -73.6347,
              4.7087
            ],
            [
              -73.6516,
              4.7124
            ],
            [
              -73.6538,
              4.7207
            ],
            [
              -73.6473,
              4.745
            ],
            [
              -73.6419,
              4.7477
            ],
            [
              -73.6396,
              4.7648
            ],
            [
              -73.6235,
              4.7952
            ]
          ]
        ]
      },
      "properties": {
        "OBJECTID": 505,
        "DPTO_CCDGO": "15",
        "MPIO_CCDGO": "372",
        "name": "15136",
        "MPIO_CRSLC": "1868",
        "MPIO_NANO_": 1993,
        "MPIO_NAREA": 339.24170462,
        "MPIO_CSMBL": "4",
        "MPIO_CCNCT": "25372",
        "MPIO_NANO": 2012,
        "SHAPE_Leng": 0.972952314343,
        "SHAPE_Area": 0.0276498282981,
        "NOMBRE": "JUNIN",
        "DANE": {
          "dpto_ccdgo": "25",
          "mpio_ccdgo": "372",
          "mpio_cdpmp": "25372",
          "dpto_cnmbr": "CUNDINAMARCA",
          "mpio_cnmbr": "JUNÍN",
          "mpio_crslc": "1868",
          "mpio_tipo": "MUNICIPIO",
          "mpio_narea": 343.825553814,
          "mpio_nano": 2024,
          "shape_Leng": 1.05951465779,
          "shape_Area": 0.0280233645993
        }
      }
    },
    {
      "type": "Feature",
      "geometry": {
        "type": "Polygon",
        "coordinates": [
          [
            [
              -73.9595,
              4.8125
            ],
            [
              -73.9993,
              4.8129
            ],
            [
              -74.0067,
              4.8232
            ],
            [
              -74.006,
              4.7978
            ],
            [
              -74.0128,
              4.7979
            ],
            [
              -74.0184,
              4.7677
            ],
            [
              -74.0089,
              4.755
            ],
            [
              -74.0067,
              4.7274
            ],
            [
              -74.0144,
              4.6958
            ],
            [
              -74.0111,
              4.6835
            ],
            [
              -74.002,
              4.6746
            ],
            [
              -74.007,
              4.6645
            ],
            [
              -74.0247,
              4.6626
            ],
            [
              -74.0284,
              4.6429
            ],
            [
              -74.0093,
              4.6382
            ],
            [
              -74.0098,
              4.6267
            ],
            [
              -73.9875,
              4.6312
            ],
            [
              -73.9666,
              4.6422
            ],
            [
              -73.956,
              4.6543
            ],
            [
              -73.9447,
              4.6417
            ],
            [
              -73.9416,
              4.6228
            ],
            [
              -73.9316,
              4.6182
            ],
            [
              -73.9215,
              4.5998
            ],
            [
              -73.9092,
              4.593
            ],
            [
              -73.9017,
              4.6107
            ],
            [
              -73.8931,
              4.6193
            ],
            [
              -73.8872,
              4.634
            ],
            [
              -73.8741,
              4.6399
            ],
            [
              -73.8558,
              4.6366
            ],
            [
              -73.8103,
              4.641
            ],
            [
              -73.7928,
              4.6377
            ],
            [
              -73.7946,
              4.6631
            ],
            [
              -73.793,
              4.6812
            ],
            [
              -73.799,
              4.6841
            ],
            [
              -73.8134,
              4.6864
            ],
            [
              -73.8484,
              4.6864
            ],
            [
              -73.857,
              4.7173
            ],
            [
              -73.872,
              4.7208
            ],
            [
              -73.8723,
              4.7436
            ],
            [
              -73.8868,
              4.7445
            ],
            [
              -73.9018,
              4.7569
            ],
            [
              -73.9239,
              4.7838
            ],
            [
              -73.9415,
              4.7871
            ],
            [
              -73.9626,
              4.7987
            ],
            [
              -73.9595,
              4.8125
            ]
          ]
        ]
      },
      "properties": {
        "OBJECTID": 506,
        "DPTO_CCDGO": "15",
        "MPIO_CCDGO": "377",
        "name": "15139",
        "MPIO_CRSLC": "1772",
        "MPIO_NANO_": 1993,
        "MPIO_NAREA": 330.10003331,
        "MPIO_CSMBL": "4",
        "MPIO_CCNCT": "25377",
        "MPIO_NANO": 2012,
        "SHAPE_Leng": 1.04039283776,
        "SHAPE_Area": 0.0269054920067,
        "NOMBRE": "LA CALERA",
        "DANE": {
          "dpto_ccdgo": "25",
          "mpio_ccdgo": "377",
          "mpio_cdpmp": "25377",
          "dpto_cnmbr": "CUNDINAMARCA",
          "mpio_cnmbr": "LA CALERA",
          "mpio_crslc": "1772",
          "mpio_tipo": "MUNICIPIO",
          "mpio_narea": 326.572650772,
          "mpio_nano": 2024,
          "shape_Leng": 1.03514239081,
          "shape_Area": 0.0266180111532
        }
      }
    },
    {
      "type": "Feature",
      "geometry": {
        "type": "Polygon",
        "coordinates": [
          [
            [
              -74.3933,
              4.6993
            ],
            [
              -74.3985,
              4.7169
            ],
            [
              -74.4256,
              4.7036
            ],
            [
              -74.4378,
              4.7131
            ],
            [
              -74.4528,
              4.7054
            ],
            [
              -74.4689,
              4.6849
            ],
            [
              -74.4828,
              4.6848
            ],
            [
              -74.4974,
              4.6775
            ],
            [
              -74.509,
              4.6797
            ],
            [
              -74.5206,
              4.6755
            ],
            [
              -74.5274,
              4.6861
            ],
            [
              -74.5371,
              4.6818
            ],
            [
              -74.5578,
              4.6614
            ],
            [
              -74.5576,
              4.6475
            ],
            [
              -74.552,
              4.6476
            ],
            [
              -74.5403,
              4.6229
            ],
            [
              -74.5181,
              4.6123
            ],
            [
              -74.5142,
              4.6007
            ],
            [
              -74.4897,
              4.5888
            ],
            [
              -74.4776,
              4.5755
            ],
            [
              -74.4714,
              4.5852
            ],
            [
              -74.4454,
              4.5977
            ],
            [
              -74.445,
              4.6289
            ],
            [
              -74.4288,
              4.6227
            ],
            [
              -74.425,
              4.6464
            ],
            [
              -74.3898,
              4.6852
            ],
            [
              -74.3933,
              4.6993
            ]
          ]
        ]
      },
      "properties": {
        "OBJECTID": 507,
        "DPTO_CCDGO": "15",
        "MPIO_CCDGO": "386",
        "name": "15142",
        "MPIO_CRSLC": "1794",
        "MPIO_NANO_": 1993,
        "MPIO_NAREA": 149.95595751,
        "MPIO_CSMBL": "4",
        "MPIO_CCNCT": "25386",
        "MPIO_NANO": 2012,
        "SHAPE_Leng": 0.607089853373,
        "SHAPE_Area": 0.0122211544093,
        "NOMBRE": "LA MESA",
        "DANE": {
          "dpto_ccdgo": "25",
          "mpio_ccdgo": "386",
          "mpio_cdpmp": "25386",
          "dpto_cnmbr": "CUNDINAMARCA",
          "mpio_cnmbr": "LA MESA",
          "mpio_crslc": "1794",
          "mpio_tipo": "MUNICIPIO",
          "mpio_narea": 148.198807878,
          "mpio_nano": 2024,
          "shape_Leng": 0.601205588364,
          "shape_Area": 0.0120779328925
        }
      }
    },
    {
      "type": "Feature",
      "geometry": {
        "type": "Polygon",
        "coordinates": [
          [
            [
              -74.3651,
              5.4182
            ],
            [
              -74.3787,
              5.4258
            ],
            [
              -74.3875,
              5.4154
            ],
            [
              -74.4056,
              5.4121
            ],
            [
              -74.4062,
              5.433
            ],
            [
              -74.4198,
              5.4368
            ],
            [
              -74.4226,
              5.4438
            ],
            [
              -74.4313,
              5.4331
            ],
            [
              -74.4314,
              5.4208
            ],
            [
              -74.4373,
              5.4025
            ],
            [
              -74.4555,
              5.3818
            ],
            [
              -74.4366,
              5.3714
            ],
            [
              -74.4373,
              5.3616
            ],
            [
              -74.454,
              5.3441
            ],
            [
              -74.4602,
              5.3283
            ],
            [
              -74.4546,
              5.2985
            ],
            [
              -74.4724,
              5.291
            ],
            [
              -74.4848,
              5.2608
            ],
            [
              -74.4924,
              5.256
            ],
            [
              -74.4768,
              5.2521
            ],
            [
              -74.4633,
              5.2596
            ],
            [
              -74.4563,
              5.2521
            ],
            [
              -74.4388,
              5.2572
            ],
            [
              -74.4289,
              5.253
            ],
            [
              -74.4182,
              5.2606
            ],
            [
              -74.4086,
              5.2811
            ],
            [
              -74.3906,
              5.2847
            ],
            [
              -74.3787,
              5.2752
            ],
            [
              -74.3581,
              5.2665
            ],
            [
              -74.3553,
              5.2559
            ],
            [
              -74.3407,
              5.2536
            ],
            [
              -74.34,
              5.2774
            ],
            [
              -74.3357,
              5.2913
            ],
            [
              -74.3453,
              5.3041
            ],
            [
              -74.3603,
              5.3131
            ],
            [
              -74.358,
              5.3314
            ],
            [
              -74.3549,
              5.3561
            ],
            [
              -74.3577,
              5.3726
            ],
            [
              -74.3765,
              5.3949
            ],
            [
              -74.3651,
              5.4182
            ]
          ]
        ]
      },
      "properties": {
        "OBJECTID": 508,
        "DPTO_CCDGO": "15",
        "MPIO_CCDGO": "394",
        "name": "15145",
        "MPIO_CRSLC": "1563",
        "MPIO_NANO_": 1993,
        "MPIO_NAREA": 192.13901821,
        "MPIO_CSMBL": "4",
        "MPIO_CCNCT": "25394",
        "MPIO_NANO": 2012,
        "SHAPE_Leng": 0.868439782444,
        "SHAPE_Area": 0.0156750520779,
        "NOMBRE": "LA PALMA",
        "DANE": {
          "dpto_ccdgo": "25",
          "mpio_ccdgo": "394",
          "mpio_cdpmp": "25394",
          "dpto_cnmbr": "CUNDINAMARCA",
          "mpio_cnmbr": "LA PALMA",
          "mpio_crslc": "1563",
          "mpio_tipo": "MUNICIPIO",
          "mpio_narea": 190.790693297,
          "mpio_nano": 2024,
          "shape_Leng": 0.899227200199,
          "shape_Area": 0.0155650848105
        }
      }
    },
    {
      "type": "Feature",
      "geometry": {
        "type": "Polygon",
        "coordinates": [
          [
            [
              -74.3553,
              5.2559
            ],
            [
              -74.3581,
              5.2665
            ],
            [
              -74.3787,
              5.2752
            ],
            [
              -74.3906,
              5.2847
            ],
            [
              -74.4086,
              5.2811
            ],
            [
              -74.4182,
              5.2606
            ],
            [
              -74.4289,
              5.253
            ],
            [
              -74.4388,
              5.2572
            ],
            [
              -74.4563,
              5.2521
            ],
            [
              -74.4528,
              5.2392
            ],
            [
              -74.4434,
              5.2398
            ],
            [
              -74.4309,
              5.2294
            ],
            [
              -74.4313,
              5.2178
            ],
            [
              -74.4401,
              5.2119
            ],
            [
              -74.4427,
              5.1963
            ],
            [
              -74.4516,
              5.1927
            ],
            [
              -74.4474,
              5.1588
            ],
            [
              -74.4536,
              5.1378
            ],
            [
              -74.4471,
              5.1253
            ],
            [
              -74.4425,
              5.1265
            ],
            [
              -74.4078,
              5.1198
            ],
            [
              -74.3925,
              5.1457
            ],
            [
              -74.3838,
              5.1874
            ],
            [
              -74.3696,
              5.2001
            ],
            [
              -74.3611,
              5.2218
            ],
            [
              -74.3623,
              5.2377
            ],
            [
              -74.3545,
              5.2436
            ],
            [
              -74.3553,
              5.2559
            ]
          ]
        ]
      },
      "properties": {
        "OBJECTID": 509,
        "DPTO_CCDGO": "15",
        "MPIO_CCDGO": "398",
        "name": "15148",
        "MPIO_CRSLC": "Ordenanza 25 de 1825",
        "MPIO_NANO_": 1993,
        "MPIO_NAREA": 126.67956647,
        "MPIO_CSMBL": "4",
        "MPIO_CCNCT": "25398",
        "MPIO_NANO": 2012,
        "SHAPE_Leng": 0.575790760739,
        "SHAPE_Area": 0.0103326600177,
        "NOMBRE": "LA PEÑA",
        "DANE": {
          "dpto_ccdgo": "25",
          "mpio_ccdgo": "398",
          "mpio_cdpmp": "25398",
          "dpto_cnmbr": "CUNDINAMARCA",
          "mpio_cnmbr": "LA PEÑA",
          "mpio_crslc": "Ordenanza 25 de 1825",
          "mpio_tipo": "MUNICIPIO",
          "mpio_narea": 128.452388826,
          "mpio_nano": 2024,
          "shape_Leng": 0.557107128025,
          "shape_Area": 0.0104772886062
        }
      }
    },
    {
      "type": "Feature",
      "geometry": {
        "type": "Polygon",
        "coordinates": [
          [
            [
              -74.3037,
              5.0739
            ],
            [
              -74.3229,
              5.0495
            ],
            [
              -74.3412,
              5.0514
            ],
            [
              -74.3553,
              5.0445
            ],
            [
              -74.3748,
              5.0418
            ],
            [
              -74.393,
              5.0323
            ],
            [
              -74.3952,
              5.0213
            ],
            [
              -74.3795,
              4.9971
            ],
            [
              -74.3876,
              4.9853
            ],
            [
              -74.3889,
              4.9698
            ],
            [
              -74.3827,
              4.9624
            ],
            [
              -74.3855,
              4.948
            ],
            [
              -74.3819,
              4.9343
            ],
            [
              -74.3621,
              4.9148
            ],
            [
              -74.357,
              4.894
            ],
            [
              -74.3349,
              4.8948
            ],
            [
              -74.3225,
              4.8861
            ],
            [
              -74.3084,
              4.9021
            ],
            [
              -74.2922,
              4.912
            ],
            [
              -74.2874,
              4.9237
            ],
            [
              -74.2943,
              4.9371
            ],
            [
              -74.3094,
              4.948
            ],
            [
              -74.3063,
              4.9573
            ],
            [
              -74.3153,
              4.9688
            ],
            [
              -74.3082,
              4.982
            ],
            [
              -74.3195,
              5.0052
            ],
            [
              -74.3153,
              5.0137
            ],
            [
              -74.2985,
              5.0152
            ],
            [
              -74.2781,
              5.0291
            ],
            [
              -74.2883,
              5.048
            ],
            [
              -74.2978,
              5.0539
            ],
            [
              -74.3037,
              5.0739
            ]
          ]
        ]
      },
      "properties": {
        "OBJECTID": 510,
        "DPTO_CCDGO": "15",
        "MPIO_CCDGO": "402",
        "name": "15151",
        "MPIO_CRSLC": "1605",
        "MPIO_NANO_": 1993,
        "MPIO_NAREA": 157.77538979,
        "MPIO_CSMBL": "4",
        "MPIO_CCNCT": "25402",
        "MPIO_NANO": 2012,
        "SHAPE_Leng": 0.735044462305,
        "SHAPE_Area": 0.0128647811031,
        "NOMBRE": "LA VEGA",
        "DANE": {
          "dpto_ccdgo": "25",
          "mpio_ccdgo": "402",
          "mpio_cdpmp": "25402",
          "dpto_cnmbr": "CUNDINAMARCA",
          "mpio_cnmbr": "LA VEGA",
          "mpio_crslc": "1605",
          "mpio_tipo": "MUNICIPIO",
          "mpio_narea": 155.437581127,
          "mpio_nano": 2024,
          "shape_Leng": 0.733010215948,
          "shape_Area": 0.0126741701309
        }
      }
    },
    {
      "type": "Feature",
      "geometry": {
        "type": "Polygon",
        "coordinates": [
          [
            [
              -73.5961,
              5.3646
            ],
            [
              -73.5988,
              5.3783
            ],
            [
              -73.6281,
              5.3585
            ],
            [
              -73.6357,
              5.3647
            ],
            [
              -73.6765,
              5.3354
            ],
            [
              -73.6941,
              5.3288
            ],
            [
              -73.7077,
              5.3298
            ],
            [
              -73.7139,
              5.3389
            ],
            [
              -73.7368,
              5.3432
            ],
            [
              -73.7564,
              5.3244
            ],
            [
              -73.7639,
              5.3244
            ],
            [
              -73.7688,
              5.3238
            ],
            [
              -73.7656,
              5.2981
            ],
            [
              -73.7467,
              5.2834
            ],
            [
              -73.7288,
              5.2606
            ],
            [
              -73.7216,
              5.2455
            ],
            [
              -73.7138,
              5.249
            ],
            [
              -73.6978,
              5.2421
            ],
            [
              -73.6844,
              5.2287
            ],
            [
              -73.6731,
              5.2324
            ],
            [
              -73.662,
              5.2431
            ],
            [
              -73.6562,
              5.2513
            ],
            [
              -73.6631,
              5.2659
            ],
            [
              -73.6388,
              5.2896
            ],
            [
              -73.6187,
              5.2989
            ],
            [
              -73.6181,
              5.3107
            ],
            [
              -73.6095,
              5.3182
            ],
            [
              -73.5984,
              5.3398
            ],
            [
              -73.5961,
              5.3646
            ]
          ]
        ]
      },
      "properties": {
        "OBJECTID": 511,
        "DPTO_CCDGO": "15",
        "MPIO_CCDGO": "407",
        "name": "15154",
        "MPIO_CRSLC": "1780",
        "MPIO_NANO_": 1993,
        "MPIO_NAREA": 154.58405821,
        "MPIO_CSMBL": "4",
        "MPIO_CCNCT": "25407",
        "MPIO_NANO": 2012,
        "SHAPE_Leng": 0.624532771476,
        "SHAPE_Area": 0.0126104849412,
        "NOMBRE": "LENGUAZAQUE",
        "DANE": {
          "dpto_ccdgo": "25",
          "mpio_ccdgo": "407",
          "mpio_cdpmp": "25407",
          "dpto_cnmbr": "CUNDINAMARCA",
          "mpio_cnmbr": "LENGUAZAQUE",
          "mpio_crslc": "1780",
          "mpio_tipo": "MUNICIPIO",
          "mpio_narea": 155.630376856,
          "mpio_nano": 2024,
          "shape_Leng": 0.625165540059,
          "shape_Area": 0.0126958498282
        }
      }
    },
    {
      "type": "Feature",
      "geometry": {
        "type": "Polygon",
        "coordinates": [
          [
            [
              -73.538,
              5.1228
            ],
            [
              -73.5464,
              5.1093
            ],
            [
              -73.5562,
              5.1121
            ],
            [
              -73.5557,
              5.1258
            ],
            [
              -73.5632,
              5.1376
            ],
            [
              -73.5806,
              5.1495
            ],
            [
              -73.5941,
              5.1488
            ],
            [
              -73.617,
              5.1317
            ],
            [
              -73.6169,
              5.1197
            ],
            [
              -73.6278,
              5.114
            ],
            [
              -73.6377,
              5.0916
            ],
            [
              -73.6633,
              5.0492
            ],
            [
              -73.6718,
              5.042
            ],
            [
              -73.6751,
              5.0245
            ],
            [
              -73.6848,
              5.017
            ],
            [
              -73.6887,
              5.0038
            ],
            [
              -73.6839,
              4.9928
            ],
            [
              -73.6876,
              4.9835
            ],
            [
              -73.6936,
              4.9722
            ],
            [
              -73.714,
              4.952
            ],
            [
              -73.6967,
              4.9455
            ],
            [
              -73.6851,
              4.9339
            ],
            [
              -73.6774,
              4.9318
            ],
            [
              -73.6548,
              4.9463
            ],
            [
              -73.6427,
              4.9473
            ],
            [
              -73.6356,
              4.9563
            ],
            [
              -73.6172,
              4.961
            ],
            [
              -73.6068,
              4.983
            ],
            [
              -73.5951,
              4.9912
            ],
            [
              -73.576,
              5.0202
            ],
            [
              -73.5538,
              5.0264
            ],
            [
              -73.5398,
              5.0524
            ],
            [
              -73.5415,
              5.0722
            ],
            [
              -73.5512,
              5.0794
            ],
            [
              -73.5442,
              5.0997
            ],
            [
              -73.5365,
              5.1044
            ],
            [
              -73.538,
              5.1228
            ]
          ]
        ]
      },
      "properties": {
        "OBJECTID": 512,
        "DPTO_CCDGO": "15",
        "MPIO_CCDGO": "426",
        "name": "15157",
        "MPIO_CRSLC": "1765",
        "MPIO_NANO_": 1993,
        "MPIO_NAREA": 233.12201614,
        "MPIO_CSMBL": "4",
        "MPIO_CCNCT": "25426",
        "MPIO_NANO": 2012,
        "SHAPE_Leng": 0.6964565956,
        "SHAPE_Area": 0.0190093404996,
        "NOMBRE": "MACHETA",
        "DANE": {
          "dpto_ccdgo": "25",
          "mpio_ccdgo": "426",
          "mpio_cdpmp": "25426",
          "dpto_cnmbr": "CUNDINAMARCA",
          "mpio_cnmbr": "MACHETÁ",
          "mpio_crslc": "1765",
          "mpio_tipo": "MUNICIPIO",
          "mpio_narea": 229.191506823,
          "mpio_nano": 2024,
          "shape_Leng": 0.718097012063,
          "shape_Area": 0.0186888664859
        }
      }
    },
    {
      "type": "Feature",
      "geometry": {
        "type": "Polygon",
        "coordinates": [
          [
            [
              -74.1776,
              4.8578
            ],
            [
              -74.2016,
              4.8568
            ],
            [
              -74.2285,
              4.8274
            ],
            [
              -74.2393,
              4.8217
            ],
            [
              -74.2604,
              4.8232
            ],
            [
              -74.267,
              4.8154
            ],
            [
              -74.2656,
              4.8048
            ],
            [
              -74.2724,
              4.7902
            ],
            [
              -74.2812,
              4.7866
            ],
            [
              -74.2953,
              4.793
            ],
            [
              -74.3165,
              4.7827
            ],
            [
              -74.3279,
              4.7647
            ],
            [
              -74.3218,
              4.7426
            ],
            [
              -74.3138,
              4.7369
            ],
            [
              -74.2995,
              4.7168
            ],
            [
              -74.2691,
              4.6964
            ],
            [
              -74.2564,
              4.6854
            ],
            [
              -74.2494,
              4.7216
            ],
            [
              -74.2323,
              4.737
            ],
            [
              -74.2273,
              4.7425
            ],
            [
              -74.2456,
              4.7543
            ],
            [
              -74.2445,
              4.7682
            ],
            [
              -74.2183,
              4.7937
            ],
            [
              -74.2027,
              4.8012
            ],
            [
              -74.1877,
              4.8391
            ],
            [
              -74.1783,
              4.8438
            ],
            [
              -74.1776,
              4.8578
            ]
          ]
        ]
      },
      "properties": {
        "OBJECTID": 513,
        "DPTO_CCDGO": "15",
        "MPIO_CCDGO": "430",
        "name": "15160",
        "MPIO_CRSLC": "1834",
        "MPIO_NANO_": 1993,
        "MPIO_NAREA": 118.44694571,
        "MPIO_CSMBL": "4",
        "MPIO_CCNCT": "25430",
        "MPIO_NANO": 2012,
        "SHAPE_Leng": 0.652914066332,
        "SHAPE_Area": 0.0096552116835,
        "NOMBRE": "MADRID",
        "DANE": {
          "dpto_ccdgo": "25",
          "mpio_ccdgo": "430",
          "mpio_cdpmp": "25430",
          "dpto_cnmbr": "CUNDINAMARCA",
          "mpio_cnmbr": "MADRID",
          "mpio_crslc": "1834",
          "mpio_tipo": "MUNICIPIO",
          "mpio_narea": 119.581899417,
          "mpio_nano": 2024,
          "shape_Leng": 0.718758497211,
          "shape_Area": 0.00974773910066
        }
      }
    },
    {
      "type": "Feature",
      "geometry": {
        "type": "Polygon",
        "coordinates": [
          [
            [
              -73.5224,
              5.0292
            ],
            [
              -73.5285,
              5.0357
            ],
            [
              -73.5273,
              5.0617
            ],
            [
              -73.5415,
              5.0722
            ],
            [
              -73.5398,
              5.0524
            ],
            [
              -73.5538,
              5.0264
            ],
            [
              -73.576,
              5.0202
            ],
            [
              -73.5951,
              4.9912
            ],
            [
              -73.6068,
              4.983
            ],
            [
              -73.6172,
              4.961
            ],
            [
              -73.6102,
              4.9282
            ],
            [
              -73.6014,
              4.9181
            ],
            [
              -73.5536,
              4.9134
            ],
            [
              -73.5424,
              4.9139
            ],
            [
              -73.5488,
              4.9251
            ],
            [
              -73.5443,
              4.9451
            ],
            [
              -73.5338,
              4.9538
            ],
            [
              -73.517,
              4.9906
            ],
            [
              -73.507,
              4.9964
            ],
            [
              -73.5157,
              5.0038
            ],
            [
              -73.5224,
              5.0292
            ]
          ]
        ]
      },
      "properties": {
        "OBJECTID": 514,
        "DPTO_CCDGO": "15",
        "MPIO_CCDGO": "436",
        "name": "15163",
        "MPIO_CRSLC": "1800",
        "MPIO_NANO_": 1993,
        "MPIO_NAREA": 105.37675569,
        "MPIO_CSMBL": "4",
        "MPIO_CCNCT": "25436",
        "MPIO_NANO": 2012,
        "SHAPE_Leng": 0.454941784598,
        "SHAPE_Area": 0.00859175887726,
        "NOMBRE": "MANTA",
        "DANE": {
          "dpto_ccdgo": "25",
          "mpio_ccdgo": "436",
          "mpio_cdpmp": "25436",
          "dpto_cnmbr": "CUNDINAMARCA",
          "mpio_cnmbr": "MANTA",
          "mpio_crslc": "1800",
          "mpio_tipo": "MUNICIPIO",
          "mpio_narea": 107.906512215,
          "mpio_nano": 2024,
          "shape_Leng": 0.470542603407,
          "shape_Area": 0.00879800245814
        }
      }
    },
    {
      "type": "Feature",
      "geometry": {
        "type": "Polygon",
        "coordinates": [
          [
            [
              -73.2477,
              4.6237
            ],
            [
              -73.2569,
              4.622
            ],
            [
              -73.2732,
              4.6304
            ],
            [
              -73.2902,
              4.6347
            ],
            [
              -73.3032,
              4.624
            ],
            [
              -73.3183,
              4.6355
            ],
            [
              -73.334,
              4.6392
            ],
            [
              -73.3371,
              4.6498
            ],
            [
              -73.3467,
              4.6496
            ],
            [
              -73.3715,
              4.6586
            ],
            [
              -73.3829,
              4.6549
            ],
            [
              -73.4035,
              4.6786
            ],
            [
              -73.4123,
              4.6663
            ],
            [
              -73.4437,
              4.6442
            ],
            [
              -73.4606,
              4.639
            ],
            [
              -73.4695,
              4.6309
            ],
            [
              -73.4844,
              4.5972
            ],
            [
              -73.5033,
              4.5932
            ],
            [
              -73.5117,
              4.5763
            ],
            [
              -73.5341,
              4.5471
            ],
            [
              -73.5553,
              4.5459
            ],
            [
              -73.5681,
              4.5251
            ],
            [
              -73.5757,
              4.5166
            ],
            [
              -73.5758,
              4.4985
            ],
            [
              -73.5962,
              4.4869
            ],
            [
              -73.6024,
              4.4621
            ],
            [
              -73.6024,
              4.4543
            ],
            [
              -73.5909,
              4.4437
            ],
            [
              -73.588,
              4.4331
            ],
            [
              -73.5725,
              4.4193
            ],
            [
              -73.5769,
              4.3995
            ],
            [
              -73.5715,
              4.3734
            ],
            [
              -73.5563,
              4.3544
            ],
            [
              -73.5505,
              4.3079
            ],
            [
              -73.5229,
              4.293
            ],
            [
              -73.4968,
              4.2838
            ],
            [
              -73.484,
              4.2856
            ],
            [
              -73.472,
              4.2763
            ],
            [
              -73.4474,
              4.2881
            ],
            [
              -73.4276,
              4.3066
            ],
            [
              -73.4164,
              4.324
            ],
            [
              -73.4153,
              4.3369
            ],
            [
              -73.3885,
              4.3555
            ],
            [
              -73.3667,
              4.3755
            ],
            [
              -73.3398,
              4.3727
            ],
            [
              -73.3227,
              4.3805
            ],
            [
              -73.3068,
              4.3922
            ],
            [
              -73.2872,
              4.4112
            ],
            [
              -73.2695,
              4.4219
            ],
            [
              -73.2548,
              4.4232
            ],
            [
              -73.2431,
              4.4493
            ],
            [
              -73.2331,
              4.449
            ],
            [
              -73.2277,
              4.4616
            ],
            [
              -73.2275,
              4.4759
            ],
            [
              -73.2034,
              4.4897
            ],
            [
              -73.2061,
              4.5035
            ],
            [
              -73.1907,
              4.5331
            ],
            [
              -73.1975,
              4.5457
            ],
            [
              -73.1956,
              4.5603
            ],
            [
              -73.2175,
              4.5639
            ],
            [
              -73.2224,
              4.5834
            ],
            [
              -73.2088,
              4.6066
            ],
            [
              -73.2348,
              4.6075
            ],
            [
              -73.2465,
              4.6117
            ],
            [
              -73.2477,
              4.6237
            ]
          ]
        ]
      },
      "properties": {
        "OBJECTID": 515,
        "DPTO_CCDGO": "15",
        "MPIO_CCDGO": "438",
        "name": "15166",
        "MPIO_CRSLC": "1794",
        "MPIO_NANO_": 1993,
        "MPIO_NAREA": 1196.92429845,
        "MPIO_CSMBL": "4",
        "MPIO_CCNCT": "25438",
        "MPIO_NANO": 2012,
        "SHAPE_Leng": 1.43829967242,
        "SHAPE_Area": 0.0975161944306,
        "NOMBRE": "MEDINA",
        "DANE": {
          "dpto_ccdgo": "25",
          "mpio_ccdgo": "438",
          "mpio_cdpmp": "25438",
          "dpto_cnmbr": "CUNDINAMARCA",
          "mpio_cnmbr": "MEDINA",
          "mpio_crslc": "1794",
          "mpio_tipo": "MUNICIPIO",
          "mpio_narea": 1196.94764193,
          "mpio_nano": 2024,
          "shape_Leng": 1.44681660776,
          "shape_Area": 0.0975181472775
        }
      }
    },
    {
      "type": "Feature",
      "geometry": {
        "type": "Polygon",
        "coordinates": [
          [
            [
              -74.1723,
              4.6962
            ],
            [
              -74.2099,
              4.7011
            ],
            [
              -74.2323,
              4.737
            ],
            [
              -74.2494,
              4.7216
            ],
            [
              -74.2564,
              4.6854
            ],
            [
              -74.2691,
              4.6964
            ],
            [
              -74.2995,
              4.7168
            ],
            [
              -74.3014,
              4.7125
            ],
            [
              -74.2869,
              4.677
            ],
            [
              -74.2838,
              4.6351
            ],
            [
              -74.2726,
              4.6187
            ],
            [
              -74.2405,
              4.6335
            ],
            [
              -74.2226,
              4.6294
            ],
            [
              -74.2069,
              4.6454
            ],
            [
              -74.163,
              4.6594
            ],
            [
              -74.1748,
              4.6766
            ],
            [
              -74.1677,
              4.6877
            ],
            [
              -74.1723,
              4.6962
            ]
          ]
        ]
      },
      "properties": {
        "OBJECTID": 516,
        "DPTO_CCDGO": "15",
        "MPIO_CCDGO": "473",
        "name": "15169",
        "MPIO_CRSLC": "1861",
        "MPIO_NANO_": 1993,
        "MPIO_NAREA": 106.30423905,
        "MPIO_CSMBL": "4",
        "MPIO_CCNCT": "25473",
        "MPIO_NANO": 2012,
        "SHAPE_Leng": 0.604949746094,
        "SHAPE_Area": 0.00866421516884,
        "NOMBRE": "MOSQUERA",
        "DANE": {
          "dpto_ccdgo": "25",
          "mpio_ccdgo": "473",
          "mpio_cdpmp": "25473",
          "dpto_cnmbr": "CUNDINAMARCA",
          "mpio_cnmbr": "MOSQUERA",
          "mpio_crslc": "1861",
          "mpio_tipo": "MUNICIPIO",
          "mpio_narea": 105.939522085,
          "mpio_nano": 2024,
          "shape_Leng": 0.594105173982,
          "shape_Area": 0.00863448760722
        }
      }
    },
    {
      "type": "Feature",
      "geometry": {
        "type": "Polygon",
        "coordinates": [
          [
            [
              -74.7256,
              4.4602
            ],
            [
              -74.7327,
              4.4618
            ],
            [
              -74.743,
              4.4758
            ],
            [
              -74.7685,
              4.4556
            ],
            [
              -74.7764,
              4.44
            ],
            [
              -74.7995,
              4.4189
            ],
            [
              -74.82,
              4.4354
            ],
            [
              -74.822,
              4.4453
            ],
            [
              -74.8331,
              4.4434
            ],
            [
              -74.8307,
              4.4232
            ],
            [
              -74.8351,
              4.412
            ],
            [
              -74.8391,
              4.3826
            ],
            [
              -74.8544,
              4.3664
            ],
            [
              -74.8519,
              4.3589
            ],
            [
              -74.8558,
              4.3347
            ],
            [
              -74.8466,
              4.3353
            ],
            [
              -74.8181,
              4.3672
            ],
            [
              -74.7949,
              4.4009
            ],
            [
              -74.7731,
              4.4272
            ],
            [
              -74.7535,
              4.4346
            ],
            [
              -74.7453,
              4.454
            ],
            [
              -74.7256,
              4.4602
            ]
          ]
        ]
      },
      "properties": {
        "OBJECTID": 517,
        "DPTO_CCDGO": "15",
        "MPIO_CCDGO": "483",
        "name": "15172",
        "MPIO_CRSLC": "1899",
        "MPIO_NANO_": 1993,
        "MPIO_NAREA": 56.11776366,
        "MPIO_CSMBL": "4",
        "MPIO_CCNCT": "25483",
        "MPIO_NANO": 2012,
        "SHAPE_Leng": 0.510023533453,
        "SHAPE_Area": 0.00457147727366,
        "NOMBRE": "NARIÑO",
        "DANE": {
          "dpto_ccdgo": "25",
          "mpio_ccdgo": "483",
          "mpio_cdpmp": "25483",
          "dpto_cnmbr": "CUNDINAMARCA",
          "mpio_cnmbr": "NARIÑO",
          "mpio_crslc": "1899",
          "mpio_tipo": "MUNICIPIO",
          "mpio_narea": 55.1626268432,
          "mpio_nano": 2024,
          "shape_Leng": 0.521911692668,
          "shape_Area": 0.00449367358534
        }
      }
    },
    {
      "type": "Feature",
      "geometry": {
        "type": "Polygon",
        "coordinates": [
          [
            [
              -73.8454,
              5.1548
            ],
            [
              -73.8669,
              5.149
            ],
            [
              -73.8796,
              5.1512
            ],
            [
              -73.8882,
              5.1597
            ],
            [
              -73.8929,
              5.1416
            ],
            [
              -73.9063,
              5.133
            ],
            [
              -73.9096,
              5.1113
            ],
            [
              -73.9321,
              5.0855
            ],
            [
              -73.9316,
              5.0626
            ],
            [
              -73.9249,
              5.055
            ],
            [
              -73.9356,
              5.0435
            ],
            [
              -73.9124,
              5.028
            ],
            [
              -73.8889,
              5.0455
            ],
            [
              -73.8709,
              5.0475
            ],
            [
              -73.8535,
              5.0561
            ],
            [
              -73.8559,
              5.0659
            ],
            [
              -73.8302,
              5.0963
            ],
            [
              -73.8533,
              5.1194
            ],
            [
              -73.8534,
              5.1277
            ],
            [
              -73.8408,
              5.1342
            ],
            [
              -73.8454,
              5.1548
            ]
          ]
        ]
      },
      "properties": {
        "OBJECTID": 518,
        "DPTO_CCDGO": "15",
        "MPIO_CCDGO": "486",
        "name": "15175",
        "MPIO_CRSLC": "1778",
        "MPIO_NANO_": 1993,
        "MPIO_NAREA": 98.47497171,
        "MPIO_CSMBL": "4",
        "MPIO_CCNCT": "25486",
        "MPIO_NANO": 2012,
        "SHAPE_Leng": 0.540482527627,
        "SHAPE_Area": 0.00803097557304,
        "NOMBRE": "NEMOCON",
        "DANE": {
          "dpto_ccdgo": "25",
          "mpio_ccdgo": "486",
          "mpio_cdpmp": "25486",
          "dpto_cnmbr": "CUNDINAMARCA",
          "mpio_cnmbr": "NEMOCÓN",
          "mpio_crslc": "1778",
          "mpio_tipo": "MUNICIPIO",
          "mpio_narea": 98.3813517164,
          "mpio_nano": 2024,
          "shape_Leng": 0.553180264057,
          "shape_Area": 0.00802333947929
        }
      }
    },
    {
      "type": "Feature",
      "geometry": {
        "type": "Polygon",
        "coordinates": [
          [
            [
              -74.7308,
              4.2448
            ],
            [
              -74.7219,
              4.231
            ],
            [
              -74.7112,
              4.2325
            ],
            [
              -74.7005,
              4.2184
            ],
            [
              -74.7017,
              4.2121
            ],
            [
              -74.6768,
              4.2066
            ],
            [
              -74.6563,
              4.2145
            ],
            [
              -74.6548,
              4.2033
            ],
            [
              -74.6403,
              4.2103
            ],
            [
              -74.6263,
              4.223
            ],
            [
              -74.6189,
              4.2383
            ],
            [
              -74.6199,
              4.2519
            ],
            [
              -74.6046,
              4.2571
            ],
            [
              -74.5885,
              4.2674
            ],
            [
              -74.5625,
              4.2721
            ],
            [
              -74.5556,
              4.2671
            ],
            [
              -74.5519,
              4.2651
            ],
            [
              -74.5509,
              4.288
            ],
            [
              -74.5399,
              4.3074
            ],
            [
              -74.5073,
              4.3357
            ],
            [
              -74.4985,
              4.3548
            ],
            [
              -74.5118,
              4.3642
            ],
            [
              -74.529,
              4.3679
            ],
            [
              -74.5485,
              4.3641
            ],
            [
              -74.5607,
              4.3739
            ],
            [
              -74.5834,
              4.3684
            ],
            [
              -74.5962,
              4.3594
            ],
            [
              -74.6176,
              4.3567
            ],
            [
              -74.6312,
              4.3429
            ],
            [
              -74.6468,
              4.3539
            ],
            [
              -74.6647,
              4.3392
            ],
            [
              -74.6649,
              4.3221
            ],
            [
              -74.6609,
              4.3056
            ],
            [
              -74.6749,
              4.2851
            ],
            [
              -74.7005,
              4.2611
            ],
            [
              -74.7308,
              4.2448
            ]
          ]
        ]
      },
      "properties": {
        "OBJECTID": 519,
        "DPTO_CCDGO": "15",
        "MPIO_CCDGO": "488",
        "name": "15178",
        "MPIO_CRSLC": "1899",
        "MPIO_NANO_": 1993,
        "MPIO_NAREA": 222.81969897,
        "MPIO_CSMBL": "4",
        "MPIO_CCNCT": "25488",
        "MPIO_NANO": 2012,
        "SHAPE_Leng": 0.782229159592,
        "SHAPE_Area": 0.0181500893627,
        "NOMBRE": "NILO",
        "DANE": {
          "dpto_ccdgo": "25",
          "mpio_ccdgo": "488",
          "mpio_cdpmp": "25488",
          "dpto_cnmbr": "CUNDINAMARCA",
          "mpio_cnmbr": "NILO",
          "mpio_crslc": "1899",
          "mpio_tipo": "MUNICIPIO",
          "mpio_narea": 224.643775144,
          "mpio_nano": 2024,
          "shape_Leng": 0.850769994645,
          "shape_Area": 0.0182986585781
        }
      }
    },
    {
      "type": "Feature",
      "geometry": {
        "type": "Polygon",
        "coordinates": [
          [
            [
              -74.3401,
              5.2002
            ],
            [
              -74.3596,
              5.2047
            ],
            [
              -74.3696,
              5.2001
            ],
            [
              -74.3838,
              5.1874
            ],
            [
              -74.3925,
              5.1457
            ],
            [
              -74.4078,
              5.1198
            ],
            [
              -74.4425,
              5.1265
            ],
            [
              -74.4471,
              5.1253
            ],
            [
              -74.4509,
              5.1232
            ],
            [
              -74.4468,
              5.1166
            ],
            [
              -74.4548,
              5.0912
            ],
            [
              -74.4487,
              5.0729
            ],
            [
              -74.4275,
              5.0653
            ],
            [
              -74.4267,
              5.0891
            ],
            [
              -74.4196,
              5.1005
            ],
            [
              -74.4109,
              5.098
            ],
            [
              -74.392,
              5.1102
            ],
            [
              -74.3749,
              5.105
            ],
            [
              -74.3684,
              5.1073
            ],
            [
              -74.3666,
              5.1231
            ],
            [
              -74.3732,
              5.1372
            ],
            [
              -74.3654,
              5.1433
            ],
            [
              -74.3574,
              5.1588
            ],
            [
              -74.3534,
              5.1829
            ],
            [
              -74.3413,
              5.1903
            ],
            [
              -74.3401,
              5.2002
            ]
          ]
        ]
      },
      "properties": {
        "OBJECTID": 520,
        "DPTO_CCDGO": "15",
        "MPIO_CCDGO": "489",
        "name": "15181",
        "MPIO_CRSLC": "Ordenanza 30 de Julio de 1904",
        "MPIO_NANO_": 1993,
        "MPIO_NAREA": 57.68249973,
        "MPIO_CSMBL": "4",
        "MPIO_CCNCT": "25489",
        "MPIO_NANO": 2012,
        "SHAPE_Leng": 0.505665187714,
        "SHAPE_Area": 0.00470440266169,
        "NOMBRE": "NIMAIMA",
        "DANE": {
          "dpto_ccdgo": "25",
          "mpio_ccdgo": "489",
          "mpio_cdpmp": "25489",
          "dpto_cnmbr": "CUNDINAMARCA",
          "mpio_cnmbr": "NIMAIMA",
          "mpio_crslc": "Ordenanza 30 de Julio de 1904",
          "mpio_tipo": "MUNICIPIO",
          "mpio_narea": 59.5181528472,
          "mpio_nano": 2024,
          "shape_Leng": 0.498805980949,
          "shape_Area": 0.0048541115803
        }
      }
    },
    {
      "type": "Feature",
      "geometry": {
        "type": "Polygon",
        "coordinates": [
          [
            [
              -74.3749,
              5.105
            ],
            [
              -74.392,
              5.1102
            ],
            [
              -74.4109,
              5.098
            ],
            [
              -74.4196,
              5.1005
            ],
            [
              -74.4267,
              5.0891
            ],
            [
              -74.4275,
              5.0653
            ],
            [
              -74.436,
              5.0451
            ],
            [
              -74.4237,
              5.0412
            ],
            [
              -74.4234,
              5.0259
            ],
            [
              -74.4124,
              5.0204
            ],
            [
              -74.4007,
              5.0139
            ],
            [
              -74.3952,
              5.0213
            ],
            [
              -74.393,
              5.0323
            ],
            [
              -74.3748,
              5.0418
            ],
            [
              -74.3553,
              5.0445
            ],
            [
              -74.3412,
              5.0514
            ],
            [
              -74.3374,
              5.062
            ],
            [
              -74.3377,
              5.0849
            ],
            [
              -74.3572,
              5.0855
            ],
            [
              -74.3749,
              5.105
            ]
          ]
        ]
      },
      "properties": {
        "OBJECTID": 521,
        "DPTO_CCDGO": "15",
        "MPIO_CCDGO": "491",
        "name": "15184",
        "MPIO_CRSLC": "1735",
        "MPIO_NANO_": 1993,
        "MPIO_NAREA": 67.67532786,
        "MPIO_CSMBL": "4",
        "MPIO_CCNCT": "25491",
        "MPIO_NANO": 2012,
        "SHAPE_Leng": 0.388571230572,
        "SHAPE_Area": 0.00551883402583,
        "NOMBRE": "NOCAIMA",
        "DANE": {
          "dpto_ccdgo": "25",
          "mpio_ccdgo": "491",
          "mpio_cdpmp": "25491",
          "dpto_cnmbr": "CUNDINAMARCA",
          "mpio_cnmbr": "NOCAIMA",
          "mpio_crslc": "1735",
          "mpio_tipo": "MUNICIPIO",
          "mpio_narea": 68.9382330244,
          "mpio_nano": 2024,
          "shape_Leng": 0.398799191618,
          "shape_Area": 0.00562181387099
        }
      }
    },
    {
      "type": "Feature",
      "geometry": {
        "type": "Polygon",
        "coordinates": [
          [
            [
              -74.445,
              4.1108
            ],
            [
              -74.4481,
              4.1215
            ],
            [
              -74.4764,
              4.1201
            ],
            [
              -74.4863,
              4.0964
            ],
            [
              -74.5087,
              4.0781
            ],
            [
              -74.5257,
              4.0521
            ],
            [
              -74.5314,
              4.0337
            ],
            [
              -74.524,
              4.0223
            ],
            [
              -74.5009,
              4.0233
            ],
            [
              -74.4924,
              4.034
            ],
            [
              -74.48,
              4.0284
            ],
            [
              -74.4629,
              4.037
            ],
            [
              -74.4536,
              4.0272
            ],
            [
              -74.4215,
              4.0246
            ],
            [
              -74.3997,
              4.0273
            ],
            [
              -74.3834,
              4.0199
            ],
            [
              -74.3793,
              4.0361
            ],
            [
              -74.3846,
              4.0399
            ],
            [
              -74.385,
              4.0622
            ],
            [
              -74.3926,
              4.0823
            ],
            [
              -74.403,
              4.0944
            ],
            [
              -74.445,
              4.1108
            ]
          ]
        ]
      },
      "properties": {
        "OBJECTID": 522,
        "DPTO_CCDGO": "15",
        "MPIO_CCDGO": "506",
        "name": "15318",
        "MPIO_CRSLC": "Decreto 727 Septiembre 5 de 1951",
        "MPIO_NANO_": 1993,
        "MPIO_NAREA": 122.91207894,
        "MPIO_CSMBL": "4",
        "MPIO_CCNCT": "25506",
        "MPIO_NANO": 2012,
        "SHAPE_Leng": 0.501918578667,
        "SHAPE_Area": 0.0100095450037,
        "NOMBRE": "VENECIA",
        "DANE": {
          "dpto_ccdgo": "25",
          "mpio_ccdgo": "506",
          "mpio_cdpmp": "25506",
          "dpto_cnmbr": "CUNDINAMARCA",
          "mpio_cnmbr": "VENECIA",
          "mpio_crslc": "Decreto 727 Septiembre 5 de 1951",
          "mpio_tipo": "MUNICIPIO",
          "mpio_narea": 122.203316749,
          "mpio_nano": 2024,
          "shape_Leng": 0.487368273702,
          "shape_Area": 0.00995182519277
        }
      }
    },
    {
      "type": "Feature",
      "geometry": {
        "type": "Polygon",
        "coordinates": [
          [
            [
              -74.1377,
              5.2346
            ],
            [
              -74.1542,
              5.2315
            ],
            [
              -74.1685,
              5.2337
            ],
            [
              -74.1795,
              5.2144
            ],
            [
              -74.1919,
              5.2111
            ],
            [
              -74.2027,
              5.1958
            ],
            [
              -74.2046,
              5.2256
            ],
            [
              -74.2038,
              5.2623
            ],
            [
              -74.2082,
              5.2657
            ],
            [
              -74.2073,
              5.2877
            ],
            [
              -74.2133,
              5.2956
            ],
            [
              -74.2207,
              5.2897
            ],
            [
              -74.2427,
              5.293
            ],
            [
              -74.2492,
              5.2768
            ],
            [
              -74.2487,
              5.2426
            ],
            [
              -74.257,
              5.229
            ],
            [
              -74.2787,
              5.2312
            ],
            [
              -74.2851,
              5.2279
            ],
            [
              -74.2855,
              5.2137
            ],
            [
              -74.2959,
              5.1936
            ],
            [
              -74.3006,
              5.1924
            ],
            [
              -74.2915,
              5.1691
            ],
            [
              -74.2616,
              5.1655
            ],
            [
              -74.2463,
              5.1494
            ],
            [
              -74.2252,
              5.1428
            ],
            [
              -74.2269,
              5.1185
            ],
            [
              -74.215,
              5.1021
            ],
            [
              -74.1956,
              5.1027
            ],
            [
              -74.1783,
              5.0804
            ],
            [
              -74.1743,
              5.065
            ],
            [
              -74.1583,
              5.0518
            ],
            [
              -74.1577,
              5.0437
            ],
            [
              -74.1454,
              5.0375
            ],
            [
              -74.1377,
              5.0567
            ],
            [
              -74.1265,
              5.0689
            ],
            [
              -74.0983,
              5.0709
            ],
            [
              -74.0938,
              5.067
            ],
            [
              -74.0829,
              5.0699
            ],
            [
              -74.0768,
              5.0866
            ],
            [
              -74.0776,
              5.1192
            ],
            [
              -74.07,
              5.1276
            ],
            [
              -74.0741,
              5.1431
            ],
            [
              -74.067,
              5.1538
            ],
            [
              -74.0561,
              5.1472
            ],
            [
              -74.0458,
              5.1582
            ],
            [
              -74.0455,
              5.1697
            ],
            [
              -74.0499,
              5.2016
            ],
            [
              -74.0559,
              5.2143
            ],
            [
              -74.0778,
              5.2307
            ],
            [
              -74.0889,
              5.2336
            ],
            [
              -74.0973,
              5.2463
            ],
            [
              -74.1377,
              5.2346
            ]
          ]
        ]
      },
      "properties": {
        "OBJECTID": 523,
        "DPTO_CCDGO": "15",
        "MPIO_CCDGO": "513",
        "name": "15190",
        "MPIO_CRSLC": "1604",
        "MPIO_NANO_": 1993,
        "MPIO_NAREA": 406.52719024,
        "MPIO_CSMBL": "4",
        "MPIO_CCNCT": "25513",
        "MPIO_NANO": 2012,
        "SHAPE_Leng": 1.0945315164,
        "SHAPE_Area": 0.0331577652266,
        "NOMBRE": "PACHO",
        "DANE": {
          "dpto_ccdgo": "25",
          "mpio_ccdgo": "513",
          "mpio_cdpmp": "25513",
          "dpto_cnmbr": "CUNDINAMARCA",
          "mpio_cnmbr": "PACHO",
          "mpio_crslc": "1604",
          "mpio_tipo": "MUNICIPIO",
          "mpio_narea": 402.626777174,
          "mpio_nano": 2024,
          "shape_Leng": 1.20216295658,
          "shape_Area": 0.0328396243269
        }
      }
    },
    {
      "type": "Feature",
      "geometry": {
        "type": "Polygon",
        "coordinates": [
          [
            [
              -74.0969,
              5.4706
            ],
            [
              -74.1131,
              5.467
            ],
            [
              -74.1288,
              5.4299
            ],
            [
              -74.1371,
              5.4432
            ],
            [
              -74.161,
              5.4493
            ],
            [
              -74.1753,
              5.4622
            ],
            [
              -74.1776,
              5.4596
            ],
            [
              -74.1871,
              5.4432
            ],
            [
              -74.1946,
              5.4392
            ],
            [
              -74.2117,
              5.4175
            ],
            [
              -74.2194,
              5.4167
            ],
            [
              -74.2343,
              5.3974
            ],
            [
              -74.2357,
              5.383
            ],
            [
              -74.2229,
              5.3607
            ],
            [
              -74.221,
              5.3421
            ],
            [
              -74.2068,
              5.3413
            ],
            [
              -74.1984,
              5.3193
            ],
            [
              -74.1738,
              5.2976
            ],
            [
              -74.1686,
              5.2993
            ],
            [
              -74.1579,
              5.3213
            ],
            [
              -74.147,
              5.332
            ],
            [
              -74.1306,
              5.3337
            ],
            [
              -74.1318,
              5.3488
            ],
            [
              -74.1209,
              5.3584
            ],
            [
              -74.1064,
              5.3617
            ],
            [
              -74.1133,
              5.3823
            ],
            [
              -74.1104,
              5.3987
            ],
            [
              -74.1035,
              5.4054
            ],
            [
              -74.1016,
              5.4208
            ],
            [
              -74.0949,
              5.4364
            ],
            [
              -74.0969,
              5.4706
            ]
          ]
        ]
      },
      "properties": {
        "OBJECTID": 524,
        "DPTO_CCDGO": "15",
        "MPIO_CCDGO": "518",
        "name": "15193",
        "MPIO_CRSLC": "1856",
        "MPIO_NANO_": 1993,
        "MPIO_NAREA": 173.88304253,
        "MPIO_CSMBL": "4",
        "MPIO_CCNCT": "25518",
        "MPIO_NANO": 2012,
        "SHAPE_Leng": 0.632308989413,
        "SHAPE_Area": 0.0141873870344,
        "NOMBRE": "PAIME",
        "DANE": {
          "dpto_ccdgo": "25",
          "mpio_ccdgo": "518",
          "mpio_cdpmp": "25518",
          "dpto_cnmbr": "CUNDINAMARCA",
          "mpio_cnmbr": "PAIME",
          "mpio_crslc": "1856",
          "mpio_tipo": "MUNICIPIO",
          "mpio_narea": 173.635711136,
          "mpio_nano": 2024,
          "shape_Leng": 0.689084736156,
          "shape_Area": 0.0141672086989
        }
      }
    },
    {
      "type": "Feature",
      "geometry": {
        "type": "Polygon",
        "coordinates": [
          [
            [
              -74.4661,
              4.217
            ],
            [
              -74.4822,
              4.24
            ],
            [
              -74.5048,
              4.2437
            ],
            [
              -74.5189,
              4.2405
            ],
            [
              -74.5083,
              4.1985
            ],
            [
              -74.5013,
              4.1877
            ],
            [
              -74.4833,
              4.1767
            ],
            [
              -74.4837,
              4.1472
            ],
            [
              -74.4748,
              4.1286
            ],
            [
              -74.4764,
              4.1201
            ],
            [
              -74.4481,
              4.1215
            ],
            [
              -74.445,
              4.1108
            ],
            [
              -74.4347,
              4.1407
            ],
            [
              -74.427,
              4.1514
            ],
            [
              -74.4401,
              4.1842
            ],
            [
              -74.4661,
              4.217
            ]
          ]
        ]
      },
      "properties": {
        "OBJECTID": 525,
        "DPTO_CCDGO": "15",
        "MPIO_CCDGO": "524",
        "name": "15196",
        "MPIO_CRSLC": "1773",
        "MPIO_NANO_": 1993,
        "MPIO_NAREA": 71.45914287,
        "MPIO_CSMBL": "4",
        "MPIO_CCNCT": "25524",
        "MPIO_NANO": 2012,
        "SHAPE_Leng": 0.402694306904,
        "SHAPE_Area": 0.00582020268492,
        "NOMBRE": "PANDI",
        "DANE": {
          "dpto_ccdgo": "25",
          "mpio_ccdgo": "524",
          "mpio_cdpmp": "25524",
          "dpto_cnmbr": "CUNDINAMARCA",
          "mpio_cnmbr": "PANDI",
          "mpio_crslc": "1773",
          "mpio_tipo": "MUNICIPIO",
          "mpio_narea": 71.697583134,
          "mpio_nano": 2024,
          "shape_Leng": 0.406085875285,
          "shape_Area": 0.00583962337282
        }
      }
    },
    {
      "type": "Feature",
      "geometry": {
        "type": "Polygon",
        "coordinates": [
          [
            [
              -73.0526,
              4.7363
            ],
            [
              -73.0621,
              4.7318
            ],
            [
              -73.0712,
              4.7399
            ],
            [
              -73.0786,
              4.7265
            ],
            [
              -73.0721,
              4.7199
            ],
            [
              -73.0796,
              4.7044
            ],
            [
              -73.0898,
              4.6931
            ],
            [
              -73.0914,
              4.6762
            ],
            [
              -73.1057,
              4.6598
            ],
            [
              -73.1209,
              4.6714
            ],
            [
              -73.1473,
              4.6553
            ],
            [
              -73.1596,
              4.6624
            ],
            [
              -73.1935,
              4.6721
            ],
            [
              -73.2079,
              4.6806
            ],
            [
              -73.2206,
              4.6767
            ],
            [
              -73.2402,
              4.6628
            ],
            [
              -73.2477,
              4.6237
            ],
            [
              -73.2465,
              4.6117
            ],
            [
              -73.2348,
              4.6075
            ],
            [
              -73.2088,
              4.6066
            ],
            [
              -73.2224,
              4.5834
            ],
            [
              -73.2175,
              4.5639
            ],
            [
              -73.1956,
              4.5603
            ],
            [
              -73.1975,
              4.5457
            ],
            [
              -73.1907,
              4.5331
            ],
            [
              -73.2061,
              4.5035
            ],
            [
              -73.2034,
              4.4897
            ],
            [
              -73.2275,
              4.4759
            ],
            [
              -73.2277,
              4.4616
            ],
            [
              -73.2331,
              4.449
            ],
            [
              -73.2431,
              4.4493
            ],
            [
              -73.2548,
              4.4232
            ],
            [
              -73.2695,
              4.4219
            ],
            [
              -73.2872,
              4.4112
            ],
            [
              -73.3068,
              4.3922
            ],
            [
              -73.3227,
              4.3805
            ],
            [
              -73.3398,
              4.3727
            ],
            [
              -73.3667,
              4.3755
            ],
            [
              -73.3885,
              4.3555
            ],
            [
              -73.4153,
              4.3369
            ],
            [
              -73.4164,
              4.324
            ],
            [
              -73.4276,
              4.3066
            ],
            [
              -73.4019,
              4.3158
            ],
            [
              -73.3536,
              4.3212
            ],
            [
              -73.3261,
              4.3062
            ],
            [
              -73.2957,
              4.2988
            ],
            [
              -73.2823,
              4.2981
            ],
            [
              -73.2653,
              4.2907
            ],
            [
              -73.2348,
              4.2866
            ],
            [
              -73.2195,
              4.2775
            ],
            [
              -73.2038,
              4.2734
            ],
            [
              -73.1813,
              4.2525
            ],
            [
              -73.1778,
              4.2443
            ],
            [
              -73.1557,
              4.2307
            ],
            [
              -73.1449,
              4.2163
            ],
            [
              -73.1369,
              4.2138
            ],
            [
              -73.1249,
              4.257
            ],
            [
              -73.1241,
              4.2598
            ],
            [
              -73.0918,
              4.4752
            ],
            [
              -73.0526,
              4.7363
            ]
          ]
        ]
      },
      "properties": {
        "OBJECTID": 526,
        "DPTO_CCDGO": "15",
        "MPIO_CCDGO": "530",
        "name": "15198",
        "MPIO_CRSLC": "Ordenanza 36 del 30 de Noviembre de 1981",
        "MPIO_NANO_": 1993,
        "MPIO_NAREA": 885.02161599,
        "MPIO_CSMBL": "4",
        "MPIO_CCNCT": "25530",
        "MPIO_NANO": 2012,
        "SHAPE_Leng": 1.8179554701,
        "SHAPE_Area": 0.0720944353002,
        "NOMBRE": "PARATEBUENO (LA NAGUAYA)",
        "DANE": {
          "dpto_ccdgo": "25",
          "mpio_ccdgo": "530",
          "mpio_cdpmp": "25530",
          "dpto_cnmbr": "CUNDINAMARCA",
          "mpio_cnmbr": "PARATEBUENO",
          "mpio_crslc": "Ordenanza 36 del 30 de Noviembre de 1981",
          "mpio_tipo": "MUNICIPIO",
          "mpio_narea": 885.533703499,
          "mpio_nano": 2024,
          "shape_Leng": 1.79234391833,
          "shape_Area": 0.0721361349273
        }
      }
    },
    {
      "type": "Feature",
      "geometry": {
        "type": "Polygon",
        "coordinates": [
          [
            [
              -74.2361,
              4.4004
            ],
            [
              -74.2531,
              4.4006
            ],
            [
              -74.2677,
              4.3859
            ],
            [
              -74.2825,
              4.3794
            ],
            [
              -74.2891,
              4.3687
            ],
            [
              -74.3067,
              4.3685
            ],
            [
              -74.3194,
              4.3863
            ],
            [
              -74.3307,
              4.3568
            ],
            [
              -74.3341,
              4.3377
            ],
            [
              -74.343,
              4.3254
            ],
            [
              -74.352,
              4.2956
            ],
            [
              -74.3398,
              4.2844
            ],
            [
              -74.3282,
              4.2661
            ],
            [
              -74.3361,
              4.2519
            ],
            [
              -74.3308,
              4.241
            ],
            [
              -74.3356,
              4.2278
            ],
            [
              -74.3254,
              4.2255
            ],
            [
              -74.3231,
              4.2088
            ],
            [
              -74.3128,
              4.1966
            ],
            [
              -74.2832,
              4.1975
            ],
            [
              -74.2748,
              4.1933
            ],
            [
              -74.2467,
              4.199
            ],
            [
              -74.2377,
              4.1955
            ],
            [
              -74.2318,
              4.2167
            ],
            [
              -74.2202,
              4.2253
            ],
            [
              -74.216,
              4.2372
            ],
            [
              -74.2043,
              4.2528
            ],
            [
              -74.2055,
              4.2689
            ],
            [
              -74.2171,
              4.2732
            ],
            [
              -74.2138,
              4.3069
            ],
            [
              -74.2179,
              4.3612
            ],
            [
              -74.2141,
              4.3812
            ],
            [
              -74.2259,
              4.3974
            ],
            [
              -74.2361,
              4.4004
            ]
          ]
        ]
      },
      "properties": {
        "OBJECTID": 527,
        "DPTO_CCDGO": "15",
        "MPIO_CCDGO": "535",
        "name": "15199",
        "MPIO_CRSLC": "1887",
        "MPIO_NANO_": 1993,
        "MPIO_NAREA": 267.5256591,
        "MPIO_CSMBL": "4",
        "MPIO_CCNCT": "25535",
        "MPIO_NANO": 2012,
        "SHAPE_Leng": 0.695838446873,
        "SHAPE_Area": 0.0217932845621,
        "NOMBRE": "PASCA",
        "DANE": {
          "dpto_ccdgo": "25",
          "mpio_ccdgo": "535",
          "mpio_cdpmp": "25535",
          "dpto_cnmbr": "CUNDINAMARCA",
          "mpio_cnmbr": "PASCA",
          "mpio_crslc": "1887",
          "mpio_tipo": "MUNICIPIO",
          "mpio_narea": 271.713751734,
          "mpio_nano": 2024,
          "shape_Leng": 0.714552178658,
          "shape_Area": 0.0221344763435
        }
      }
    },
    {
      "type": "Feature",
      "geometry": {
        "type": "Polygon",
        "coordinates": [
          [
            [
              -74.4856,
              5.7708
            ],
            [
              -74.4935,
              5.784
            ],
            [
              -74.5009,
              5.7791
            ],
            [
              -74.5172,
              5.7912
            ],
            [
              -74.5302,
              5.7906
            ],
            [
              -74.5508,
              5.773
            ],
            [
              -74.5511,
              5.765
            ],
            [
              -74.5786,
              5.7516
            ],
            [
              -74.6015,
              5.7477
            ],
            [
              -74.6261,
              5.7568
            ],
            [
              -74.6384,
              5.7549
            ],
            [
              -74.6396,
              5.7413
            ],
            [
              -74.652,
              5.7405
            ],
            [
              -74.661,
              5.7524
            ],
            [
              -74.6577,
              5.7233
            ],
            [
              -74.6493,
              5.7083
            ],
            [
              -74.6378,
              5.7092
            ],
            [
              -74.6275,
              5.6968
            ],
            [
              -74.6282,
              5.6782
            ],
            [
              -74.637,
              5.6513
            ],
            [
              -74.6296,
              5.6293
            ],
            [
              -74.6448,
              5.6188
            ],
            [
              -74.6447,
              5.6046
            ],
            [
              -74.653,
              5.5738
            ],
            [
              -74.6415,
              5.5496
            ],
            [
              -74.6414,
              5.5393
            ],
            [
              -74.6564,
              5.5232
            ],
            [
              -74.6743,
              5.5159
            ],
            [
              -74.6657,
              5.4834
            ],
            [
              -74.6596,
              5.4492
            ],
            [
              -74.6499,
              5.4423
            ],
            [
              -74.6488,
              5.4304
            ],
            [
              -74.6261,
              5.4168
            ],
            [
              -74.6387,
              5.402
            ],
            [
              -74.6361,
              5.3836
            ],
            [
              -74.615,
              5.3879
            ],
            [
              -74.6109,
              5.4005
            ],
            [
              -74.5928,
              5.4265
            ],
            [
              -74.5964,
              5.4335
            ],
            [
              -74.5903,
              5.482
            ],
            [
              -74.5803,
              5.495
            ],
            [
              -74.5622,
              5.5086
            ],
            [
              -74.5577,
              5.5221
            ],
            [
              -74.5428,
              5.5385
            ],
            [
              -74.5404,
              5.5545
            ],
            [
              -74.5347,
              5.5658
            ],
            [
              -74.5359,
              5.5927
            ],
            [
              -74.5206,
              5.6113
            ],
            [
              -74.5145,
              5.63
            ],
            [
              -74.4878,
              5.6472
            ],
            [
              -74.4905,
              5.6567
            ],
            [
              -74.4837,
              5.6675
            ],
            [
              -74.4893,
              5.6869
            ],
            [
              -74.4828,
              5.7026
            ],
            [
              -74.4742,
              5.7069
            ],
            [
              -74.4685,
              5.7337
            ],
            [
              -74.4811,
              5.742
            ],
            [
              -74.4701,
              5.7542
            ],
            [
              -74.4839,
              5.7592
            ],
            [
              -74.4856,
              5.7708
            ]
          ]
        ]
      },
      "properties": {
        "OBJECTID": 528,
        "DPTO_CCDGO": "15",
        "MPIO_CCDGO": "572",
        "name": "15202",
        "MPIO_CRSLC": "Ordenanza 47 del 14 de Agosto de 1935",
        "MPIO_NANO_": 1993,
        "MPIO_NAREA": 508.65722655,
        "MPIO_CSMBL": "4",
        "MPIO_CCNCT": "25572",
        "MPIO_NANO": 2012,
        "SHAPE_Leng": 1.31992083717,
        "SHAPE_Area": 0.041514932567,
        "NOMBRE": "PUERTO SALGAR",
        "DANE": {
          "dpto_ccdgo": "25",
          "mpio_ccdgo": "572",
          "mpio_cdpmp": "25572",
          "dpto_cnmbr": "CUNDINAMARCA",
          "mpio_cnmbr": "PUERTO SALGAR",
          "mpio_crslc": "Ordenanza 47 del 14 de Agosto de 1935",
          "mpio_tipo": "MUNICIPIO",
          "mpio_narea": 515.94145464,
          "mpio_nano": 2024,
          "shape_Leng": 1.32999915589,
          "shape_Area": 0.0421093703248
        }
      }
    },
    {
      "type": "Feature",
      "geometry": {
        "type": "Polygon",
        "coordinates": [
          [
            [
              -74.6849,
              4.7577
            ],
            [
              -74.6944,
              4.7506
            ],
            [
              -74.709,
              4.7572
            ],
            [
              -74.7145,
              4.7455
            ],
            [
              -74.7351,
              4.7545
            ],
            [
              -74.7484,
              4.7319
            ],
            [
              -74.7463,
              4.7128
            ],
            [
              -74.7584,
              4.7007
            ],
            [
              -74.7633,
              4.6831
            ],
            [
              -74.7547,
              4.671
            ],
            [
              -74.7569,
              4.6503
            ],
            [
              -74.749,
              4.6464
            ],
            [
              -74.743,
              4.6242
            ],
            [
              -74.7332,
              4.621
            ],
            [
              -74.7223,
              4.6344
            ],
            [
              -74.7108,
              4.6389
            ],
            [
              -74.6816,
              4.637
            ],
            [
              -74.6817,
              4.6505
            ],
            [
              -74.6687,
              4.6464
            ],
            [
              -74.6566,
              4.6368
            ],
            [
              -74.6251,
              4.6514
            ],
            [
              -74.6087,
              4.6512
            ],
            [
              -74.5904,
              4.6864
            ],
            [
              -74.5957,
              4.7125
            ],
            [
              -74.5905,
              4.7433
            ],
            [
              -74.6225,
              4.7344
            ],
            [
              -74.6422,
              4.7267
            ],
            [
              -74.6538,
              4.7301
            ],
            [
              -74.6849,
              4.7577
            ]
          ]
        ]
      },
      "properties": {
        "OBJECTID": 529,
        "DPTO_CCDGO": "15",
        "MPIO_CCDGO": "580",
        "name": "15205",
        "MPIO_CRSLC": "1800",
        "MPIO_NANO_": 1993,
        "MPIO_NAREA": 196.25635026,
        "MPIO_CSMBL": "4",
        "MPIO_CCNCT": "25580",
        "MPIO_NANO": 2012,
        "SHAPE_Leng": 0.649969780181,
        "SHAPE_Area": 0.0159944352307,
        "NOMBRE": "PULI",
        "DANE": {
          "dpto_ccdgo": "25",
          "mpio_ccdgo": "580",
          "mpio_cdpmp": "25580",
          "dpto_cnmbr": "CUNDINAMARCA",
          "mpio_cnmbr": "PULÍ",
          "mpio_crslc": "1800",
          "mpio_tipo": "MUNICIPIO",
          "mpio_narea": 197.687884601,
          "mpio_nano": 2024,
          "shape_Leng": 0.665004060856,
          "shape_Area": 0.0161110899219
        }
      }
    },
    {
      "type": "Feature",
      "geometry": {
        "type": "Polygon",
        "coordinates": [
          [
            [
              -74.4509,
              5.1232
            ],
            [
              -74.4654,
              5.1272
            ],
            [
              -74.4637,
              5.1465
            ],
            [
              -74.4745,
              5.1534
            ],
            [
              -74.4879,
              5.1376
            ],
            [
              -74.4948,
              5.141
            ],
            [
              -74.5073,
              5.1305
            ],
            [
              -74.5249,
              5.1342
            ],
            [
              -74.5392,
              5.1246
            ],
            [
              -74.5414,
              5.1075
            ],
            [
              -74.5408,
              5.0651
            ],
            [
              -74.4909,
              5.0643
            ],
            [
              -74.4888,
              5.0614
            ],
            [
              -74.4536,
              5.0614
            ],
            [
              -74.4487,
              5.0729
            ],
            [
              -74.4548,
              5.0912
            ],
            [
              -74.4468,
              5.1166
            ],
            [
              -74.4509,
              5.1232
            ]
          ]
        ]
      },
      "properties": {
        "OBJECTID": 530,
        "DPTO_CCDGO": "15",
        "MPIO_CCDGO": "592",
        "name": "15208",
        "MPIO_CRSLC": "1857",
        "MPIO_NANO_": 1993,
        "MPIO_NAREA": 78.35026452,
        "MPIO_CSMBL": "4",
        "MPIO_CCNCT": "25592",
        "MPIO_NANO": 2012,
        "SHAPE_Leng": 0.408937987681,
        "SHAPE_Area": 0.00638952610994,
        "NOMBRE": "QUEBRADANEGRA",
        "DANE": {
          "dpto_ccdgo": "25",
          "mpio_ccdgo": "592",
          "mpio_cdpmp": "25592",
          "dpto_cnmbr": "CUNDINAMARCA",
          "mpio_cnmbr": "QUEBRADANEGRA",
          "mpio_crslc": "1857",
          "mpio_tipo": "MUNICIPIO",
          "mpio_narea": 79.8564294775,
          "mpio_nano": 2024,
          "shape_Leng": 0.401058304164,
          "shape_Area": 0.00651235905385
        }
      }
    },
    {
      "type": "Feature",
      "geometry": {
        "type": "Polygon",
        "coordinates": [
          [
            [
              -73.8088,
              4.3959
            ],
            [
              -73.8449,
              4.4069
            ],
            [
              -73.8725,
              4.3822
            ],
            [
              -73.8756,
              4.3856
            ],
            [
              -73.9,
              4.3772
            ],
            [
              -73.8953,
              4.3618
            ],
            [
              -73.8964,
              4.3492
            ],
            [
              -73.8889,
              4.3398
            ],
            [
              -73.9035,
              4.3214
            ],
            [
              -73.9115,
              4.293
            ],
            [
              -73.9009,
              4.2705
            ],
            [
              -73.8887,
              4.2624
            ],
            [
              -73.8672,
              4.2546
            ],
            [
              -73.8548,
              4.2821
            ],
            [
              -73.831,
              4.2789
            ],
            [
              -73.8282,
              4.2936
            ],
            [
              -73.8181,
              4.3114
            ],
            [
              -73.8065,
              4.3181
            ],
            [
              -73.7994,
              4.3479
            ],
            [
              -73.7926,
              4.3525
            ],
            [
              -73.7959,
              4.3694
            ],
            [
              -73.7927,
              4.3811
            ],
            [
              -73.802,
              4.3848
            ],
            [
              -73.8088,
              4.3959
            ]
          ]
        ]
      },
      "properties": {
        "OBJECTID": 531,
        "DPTO_CCDGO": "15",
        "MPIO_CCDGO": "594",
        "name": "15211",
        "MPIO_CRSLC": "1900",
        "MPIO_NANO_": 1993,
        "MPIO_NAREA": 138.96385432,
        "MPIO_CSMBL": "4",
        "MPIO_CCNCT": "25594",
        "MPIO_NANO": 2012,
        "SHAPE_Leng": 0.565862107624,
        "SHAPE_Area": 0.0113208933686,
        "NOMBRE": "QUETAME",
        "DANE": {
          "dpto_ccdgo": "25",
          "mpio_ccdgo": "594",
          "mpio_cdpmp": "25594",
          "dpto_cnmbr": "CUNDINAMARCA",
          "mpio_cnmbr": "QUETAME",
          "mpio_crslc": "1900",
          "mpio_tipo": "MUNICIPIO",
          "mpio_narea": 137.828538689,
          "mpio_nano": 2024,
          "shape_Leng": 0.59563560111,
          "shape_Area": 0.0112284007814
        }
      }
    },
    {
      "type": "Feature",
      "geometry": {
        "type": "Polygon",
        "coordinates": [
          [
            [
              -74.5247,
              4.7939
            ],
            [
              -74.5436,
              4.7864
            ],
            [
              -74.5598,
              4.796
            ],
            [
              -74.5638,
              4.7962
            ],
            [
              -74.5671,
              4.7671
            ],
            [
              -74.5841,
              4.7565
            ],
            [
              -74.5905,
              4.7433
            ],
            [
              -74.5957,
              4.7125
            ],
            [
              -74.5904,
              4.6864
            ],
            [
              -74.6087,
              4.6512
            ],
            [
              -74.6031,
              4.6449
            ],
            [
              -74.589,
              4.6448
            ],
            [
              -74.59,
              4.6341
            ],
            [
              -74.5751,
              4.6242
            ],
            [
              -74.5616,
              4.6371
            ],
            [
              -74.5576,
              4.6475
            ],
            [
              -74.5578,
              4.6614
            ],
            [
              -74.5371,
              4.6818
            ],
            [
              -74.5274,
              4.6861
            ],
            [
              -74.5206,
              4.6755
            ],
            [
              -74.509,
              4.6797
            ],
            [
              -74.5029,
              4.7118
            ],
            [
              -74.5109,
              4.7279
            ],
            [
              -74.5123,
              4.7453
            ],
            [
              -74.5059,
              4.7631
            ],
            [
              -74.5213,
              4.7776
            ],
            [
              -74.5247,
              4.7939
            ]
          ]
        ]
      },
      "properties": {
        "OBJECTID": 532,
        "DPTO_CCDGO": "15",
        "MPIO_CCDGO": "596",
        "name": "15214",
        "MPIO_CRSLC": "1900",
        "MPIO_NANO_": 1993,
        "MPIO_NAREA": 126.24797241,
        "MPIO_CSMBL": "4",
        "MPIO_CCNCT": "25596",
        "MPIO_NANO": 2012,
        "SHAPE_Leng": 0.605013177804,
        "SHAPE_Area": 0.0102896831095,
        "NOMBRE": "QUIPILE",
        "DANE": {
          "dpto_ccdgo": "25",
          "mpio_ccdgo": "596",
          "mpio_cdpmp": "25596",
          "dpto_cnmbr": "CUNDINAMARCA",
          "mpio_cnmbr": "QUIPILE",
          "mpio_crslc": "1900",
          "mpio_tipo": "MUNICIPIO",
          "mpio_narea": 127.717135027,
          "mpio_nano": 2024,
          "shape_Leng": 0.613250996561,
          "shape_Area": 0.0104094257508
        }
      }
    },
    {
      "type": "Feature",
      "geometry": {
        "type": "Polygon",
        "coordinates": [
          [
            [
              -74.5021,
              4.4839
            ],
            [
              -74.5353,
              4.5026
            ],
            [
              -74.5574,
              4.5016
            ],
            [
              -74.5412,
              4.5204
            ],
            [
              -74.5463,
              4.5289
            ],
            [
              -74.5578,
              4.5248
            ],
            [
              -74.5645,
              4.5319
            ],
            [
              -74.5527,
              4.5423
            ],
            [
              -74.5509,
              4.5527
            ],
            [
              -74.5693,
              4.5717
            ],
            [
              -74.583,
              4.6228
            ],
            [
              -74.5974,
              4.627
            ],
            [
              -74.6005,
              4.619
            ],
            [
              -74.6023,
              4.5989
            ],
            [
              -74.6128,
              4.5693
            ],
            [
              -74.6151,
              4.5346
            ],
            [
              -74.621,
              4.5055
            ],
            [
              -74.6146,
              4.478
            ],
            [
              -74.6051,
              4.4626
            ],
            [
              -74.6084,
              4.4548
            ],
            [
              -74.5858,
              4.4471
            ],
            [
              -74.5624,
              4.4468
            ],
            [
              -74.559,
              4.4806
            ],
            [
              -74.54,
              4.4845
            ],
            [
              -74.544,
              4.4692
            ],
            [
              -74.5342,
              4.4569
            ],
            [
              -74.5154,
              4.4687
            ],
            [
              -74.5021,
              4.4839
            ]
          ]
        ]
      },
      "properties": {
        "OBJECTID": 533,
        "DPTO_CCDGO": "15",
        "MPIO_CCDGO": "599",
        "name": "15217",
        "MPIO_CRSLC": "Decreto 1336 de Diciembre 24 de 1949.  El Decreto 3490 de Oc",
        "MPIO_NANO_": 1993,
        "MPIO_NAREA": 118.33573383,
        "MPIO_CSMBL": "4",
        "MPIO_CCNCT": "25599",
        "MPIO_NANO": 2012,
        "SHAPE_Leng": 0.749810182778,
        "SHAPE_Area": 0.0096421830217,
        "NOMBRE": "APULO",
        "DANE": {
          "dpto_ccdgo": "25",
          "mpio_ccdgo": "599",
          "mpio_cdpmp": "25599",
          "dpto_cnmbr": "CUNDINAMARCA",
          "mpio_cnmbr": "APULO",
          "mpio_crslc": "Decreto 1336 de Diciembre 24 de 1949.  El Decreto 3490 de Oc",
          "mpio_tipo": "MUNICIPIO",
          "mpio_narea": 121.983485194,
          "mpio_nano": 2024,
          "shape_Leng": 0.715148896494,
          "shape_Area": 0.00993938481163
        }
      }
    },
    {
      "type": "Feature",
      "geometry": {
        "type": "Polygon",
        "coordinates": [
          [
            [
              -74.743,
              4.3808
            ],
            [
              -74.7604,
              4.3812
            ],
            [
              -74.7688,
              4.3694
            ],
            [
              -74.7669,
              4.3599
            ],
            [
              -74.7716,
              4.328
            ],
            [
              -74.7618,
              4.3146
            ],
            [
              -74.7747,
              4.3061
            ],
            [
              -74.7946,
              4.304
            ],
            [
              -74.7968,
              4.2882
            ],
            [
              -74.777,
              4.2822
            ],
            [
              -74.7815,
              4.2651
            ],
            [
              -74.752,
              4.2592
            ],
            [
              -74.7448,
              4.2478
            ],
            [
              -74.7451,
              4.2364
            ],
            [
              -74.7308,
              4.2448
            ],
            [
              -74.7005,
              4.2611
            ],
            [
              -74.6749,
              4.2851
            ],
            [
              -74.6609,
              4.3056
            ],
            [
              -74.6649,
              4.3221
            ],
            [
              -74.6647,
              4.3392
            ],
            [
              -74.6775,
              4.3392
            ],
            [
              -74.6833,
              4.3282
            ],
            [
              -74.7026,
              4.334
            ],
            [
              -74.7207,
              4.3485
            ],
            [
              -74.7354,
              4.3807
            ],
            [
              -74.743,
              4.3808
            ]
          ]
        ]
      },
      "properties": {
        "OBJECTID": 534,
        "DPTO_CCDGO": "15",
        "MPIO_CCDGO": "612",
        "name": "15218",
        "MPIO_CRSLC": "Decreto departamental 409 del 11 de Marzo de 1968",
        "MPIO_NANO_": 1993,
        "MPIO_NAREA": 128.1546844,
        "MPIO_CSMBL": "4",
        "MPIO_CCNCT": "25612",
        "MPIO_NANO": 2012,
        "SHAPE_Leng": 0.761035077218,
        "SHAPE_Area": 0.0104387515975,
        "NOMBRE": "RICAURTE",
        "DANE": {
          "dpto_ccdgo": "25",
          "mpio_ccdgo": "612",
          "mpio_cdpmp": "25612",
          "dpto_cnmbr": "CUNDINAMARCA",
          "mpio_cnmbr": "RICAURTE",
          "mpio_crslc": "Decreto departamental 409 del 11 de Marzo de 1968",
          "mpio_tipo": "MUNICIPIO",
          "mpio_narea": 128.204403237,
          "mpio_nano": 2024,
          "shape_Leng": 0.762645208975,
          "shape_Area": 0.0104427977367
        }
      }
    },
    {
      "type": "Feature",
      "geometry": {
        "type": "Polygon",
        "coordinates": [
          [
            [
              -74.3441,
              4.6539
            ],
            [
              -74.3727,
              4.6363
            ],
            [
              -74.384,
              4.6358
            ],
            [
              -74.3945,
              4.6231
            ],
            [
              -74.3955,
              4.6121
            ],
            [
              -74.3849,
              4.5795
            ],
            [
              -74.373,
              4.5729
            ],
            [
              -74.3641,
              4.5572
            ],
            [
              -74.3425,
              4.5512
            ],
            [
              -74.3058,
              4.5494
            ],
            [
              -74.3038,
              4.555
            ],
            [
              -74.3007,
              4.5851
            ],
            [
              -74.307,
              4.6069
            ],
            [
              -74.3062,
              4.6206
            ],
            [
              -74.3168,
              4.6403
            ],
            [
              -74.338,
              4.6465
            ],
            [
              -74.3441,
              4.6539
            ]
          ]
        ]
      },
      "properties": {
        "OBJECTID": 535,
        "DPTO_CCDGO": "15",
        "MPIO_CCDGO": "645",
        "name": "15220",
        "MPIO_CRSLC": "1873",
        "MPIO_NANO_": 1993,
        "MPIO_NAREA": 89.34446996,
        "MPIO_CSMBL": "4",
        "MPIO_CCNCT": "25645",
        "MPIO_NANO": 2012,
        "SHAPE_Leng": 0.36360097637,
        "SHAPE_Area": 0.00728109550602,
        "NOMBRE": "SAN ANTONIO DEL TEQUENDAMA",
        "DANE": {
          "dpto_ccdgo": "25",
          "mpio_ccdgo": "645",
          "mpio_cdpmp": "25645",
          "dpto_cnmbr": "CUNDINAMARCA",
          "mpio_cnmbr": "SAN ANTONIO DEL TEQUENDAMA",
          "mpio_crslc": "1873",
          "mpio_tipo": "MUNICIPIO",
          "mpio_narea": 88.5656487024,
          "mpio_nano": 2024,
          "shape_Leng": 0.378071981786,
          "shape_Area": 0.00721762173656
        }
      }
    },
    {
      "type": "Feature",
      "geometry": {
        "type": "Polygon",
        "coordinates": [
          [
            [
              -74.2401,
              4.1867
            ],
            [
              -74.2618,
              4.1811
            ],
            [
              -74.2728,
              4.1817
            ],
            [
              -74.298,
              4.1761
            ],
            [
              -74.3323,
              4.1878
            ],
            [
              -74.3488,
              4.183
            ],
            [
              -74.3544,
              4.1903
            ],
            [
              -74.3945,
              4.2026
            ],
            [
              -74.4002,
              4.1971
            ],
            [
              -74.4167,
              4.2026
            ],
            [
              -74.422,
              4.2187
            ],
            [
              -74.4335,
              4.2268
            ],
            [
              -74.4481,
              4.2268
            ],
            [
              -74.4661,
              4.217
            ],
            [
              -74.4401,
              4.1842
            ],
            [
              -74.427,
              4.1514
            ],
            [
              -74.4347,
              4.1407
            ],
            [
              -74.445,
              4.1108
            ],
            [
              -74.403,
              4.0944
            ],
            [
              -74.3926,
              4.0823
            ],
            [
              -74.385,
              4.0622
            ],
            [
              -74.3846,
              4.0399
            ],
            [
              -74.3793,
              4.0361
            ],
            [
              -74.3656,
              4.0347
            ],
            [
              -74.3609,
              4.0484
            ],
            [
              -74.3503,
              4.0581
            ],
            [
              -74.3505,
              4.0747
            ],
            [
              -74.3289,
              4.1251
            ],
            [
              -74.3192,
              4.1263
            ],
            [
              -74.3045,
              4.1089
            ],
            [
              -74.2797,
              4.102
            ],
            [
              -74.26,
              4.0913
            ],
            [
              -74.2449,
              4.106
            ],
            [
              -74.2432,
              4.1596
            ],
            [
              -74.2401,
              4.1867
            ]
          ]
        ]
      },
      "properties": {
        "OBJECTID": 536,
        "DPTO_CCDGO": "15",
        "MPIO_CCDGO": "649",
        "name": "15223",
        "MPIO_CRSLC": "Ordenanza 66 del 30 de Abril de 1920",
        "MPIO_NANO_": 1993,
        "MPIO_NAREA": 242.85109832,
        "MPIO_CSMBL": "4",
        "MPIO_CCNCT": "25649",
        "MPIO_NANO": 2012,
        "SHAPE_Leng": 0.863952802478,
        "SHAPE_Area": 0.0197792319372,
        "NOMBRE": "SAN BERNARDO",
        "DANE": {
          "dpto_ccdgo": "25",
          "mpio_ccdgo": "649",
          "mpio_cdpmp": "25649",
          "dpto_cnmbr": "CUNDINAMARCA",
          "mpio_cnmbr": "SAN BERNARDO",
          "mpio_crslc": "Ordenanza 66 del 30 de Abril de 1920",
          "mpio_tipo": "MUNICIPIO",
          "mpio_narea": 247.01542227,
          "mpio_nano": 2024,
          "shape_Leng": 0.882682369713,
          "shape_Area": 0.0201183897569
        }
      }
    },
    {
      "type": "Feature",
      "geometry": {
        "type": "Polygon",
        "coordinates": [
          [
            [
              -73.9991,
              5.3675
            ],
            [
              -74.02,
              5.3661
            ],
            [
              -74.0219,
              5.3864
            ],
            [
              -74.0405,
              5.393
            ],
            [
              -74.0449,
              5.4043
            ],
            [
              -74.0556,
              5.4014
            ],
            [
              -74.0736,
              5.4082
            ],
            [
              -74.0949,
              5.4364
            ],
            [
              -74.1016,
              5.4208
            ],
            [
              -74.1035,
              5.4054
            ],
            [
              -74.1104,
              5.3987
            ],
            [
              -74.1133,
              5.3823
            ],
            [
              -74.1064,
              5.3617
            ],
            [
              -74.1209,
              5.3584
            ],
            [
              -74.1318,
              5.3488
            ],
            [
              -74.1306,
              5.3337
            ],
            [
              -74.147,
              5.332
            ],
            [
              -74.1579,
              5.3213
            ],
            [
              -74.1686,
              5.2993
            ],
            [
              -74.1738,
              5.2976
            ],
            [
              -74.1772,
              5.2816
            ],
            [
              -74.1622,
              5.267
            ],
            [
              -74.1617,
              5.26
            ],
            [
              -74.1426,
              5.2476
            ],
            [
              -74.1377,
              5.2346
            ],
            [
              -74.0973,
              5.2463
            ],
            [
              -74.0889,
              5.2336
            ],
            [
              -74.0778,
              5.2307
            ],
            [
              -74.0767,
              5.2401
            ],
            [
              -74.0675,
              5.25
            ],
            [
              -74.0299,
              5.2422
            ],
            [
              -74.0156,
              5.2439
            ],
            [
              -74.0004,
              5.2599
            ],
            [
              -73.9954,
              5.2585
            ],
            [
              -73.9866,
              5.2663
            ],
            [
              -73.9867,
              5.2804
            ],
            [
              -73.973,
              5.3026
            ],
            [
              -73.9744,
              5.32
            ],
            [
              -73.9961,
              5.3341
            ],
            [
              -74.0062,
              5.3476
            ],
            [
              -73.9991,
              5.3675
            ]
          ]
        ]
      },
      "properties": {
        "OBJECTID": 537,
        "DPTO_CCDGO": "15",
        "MPIO_CCDGO": "653",
        "name": "15226",
        "MPIO_CRSLC": "1782",
        "MPIO_NANO_": 1993,
        "MPIO_NAREA": 283.51207437,
        "MPIO_CSMBL": "4",
        "MPIO_CCNCT": "25653",
        "MPIO_NANO": 2012,
        "SHAPE_Leng": 0.831912020349,
        "SHAPE_Area": 0.0231293234691,
        "NOMBRE": "SAN CAYETANO",
        "DANE": {
          "dpto_ccdgo": "25",
          "mpio_ccdgo": "653",
          "mpio_cdpmp": "25653",
          "dpto_cnmbr": "CUNDINAMARCA",
          "mpio_cnmbr": "SAN CAYETANO",
          "mpio_crslc": "1782",
          "mpio_tipo": "MUNICIPIO",
          "mpio_narea": 287.80794527,
          "mpio_nano": 2024,
          "shape_Leng": 0.828099230292,
          "shape_Area": 0.0234800176144
        }
      }
    },
    {
      "type": "Feature",
      "geometry": {
        "type": "Polygon",
        "coordinates": [
          [
            [
              -74.2144,
              4.9966
            ],
            [
              -74.2362,
              5.0206
            ],
            [
              -74.2519,
              5.0228
            ],
            [
              -74.2641,
              5.0351
            ],
            [
              -74.2781,
              5.0291
            ],
            [
              -74.2985,
              5.0152
            ],
            [
              -74.3153,
              5.0137
            ],
            [
              -74.3195,
              5.0052
            ],
            [
              -74.3082,
              4.982
            ],
            [
              -74.3153,
              4.9688
            ],
            [
              -74.3063,
              4.9573
            ],
            [
              -74.3094,
              4.948
            ],
            [
              -74.2943,
              4.9371
            ],
            [
              -74.2874,
              4.9237
            ],
            [
              -74.2922,
              4.912
            ],
            [
              -74.3084,
              4.9021
            ],
            [
              -74.3225,
              4.8861
            ],
            [
              -74.3153,
              4.8736
            ],
            [
              -74.3004,
              4.8692
            ],
            [
              -74.2844,
              4.8755
            ],
            [
              -74.2763,
              4.8965
            ],
            [
              -74.2602,
              4.9247
            ],
            [
              -74.235,
              4.9487
            ],
            [
              -74.2309,
              4.9445
            ],
            [
              -74.2203,
              4.9549
            ],
            [
              -74.226,
              4.9755
            ],
            [
              -74.2144,
              4.9966
            ]
          ]
        ]
      },
      "properties": {
        "OBJECTID": 538,
        "DPTO_CCDGO": "15",
        "MPIO_CCDGO": "658",
        "name": "15229",
        "MPIO_CRSLC": "1857",
        "MPIO_NANO_": 1993,
        "MPIO_NAREA": 120.19767755,
        "MPIO_CSMBL": "4",
        "MPIO_CCNCT": "25658",
        "MPIO_NANO": 2012,
        "SHAPE_Leng": 0.568880856313,
        "SHAPE_Area": 0.00980062258834,
        "NOMBRE": "SAN FRANCISCO",
        "DANE": {
          "dpto_ccdgo": "25",
          "mpio_ccdgo": "658",
          "mpio_cdpmp": "25658",
          "dpto_cnmbr": "CUNDINAMARCA",
          "mpio_cnmbr": "SAN FRANCISCO",
          "mpio_crslc": "1857",
          "mpio_tipo": "MUNICIPIO",
          "mpio_narea": 118.745975333,
          "mpio_nano": 2024,
          "shape_Leng": 0.598552136406,
          "shape_Area": 0.00968226840285
        }
      }
    },
    {
      "type": "Feature",
      "geometry": {
        "type": "Polygon",
        "coordinates": [
          [
            [
              -74.5768,
              4.889
            ],
            [
              -74.6026,
              4.896
            ],
            [
              -74.6268,
              4.8928
            ],
            [
              -74.6435,
              4.8964
            ],
            [
              -74.6567,
              4.9079
            ],
            [
              -74.6676,
              4.9229
            ],
            [
              -74.6727,
              4.9404
            ],
            [
              -74.6919,
              4.951
            ],
            [
              -74.7114,
              4.9552
            ],
            [
              -74.7242,
              4.9512
            ],
            [
              -74.729,
              4.9646
            ],
            [
              -74.7278,
              4.9771
            ],
            [
              -74.7439,
              4.9664
            ],
            [
              -74.749,
              4.9519
            ],
            [
              -74.7335,
              4.9346
            ],
            [
              -74.7322,
              4.9269
            ],
            [
              -74.7399,
              4.902
            ],
            [
              -74.7317,
              4.894
            ],
            [
              -74.737,
              4.8839
            ],
            [
              -74.7549,
              4.8842
            ],
            [
              -74.7521,
              4.8658
            ],
            [
              -74.7692,
              4.8421
            ],
            [
              -74.7488,
              4.8376
            ],
            [
              -74.7019,
              4.8359
            ],
            [
              -74.6802,
              4.8225
            ],
            [
              -74.6898,
              4.8109
            ],
            [
              -74.6907,
              4.7821
            ],
            [
              -74.6974,
              4.771
            ],
            [
              -74.6849,
              4.7577
            ],
            [
              -74.6538,
              4.7301
            ],
            [
              -74.6422,
              4.7267
            ],
            [
              -74.6225,
              4.7344
            ],
            [
              -74.5905,
              4.7433
            ],
            [
              -74.5841,
              4.7565
            ],
            [
              -74.5671,
              4.7671
            ],
            [
              -74.5638,
              4.7962
            ],
            [
              -74.5723,
              4.8078
            ],
            [
              -74.578,
              4.8317
            ],
            [
              -74.5866,
              4.8455
            ],
            [
              -74.5823,
              4.8641
            ],
            [
              -74.5828,
              4.8823
            ],
            [
              -74.5768,
              4.889
            ]
          ]
        ]
      },
      "properties": {
        "OBJECTID": 539,
        "DPTO_CCDGO": "15",
        "MPIO_CCDGO": "662",
        "name": "15232",
        "MPIO_CRSLC": "1901",
        "MPIO_NANO_": 1993,
        "MPIO_NAREA": 310.43799412,
        "MPIO_CSMBL": "4",
        "MPIO_CCNCT": "25662",
        "MPIO_NANO": 2012,
        "SHAPE_Leng": 0.905161399962,
        "SHAPE_Area": 0.0253055022728,
        "NOMBRE": "SAN JUAN DE RIOSECO",
        "DANE": {
          "dpto_ccdgo": "25",
          "mpio_ccdgo": "662",
          "mpio_cdpmp": "25662",
          "dpto_cnmbr": "CUNDINAMARCA",
          "mpio_cnmbr": "SAN JUAN DE RIOSECO",
          "mpio_crslc": "1901",
          "mpio_tipo": "MUNICIPIO",
          "mpio_narea": 314.087273803,
          "mpio_nano": 2024,
          "shape_Leng": 0.944173797128,
          "shape_Area": 0.025603007064
        }
      }
    },
    {
      "type": "Feature",
      "geometry": {
        "type": "Polygon",
        "coordinates": [
          [
            [
              -74.357,
              4.894
            ],
            [
              -74.3621,
              4.9148
            ],
            [
              -74.3819,
              4.9343
            ],
            [
              -74.3855,
              4.948
            ],
            [
              -74.3827,
              4.9624
            ],
            [
              -74.3889,
              4.9698
            ],
            [
              -74.3876,
              4.9853
            ],
            [
              -74.3795,
              4.9971
            ],
            [
              -74.3952,
              5.0213
            ],
            [
              -74.4007,
              5.0139
            ],
            [
              -74.4124,
              5.0204
            ],
            [
              -74.4169,
              4.9986
            ],
            [
              -74.4301,
              5.0097
            ],
            [
              -74.4611,
              4.9756
            ],
            [
              -74.4607,
              4.967
            ],
            [
              -74.4802,
              4.9525
            ],
            [
              -74.4679,
              4.9272
            ],
            [
              -74.446,
              4.9375
            ],
            [
              -74.4399,
              4.9242
            ],
            [
              -74.425,
              4.9193
            ],
            [
              -74.4181,
              4.9113
            ],
            [
              -74.414,
              4.8902
            ],
            [
              -74.403,
              4.8805
            ],
            [
              -74.3855,
              4.8715
            ],
            [
              -74.3736,
              4.8713
            ],
            [
              -74.357,
              4.894
            ]
          ]
        ]
      },
      "properties": {
        "OBJECTID": 540,
        "DPTO_CCDGO": "15",
        "MPIO_CCDGO": "718",
        "name": "15235",
        "MPIO_CRSLC": "1799",
        "MPIO_NANO_": 1993,
        "MPIO_NAREA": 108.2236228,
        "MPIO_CSMBL": "4",
        "MPIO_CCNCT": "25718",
        "MPIO_NANO": 2012,
        "SHAPE_Leng": 0.573149273665,
        "SHAPE_Area": 0.00882388430765,
        "NOMBRE": "SASAIMA",
        "DANE": {
          "dpto_ccdgo": "25",
          "mpio_ccdgo": "718",
          "mpio_cdpmp": "25718",
          "dpto_cnmbr": "CUNDINAMARCA",
          "mpio_cnmbr": "SASAIMA",
          "mpio_crslc": "1799",
          "mpio_tipo": "MUNICIPIO",
          "mpio_narea": 111.615253664,
          "mpio_nano": 2024,
          "shape_Leng": 0.592406422472,
          "shape_Area": 0.00910040789866
        }
      }
    },
    {
      "type": "Feature",
      "geometry": {
        "type": "Polygon",
        "coordinates": [
          [
            [
              -73.7605,
              5.0511
            ],
            [
              -73.7739,
              5.0678
            ],
            [
              -73.8105,
              5.0831
            ],
            [
              -73.8197,
              5.068
            ],
            [
              -73.8262,
              5.0664
            ],
            [
              -73.8348,
              5.0424
            ],
            [
              -73.8458,
              5.0426
            ],
            [
              -73.8554,
              5.0359
            ],
            [
              -73.8531,
              5.0246
            ],
            [
              -73.8383,
              5.0148
            ],
            [
              -73.8564,
              4.9879
            ],
            [
              -73.8399,
              4.9795
            ],
            [
              -73.8149,
              4.9741
            ],
            [
              -73.7945,
              4.9624
            ],
            [
              -73.785,
              4.9719
            ],
            [
              -73.768,
              4.9705
            ],
            [
              -73.7601,
              4.9758
            ],
            [
              -73.7482,
              4.9551
            ],
            [
              -73.7326,
              4.9481
            ],
            [
              -73.714,
              4.952
            ],
            [
              -73.6936,
              4.9722
            ],
            [
              -73.6876,
              4.9835
            ],
            [
              -73.6995,
              4.9906
            ],
            [
              -73.7075,
              5.0027
            ],
            [
              -73.7276,
              5.0078
            ],
            [
              -73.746,
              5.0177
            ],
            [
              -73.747,
              5.0278
            ],
            [
              -73.7672,
              5.0312
            ],
            [
              -73.7605,
              5.0511
            ]
          ]
        ]
      },
      "properties": {
        "OBJECTID": 541,
        "DPTO_CCDGO": "15",
        "MPIO_CCDGO": "736",
        "name": "15238",
        "MPIO_CRSLC": "1899",
        "MPIO_NANO_": 1993,
        "MPIO_NAREA": 140.62498309,
        "MPIO_CSMBL": "4",
        "MPIO_CCNCT": "25736",
        "MPIO_NANO": 2012,
        "SHAPE_Leng": 0.627770094763,
        "SHAPE_Area": 0.0114668178693,
        "NOMBRE": "SESQUILE",
        "DANE": {
          "dpto_ccdgo": "25",
          "mpio_ccdgo": "736",
          "mpio_cdpmp": "25736",
          "dpto_cnmbr": "CUNDINAMARCA",
          "mpio_cnmbr": "SESQUILÉ",
          "mpio_crslc": "1899",
          "mpio_tipo": "MUNICIPIO",
          "mpio_narea": 141.190757899,
          "mpio_nano": 2024,
          "shape_Leng": 0.670420415941,
          "shape_Area": 0.0115129451746
        }
      }
    },
    {
      "type": "Feature",
      "geometry": {
        "type": "Polygon",
        "coordinates": [
          [
            [
              -74.2361,
              4.4004
            ],
            [
              -74.2319,
              4.4193
            ],
            [
              -74.2349,
              4.434
            ],
            [
              -74.2291,
              4.4676
            ],
            [
              -74.2194,
              4.4832
            ],
            [
              -74.2229,
              4.5007
            ],
            [
              -74.219,
              4.5225
            ],
            [
              -74.2402,
              4.5309
            ],
            [
              -74.2458,
              4.5444
            ],
            [
              -74.2689,
              4.5441
            ],
            [
              -74.2779,
              4.5405
            ],
            [
              -74.2763,
              4.5165
            ],
            [
              -74.2836,
              4.5123
            ],
            [
              -74.2867,
              4.5047
            ],
            [
              -74.3029,
              4.5037
            ],
            [
              -74.3006,
              4.4865
            ],
            [
              -74.3052,
              4.4748
            ],
            [
              -74.3008,
              4.462
            ],
            [
              -74.3057,
              4.4304
            ],
            [
              -74.2997,
              4.4269
            ],
            [
              -74.295,
              4.419
            ],
            [
              -74.2987,
              4.3957
            ],
            [
              -74.2823,
              4.3937
            ],
            [
              -74.2825,
              4.3794
            ],
            [
              -74.2677,
              4.3859
            ],
            [
              -74.2531,
              4.4006
            ],
            [
              -74.2361,
              4.4004
            ]
          ]
        ]
      },
      "properties": {
        "OBJECTID": 542,
        "DPTO_CCDGO": "15",
        "MPIO_CCDGO": "740",
        "name": "15239",
        "MPIO_CRSLC": "Ordenanza 40 del 24 de Noviembre de 1967",
        "MPIO_NANO_": 1993,
        "MPIO_NAREA": 122.51801305,
        "MPIO_CSMBL": "4",
        "MPIO_CCNCT": "25740",
        "MPIO_NANO": 2012,
        "SHAPE_Leng": 0.522013098291,
        "SHAPE_Area": 0.00998287091943,
        "NOMBRE": "SIBATE",
        "DANE": {
          "dpto_ccdgo": "25",
          "mpio_ccdgo": "740",
          "mpio_cdpmp": "25740",
          "dpto_cnmbr": "CUNDINAMARCA",
          "mpio_cnmbr": "SIBATÉ",
          "mpio_crslc": "Ordenanza 40 del 24 de Noviembre de 1967",
          "mpio_tipo": "MUNICIPIO",
          "mpio_narea": 122.132672587,
          "mpio_nano": 2024,
          "shape_Leng": 0.551289997812,
          "shape_Area": 0.00995147364116
        }
      }
    },
    {
      "type": "Feature",
      "geometry": {
        "type": "Polygon",
        "coordinates": [
          [
            [
              -74.2997,
              4.4269
            ],
            [
              -74.3057,
              4.4304
            ],
            [
              -74.3008,
              4.462
            ],
            [
              -74.3052,
              4.4748
            ],
            [
              -74.3006,
              4.4865
            ],
            [
              -74.3029,
              4.5037
            ],
            [
              -74.3261,
              4.4968
            ],
            [
              -74.3616,
              4.494
            ],
            [
              -74.3788,
              4.4961
            ],
            [
              -74.3987,
              4.4913
            ],
            [
              -74.406,
              4.4816
            ],
            [
              -74.4144,
              4.4608
            ],
            [
              -74.4247,
              4.4496
            ],
            [
              -74.4457,
              4.3933
            ],
            [
              -74.4517,
              4.3861
            ],
            [
              -74.4399,
              4.3673
            ],
            [
              -74.4202,
              4.3586
            ],
            [
              -74.4096,
              4.3705
            ],
            [
              -74.4011,
              4.373
            ],
            [
              -74.3878,
              4.3984
            ],
            [
              -74.3559,
              4.3997
            ],
            [
              -74.3424,
              4.3898
            ],
            [
              -74.3213,
              4.3897
            ],
            [
              -74.3187,
              4.4077
            ],
            [
              -74.2997,
              4.4269
            ]
          ]
        ]
      },
      "properties": {
        "OBJECTID": 543,
        "DPTO_CCDGO": "15",
        "MPIO_CCDGO": "743",
        "name": "15241",
        "MPIO_CRSLC": "Ordenanza 40 de 1948",
        "MPIO_NANO_": 1993,
        "MPIO_NAREA": 162.88569732,
        "MPIO_CSMBL": "4",
        "MPIO_CCNCT": "25743",
        "MPIO_NANO": 2012,
        "SHAPE_Leng": 0.560580277373,
        "SHAPE_Area": 0.0132713375508,
        "NOMBRE": "SILVANIA",
        "DANE": {
          "dpto_ccdgo": "25",
          "mpio_ccdgo": "743",
          "mpio_cdpmp": "25743",
          "dpto_cnmbr": "CUNDINAMARCA",
          "mpio_cnmbr": "SILVANIA",
          "mpio_crslc": "Ordenanza 40 de 1948",
          "mpio_tipo": "MUNICIPIO",
          "mpio_narea": 162.574528048,
          "mpio_nano": 2024,
          "shape_Leng": 0.570284121476,
          "shape_Area": 0.0132459896151
        }
      }
    },
    {
      "type": "Feature",
      "geometry": {
        "type": "Polygon",
        "coordinates": [
          [
            [
              -73.7895,
              5.553
            ],
            [
              -73.8047,
              5.5714
            ],
            [
              -73.8181,
              5.5542
            ],
            [
              -73.8312,
              5.553
            ],
            [
              -73.8479,
              5.5457
            ],
            [
              -73.8575,
              5.5311
            ],
            [
              -73.8688,
              5.5325
            ],
            [
              -73.8807,
              5.5254
            ],
            [
              -73.8906,
              5.5127
            ],
            [
              -73.9049,
              5.5293
            ],
            [
              -73.9106,
              5.5237
            ],
            [
              -73.9062,
              5.5069
            ],
            [
              -73.9089,
              5.4943
            ],
            [
              -73.9029,
              5.4894
            ],
            [
              -73.902,
              5.4671
            ],
            [
              -73.8814,
              5.4697
            ],
            [
              -73.8672,
              5.462
            ],
            [
              -73.8495,
              5.4742
            ],
            [
              -73.8353,
              5.4742
            ],
            [
              -73.8255,
              5.4848
            ],
            [
              -73.8111,
              5.4827
            ],
            [
              -73.8016,
              5.4867
            ],
            [
              -73.7869,
              5.5106
            ],
            [
              -73.7916,
              5.5315
            ],
            [
              -73.7895,
              5.553
            ]
          ]
        ]
      },
      "properties": {
        "OBJECTID": 544,
        "DPTO_CCDGO": "15",
        "MPIO_CCDGO": "745",
        "name": "15244",
        "MPIO_CRSLC": "1600",
        "MPIO_NANO_": 1993,
        "MPIO_NAREA": 97.58501323,
        "MPIO_CSMBL": "4",
        "MPIO_CCNCT": "25745",
        "MPIO_NANO": 2012,
        "SHAPE_Leng": 0.488604858625,
        "SHAPE_Area": 0.00796356599524,
        "NOMBRE": "SIMIJACA",
        "DANE": {
          "dpto_ccdgo": "25",
          "mpio_ccdgo": "745",
          "mpio_cdpmp": "25745",
          "dpto_cnmbr": "CUNDINAMARCA",
          "mpio_cnmbr": "SIMIJACA",
          "mpio_crslc": "1600",
          "mpio_tipo": "MUNICIPIO",
          "mpio_narea": 96.7155455252,
          "mpio_nano": 2024,
          "shape_Leng": 0.482285454428,
          "shape_Area": 0.0078926218026
        }
      }
    },
    {
      "type": "Feature",
      "geometry": {
        "type": "Polygon",
        "coordinates": [
          [
            [
              -74.2226,
              4.6294
            ],
            [
              -74.2405,
              4.6335
            ],
            [
              -74.2726,
              4.6187
            ],
            [
              -74.2803,
              4.6094
            ],
            [
              -74.3062,
              4.6206
            ],
            [
              -74.307,
              4.6069
            ],
            [
              -74.3007,
              4.5851
            ],
            [
              -74.3038,
              4.555
            ],
            [
              -74.2903,
              4.5487
            ],
            [
              -74.2927,
              4.525
            ],
            [
              -74.2825,
              4.5258
            ],
            [
              -74.2836,
              4.5123
            ],
            [
              -74.2763,
              4.5165
            ],
            [
              -74.2779,
              4.5405
            ],
            [
              -74.2689,
              4.5441
            ],
            [
              -74.2458,
              4.5444
            ],
            [
              -74.2402,
              4.5309
            ],
            [
              -74.219,
              4.5225
            ],
            [
              -74.2229,
              4.5007
            ],
            [
              -74.2194,
              4.4832
            ],
            [
              -74.2291,
              4.4676
            ],
            [
              -74.2349,
              4.434
            ],
            [
              -74.2319,
              4.4193
            ],
            [
              -74.2361,
              4.4004
            ],
            [
              -74.2259,
              4.3974
            ],
            [
              -74.2141,
              4.3812
            ],
            [
              -74.204,
              4.4181
            ],
            [
              -74.1982,
              4.4266
            ],
            [
              -74.184,
              4.4631
            ],
            [
              -74.1781,
              4.4864
            ],
            [
              -74.1813,
              4.5135
            ],
            [
              -74.187,
              4.5274
            ],
            [
              -74.1738,
              4.5403
            ],
            [
              -74.1838,
              4.5965
            ],
            [
              -74.204,
              4.6009
            ],
            [
              -74.2211,
              4.6203
            ],
            [
              -74.2226,
              4.6294
            ]
          ]
        ]
      },
      "properties": {
        "OBJECTID": 545,
        "DPTO_CCDGO": "15",
        "MPIO_CCDGO": "754",
        "name": "15247",
        "MPIO_CRSLC": "1799",
        "MPIO_NANO_": 1993,
        "MPIO_NAREA": 182.41800292,
        "MPIO_CSMBL": "4",
        "MPIO_CCNCT": "25754",
        "MPIO_NANO": 2012,
        "SHAPE_Leng": 0.834453926362,
        "SHAPE_Area": 0.0148650416348,
        "NOMBRE": "SOACHA",
        "DANE": {
          "dpto_ccdgo": "25",
          "mpio_ccdgo": "754",
          "mpio_cdpmp": "25754",
          "dpto_cnmbr": "CUNDINAMARCA",
          "mpio_cnmbr": "SOACHA",
          "mpio_crslc": "1799",
          "mpio_tipo": "MUNICIPIO",
          "mpio_narea": 187.445942097,
          "mpio_nano": 2024,
          "shape_Leng": 0.913521728043,
          "shape_Area": 0.0152747716513
        }
      }
    },
    {
      "type": "Feature",
      "geometry": {
        "type": "Polygon",
        "coordinates": [
          [
            [
              -73.9911,
              4.9722
            ],
            [
              -73.9972,
              4.9739
            ],
            [
              -74.0021,
              4.9462
            ],
            [
              -74.0084,
              4.9404
            ],
            [
              -74.0064,
              4.9179
            ],
            [
              -73.9895,
              4.903
            ],
            [
              -73.9849,
              4.8942
            ],
            [
              -73.9946,
              4.8498
            ],
            [
              -73.9984,
              4.848
            ],
            [
              -74.0067,
              4.8232
            ],
            [
              -73.9993,
              4.8129
            ],
            [
              -73.9595,
              4.8125
            ],
            [
              -73.9511,
              4.8367
            ],
            [
              -73.9348,
              4.8367
            ],
            [
              -73.9267,
              4.8517
            ],
            [
              -73.9258,
              4.8741
            ],
            [
              -73.9192,
              4.8842
            ],
            [
              -73.9246,
              4.8966
            ],
            [
              -73.9158,
              4.9137
            ],
            [
              -73.9481,
              4.9386
            ],
            [
              -73.9692,
              4.9469
            ],
            [
              -73.9745,
              4.9628
            ],
            [
              -73.9911,
              4.9722
            ]
          ]
        ]
      },
      "properties": {
        "OBJECTID": 546,
        "DPTO_CCDGO": "15",
        "MPIO_CCDGO": "758",
        "name": "15250",
        "MPIO_CRSLC": "1653",
        "MPIO_NANO_": 1993,
        "MPIO_NAREA": 110.77421405,
        "MPIO_CSMBL": "4",
        "MPIO_CCNCT": "25758",
        "MPIO_NANO": 2012,
        "SHAPE_Leng": 0.580133605112,
        "SHAPE_Area": 0.00903134159734,
        "NOMBRE": "SOPO",
        "DANE": {
          "dpto_ccdgo": "25",
          "mpio_ccdgo": "758",
          "mpio_cdpmp": "25758",
          "dpto_cnmbr": "CUNDINAMARCA",
          "mpio_cnmbr": "SOPÓ",
          "mpio_crslc": "1653",
          "mpio_tipo": "MUNICIPIO",
          "mpio_narea": 111.097917443,
          "mpio_nano": 2024,
          "shape_Leng": 0.59994181338,
          "shape_Area": 0.00905772568547
        }
      }
    },
    {
      "type": "Feature",
      "geometry": {
        "type": "Polygon",
        "coordinates": [
          [
            [
              -74.0938,
              5.067
            ],
            [
              -74.0983,
              5.0709
            ],
            [
              -74.1265,
              5.0689
            ],
            [
              -74.1377,
              5.0567
            ],
            [
              -74.1454,
              5.0375
            ],
            [
              -74.1577,
              5.0437
            ],
            [
              -74.1702,
              5.0263
            ],
            [
              -74.1975,
              5.0121
            ],
            [
              -74.209,
              5.0087
            ],
            [
              -74.2144,
              4.9966
            ],
            [
              -74.226,
              4.9755
            ],
            [
              -74.2203,
              4.9549
            ],
            [
              -74.2309,
              4.9445
            ],
            [
              -74.2243,
              4.9393
            ],
            [
              -74.22,
              4.9159
            ],
            [
              -74.2093,
              4.9069
            ],
            [
              -74.1974,
              4.8893
            ],
            [
              -74.1872,
              4.8823
            ],
            [
              -74.1911,
              4.8646
            ],
            [
              -74.2016,
              4.8568
            ],
            [
              -74.1776,
              4.8578
            ],
            [
              -74.1778,
              4.866
            ],
            [
              -74.1675,
              4.8799
            ],
            [
              -74.146,
              4.8906
            ],
            [
              -74.1291,
              4.9046
            ],
            [
              -74.1301,
              4.9123
            ],
            [
              -74.1184,
              4.923
            ],
            [
              -74.1134,
              4.9508
            ],
            [
              -74.1082,
              4.9644
            ],
            [
              -74.1024,
              5.0081
            ],
            [
              -74.0876,
              5.0112
            ],
            [
              -74.0864,
              5.0263
            ],
            [
              -74.0798,
              5.0405
            ],
            [
              -74.0893,
              5.05
            ],
            [
              -74.0938,
              5.067
            ]
          ]
        ]
      },
      "properties": {
        "OBJECTID": 547,
        "DPTO_CCDGO": "15",
        "MPIO_CCDGO": "769",
        "name": "15256",
        "MPIO_CRSLC": "1772",
        "MPIO_NANO_": 1993,
        "MPIO_NAREA": 209.60109671,
        "MPIO_CSMBL": "4",
        "MPIO_CCNCT": "25769",
        "MPIO_NANO": 2012,
        "SHAPE_Leng": 0.685299755121,
        "SHAPE_Area": 0.0170907142702,
        "NOMBRE": "SUBACHOQUE",
        "DANE": {
          "dpto_ccdgo": "25",
          "mpio_ccdgo": "769",
          "mpio_cdpmp": "25769",
          "dpto_cnmbr": "CUNDINAMARCA",
          "mpio_cnmbr": "SUBACHOQUE",
          "mpio_crslc": "1772",
          "mpio_tipo": "MUNICIPIO",
          "mpio_narea": 209.217284706,
          "mpio_nano": 2024,
          "shape_Leng": 0.732969873258,
          "shape_Area": 0.0170594072818
        }
      }
    },
    {
      "type": "Feature",
      "geometry": {
        "type": "Polygon",
        "coordinates": [
          [
            [
              -73.6844,
              5.2287
            ],
            [
              -73.6969,
              5.2328
            ],
            [
              -73.7139,
              5.2318
            ],
            [
              -73.7202,
              5.2228
            ],
            [
              -73.7387,
              5.2142
            ],
            [
              -73.7495,
              5.2195
            ],
            [
              -73.7853,
              5.1842
            ],
            [
              -73.7941,
              5.182
            ],
            [
              -73.8062,
              5.1677
            ],
            [
              -73.8272,
              5.1757
            ],
            [
              -73.8382,
              5.1645
            ],
            [
              -73.8454,
              5.1548
            ],
            [
              -73.8408,
              5.1342
            ],
            [
              -73.8534,
              5.1277
            ],
            [
              -73.8533,
              5.1194
            ],
            [
              -73.8302,
              5.0963
            ],
            [
              -73.8559,
              5.0659
            ],
            [
              -73.8535,
              5.0561
            ],
            [
              -73.8709,
              5.0475
            ],
            [
              -73.8554,
              5.0359
            ],
            [
              -73.8458,
              5.0426
            ],
            [
              -73.8348,
              5.0424
            ],
            [
              -73.8262,
              5.0664
            ],
            [
              -73.8197,
              5.068
            ],
            [
              -73.8105,
              5.0831
            ],
            [
              -73.7739,
              5.0678
            ],
            [
              -73.7605,
              5.0511
            ],
            [
              -73.742,
              5.0699
            ],
            [
              -73.7511,
              5.0844
            ],
            [
              -73.7394,
              5.0893
            ],
            [
              -73.7612,
              5.1342
            ],
            [
              -73.7691,
              5.1385
            ],
            [
              -73.757,
              5.1677
            ],
            [
              -73.7479,
              5.1559
            ],
            [
              -73.7336,
              5.1569
            ],
            [
              -73.7048,
              5.2005
            ],
            [
              -73.6897,
              5.216
            ],
            [
              -73.6844,
              5.2287
            ]
          ]
        ]
      },
      "properties": {
        "OBJECTID": 548,
        "DPTO_CCDGO": "15",
        "MPIO_CCDGO": "772",
        "name": "15259",
        "MPIO_CRSLC": "1799",
        "MPIO_NANO_": 1993,
        "MPIO_NAREA": 174.4534238,
        "MPIO_CSMBL": "4",
        "MPIO_CCNCT": "25772",
        "MPIO_NANO": 2012,
        "SHAPE_Leng": 0.925441657357,
        "SHAPE_Area": 0.0142279751512,
        "NOMBRE": "SUESCA",
        "DANE": {
          "dpto_ccdgo": "25",
          "mpio_ccdgo": "772",
          "mpio_cdpmp": "25772",
          "dpto_cnmbr": "CUNDINAMARCA",
          "mpio_cnmbr": "SUESCA",
          "mpio_crslc": "1799",
          "mpio_tipo": "MUNICIPIO",
          "mpio_narea": 173.267639804,
          "mpio_nano": 2024,
          "shape_Leng": 0.911477789173,
          "shape_Area": 0.014131269795
        }
      }
    },
    {
      "type": "Feature",
      "geometry": {
        "type": "Polygon",
        "coordinates": [
          [
            [
              -74.1577,
              5.0437
            ],
            [
              -74.1583,
              5.0518
            ],
            [
              -74.1743,
              5.065
            ],
            [
              -74.1783,
              5.0804
            ],
            [
              -74.1956,
              5.1027
            ],
            [
              -74.215,
              5.1021
            ],
            [
              -74.2269,
              5.1185
            ],
            [
              -74.2468,
              5.1043
            ],
            [
              -74.2712,
              5.1132
            ],
            [
              -74.2854,
              5.1031
            ],
            [
              -74.3029,
              5.0835
            ],
            [
              -74.3037,
              5.0739
            ],
            [
              -74.2978,
              5.0539
            ],
            [
              -74.2883,
              5.048
            ],
            [
              -74.2781,
              5.0291
            ],
            [
              -74.2641,
              5.0351
            ],
            [
              -74.2519,
              5.0228
            ],
            [
              -74.2362,
              5.0206
            ],
            [
              -74.2144,
              4.9966
            ],
            [
              -74.209,
              5.0087
            ],
            [
              -74.1975,
              5.0121
            ],
            [
              -74.1702,
              5.0263
            ],
            [
              -74.1577,
              5.0437
            ]
          ]
        ]
      },
      "properties": {
        "OBJECTID": 549,
        "DPTO_CCDGO": "15",
        "MPIO_CCDGO": "777",
        "name": "15262",
        "MPIO_CRSLC": "1872",
        "MPIO_NANO_": 1993,
        "MPIO_NAREA": 128.20754272,
        "MPIO_CSMBL": "4",
        "MPIO_CCNCT": "25777",
        "MPIO_NANO": 2012,
        "SHAPE_Leng": 0.466697464708,
        "SHAPE_Area": 0.0104553045415,
        "NOMBRE": "SUPATA",
        "DANE": {
          "dpto_ccdgo": "25",
          "mpio_ccdgo": "777",
          "mpio_cdpmp": "25777",
          "dpto_cnmbr": "CUNDINAMARCA",
          "mpio_cnmbr": "SUPATÁ",
          "mpio_crslc": "1872",
          "mpio_tipo": "MUNICIPIO",
          "mpio_narea": 130.389677349,
          "mpio_nano": 2024,
          "shape_Leng": 0.492309288322,
          "shape_Area": 0.0106332573809
        }
      }
    },
    {
      "type": "Feature",
      "geometry": {
        "type": "Polygon",
        "coordinates": [
          [
            [
              -73.7435,
              5.471
            ],
            [
              -73.7471,
              5.4896
            ],
            [
              -73.7688,
              5.4866
            ],
            [
              -73.7827,
              5.4998
            ],
            [
              -73.7869,
              5.5106
            ],
            [
              -73.8016,
              5.4867
            ],
            [
              -73.8111,
              5.4827
            ],
            [
              -73.8255,
              5.4848
            ],
            [
              -73.8353,
              5.4742
            ],
            [
              -73.8495,
              5.4742
            ],
            [
              -73.8672,
              5.462
            ],
            [
              -73.8824,
              5.458
            ],
            [
              -73.8879,
              5.4366
            ],
            [
              -73.8753,
              5.4332
            ],
            [
              -73.8612,
              5.4186
            ],
            [
              -73.8558,
              5.4037
            ],
            [
              -73.8648,
              5.3942
            ],
            [
              -73.858,
              5.3822
            ],
            [
              -73.8397,
              5.3676
            ],
            [
              -73.8252,
              5.3743
            ],
            [
              -73.8161,
              5.3873
            ],
            [
              -73.8153,
              5.3972
            ],
            [
              -73.804,
              5.4055
            ],
            [
              -73.7917,
              5.4228
            ],
            [
              -73.7947,
              5.4353
            ],
            [
              -73.7702,
              5.4722
            ],
            [
              -73.7435,
              5.471
            ]
          ]
        ]
      },
      "properties": {
        "OBJECTID": 550,
        "DPTO_CCDGO": "15",
        "MPIO_CCDGO": "779",
        "name": "15265",
        "MPIO_CRSLC": "1610",
        "MPIO_NANO_": 1993,
        "MPIO_NAREA": 98.70591365,
        "MPIO_CSMBL": "4",
        "MPIO_CCNCT": "25779",
        "MPIO_NANO": 2012,
        "SHAPE_Leng": 0.495630991299,
        "SHAPE_Area": 0.00805408436407,
        "NOMBRE": "SUSA",
        "DANE": {
          "dpto_ccdgo": "25",
          "mpio_ccdgo": "779",
          "mpio_cdpmp": "25779",
          "dpto_cnmbr": "CUNDINAMARCA",
          "mpio_cnmbr": "SUSA",
          "mpio_crslc": "1610",
          "mpio_tipo": "MUNICIPIO",
          "mpio_narea": 104.154571546,
          "mpio_nano": 2024,
          "shape_Leng": 0.53425804446,
          "shape_Area": 0.00849870535207
        }
      }
    },
    {
      "type": "Feature",
      "geometry": {
        "type": "Polygon",
        "coordinates": [
          [
            [
              -73.8046,
              5.2591
            ],
            [
              -73.8244,
              5.2718
            ],
            [
              -73.8358,
              5.2712
            ],
            [
              -73.8516,
              5.2826
            ],
            [
              -73.8673,
              5.2816
            ],
            [
              -73.8912,
              5.2695
            ],
            [
              -73.8977,
              5.2519
            ],
            [
              -73.8946,
              5.2303
            ],
            [
              -73.8715,
              5.2
            ],
            [
              -73.8628,
              5.1979
            ],
            [
              -73.8608,
              5.1843
            ],
            [
              -73.8467,
              5.1941
            ],
            [
              -73.8471,
              5.2117
            ],
            [
              -73.8345,
              5.2131
            ],
            [
              -73.8247,
              5.2231
            ],
            [
              -73.8272,
              5.2337
            ],
            [
              -73.8134,
              5.2407
            ],
            [
              -73.8046,
              5.2591
            ]
          ]
        ]
      },
      "properties": {
        "OBJECTID": 551,
        "DPTO_CCDGO": "15",
        "MPIO_CCDGO": "781",
        "name": "15268",
        "MPIO_CRSLC": "1799",
        "MPIO_NANO_": 1993,
        "MPIO_NAREA": 64.01089251,
        "MPIO_CSMBL": "4",
        "MPIO_CCNCT": "25781",
        "MPIO_NANO": 2012,
        "SHAPE_Leng": 0.376781106406,
        "SHAPE_Area": 0.00522148752914,
        "NOMBRE": "SUTATAUSA",
        "DANE": {
          "dpto_ccdgo": "25",
          "mpio_ccdgo": "781",
          "mpio_cdpmp": "25781",
          "dpto_cnmbr": "CUNDINAMARCA",
          "mpio_cnmbr": "SUTATAUSA",
          "mpio_crslc": "1799",
          "mpio_tipo": "MUNICIPIO",
          "mpio_narea": 64.8505380991,
          "mpio_nano": 2024,
          "shape_Leng": 0.378060678059,
          "shape_Area": 0.00528997921778
        }
      }
    },
    {
      "type": "Feature",
      "geometry": {
        "type": "Polygon",
        "coordinates": [
          [
            [
              -74.0328,
              4.9632
            ],
            [
              -74.04,
              4.975
            ],
            [
              -74.064,
              4.9889
            ],
            [
              -74.068,
              5.0048
            ],
            [
              -74.0876,
              5.0112
            ],
            [
              -74.1024,
              5.0081
            ],
            [
              -74.1082,
              4.9644
            ],
            [
              -74.1134,
              4.9508
            ],
            [
              -74.1184,
              4.923
            ],
            [
              -74.1301,
              4.9123
            ],
            [
              -74.1291,
              4.9046
            ],
            [
              -74.0911,
              4.8921
            ],
            [
              -74.0825,
              4.8929
            ],
            [
              -74.0769,
              4.9112
            ],
            [
              -74.0638,
              4.9285
            ],
            [
              -74.0548,
              4.9344
            ],
            [
              -74.0444,
              4.9553
            ],
            [
              -74.0328,
              4.9632
            ]
          ]
        ]
      },
      "properties": {
        "OBJECTID": 552,
        "DPTO_CCDGO": "15",
        "MPIO_CCDGO": "785",
        "name": "15271",
        "MPIO_CRSLC": "1761",
        "MPIO_NANO_": 1993,
        "MPIO_NAREA": 75.40051997,
        "MPIO_CSMBL": "4",
        "MPIO_CCNCT": "25785",
        "MPIO_NANO": 2012,
        "SHAPE_Leng": 0.385992462975,
        "SHAPE_Area": 0.00614793765031,
        "NOMBRE": "TABIO",
        "DANE": {
          "dpto_ccdgo": "25",
          "mpio_ccdgo": "785",
          "mpio_cdpmp": "25785",
          "dpto_cnmbr": "CUNDINAMARCA",
          "mpio_cnmbr": "TABIO",
          "mpio_crslc": "1761",
          "mpio_tipo": "MUNICIPIO",
          "mpio_narea": 75.1957647042,
          "mpio_nano": 2024,
          "shape_Leng": 0.429579164331,
          "shape_Area": 0.00613124294223
        }
      }
    },
    {
      "type": "Feature",
      "geometry": {
        "type": "Polygon",
        "coordinates": [
          [
            [
              -73.9954,
              5.2585
            ],
            [
              -74.0004,
              5.2599
            ],
            [
              -74.0156,
              5.2439
            ],
            [
              -74.0299,
              5.2422
            ],
            [
              -74.0675,
              5.25
            ],
            [
              -74.0767,
              5.2401
            ],
            [
              -74.0778,
              5.2307
            ],
            [
              -74.0559,
              5.2143
            ],
            [
              -74.0499,
              5.2016
            ],
            [
              -74.0455,
              5.1697
            ],
            [
              -74.0255,
              5.1804
            ],
            [
              -74.0179,
              5.1603
            ],
            [
              -74.0019,
              5.1644
            ],
            [
              -73.9431,
              5.1283
            ],
            [
              -73.94,
              5.1415
            ],
            [
              -73.9306,
              5.152
            ],
            [
              -73.9063,
              5.133
            ],
            [
              -73.8929,
              5.1416
            ],
            [
              -73.8882,
              5.1597
            ],
            [
              -73.8796,
              5.1512
            ],
            [
              -73.8669,
              5.149
            ],
            [
              -73.8454,
              5.1548
            ],
            [
              -73.8382,
              5.1645
            ],
            [
              -73.8392,
              5.1843
            ],
            [
              -73.8467,
              5.1941
            ],
            [
              -73.8608,
              5.1843
            ],
            [
              -73.8628,
              5.1979
            ],
            [
              -73.8715,
              5.2
            ],
            [
              -73.8946,
              5.2303
            ],
            [
              -73.8977,
              5.2519
            ],
            [
              -73.9262,
              5.2354
            ],
            [
              -73.9415,
              5.2107
            ],
            [
              -73.9527,
              5.2053
            ],
            [
              -73.9642,
              5.2113
            ],
            [
              -73.9708,
              5.2227
            ],
            [
              -73.9718,
              5.2387
            ],
            [
              -73.9887,
              5.2462
            ],
            [
              -73.9954,
              5.2585
            ]
          ]
        ]
      },
      "properties": {
        "OBJECTID": 553,
        "DPTO_CCDGO": "15",
        "MPIO_CCDGO": "793",
        "name": "15274",
        "MPIO_CRSLC": "1942",
        "MPIO_NANO_": 1993,
        "MPIO_NAREA": 192.08938595,
        "MPIO_CSMBL": "4",
        "MPIO_CCNCT": "25793",
        "MPIO_NANO": 2012,
        "SHAPE_Leng": 0.871372118581,
        "SHAPE_Area": 0.0156679978879,
        "NOMBRE": "TAUSA",
        "DANE": {
          "dpto_ccdgo": "25",
          "mpio_ccdgo": "793",
          "mpio_cdpmp": "25793",
          "dpto_cnmbr": "CUNDINAMARCA",
          "mpio_cnmbr": "TAUSA",
          "mpio_crslc": "1942",
          "mpio_tipo": "MUNICIPIO",
          "mpio_narea": 201.87201781,
          "mpio_nano": 2024,
          "shape_Leng": 0.974639368168,
          "shape_Area": 0.0164659862808
        }
      }
    },
    {
      "type": "Feature",
      "geometry": {
        "type": "Polygon",
        "coordinates": [
          [
            [
              -74.3441,
              4.6539
            ],
            [
              -74.3415,
              4.6655
            ],
            [
              -74.3513,
              4.6828
            ],
            [
              -74.3628,
              4.6844
            ],
            [
              -74.3666,
              4.6941
            ],
            [
              -74.3933,
              4.6993
            ],
            [
              -74.3898,
              4.6852
            ],
            [
              -74.425,
              4.6464
            ],
            [
              -74.4288,
              4.6227
            ],
            [
              -74.445,
              4.6289
            ],
            [
              -74.4454,
              4.5977
            ],
            [
              -74.4362,
              4.5992
            ],
            [
              -74.4196,
              4.6182
            ],
            [
              -74.4036,
              4.6257
            ],
            [
              -74.3945,
              4.6231
            ],
            [
              -74.384,
              4.6358
            ],
            [
              -74.3727,
              4.6363
            ],
            [
              -74.3441,
              4.6539
            ]
          ]
        ]
      },
      "properties": {
        "OBJECTID": 554,
        "DPTO_CCDGO": "15",
        "MPIO_CCDGO": "797",
        "name": "15277",
        "MPIO_CRSLC": "1900",
        "MPIO_NANO_": 1993,
        "MPIO_NAREA": 51.18379478,
        "MPIO_CSMBL": "4",
        "MPIO_CCNCT": "25797",
        "MPIO_NANO": 2012,
        "SHAPE_Leng": 0.382003356338,
        "SHAPE_Area": 0.00417146510838,
        "NOMBRE": "TENA",
        "DANE": {
          "dpto_ccdgo": "25",
          "mpio_ccdgo": "797",
          "mpio_cdpmp": "25797",
          "dpto_cnmbr": "CUNDINAMARCA",
          "mpio_cnmbr": "TENA",
          "mpio_crslc": "1900",
          "mpio_tipo": "MUNICIPIO",
          "mpio_narea": 51.4372722954,
          "mpio_nano": 2024,
          "shape_Leng": 0.39563929935,
          "shape_Area": 0.00419212345622
        }
      }
    },
    {
      "type": "Feature",
      "geometry": {
        "type": "Polygon",
        "coordinates": [
          [
            [
              -74.0825,
              4.8929
            ],
            [
              -74.0911,
              4.8921
            ],
            [
              -74.1291,
              4.9046
            ],
            [
              -74.146,
              4.8906
            ],
            [
              -74.1675,
              4.8799
            ],
            [
              -74.1778,
              4.866
            ],
            [
              -74.1776,
              4.8578
            ],
            [
              -74.1783,
              4.8438
            ],
            [
              -74.1877,
              4.8391
            ],
            [
              -74.2027,
              4.8012
            ],
            [
              -74.2183,
              4.7937
            ],
            [
              -74.2164,
              4.7771
            ],
            [
              -74.2007,
              4.7921
            ],
            [
              -74.1915,
              4.7696
            ],
            [
              -74.1725,
              4.7735
            ],
            [
              -74.1629,
              4.75
            ],
            [
              -74.1529,
              4.7634
            ],
            [
              -74.1611,
              4.7771
            ],
            [
              -74.1465,
              4.8011
            ],
            [
              -74.1334,
              4.8139
            ],
            [
              -74.1198,
              4.8147
            ],
            [
              -74.1113,
              4.8318
            ],
            [
              -74.0942,
              4.8491
            ],
            [
              -74.0833,
              4.8703
            ],
            [
              -74.0825,
              4.8929
            ]
          ]
        ]
      },
      "properties": {
        "OBJECTID": 555,
        "DPTO_CCDGO": "15",
        "MPIO_CCDGO": "799",
        "name": "15280",
        "MPIO_CRSLC": "1749",
        "MPIO_NANO_": 1993,
        "MPIO_NAREA": 112.67109132,
        "MPIO_CSMBL": "4",
        "MPIO_CCNCT": "25799",
        "MPIO_NANO": 2012,
        "SHAPE_Leng": 0.546664511271,
        "SHAPE_Area": 0.00918536397474,
        "NOMBRE": "TENJO",
        "DANE": {
          "dpto_ccdgo": "25",
          "mpio_ccdgo": "799",
          "mpio_cdpmp": "25799",
          "dpto_cnmbr": "CUNDINAMARCA",
          "mpio_cnmbr": "TENJO",
          "mpio_crslc": "1749",
          "mpio_tipo": "MUNICIPIO",
          "mpio_narea": 114.208772984,
          "mpio_nano": 2024,
          "shape_Leng": 0.565243963868,
          "shape_Area": 0.00931070450181
        }
      }
    },
    {
      "type": "Feature",
      "geometry": {
        "type": "Polygon",
        "coordinates": [
          [
            [
              -74.4202,
              4.3586
            ],
            [
              -74.4399,
              4.3673
            ],
            [
              -74.4517,
              4.3861
            ],
            [
              -74.4615,
              4.3674
            ],
            [
              -74.4985,
              4.3548
            ],
            [
              -74.5073,
              4.3357
            ],
            [
              -74.5399,
              4.3074
            ],
            [
              -74.5509,
              4.288
            ],
            [
              -74.5519,
              4.2651
            ],
            [
              -74.5494,
              4.2608
            ],
            [
              -74.5329,
              4.2733
            ],
            [
              -74.516,
              4.2758
            ],
            [
              -74.4824,
              4.2889
            ],
            [
              -74.4645,
              4.2988
            ],
            [
              -74.4409,
              4.3231
            ],
            [
              -74.4358,
              4.3369
            ],
            [
              -74.4217,
              4.3503
            ],
            [
              -74.4202,
              4.3586
            ]
          ]
        ]
      },
      "properties": {
        "OBJECTID": 556,
        "DPTO_CCDGO": "15",
        "MPIO_CCDGO": "805",
        "name": "15283",
        "MPIO_CRSLC": "1592",
        "MPIO_NANO_": 1993,
        "MPIO_NAREA": 83.53095008,
        "MPIO_CSMBL": "4",
        "MPIO_CCNCT": "25805",
        "MPIO_NANO": 2012,
        "SHAPE_Leng": 0.436109325264,
        "SHAPE_Area": 0.0068046021898,
        "NOMBRE": "TIBACUY",
        "DANE": {
          "dpto_ccdgo": "25",
          "mpio_ccdgo": "805",
          "mpio_cdpmp": "25805",
          "dpto_cnmbr": "CUNDINAMARCA",
          "mpio_cnmbr": "TIBACUY",
          "mpio_crslc": "1592",
          "mpio_tipo": "MUNICIPIO",
          "mpio_narea": 84.7522731021,
          "mpio_nano": 2024,
          "shape_Leng": 0.433371134472,
          "shape_Area": 0.00690410152078
        }
      }
    },
    {
      "type": "Feature",
      "geometry": {
        "type": "Polygon",
        "coordinates": [
          [
            [
              -73.4917,
              5.1289
            ],
            [
              -73.5165,
              5.1271
            ],
            [
              -73.5223,
              5.1349
            ],
            [
              -73.5367,
              5.1322
            ],
            [
              -73.538,
              5.1228
            ],
            [
              -73.5365,
              5.1044
            ],
            [
              -73.5442,
              5.0997
            ],
            [
              -73.5512,
              5.0794
            ],
            [
              -73.5415,
              5.0722
            ],
            [
              -73.5273,
              5.0617
            ],
            [
              -73.5285,
              5.0357
            ],
            [
              -73.5224,
              5.0292
            ],
            [
              -73.516,
              5.0354
            ],
            [
              -73.4962,
              5.0399
            ],
            [
              -73.4801,
              5.0625
            ],
            [
              -73.4822,
              5.0832
            ],
            [
              -73.4945,
              5.1064
            ],
            [
              -73.4917,
              5.1289
            ]
          ]
        ]
      },
      "properties": {
        "OBJECTID": 557,
        "DPTO_CCDGO": "15",
        "MPIO_CCDGO": "807",
        "name": "15286",
        "MPIO_CRSLC": "1799",
        "MPIO_NANO_": 1993,
        "MPIO_NAREA": 57.4138501,
        "MPIO_CSMBL": "4",
        "MPIO_CCNCT": "25807",
        "MPIO_NANO": 2012,
        "SHAPE_Leng": 0.341961462265,
        "SHAPE_Area": 0.00468183873841,
        "NOMBRE": "TIBIRITA",
        "DANE": {
          "dpto_ccdgo": "25",
          "mpio_ccdgo": "807",
          "mpio_cdpmp": "25807",
          "dpto_cnmbr": "CUNDINAMARCA",
          "mpio_cnmbr": "TIBIRITA",
          "mpio_crslc": "1799",
          "mpio_tipo": "MUNICIPIO",
          "mpio_narea": 56.5473945079,
          "mpio_nano": 2024,
          "shape_Leng": 0.330807774555,
          "shape_Area": 0.00461117528349
        }
      }
    },
    {
      "type": "Feature",
      "geometry": {
        "type": "Polygon",
        "coordinates": [
          [
            [
              -74.5624,
              4.4468
            ],
            [
              -74.5858,
              4.4471
            ],
            [
              -74.6084,
              4.4548
            ],
            [
              -74.6051,
              4.4626
            ],
            [
              -74.6146,
              4.478
            ],
            [
              -74.621,
              4.5055
            ],
            [
              -74.6151,
              4.5346
            ],
            [
              -74.6128,
              4.5693
            ],
            [
              -74.6023,
              4.5989
            ],
            [
              -74.6005,
              4.619
            ],
            [
              -74.621,
              4.589
            ],
            [
              -74.632,
              4.5608
            ],
            [
              -74.6631,
              4.5266
            ],
            [
              -74.6886,
              4.5052
            ],
            [
              -74.7036,
              4.4895
            ],
            [
              -74.7198,
              4.4624
            ],
            [
              -74.7256,
              4.4602
            ],
            [
              -74.7453,
              4.454
            ],
            [
              -74.7535,
              4.4346
            ],
            [
              -74.7512,
              4.4322
            ],
            [
              -74.743,
              4.3808
            ],
            [
              -74.7354,
              4.3807
            ],
            [
              -74.7257,
              4.3934
            ],
            [
              -74.7154,
              4.3913
            ],
            [
              -74.698,
              4.4006
            ],
            [
              -74.6937,
              4.412
            ],
            [
              -74.6655,
              4.4156
            ],
            [
              -74.6587,
              4.4018
            ],
            [
              -74.6396,
              4.4003
            ],
            [
              -74.6203,
              4.3867
            ],
            [
              -74.6091,
              4.3847
            ],
            [
              -74.5987,
              4.3716
            ],
            [
              -74.5962,
              4.3594
            ],
            [
              -74.5834,
              4.3684
            ],
            [
              -74.5607,
              4.3739
            ],
            [
              -74.5485,
              4.3641
            ],
            [
              -74.5462,
              4.3724
            ],
            [
              -74.552,
              4.4071
            ],
            [
              -74.5636,
              4.4092
            ],
            [
              -74.5681,
              4.4206
            ],
            [
              -74.5595,
              4.4298
            ],
            [
              -74.5687,
              4.4396
            ],
            [
              -74.5624,
              4.4468
            ]
          ]
        ]
      },
      "properties": {
        "OBJECTID": 558,
        "DPTO_CCDGO": "15",
        "MPIO_CCDGO": "815",
        "name": "15289",
        "MPIO_CRSLC": "1799",
        "MPIO_NANO_": 1993,
        "MPIO_NAREA": 246.6930749,
        "MPIO_CSMBL": "4",
        "MPIO_CCNCT": "25815",
        "MPIO_NANO": 2012,
        "SHAPE_Leng": 0.988245883934,
        "SHAPE_Area": 0.020098603696,
        "NOMBRE": "TOCAIMA",
        "DANE": {
          "dpto_ccdgo": "25",
          "mpio_ccdgo": "815",
          "mpio_cdpmp": "25815",
          "dpto_cnmbr": "CUNDINAMARCA",
          "mpio_cnmbr": "TOCAIMA",
          "mpio_crslc": "1799",
          "mpio_tipo": "MUNICIPIO",
          "mpio_narea": 245.76681281,
          "mpio_nano": 2024,
          "shape_Leng": 1.03454297453,
          "shape_Area": 0.0200231301614
        }
      }
    },
    {
      "type": "Feature",
      "geometry": {
        "type": "Polygon",
        "coordinates": [
          [
            [
              -73.8742,
              4.9632
            ],
            [
              -73.8983,
              4.9755
            ],
            [
              -73.8907,
              4.9857
            ],
            [
              -73.9124,
              5.028
            ],
            [
              -73.9149,
              5.0228
            ],
            [
              -73.9455,
              5.0066
            ],
            [
              -73.9386,
              4.982
            ],
            [
              -73.9487,
              4.9712
            ],
            [
              -73.9591,
              4.9685
            ],
            [
              -73.9713,
              4.9954
            ],
            [
              -73.9869,
              4.9896
            ],
            [
              -73.9911,
              4.9722
            ],
            [
              -73.9745,
              4.9628
            ],
            [
              -73.9692,
              4.9469
            ],
            [
              -73.9481,
              4.9386
            ],
            [
              -73.9158,
              4.9137
            ],
            [
              -73.9083,
              4.923
            ],
            [
              -73.9034,
              4.9357
            ],
            [
              -73.8742,
              4.9632
            ]
          ]
        ]
      },
      "properties": {
        "OBJECTID": 559,
        "DPTO_CCDGO": "15",
        "MPIO_CCDGO": "817",
        "name": "15292",
        "MPIO_CRSLC": "1593",
        "MPIO_NANO_": 1993,
        "MPIO_NAREA": 72.77986679,
        "MPIO_CSMBL": "4",
        "MPIO_CCNCT": "25817",
        "MPIO_NANO": 2012,
        "SHAPE_Leng": 0.488468511875,
        "SHAPE_Area": 0.00593436698416,
        "NOMBRE": "TOCANCIPA",
        "DANE": {
          "dpto_ccdgo": "25",
          "mpio_ccdgo": "817",
          "mpio_cdpmp": "25817",
          "dpto_cnmbr": "CUNDINAMARCA",
          "mpio_cnmbr": "TOCANCIPÁ",
          "mpio_crslc": "1593",
          "mpio_tipo": "MUNICIPIO",
          "mpio_narea": 73.2401597024,
          "mpio_nano": 2024,
          "shape_Leng": 0.506761974528,
          "shape_Area": 0.00597190049859
        }
      }
    },
    {
      "type": "Feature",
      "geometry": {
        "type": "Polygon",
        "coordinates": [
          [
            [
              -74.2343,
              5.3974
            ],
            [
              -74.2592,
              5.4069
            ],
            [
              -74.2692,
              5.3933
            ],
            [
              -74.2913,
              5.4057
            ],
            [
              -74.2989,
              5.402
            ],
            [
              -74.3067,
              5.3881
            ],
            [
              -74.3226,
              5.3865
            ],
            [
              -74.3263,
              5.3928
            ],
            [
              -74.348,
              5.4008
            ],
            [
              -74.351,
              5.4183
            ],
            [
              -74.3651,
              5.4182
            ],
            [
              -74.3765,
              5.3949
            ],
            [
              -74.3577,
              5.3726
            ],
            [
              -74.3549,
              5.3561
            ],
            [
              -74.358,
              5.3314
            ],
            [
              -74.3477,
              5.3288
            ],
            [
              -74.3284,
              5.3398
            ],
            [
              -74.3043,
              5.3056
            ],
            [
              -74.2937,
              5.3028
            ],
            [
              -74.2749,
              5.3171
            ],
            [
              -74.2628,
              5.3152
            ],
            [
              -74.2492,
              5.2768
            ],
            [
              -74.2427,
              5.293
            ],
            [
              -74.2207,
              5.2897
            ],
            [
              -74.2133,
              5.2956
            ],
            [
              -74.2319,
              5.3124
            ],
            [
              -74.2292,
              5.33
            ],
            [
              -74.221,
              5.3421
            ],
            [
              -74.2229,
              5.3607
            ],
            [
              -74.2357,
              5.383
            ],
            [
              -74.2343,
              5.3974
            ]
          ]
        ]
      },
      "properties": {
        "OBJECTID": 560,
        "DPTO_CCDGO": "15",
        "MPIO_CCDGO": "823",
        "name": "15295",
        "MPIO_CRSLC": "Ordenanza 62 del 3 de Mayo de 1927",
        "MPIO_NANO_": 1993,
        "MPIO_NAREA": 141.8622267,
        "MPIO_CSMBL": "4",
        "MPIO_CCNCT": "25823",
        "MPIO_NANO": 2012,
        "SHAPE_Leng": 0.692200178604,
        "SHAPE_Area": 0.0115740296317,
        "NOMBRE": "TOPAIPI",
        "DANE": {
          "dpto_ccdgo": "25",
          "mpio_ccdgo": "823",
          "mpio_cdpmp": "25823",
          "dpto_cnmbr": "CUNDINAMARCA",
          "mpio_cnmbr": "TOPAIPÍ",
          "mpio_crslc": "Ordenanza 62 del 3 de Mayo de 1927",
          "mpio_tipo": "MUNICIPIO",
          "mpio_narea": 143.710792264,
          "mpio_nano": 2024,
          "shape_Leng": 0.770982008125,
          "shape_Area": 0.0117248526227
        }
      }
    },
    {
      "type": "Feature",
      "geometry": {
        "type": "MultiPolygon",
        "coordinates": [
          [
            [
              [
                -73.2206,
                4.6767
              ],
              [
                -73.2344,
                4.6943
              ],
              [
                -73.2282,
                4.715
              ],
              [
                -73.2197,
                4.7249
              ],
              [
                -73.223,
                4.7333
              ],
              [
                -73.2363,
                4.7367
              ],
              [
                -73.2482,
                4.7332
              ],
              [
                -73.269,
                4.7406
              ],
              [
                -73.2832,
                4.7223
              ],
              [
                -73.3063,
                4.7314
              ],
              [
                -73.3057,
                4.7466
              ],
              [
                -73.3138,
                4.7705
              ],
              [
                -73.3244,
                4.7796
              ],
              [
                -73.3249,
                4.7756
              ],
              [
                -73.3542,
                4.7653
              ],
              [
                -73.3687,
                4.7726
              ],
              [
                -73.3843,
                4.7585
              ],
              [
                -73.3909,
                4.7357
              ],
              [
                -73.3819,
                4.7182
              ],
              [
                -73.384,
                4.7044
              ],
              [
                -73.397,
                4.6945
              ],
              [
                -73.4035,
                4.6786
              ],
              [
                -73.3829,
                4.6549
              ],
              [
                -73.3715,
                4.6586
              ],
              [
                -73.3467,
                4.6496
              ],
              [
                -73.3371,
                4.6498
              ],
              [
                -73.334,
                4.6392
              ],
              [
                -73.3183,
                4.6355
              ],
              [
                -73.3032,
                4.624
              ],
              [
                -73.2902,
                4.6347
              ],
              [
                -73.2732,
                4.6304
              ],
              [
                -73.2569,
                4.622
              ],
              [
                -73.2477,
                4.6237
              ],
              [
                -73.2402,
                4.6628
              ],
              [
                -73.2206,
                4.6767
              ]
            ]
          ],
          [
            [
              [
                -73.4464,
                4.8898
              ],
              [
                -73.4515,
                4.883
              ],
              [
                -73.4696,
                4.8927
              ],
              [
                -73.4867,
                4.8908
              ],
              [
                -73.4964,
                4.8833
              ],
              [
                -73.5206,
                4.879
              ],
              [
                -73.538,
                4.8495
              ],
              [
                -73.5381,
                4.8312
              ],
              [
                -73.546,
                4.8134
              ],
              [
                -73.544,
                4.7916
              ],
              [
                -73.5794,
                4.7967
              ],
              [
                -73.5905,
                4.7953
              ],
              [
                -73.5911,
                4.7794
              ],
              [
                -73.5755,
                4.762
              ],
              [
                -73.5641,
                4.7309
              ],
              [
                -73.5348,
                4.7158
              ],
              [
                -73.5004,
                4.7181
              ],
              [
                -73.4748,
                4.7286
              ],
              [
                -73.4653,
                4.7393
              ],
              [
                -73.449,
                4.739
              ],
              [
                -73.4363,
                4.7483
              ],
              [
                -73.4279,
                4.7444
              ],
              [
                -73.4148,
                4.7513
              ],
              [
                -73.4132,
                4.7685
              ],
              [
                -73.3968,
                4.7776
              ],
              [
                -73.3821,
                4.7996
              ],
              [
                -73.3718,
                4.8008
              ],
              [
                -73.3723,
                4.8111
              ],
              [
                -73.3657,
                4.8254
              ],
              [
                -73.3747,
                4.8398
              ],
              [
                -73.3912,
                4.849
              ],
              [
                -73.3939,
                4.8644
              ],
              [
                -73.402,
                4.8799
              ],
              [
                -73.4318,
                4.8815
              ],
              [
                -73.4464,
                4.8898
              ]
            ]
          ]
        ]
      },
      "properties": {
        "OBJECTID": 561,
        "DPTO_CCDGO": "15",
        "MPIO_CCDGO": "839",
        "name": "15298",
        "MPIO_CRSLC": "1846",
        "MPIO_NANO_": 1993,
        "MPIO_NAREA": 522.37807573,
        "MPIO_CSMBL": "4",
        "MPIO_CCNCT": "25839",
        "MPIO_NANO": 2012,
        "SHAPE_Leng": 1.45236417315,
        "SHAPE_Area": 0.0425754674036,
        "NOMBRE": "UBALA",
        "DANE": {
          "dpto_ccdgo": "25",
          "mpio_ccdgo": "839",
          "mpio_cdpmp": "25839",
          "dpto_cnmbr": "CUNDINAMARCA",
          "mpio_cnmbr": "UBALÁ",
          "mpio_crslc": "1846",
          "mpio_tipo": "MUNICIPIO",
          "mpio_narea": 522.45862452,
          "mpio_nano": 2024,
          "shape_Leng": 1.46356762202,
          "shape_Area": 0.042582021381
        }
      }
    },
    {
      "type": "Feature",
      "geometry": {
        "type": "Polygon",
        "coordinates": [
          [
            [
              -74.0053,
              4.5606
            ],
            [
              -74.029,
              4.5585
            ],
            [
              -74.0423,
              4.5124
            ],
            [
              -74.0483,
              4.5128
            ],
            [
              -74.0252,
              4.4865
            ],
            [
              -74.0104,
              4.4843
            ],
            [
              -73.9841,
              4.4742
            ],
            [
              -73.984,
              4.4637
            ],
            [
              -73.9736,
              4.4575
            ],
            [
              -73.9655,
              4.4604
            ],
            [
              -73.9501,
              4.4534
            ],
            [
              -73.9337,
              4.4572
            ],
            [
              -73.9216,
              4.4538
            ],
            [
              -73.9175,
              4.4399
            ],
            [
              -73.9037,
              4.4411
            ],
            [
              -73.9017,
              4.4682
            ],
            [
              -73.9119,
              4.4883
            ],
            [
              -73.9046,
              4.5006
            ],
            [
              -73.9338,
              4.5098
            ],
            [
              -73.9435,
              4.5041
            ],
            [
              -73.9586,
              4.5091
            ],
            [
              -73.9661,
              4.5334
            ],
            [
              -73.9815,
              4.5394
            ],
            [
              -73.9842,
              4.551
            ],
            [
              -74.0053,
              4.5606
            ]
          ]
        ]
      },
      "properties": {
        "OBJECTID": 562,
        "DPTO_CCDGO": "15",
        "MPIO_CCDGO": "841",
        "name": "15301",
        "MPIO_CRSLC": "1899",
        "MPIO_NANO_": 1993,
        "MPIO_NAREA": 108.66075524,
        "MPIO_CSMBL": "4",
        "MPIO_CCNCT": "25841",
        "MPIO_NANO": 2012,
        "SHAPE_Leng": 0.523083100611,
        "SHAPE_Area": 0.00885423246699,
        "NOMBRE": "UBAQUE",
        "DANE": {
          "dpto_ccdgo": "25",
          "mpio_ccdgo": "841",
          "mpio_cdpmp": "25841",
          "dpto_cnmbr": "CUNDINAMARCA",
          "mpio_cnmbr": "UBAQUE",
          "mpio_crslc": "1899",
          "mpio_tipo": "MUNICIPIO",
          "mpio_narea": 107.090788745,
          "mpio_nano": 2024,
          "shape_Leng": 0.527974208413,
          "shape_Area": 0.00872631302627
        }
      }
    },
    {
      "type": "Feature",
      "geometry": {
        "type": "Polygon",
        "coordinates": [
          [
            [
              -73.7741,
              5.351
            ],
            [
              -73.7806,
              5.3391
            ],
            [
              -73.8009,
              5.3705
            ],
            [
              -73.8252,
              5.3743
            ],
            [
              -73.8397,
              5.3676
            ],
            [
              -73.8506,
              5.3519
            ],
            [
              -73.8502,
              5.3282
            ],
            [
              -73.8711,
              5.3219
            ],
            [
              -73.8754,
              5.3129
            ],
            [
              -73.8866,
              5.3171
            ],
            [
              -73.8888,
              5.3027
            ],
            [
              -73.8673,
              5.2816
            ],
            [
              -73.8516,
              5.2826
            ],
            [
              -73.8358,
              5.2712
            ],
            [
              -73.8244,
              5.2718
            ],
            [
              -73.8046,
              5.2591
            ],
            [
              -73.7934,
              5.2669
            ],
            [
              -73.7915,
              5.2796
            ],
            [
              -73.7656,
              5.2981
            ],
            [
              -73.7688,
              5.3238
            ],
            [
              -73.7639,
              5.3244
            ],
            [
              -73.7741,
              5.351
            ]
          ]
        ]
      },
      "properties": {
        "OBJECTID": 563,
        "DPTO_CCDGO": "15",
        "MPIO_CCDGO": "843",
        "name": "15304",
        "MPIO_CRSLC": "1592",
        "MPIO_NANO_": 1993,
        "MPIO_NAREA": 101.68666759,
        "MPIO_CSMBL": "4",
        "MPIO_CCNCT": "25843",
        "MPIO_NANO": 2012,
        "SHAPE_Leng": 0.446360373085,
        "SHAPE_Area": 0.00829567268706,
        "NOMBRE": "UBATE",
        "DANE": {
          "dpto_ccdgo": "25",
          "mpio_ccdgo": "843",
          "mpio_cdpmp": "25843",
          "dpto_cnmbr": "CUNDINAMARCA",
          "mpio_cnmbr": "VILLA DE SAN DIEGO DE UBATÉ",
          "mpio_crslc": "1592",
          "mpio_tipo": "MUNICIPIO",
          "mpio_narea": 102.276880185,
          "mpio_nano": 2024,
          "shape_Leng": 0.470363565387,
          "shape_Area": 0.00834383065079
        }
      }
    },
    {
      "type": "Feature",
      "geometry": {
        "type": "Polygon",
        "coordinates": [
          [
            [
              -73.9908,
              4.4186
            ],
            [
              -74.0048,
              4.4297
            ],
            [
              -74.0346,
              4.4269
            ],
            [
              -74.0581,
              4.4075
            ],
            [
              -74.059,
              4.3798
            ],
            [
              -74.0525,
              4.3628
            ],
            [
              -74.073,
              4.347
            ],
            [
              -74.0819,
              4.3498
            ],
            [
              -74.085,
              4.3366
            ],
            [
              -74.0814,
              4.3198
            ],
            [
              -74.0853,
              4.3108
            ],
            [
              -74.0993,
              4.3033
            ],
            [
              -74.1191,
              4.3109
            ],
            [
              -74.1292,
              4.2842
            ],
            [
              -74.1522,
              4.2563
            ],
            [
              -74.1454,
              4.2452
            ],
            [
              -74.1357,
              4.2052
            ],
            [
              -74.1255,
              4.1929
            ],
            [
              -74.1213,
              4.1799
            ],
            [
              -74.1101,
              4.182
            ],
            [
              -74.0938,
              4.1876
            ],
            [
              -74.0642,
              4.1871
            ],
            [
              -74.0587,
              4.2134
            ],
            [
              -74.0745,
              4.2183
            ],
            [
              -74.0796,
              4.2302
            ],
            [
              -74.068,
              4.2391
            ],
            [
              -74.0617,
              4.2577
            ],
            [
              -74.0502,
              4.2671
            ],
            [
              -74.0568,
              4.2797
            ],
            [
              -74.0765,
              4.2888
            ],
            [
              -74.0684,
              4.2958
            ],
            [
              -74.0549,
              4.2934
            ],
            [
              -74.0429,
              4.2966
            ],
            [
              -74.0414,
              4.3051
            ],
            [
              -74.018,
              4.3073
            ],
            [
              -74.0089,
              4.3135
            ],
            [
              -73.9992,
              4.3361
            ],
            [
              -73.9894,
              4.3439
            ],
            [
              -73.992,
              4.3552
            ],
            [
              -73.9977,
              4.3773
            ],
            [
              -73.9981,
              4.3924
            ],
            [
              -74.0034,
              4.4091
            ],
            [
              -73.9908,
              4.4186
            ]
          ]
        ]
      },
      "properties": {
        "OBJECTID": 564,
        "DPTO_CCDGO": "15",
        "MPIO_CCDGO": "845",
        "name": "15307",
        "MPIO_CRSLC": "1899",
        "MPIO_NANO_": 1993,
        "MPIO_NAREA": 217.01089591,
        "MPIO_CSMBL": "4",
        "MPIO_CCNCT": "25845",
        "MPIO_NANO": 2012,
        "SHAPE_Leng": 0.831139720104,
        "SHAPE_Area": 0.0176786741516,
        "NOMBRE": "UNE",
        "DANE": {
          "dpto_ccdgo": "25",
          "mpio_ccdgo": "845",
          "mpio_cdpmp": "25845",
          "dpto_cnmbr": "CUNDINAMARCA",
          "mpio_cnmbr": "UNE",
          "mpio_crslc": "1899",
          "mpio_tipo": "MUNICIPIO",
          "mpio_narea": 209.128268581,
          "mpio_nano": 2024,
          "shape_Leng": 0.892926828075,
          "shape_Area": 0.0170364834237
        }
      }
    },
    {
      "type": "Feature",
      "geometry": {
        "type": "Polygon",
        "coordinates": [
          [
            [
              -74.4563,
              5.2521
            ],
            [
              -74.4633,
              5.2596
            ],
            [
              -74.4768,
              5.2521
            ],
            [
              -74.4924,
              5.256
            ],
            [
              -74.4999,
              5.2489
            ],
            [
              -74.4997,
              5.2302
            ],
            [
              -74.5054,
              5.2021
            ],
            [
              -74.5143,
              5.1945
            ],
            [
              -74.5177,
              5.141
            ],
            [
              -74.5249,
              5.1342
            ],
            [
              -74.5073,
              5.1305
            ],
            [
              -74.4948,
              5.141
            ],
            [
              -74.4879,
              5.1376
            ],
            [
              -74.4745,
              5.1534
            ],
            [
              -74.4637,
              5.1465
            ],
            [
              -74.4654,
              5.1272
            ],
            [
              -74.4509,
              5.1232
            ],
            [
              -74.4471,
              5.1253
            ],
            [
              -74.4536,
              5.1378
            ],
            [
              -74.4474,
              5.1588
            ],
            [
              -74.4516,
              5.1927
            ],
            [
              -74.4427,
              5.1963
            ],
            [
              -74.4401,
              5.2119
            ],
            [
              -74.4313,
              5.2178
            ],
            [
              -74.4309,
              5.2294
            ],
            [
              -74.4434,
              5.2398
            ],
            [
              -74.4528,
              5.2392
            ],
            [
              -74.4563,
              5.2521
            ]
          ]
        ]
      },
      "properties": {
        "OBJECTID": 565,
        "DPTO_CCDGO": "15",
        "MPIO_CCDGO": "851",
        "name": "15316",
        "MPIO_CRSLC": "1863",
        "MPIO_NANO_": 1993,
        "MPIO_NAREA": 82.9621466,
        "MPIO_CSMBL": "4",
        "MPIO_CCNCT": "25851",
        "MPIO_NANO": 2012,
        "SHAPE_Leng": 0.578738603992,
        "SHAPE_Area": 0.00676662773481,
        "NOMBRE": "UTICA",
        "DANE": {
          "dpto_ccdgo": "25",
          "mpio_ccdgo": "851",
          "mpio_cdpmp": "25851",
          "dpto_cnmbr": "CUNDINAMARCA",
          "mpio_cnmbr": "ÚTICA",
          "mpio_crslc": "1863",
          "mpio_tipo": "MUNICIPIO",
          "mpio_narea": 92.0843217235,
          "mpio_nano": 2024,
          "shape_Leng": 0.533078136232,
          "shape_Area": 0.00751065310742
        }
      }
    },
    {
      "type": "Feature",
      "geometry": {
        "type": "Polygon",
        "coordinates": [
          [
            [
              -74.3006,
              5.1924
            ],
            [
              -74.3108,
              5.2023
            ],
            [
              -74.3205,
              5.1952
            ],
            [
              -74.3401,
              5.2002
            ],
            [
              -74.3413,
              5.1903
            ],
            [
              -74.3534,
              5.1829
            ],
            [
              -74.3574,
              5.1588
            ],
            [
              -74.3654,
              5.1433
            ],
            [
              -74.3732,
              5.1372
            ],
            [
              -74.3666,
              5.1231
            ],
            [
              -74.3684,
              5.1073
            ],
            [
              -74.3749,
              5.105
            ],
            [
              -74.3572,
              5.0855
            ],
            [
              -74.3377,
              5.0849
            ],
            [
              -74.3374,
              5.062
            ],
            [
              -74.3412,
              5.0514
            ],
            [
              -74.3229,
              5.0495
            ],
            [
              -74.3037,
              5.0739
            ],
            [
              -74.3029,
              5.0835
            ],
            [
              -74.2854,
              5.1031
            ],
            [
              -74.2712,
              5.1132
            ],
            [
              -74.2468,
              5.1043
            ],
            [
              -74.2269,
              5.1185
            ],
            [
              -74.2252,
              5.1428
            ],
            [
              -74.2463,
              5.1494
            ],
            [
              -74.2616,
              5.1655
            ],
            [
              -74.2915,
              5.1691
            ],
            [
              -74.3006,
              5.1924
            ]
          ]
        ]
      },
      "properties": {
        "OBJECTID": 566,
        "DPTO_CCDGO": "15",
        "MPIO_CCDGO": "862",
        "name": "15319",
        "MPIO_CRSLC": "1802",
        "MPIO_NANO_": 1993,
        "MPIO_NAREA": 146.39379235,
        "MPIO_CSMBL": "4",
        "MPIO_CCNCT": "25862",
        "MPIO_NANO": 2012,
        "SHAPE_Leng": 0.575788618559,
        "SHAPE_Area": 0.0119395245621,
        "NOMBRE": "VERGARA",
        "DANE": {
          "dpto_ccdgo": "25",
          "mpio_ccdgo": "862",
          "mpio_cdpmp": "25862",
          "dpto_cnmbr": "CUNDINAMARCA",
          "mpio_cnmbr": "VERGARA",
          "mpio_crslc": "1802",
          "mpio_tipo": "MUNICIPIO",
          "mpio_narea": 144.65077513,
          "mpio_nano": 2024,
          "shape_Leng": 0.615772198943,
          "shape_Area": 0.0117973832416
        }
      }
    },
    {
      "type": "Feature",
      "geometry": {
        "type": "Polygon",
        "coordinates": [
          [
            [
              -74.5166,
              4.9438
            ],
            [
              -74.5325,
              4.9415
            ],
            [
              -74.5357,
              4.9666
            ],
            [
              -74.552,
              4.9647
            ],
            [
              -74.5634,
              4.9422
            ],
            [
              -74.565,
              4.903
            ],
            [
              -74.5768,
              4.889
            ],
            [
              -74.5828,
              4.8823
            ],
            [
              -74.5823,
              4.8641
            ],
            [
              -74.5866,
              4.8455
            ],
            [
              -74.578,
              4.8317
            ],
            [
              -74.5723,
              4.8078
            ],
            [
              -74.5638,
              4.7962
            ],
            [
              -74.5598,
              4.796
            ],
            [
              -74.5558,
              4.8081
            ],
            [
              -74.552,
              4.8484
            ],
            [
              -74.5536,
              4.8563
            ],
            [
              -74.5457,
              4.8708
            ],
            [
              -74.5455,
              4.883
            ],
            [
              -74.5358,
              4.8938
            ],
            [
              -74.5233,
              4.8994
            ],
            [
              -74.517,
              4.9096
            ],
            [
              -74.5122,
              4.9358
            ],
            [
              -74.5166,
              4.9438
            ]
          ]
        ]
      },
      "properties": {
        "OBJECTID": 567,
        "DPTO_CCDGO": "15",
        "MPIO_CCDGO": "867",
        "name": "15322",
        "MPIO_CRSLC": "1853",
        "MPIO_NANO_": 1993,
        "MPIO_NAREA": 82.49794825,
        "MPIO_CSMBL": "4",
        "MPIO_CCNCT": "25867",
        "MPIO_NANO": 2012,
        "SHAPE_Leng": 0.465806657366,
        "SHAPE_Area": 0.00672561297312,
        "NOMBRE": "VIANI",
        "DANE": {
          "dpto_ccdgo": "25",
          "mpio_ccdgo": "867",
          "mpio_cdpmp": "25867",
          "dpto_cnmbr": "CUNDINAMARCA",
          "mpio_cnmbr": "VIANÍ",
          "mpio_crslc": "1853",
          "mpio_tipo": "MUNICIPIO",
          "mpio_narea": 67.1183769297,
          "mpio_nano": 2024,
          "shape_Leng": 0.480304163808,
          "shape_Area": 0.00547176093154
        }
      }
    },
    {
      "type": "Feature",
      "geometry": {
        "type": "Polygon",
        "coordinates": [
          [
            [
              -74.1738,
              5.2976
            ],
            [
              -74.1984,
              5.3193
            ],
            [
              -74.2068,
              5.3413
            ],
            [
              -74.221,
              5.3421
            ],
            [
              -74.2292,
              5.33
            ],
            [
              -74.2319,
              5.3124
            ],
            [
              -74.2133,
              5.2956
            ],
            [
              -74.2073,
              5.2877
            ],
            [
              -74.2082,
              5.2657
            ],
            [
              -74.2038,
              5.2623
            ],
            [
              -74.2046,
              5.2256
            ],
            [
              -74.2027,
              5.1958
            ],
            [
              -74.1919,
              5.2111
            ],
            [
              -74.1795,
              5.2144
            ],
            [
              -74.1685,
              5.2337
            ],
            [
              -74.1542,
              5.2315
            ],
            [
              -74.1377,
              5.2346
            ],
            [
              -74.1426,
              5.2476
            ],
            [
              -74.1617,
              5.26
            ],
            [
              -74.1622,
              5.267
            ],
            [
              -74.1772,
              5.2816
            ],
            [
              -74.1738,
              5.2976
            ]
          ]
        ]
      },
      "properties": {
        "OBJECTID": 568,
        "DPTO_CCDGO": "15",
        "MPIO_CCDGO": "871",
        "name": "15323",
        "MPIO_CRSLC": "Ordenanza 2 del 18 de Octubre de 1965",
        "MPIO_NANO_": 1993,
        "MPIO_NAREA": 61.82822974,
        "MPIO_CSMBL": "4",
        "MPIO_CCNCT": "25871",
        "MPIO_NANO": 2012,
        "SHAPE_Leng": 0.446150307439,
        "SHAPE_Area": 0.00504372133397,
        "NOMBRE": "VILLAGOMEZ",
        "DANE": {
          "dpto_ccdgo": "25",
          "mpio_ccdgo": "871",
          "mpio_cdpmp": "25871",
          "dpto_cnmbr": "CUNDINAMARCA",
          "mpio_cnmbr": "VILLAGÓMEZ",
          "mpio_crslc": "Ordenanza 2 del 18 de Octubre de 1965",
          "mpio_tipo": "MUNICIPIO",
          "mpio_narea": 62.9689269638,
          "mpio_nano": 2024,
          "shape_Leng": 0.482763271014,
          "shape_Area": 0.00513677354721
        }
      }
    },
    {
      "type": "Feature",
      "geometry": {
        "type": "Polygon",
        "coordinates": [
          [
            [
              -73.548,
              5.2996
            ],
            [
              -73.5541,
              5.2968
            ],
            [
              -73.5672,
              5.3047
            ],
            [
              -73.5773,
              5.3015
            ],
            [
              -73.5891,
              5.3075
            ],
            [
              -73.5994,
              5.3188
            ],
            [
              -73.594,
              5.3291
            ],
            [
              -73.5961,
              5.3646
            ],
            [
              -73.5984,
              5.3398
            ],
            [
              -73.6095,
              5.3182
            ],
            [
              -73.6181,
              5.3107
            ],
            [
              -73.6187,
              5.2989
            ],
            [
              -73.6388,
              5.2896
            ],
            [
              -73.6631,
              5.2659
            ],
            [
              -73.6562,
              5.2513
            ],
            [
              -73.662,
              5.2431
            ],
            [
              -73.6538,
              5.2407
            ],
            [
              -73.6545,
              5.2261
            ],
            [
              -73.6438,
              5.2163
            ],
            [
              -73.6383,
              5.2011
            ],
            [
              -73.6273,
              5.1879
            ],
            [
              -73.6082,
              5.1802
            ],
            [
              -73.5999,
              5.1667
            ],
            [
              -73.5759,
              5.1583
            ],
            [
              -73.5724,
              5.1646
            ],
            [
              -73.5505,
              5.1542
            ],
            [
              -73.5367,
              5.1322
            ],
            [
              -73.5223,
              5.1349
            ],
            [
              -73.5165,
              5.1271
            ],
            [
              -73.4917,
              5.1289
            ],
            [
              -73.4772,
              5.1481
            ],
            [
              -73.4817,
              5.154
            ],
            [
              -73.505,
              5.1519
            ],
            [
              -73.5119,
              5.164
            ],
            [
              -73.5103,
              5.188
            ],
            [
              -73.5219,
              5.1922
            ],
            [
              -73.5235,
              5.2205
            ],
            [
              -73.5148,
              5.2327
            ],
            [
              -73.5278,
              5.2445
            ],
            [
              -73.5263,
              5.2567
            ],
            [
              -73.5319,
              5.278
            ],
            [
              -73.5432,
              5.2887
            ],
            [
              -73.548,
              5.2996
            ]
          ]
        ]
      },
      "properties": {
        "OBJECTID": 569,
        "DPTO_CCDGO": "15",
        "MPIO_CCDGO": "873",
        "name": "15325",
        "MPIO_CRSLC": "1776",
        "MPIO_NANO_": 1993,
        "MPIO_NAREA": 225.80083009,
        "MPIO_CSMBL": "4",
        "MPIO_CCNCT": "25873",
        "MPIO_NANO": 2012,
        "SHAPE_Leng": 0.802514084147,
        "SHAPE_Area": 0.0184174099841,
        "NOMBRE": "VILLAPINZON",
        "DANE": {
          "dpto_ccdgo": "25",
          "mpio_ccdgo": "873",
          "mpio_cdpmp": "25873",
          "dpto_cnmbr": "CUNDINAMARCA",
          "mpio_cnmbr": "VILLAPINZÓN",
          "mpio_crslc": "1776",
          "mpio_tipo": "MUNICIPIO",
          "mpio_narea": 226.159939303,
          "mpio_nano": 2024,
          "shape_Leng": 0.811229738359,
          "shape_Area": 0.0184467106251
        }
      }
    },
    {
      "type": "Feature",
      "geometry": {
        "type": "Polygon",
        "coordinates": [
          [
            [
              -74.4275,
              5.0653
            ],
            [
              -74.4487,
              5.0729
            ],
            [
              -74.4536,
              5.0614
            ],
            [
              -74.4888,
              5.0614
            ],
            [
              -74.4909,
              5.0643
            ],
            [
              -74.5408,
              5.0651
            ],
            [
              -74.5447,
              5.0591
            ],
            [
              -74.5361,
              5.0107
            ],
            [
              -74.5404,
              4.9929
            ],
            [
              -74.5344,
              4.98
            ],
            [
              -74.5357,
              4.9666
            ],
            [
              -74.5325,
              4.9415
            ],
            [
              -74.5166,
              4.9438
            ],
            [
              -74.5046,
              4.9443
            ],
            [
              -74.5033,
              4.9515
            ],
            [
              -74.483,
              4.9383
            ],
            [
              -74.4802,
              4.9525
            ],
            [
              -74.4607,
              4.967
            ],
            [
              -74.4611,
              4.9756
            ],
            [
              -74.4301,
              5.0097
            ],
            [
              -74.4169,
              4.9986
            ],
            [
              -74.4124,
              5.0204
            ],
            [
              -74.4234,
              5.0259
            ],
            [
              -74.4237,
              5.0412
            ],
            [
              -74.436,
              5.0451
            ],
            [
              -74.4275,
              5.0653
            ]
          ]
        ]
      },
      "properties": {
        "OBJECTID": 570,
        "DPTO_CCDGO": "15",
        "MPIO_CCDGO": "875",
        "name": "15328",
        "MPIO_CRSLC": "1799",
        "MPIO_NANO_": 1993,
        "MPIO_NAREA": 142.06696527,
        "MPIO_CSMBL": "4",
        "MPIO_CCNCT": "25875",
        "MPIO_NANO": 2012,
        "SHAPE_Leng": 0.581875900017,
        "SHAPE_Area": 0.0115841664257,
        "NOMBRE": "VILLETA",
        "DANE": {
          "dpto_ccdgo": "25",
          "mpio_ccdgo": "875",
          "mpio_cdpmp": "25875",
          "dpto_cnmbr": "CUNDINAMARCA",
          "mpio_cnmbr": "VILLETA",
          "mpio_crslc": "1799",
          "mpio_tipo": "MUNICIPIO",
          "mpio_narea": 140.887226029,
          "mpio_nano": 2024,
          "shape_Leng": 0.584876730238,
          "shape_Area": 0.0114879663313
        }
      }
    },
    {
      "type": "Feature",
      "geometry": {
        "type": "Polygon",
        "coordinates": [
          [
            [
              -74.3943,
              4.5001
            ],
            [
              -74.4006,
              4.5193
            ],
            [
              -74.4129,
              4.5228
            ],
            [
              -74.4281,
              4.5121
            ],
            [
              -74.4302,
              4.5021
            ],
            [
              -74.4483,
              4.5071
            ],
            [
              -74.4694,
              4.4969
            ],
            [
              -74.4887,
              4.4951
            ],
            [
              -74.5021,
              4.4839
            ],
            [
              -74.5154,
              4.4687
            ],
            [
              -74.5342,
              4.4569
            ],
            [
              -74.544,
              4.4692
            ],
            [
              -74.54,
              4.4845
            ],
            [
              -74.559,
              4.4806
            ],
            [
              -74.5624,
              4.4468
            ],
            [
              -74.5687,
              4.4396
            ],
            [
              -74.5595,
              4.4298
            ],
            [
              -74.5681,
              4.4206
            ],
            [
              -74.5636,
              4.4092
            ],
            [
              -74.552,
              4.4071
            ],
            [
              -74.5462,
              4.3724
            ],
            [
              -74.5485,
              4.3641
            ],
            [
              -74.529,
              4.3679
            ],
            [
              -74.5118,
              4.3642
            ],
            [
              -74.4985,
              4.3548
            ],
            [
              -74.4615,
              4.3674
            ],
            [
              -74.4517,
              4.3861
            ],
            [
              -74.4457,
              4.3933
            ],
            [
              -74.4247,
              4.4496
            ],
            [
              -74.4144,
              4.4608
            ],
            [
              -74.406,
              4.4816
            ],
            [
              -74.3987,
              4.4913
            ],
            [
              -74.3943,
              4.5001
            ]
          ]
        ]
      },
      "properties": {
        "OBJECTID": 571,
        "DPTO_CCDGO": "15",
        "MPIO_CCDGO": "878",
        "name": "15331",
        "MPIO_CRSLC": "1797",
        "MPIO_NANO_": 1993,
        "MPIO_NAREA": 204.54782822,
        "MPIO_CSMBL": "4",
        "MPIO_CCNCT": "25878",
        "MPIO_NANO": 2012,
        "SHAPE_Leng": 0.767218800319,
        "SHAPE_Area": 0.0166653899539,
        "NOMBRE": "VIOTA",
        "DANE": {
          "dpto_ccdgo": "25",
          "mpio_ccdgo": "878",
          "mpio_cdpmp": "25878",
          "dpto_cnmbr": "CUNDINAMARCA",
          "mpio_cnmbr": "VIOTÁ",
          "mpio_crslc": "1797",
          "mpio_tipo": "MUNICIPIO",
          "mpio_narea": 201.329286583,
          "mpio_nano": 2024,
          "shape_Leng": 0.735685818281,
          "shape_Area": 0.0164031650174
        }
      }
    },
    {
      "type": "Feature",
      "geometry": {
        "type": "Polygon",
        "coordinates": [
          [
            [
              -74.2969,
              5.7641
            ],
            [
              -74.3071,
              5.7719
            ],
            [
              -74.3117,
              5.7851
            ],
            [
              -74.3014,
              5.7915
            ],
            [
              -74.3028,
              5.7999
            ],
            [
              -74.3153,
              5.8018
            ],
            [
              -74.3178,
              5.8138
            ],
            [
              -74.334,
              5.8274
            ],
            [
              -74.3461,
              5.8229
            ],
            [
              -74.3722,
              5.8007
            ],
            [
              -74.3883,
              5.7817
            ],
            [
              -74.3942,
              5.7843
            ],
            [
              -74.4185,
              5.77
            ],
            [
              -74.4306,
              5.7583
            ],
            [
              -74.4405,
              5.7654
            ],
            [
              -74.4618,
              5.7664
            ],
            [
              -74.4631,
              5.7746
            ],
            [
              -74.4812,
              5.776
            ],
            [
              -74.4856,
              5.7708
            ],
            [
              -74.4839,
              5.7592
            ],
            [
              -74.4701,
              5.7542
            ],
            [
              -74.4811,
              5.742
            ],
            [
              -74.4685,
              5.7337
            ],
            [
              -74.4742,
              5.7069
            ],
            [
              -74.4828,
              5.7026
            ],
            [
              -74.4893,
              5.6869
            ],
            [
              -74.4837,
              5.6675
            ],
            [
              -74.4905,
              5.6567
            ],
            [
              -74.4878,
              5.6472
            ],
            [
              -74.5145,
              5.63
            ],
            [
              -74.5206,
              5.6113
            ],
            [
              -74.5359,
              5.5927
            ],
            [
              -74.5347,
              5.5658
            ],
            [
              -74.5404,
              5.5545
            ],
            [
              -74.5263,
              5.5518
            ],
            [
              -74.5096,
              5.5435
            ],
            [
              -74.4974,
              5.5466
            ],
            [
              -74.4834,
              5.5563
            ],
            [
              -74.4722,
              5.5509
            ],
            [
              -74.445,
              5.5501
            ],
            [
              -74.4433,
              5.538
            ],
            [
              -74.433,
              5.5298
            ],
            [
              -74.429,
              5.5125
            ],
            [
              -74.4164,
              5.4974
            ],
            [
              -74.4105,
              5.4774
            ],
            [
              -74.4187,
              5.4625
            ],
            [
              -74.4226,
              5.4438
            ],
            [
              -74.4198,
              5.4368
            ],
            [
              -74.4062,
              5.433
            ],
            [
              -74.4056,
              5.4121
            ],
            [
              -74.3875,
              5.4154
            ],
            [
              -74.3787,
              5.4258
            ],
            [
              -74.3651,
              5.4182
            ],
            [
              -74.351,
              5.4183
            ],
            [
              -74.348,
              5.4008
            ],
            [
              -74.3263,
              5.3928
            ],
            [
              -74.3226,
              5.3865
            ],
            [
              -74.3067,
              5.3881
            ],
            [
              -74.2989,
              5.402
            ],
            [
              -74.2913,
              5.4057
            ],
            [
              -74.2692,
              5.3933
            ],
            [
              -74.2592,
              5.4069
            ],
            [
              -74.2343,
              5.3974
            ],
            [
              -74.2194,
              5.4167
            ],
            [
              -74.2117,
              5.4175
            ],
            [
              -74.1946,
              5.4392
            ],
            [
              -74.1871,
              5.4432
            ],
            [
              -74.1776,
              5.4596
            ],
            [
              -74.1824,
              5.4637
            ],
            [
              -74.2019,
              5.497
            ],
            [
              -74.2154,
              5.4977
            ],
            [
              -74.2325,
              5.4802
            ],
            [
              -74.2445,
              5.4763
            ],
            [
              -74.2541,
              5.4891
            ],
            [
              -74.2545,
              5.4979
            ],
            [
              -74.2403,
              5.5392
            ],
            [
              -74.2596,
              5.5598
            ],
            [
              -74.2725,
              5.5605
            ],
            [
              -74.2917,
              5.5692
            ],
            [
              -74.3021,
              5.5853
            ],
            [
              -74.3102,
              5.6189
            ],
            [
              -74.3062,
              5.6384
            ],
            [
              -74.3086,
              5.6471
            ],
            [
              -74.2852,
              5.6637
            ],
            [
              -74.2835,
              5.6796
            ],
            [
              -74.2771,
              5.6964
            ],
            [
              -74.2933,
              5.7017
            ],
            [
              -74.3042,
              5.7097
            ],
            [
              -74.3023,
              5.7242
            ],
            [
              -74.2872,
              5.7455
            ],
            [
              -74.2969,
              5.7641
            ]
          ]
        ]
      },
      "properties": {
        "OBJECTID": 572,
        "DPTO_CCDGO": "15",
        "MPIO_CCDGO": "885",
        "name": "15334",
        "MPIO_CRSLC": "1884",
        "MPIO_NANO_": 1993,
        "MPIO_NAREA": 960.06954528,
        "MPIO_CSMBL": "4",
        "MPIO_CCNCT": "25885",
        "MPIO_NANO": 2012,
        "SHAPE_Leng": 1.94074913169,
        "SHAPE_Area": 0.0783578685699,
        "NOMBRE": "YACOPI",
        "DANE": {
          "dpto_ccdgo": "25",
          "mpio_ccdgo": "885",
          "mpio_cdpmp": "25885",
          "dpto_cnmbr": "CUNDINAMARCA",
          "mpio_cnmbr": "YACOPÍ",
          "mpio_crslc": "1884",
          "mpio_tipo": "MUNICIPIO",
          "mpio_narea": 956.783274559,
          "mpio_nano": 2024,
          "shape_Leng": 1.99993001691,
          "shape_Area": 0.0780897274541
        }
      }
    },
    {
      "type": "Feature",
      "geometry": {
        "type": "Polygon",
        "coordinates": [
          [
            [
              -74.3467,
              4.7628
            ],
            [
              -74.342,
              4.7757
            ],
            [
              -74.3946,
              4.8037
            ],
            [
              -74.4061,
              4.7821
            ],
            [
              -74.4045,
              4.7695
            ],
            [
              -74.4111,
              4.7413
            ],
            [
              -74.4206,
              4.7261
            ],
            [
              -74.4378,
              4.7131
            ],
            [
              -74.4256,
              4.7036
            ],
            [
              -74.3985,
              4.7169
            ],
            [
              -74.3724,
              4.7263
            ],
            [
              -74.3467,
              4.7628
            ]
          ]
        ]
      },
      "properties": {
        "OBJECTID": 573,
        "DPTO_CCDGO": "15",
        "MPIO_CCDGO": "898",
        "name": "15337",
        "MPIO_CRSLC": "1899",
        "MPIO_NANO_": 1993,
        "MPIO_NAREA": 52.67440027,
        "MPIO_CSMBL": "4",
        "MPIO_CCNCT": "25898",
        "MPIO_NANO": 2012,
        "SHAPE_Leng": 0.333600654763,
        "SHAPE_Area": 0.00429357073992,
        "NOMBRE": "ZIPACON",
        "DANE": {
          "dpto_ccdgo": "25",
          "mpio_ccdgo": "898",
          "mpio_cdpmp": "25898",
          "dpto_cnmbr": "CUNDINAMARCA",
          "mpio_cnmbr": "ZIPACÓN",
          "mpio_crslc": "1899",
          "mpio_tipo": "MUNICIPIO",
          "mpio_narea": 54.2703825131,
          "mpio_nano": 2024,
          "shape_Leng": 0.351595406916,
          "shape_Area": 0.00442366097743
        }
      }
    },
    {
      "type": "Feature",
      "geometry": {
        "type": "Polygon",
        "coordinates": [
          [
            [
              -74.0458,
              5.1582
            ],
            [
              -74.0561,
              5.1472
            ],
            [
              -74.067,
              5.1538
            ],
            [
              -74.0741,
              5.1431
            ],
            [
              -74.07,
              5.1276
            ],
            [
              -74.0776,
              5.1192
            ],
            [
              -74.0768,
              5.0866
            ],
            [
              -74.0829,
              5.0699
            ],
            [
              -74.0938,
              5.067
            ],
            [
              -74.0893,
              5.05
            ],
            [
              -74.0798,
              5.0405
            ],
            [
              -74.0864,
              5.0263
            ],
            [
              -74.0876,
              5.0112
            ],
            [
              -74.068,
              5.0048
            ],
            [
              -74.064,
              4.9889
            ],
            [
              -74.04,
              4.975
            ],
            [
              -74.0328,
              4.9632
            ],
            [
              -74.0149,
              4.9747
            ],
            [
              -74.012,
              4.9842
            ],
            [
              -73.9984,
              4.9831
            ],
            [
              -73.9972,
              4.9739
            ],
            [
              -73.9911,
              4.9722
            ],
            [
              -73.9869,
              4.9896
            ],
            [
              -73.9713,
              4.9954
            ],
            [
              -73.9591,
              4.9685
            ],
            [
              -73.9487,
              4.9712
            ],
            [
              -73.9386,
              4.982
            ],
            [
              -73.9455,
              5.0066
            ],
            [
              -73.9149,
              5.0228
            ],
            [
              -73.9124,
              5.028
            ],
            [
              -73.9356,
              5.0435
            ],
            [
              -73.9639,
              5.04
            ],
            [
              -73.9956,
              5.0473
            ],
            [
              -74.0143,
              5.0488
            ],
            [
              -74.0206,
              5.0624
            ],
            [
              -74.0199,
              5.076
            ],
            [
              -74.0098,
              5.0866
            ],
            [
              -74.0062,
              5.1006
            ],
            [
              -74.016,
              5.1081
            ],
            [
              -74.0071,
              5.127
            ],
            [
              -74.0392,
              5.1365
            ],
            [
              -74.0376,
              5.1459
            ],
            [
              -74.0458,
              5.1582
            ]
          ]
        ]
      },
      "properties": {
        "OBJECTID": 574,
        "DPTO_CCDGO": "15",
        "MPIO_CCDGO": "899",
        "name": "15340",
        "MPIO_CRSLC": "1600",
        "MPIO_NANO_": 1993,
        "MPIO_NAREA": 194.96011932,
        "MPIO_CSMBL": "4",
        "MPIO_CCNCT": "25899",
        "MPIO_NANO": 2012,
        "SHAPE_Leng": 0.907671307774,
        "SHAPE_Area": 0.015898683225,
        "NOMBRE": "ZIPAQUIRA",
        "DANE": {
          "dpto_ccdgo": "25",
          "mpio_ccdgo": "899",
          "mpio_cdpmp": "25899",
          "dpto_cnmbr": "CUNDINAMARCA",
          "mpio_cnmbr": "ZIPAQUIRÁ",
          "mpio_crslc": "1600",
          "mpio_tipo": "MUNICIPIO",
          "mpio_narea": 194.820384648,
          "mpio_nano": 2024,
          "shape_Leng": 0.970769613373,
          "shape_Area": 0.0158873024848
        }
      }
    }
  ],
  "name": "15"
}