{
  "type": "FeatureCollection",
  "crs": {
    "type": "name",
    "properties": {
      "name": "urn:ogc:def:crs:OGC:1.3:CRS84"
    }
  },
  "features": [
    {
      "type": "Feature",
      "geometry": {
        "type": "Polygon",
        "coordinates": [
          [
            [
              -73.5749,
              11.2597
            ],
            [
              -73.5923,
              11.2629
            ],
            [
              -73.6605,
              11.2521
            ],
            [
              -73.6999,
              11.2608
            ],
            [
              -73.7152,
              11.2539
            ],
            [
              -73.7594,
              11.265
            ],
            [
              -73.7763,
              11.2576
            ],
            [
              -73.7907,
              11.2564
            ],
            [
              -73.857,
              11.2739
            ],
            [
              -73.8735,
              11.2821
            ],
            [
              -73.8916,
              11.2968
            ],
            [
              -73.9516,
              11.3172
            ],
            [
              -73.9797,
              11.3399
            ],
            [
              -74.026,
              11.3461
            ],
            [
              -74.0367,
              11.3397
            ],
            [
              -74.045,
              11.3489
            ],
            [
              -74.064,
              11.3391
            ],
            [
              -74.0748,
              11.3422
            ],
            [
              -74.0804,
              11.3328
            ],
            [
              -74.0775,
              11.3177
            ],
            [
              -74.104,
              11.3261
            ],
            [
              -74.1163,
              11.3244
            ],
            [
              -74.1266,
              11.3338
            ],
            [
              -74.1459,
              11.3354
            ],
            [
              -74.1567,
              11.3245
            ],
            [
              -74.1524,
              11.2961
            ],
            [
              -74.1672,
              11.3055
            ],
            [
              -74.1763,
              11.3061
            ],
            [
              -74.1951,
              11.2892
            ],
            [
              -74.1972,
              11.2714
            ],
            [
              -74.1911,
              11.2655
            ],
            [
              -74.2102,
              11.2554
            ],
            [
              -74.2247,
              11.23
            ],
            [
              -74.2374,
              11.2218
            ],
            [
              -74.2284,
              11.2061
            ],
            [
              -74.2313,
              11.1923
            ],
            [
              -74.2393,
              11.1815
            ],
            [
              -74.2308,
              11.1669
            ],
            [
              -74.2267,
              11.1489
            ],
            [
              -74.2335,
              11.1177
            ],
            [
              -74.2255,
              11.1068
            ],
            [
              -74.2146,
              11.0754
            ],
            [
              -74.1916,
              11.093
            ],
            [
              -74.1771,
              11.0993
            ],
            [
              -74.1483,
              11.1013
            ],
            [
              -74.1425,
              11.0981
            ],
            [
              -74.1233,
              11.1056
            ],
            [
              -74.1103,
              11.0898
            ],
            [
              -74.1067,
              11.0767
            ],
            [
              -74.0887,
              11.075
            ],
            [
              -74.0851,
              11.0626
            ],
            [
              -74.0774,
              11.0577
            ],
            [
              -74.0477,
              11.0652
            ],
            [
              -74.0438,
              11.06
            ],
            [
              -74.0471,
              11.0424
            ],
            [
              -74.0248,
              11.0321
            ],
            [
              -74.0019,
              11.036
            ],
            [
              -73.985,
              11.0175
            ],
            [
              -73.9698,
              11.0155
            ],
            [
              -73.936,
              11.0057
            ],
            [
              -73.9115,
              11.0078
            ],
            [
              -73.9086,
              10.9942
            ],
            [
              -73.8944,
              10.99
            ],
            [
              -73.871,
              10.9904
            ],
            [
              -73.8641,
              10.9836
            ],
            [
              -73.8686,
              10.9725
            ],
            [
              -73.8621,
              10.9612
            ],
            [
              -73.8658,
              10.9499
            ],
            [
              -73.8669,
              10.9165
            ],
            [
              -73.8785,
              10.908
            ],
            [
              -73.8807,
              10.8931
            ],
            [
              -73.8556,
              10.8644
            ],
            [
              -73.8429,
              10.8654
            ],
            [
              -73.8053,
              10.8623
            ],
            [
              -73.7717,
              10.8809
            ],
            [
              -73.7651,
              10.8756
            ],
            [
              -73.7482,
              10.8777
            ],
            [
              -73.7418,
              10.8662
            ],
            [
              -73.7217,
              10.8627
            ],
            [
              -73.7116,
              10.8544
            ],
            [
              -73.7074,
              10.8407
            ],
            [
              -73.6906,
              10.8351
            ],
            [
              -73.6816,
              10.8388
            ],
            [
              -73.6508,
              10.824
            ],
            [
              -73.6196,
              10.8326
            ],
            [
              -73.5986,
              10.836
            ],
            [
              -73.6111,
              10.8603
            ],
            [
              -73.6153,
              10.8823
            ],
            [
              -73.6336,
              10.9005
            ],
            [
              -73.6404,
              10.9292
            ],
            [
              -73.6379,
              10.9474
            ],
            [
              -73.6485,
              10.9733
            ],
            [
              -73.6617,
              10.9809
            ],
            [
              -73.6649,
              10.9896
            ],
            [
              -73.6582,
              11.0055
            ],
            [
              -73.6481,
              11.0189
            ],
            [
              -73.6534,
              11.0285
            ],
            [
              -73.6365,
              11.0406
            ],
            [
              -73.641,
              11.0542
            ],
            [
              -73.6492,
              11.0601
            ],
            [
              -73.642,
              11.0797
            ],
            [
              -73.6485,
              11.0965
            ],
            [
              -73.6374,
              11.1088
            ],
            [
              -73.6422,
              11.1207
            ],
            [
              -73.6519,
              11.1274
            ],
            [
              -73.6534,
              11.1374
            ],
            [
              -73.6451,
              11.1436
            ],
            [
              -73.6286,
              11.1421
            ],
            [
              -73.6183,
              11.1508
            ],
            [
              -73.6119,
              11.1695
            ],
            [
              -73.5839,
              11.1894
            ],
            [
              -73.582,
              11.2165
            ],
            [
              -73.5682,
              11.2322
            ],
            [
              -73.5655,
              11.2554
            ],
            [
              -73.5749,
              11.2597
            ]
          ]
        ]
      },
      "properties": {
        "OBJECTID": 657,
        "DPTO_CCDGO": "21",
        "MPIO_CCDGO": "001",
        "name": "21001",
        "MPIO_CRSLC": "1525",
        "MPIO_NANO_": 1993,
        "MPIO_NAREA": 2347.76471491,
        "MPIO_CSMBL": "4",
        "MPIO_CCNCT": "47001",
        "MPIO_NANO": 2012,
        "SHAPE_Leng": 3.05938467431,
        "SHAPE_Area": 0.194284773457,
        "NOMBRE": "SANTA MARTA",
        "DANE": {
          "dpto_ccdgo": "47",
          "mpio_ccdgo": "001",
          "mpio_cdpmp": "47001",
          "dpto_cnmbr": "MAGDALENA",
          "mpio_cnmbr": "SANTA MARTA",
          "mpio_crslc": "1525",
          "mpio_tipo": "MUNICIPIO",
          "mpio_narea": 2347.13867429,
          "mpio_nano": 2024,
          "shape_Leng": 3.12953527783,
          "shape_Area": 0.194233279151
        }
      }
    },
    {
      "type": "Feature",
      "geometry": {
        "type": "Polygon",
        "coordinates": [
          [
            [
              -73.9781,
              10.2772
            ],
            [
              -73.995,
              10.2738
            ],
            [
              -74.0046,
              10.2884
            ],
            [
              -74.0331,
              10.3393
            ],
            [
              -74.0455,
              10.3383
            ],
            [
              -74.0572,
              10.3246
            ],
            [
              -74.084,
              10.3637
            ],
            [
              -74.093,
              10.3707
            ],
            [
              -74.1098,
              10.3926
            ],
            [
              -74.1251,
              10.3753
            ],
            [
              -74.1377,
              10.376
            ],
            [
              -74.1499,
              10.3705
            ],
            [
              -74.158,
              10.3563
            ],
            [
              -74.1675,
              10.3415
            ],
            [
              -74.1707,
              10.3247
            ],
            [
              -74.1816,
              10.3191
            ],
            [
              -74.1902,
              10.294
            ],
            [
              -74.1881,
              10.2666
            ],
            [
              -74.1911,
              10.2517
            ],
            [
              -74.2022,
              10.2325
            ],
            [
              -74.213,
              10.1989
            ],
            [
              -74.2108,
              10.1922
            ],
            [
              -74.1954,
              10.1872
            ],
            [
              -74.1813,
              10.1984
            ],
            [
              -74.16,
              10.1943
            ],
            [
              -74.133,
              10.2085
            ],
            [
              -74.1274,
              10.2066
            ],
            [
              -74.1254,
              10.1795
            ],
            [
              -74.1163,
              10.1642
            ],
            [
              -74.1119,
              10.1424
            ],
            [
              -74.115,
              10.13
            ],
            [
              -74.0976,
              10.0812
            ],
            [
              -74.0838,
              10.0598
            ],
            [
              -74.074,
              10.0517
            ],
            [
              -74.0844,
              10.0731
            ],
            [
              -74.0692,
              10.0948
            ],
            [
              -74.0659,
              10.1257
            ],
            [
              -74.0611,
              10.1376
            ],
            [
              -74.0656,
              10.1668
            ],
            [
              -74.0577,
              10.1831
            ],
            [
              -74.0408,
              10.1978
            ],
            [
              -74.0311,
              10.2277
            ],
            [
              -74.0256,
              10.2276
            ],
            [
              -74.008,
              10.2415
            ],
            [
              -74.0123,
              10.2517
            ],
            [
              -73.9995,
              10.2663
            ],
            [
              -73.9781,
              10.2772
            ]
          ]
        ]
      },
      "properties": {
        "OBJECTID": 658,
        "DPTO_CCDGO": "21",
        "MPIO_CCDGO": "030",
        "name": "21008",
        "MPIO_CRSLC": "Ordenanza 008 de Junio 24 de 1999",
        "MPIO_NANO_": 1999,
        "MPIO_NAREA": 406.56174704,
        "MPIO_CSMBL": "4",
        "MPIO_CCNCT": "47030",
        "MPIO_NANO": 2012,
        "SHAPE_Leng": 1.25461968643,
        "SHAPE_Area": 0.0335512508559,
        "NOMBRE": "ALGARROBO",
        "DANE": {
          "dpto_ccdgo": "47",
          "mpio_ccdgo": "030",
          "mpio_cdpmp": "47030",
          "dpto_cnmbr": "MAGDALENA",
          "mpio_cnmbr": "ALGARROBO",
          "mpio_crslc": "Ordenanza 008 de Junio 24 de 1999",
          "mpio_tipo": "MUNICIPIO",
          "mpio_narea": 406.388377574,
          "mpio_nano": 2024,
          "shape_Leng": 1.26568005524,
          "shape_Area": 0.0335369408738
        }
      }
    },
    {
      "type": "Feature",
      "geometry": {
        "type": "Polygon",
        "coordinates": [
          [
            [
              -73.5986,
              10.836
            ],
            [
              -73.6196,
              10.8326
            ],
            [
              -73.6508,
              10.824
            ],
            [
              -73.6816,
              10.8388
            ],
            [
              -73.6906,
              10.8351
            ],
            [
              -73.7074,
              10.8407
            ],
            [
              -73.7116,
              10.8544
            ],
            [
              -73.7217,
              10.8627
            ],
            [
              -73.7418,
              10.8662
            ],
            [
              -73.7482,
              10.8777
            ],
            [
              -73.7651,
              10.8756
            ],
            [
              -73.78,
              10.8615
            ],
            [
              -73.7945,
              10.8609
            ],
            [
              -73.8086,
              10.8532
            ],
            [
              -73.8173,
              10.8403
            ],
            [
              -73.8181,
              10.8285
            ],
            [
              -73.8298,
              10.807
            ],
            [
              -73.857,
              10.793
            ],
            [
              -73.8981,
              10.7527
            ],
            [
              -73.9298,
              10.7417
            ],
            [
              -73.9536,
              10.7282
            ],
            [
              -73.9586,
              10.7168
            ],
            [
              -73.9705,
              10.711
            ],
            [
              -73.9856,
              10.7122
            ],
            [
              -73.9982,
              10.7001
            ],
            [
              -74.0306,
              10.6781
            ],
            [
              -74.0412,
              10.6775
            ],
            [
              -74.0499,
              10.663
            ],
            [
              -74.0643,
              10.6557
            ],
            [
              -74.071,
              10.6579
            ],
            [
              -74.0875,
              10.6491
            ],
            [
              -74.0885,
              10.6194
            ],
            [
              -74.1106,
              10.6113
            ],
            [
              -74.1196,
              10.6231
            ],
            [
              -74.1393,
              10.6358
            ],
            [
              -74.1515,
              10.6373
            ],
            [
              -74.1587,
              10.6343
            ],
            [
              -74.182,
              10.641
            ],
            [
              -74.1895,
              10.655
            ],
            [
              -74.2197,
              10.6625
            ],
            [
              -74.2576,
              10.6649
            ],
            [
              -74.2521,
              10.6552
            ],
            [
              -74.2538,
              10.6425
            ],
            [
              -74.2233,
              10.604
            ],
            [
              -74.2014,
              10.6009
            ],
            [
              -74.1923,
              10.5856
            ],
            [
              -74.1945,
              10.5738
            ],
            [
              -74.1882,
              10.5544
            ],
            [
              -74.2093,
              10.5515
            ],
            [
              -74.2156,
              10.5362
            ],
            [
              -74.1949,
              10.5254
            ],
            [
              -74.1862,
              10.5252
            ],
            [
              -74.1747,
              10.5143
            ],
            [
              -74.1572,
              10.5138
            ],
            [
              -74.1539,
              10.5067
            ],
            [
              -74.1309,
              10.4977
            ],
            [
              -74.1242,
              10.4816
            ],
            [
              -74.1096,
              10.4728
            ],
            [
              -74.0881,
              10.4675
            ],
            [
              -74.0791,
              10.4368
            ],
            [
              -74.0521,
              10.4332
            ],
            [
              -74.0451,
              10.4265
            ],
            [
              -74.0311,
              10.4265
            ],
            [
              -74.02,
              10.4346
            ],
            [
              -73.9792,
              10.4526
            ],
            [
              -73.9746,
              10.4736
            ],
            [
              -73.9658,
              10.4888
            ],
            [
              -73.9538,
              10.4917
            ],
            [
              -73.9487,
              10.4852
            ],
            [
              -73.9213,
              10.492
            ],
            [
              -73.9112,
              10.5122
            ],
            [
              -73.9007,
              10.5153
            ],
            [
              -73.8676,
              10.5082
            ],
            [
              -73.8553,
              10.5147
            ],
            [
              -73.8397,
              10.5087
            ],
            [
              -73.8202,
              10.5248
            ],
            [
              -73.802,
              10.5251
            ],
            [
              -73.7813,
              10.547
            ],
            [
              -73.7662,
              10.548
            ],
            [
              -73.7586,
              10.5581
            ],
            [
              -73.7426,
              10.5613
            ],
            [
              -73.735,
              10.571
            ],
            [
              -73.7143,
              10.5667
            ],
            [
              -73.7139,
              10.5761
            ],
            [
              -73.7023,
              10.5796
            ],
            [
              -73.6815,
              10.5924
            ],
            [
              -73.6734,
              10.6046
            ],
            [
              -73.663,
              10.606
            ],
            [
              -73.6509,
              10.6199
            ],
            [
              -73.6578,
              10.6325
            ],
            [
              -73.6531,
              10.6402
            ],
            [
              -73.6387,
              10.6387
            ],
            [
              -73.6167,
              10.6448
            ],
            [
              -73.6124,
              10.6541
            ],
            [
              -73.6117,
              10.6727
            ],
            [
              -73.5967,
              10.6858
            ],
            [
              -73.5938,
              10.7053
            ],
            [
              -73.5629,
              10.7162
            ],
            [
              -73.5623,
              10.7409
            ],
            [
              -73.5442,
              10.7506
            ],
            [
              -73.5483,
              10.7595
            ],
            [
              -73.562,
              10.7599
            ],
            [
              -73.5846,
              10.7751
            ],
            [
              -73.5886,
              10.7814
            ],
            [
              -73.6383,
              10.7885
            ],
            [
              -73.6352,
              10.8079
            ],
            [
              -73.6206,
              10.8226
            ],
            [
              -73.5986,
              10.836
            ]
          ]
        ]
      },
      "properties": {
        "OBJECTID": 659,
        "DPTO_CCDGO": "21",
        "MPIO_CCDGO": "053",
        "name": "21010",
        "MPIO_CRSLC": "Ordenanza 47 del 28 de Abril de 1915",
        "MPIO_NANO_": 1993,
        "MPIO_NAREA": 1746.793336,
        "MPIO_CSMBL": "4",
        "MPIO_CCNCT": "47053",
        "MPIO_NANO": 2012,
        "SHAPE_Leng": 2.65050665286,
        "SHAPE_Area": 0.144327612918,
        "NOMBRE": "ARACATACA",
        "DANE": {
          "dpto_ccdgo": "47",
          "mpio_ccdgo": "053",
          "mpio_cdpmp": "47053",
          "dpto_cnmbr": "MAGDALENA",
          "mpio_cnmbr": "ARACATACA",
          "mpio_crslc": "Ordenanza 47 del 28 de Abril de 1915",
          "mpio_tipo": "MUNICIPIO",
          "mpio_narea": 1740.83007106,
          "mpio_nano": 2024,
          "shape_Leng": 2.6435935429,
          "shape_Area": 0.143834700755
        }
      }
    },
    {
      "type": "Feature",
      "geometry": {
        "type": "Polygon",
        "coordinates": [
          [
            [
              -73.8371,
              9.7808
            ],
            [
              -73.842,
              9.7975
            ],
            [
              -73.8537,
              9.8072
            ],
            [
              -73.8785,
              9.8171
            ],
            [
              -73.8869,
              9.8337
            ],
            [
              -73.8979,
              9.8378
            ],
            [
              -73.9075,
              9.8619
            ],
            [
              -73.9162,
              9.8717
            ],
            [
              -73.932,
              9.9001
            ],
            [
              -73.9489,
              9.9146
            ],
            [
              -73.9591,
              9.9316
            ],
            [
              -73.9926,
              9.9358
            ],
            [
              -74.0018,
              9.9466
            ],
            [
              -74.0117,
              9.9759
            ],
            [
              -74.0229,
              9.9811
            ],
            [
              -74.0346,
              9.9984
            ],
            [
              -74.0543,
              9.993
            ],
            [
              -74.0623,
              9.9799
            ],
            [
              -74.0699,
              9.9889
            ],
            [
              -74.0989,
              9.982
            ],
            [
              -74.1051,
              9.9665
            ],
            [
              -74.1278,
              9.9669
            ],
            [
              -74.1254,
              9.9521
            ],
            [
              -74.1348,
              9.9451
            ],
            [
              -74.1466,
              9.9577
            ],
            [
              -74.1537,
              9.9729
            ],
            [
              -74.1677,
              9.9816
            ],
            [
              -74.1844,
              9.9811
            ],
            [
              -74.1861,
              9.9918
            ],
            [
              -74.2009,
              9.9913
            ],
            [
              -74.23,
              9.9833
            ],
            [
              -74.2479,
              9.9715
            ],
            [
              -74.2551,
              9.9457
            ],
            [
              -74.2611,
              9.936
            ],
            [
              -74.257,
              9.9085
            ],
            [
              -74.2622,
              9.9044
            ],
            [
              -74.2686,
              9.8797
            ],
            [
              -74.2735,
              9.857
            ],
            [
              -74.2669,
              9.8472
            ],
            [
              -74.2659,
              9.8297
            ],
            [
              -74.278,
              9.8071
            ],
            [
              -74.2728,
              9.797
            ],
            [
              -74.2672,
              9.7721
            ],
            [
              -74.2525,
              9.7642
            ],
            [
              -74.2324,
              9.7606
            ],
            [
              -74.229,
              9.7479
            ],
            [
              -74.198,
              9.7288
            ],
            [
              -74.1932,
              9.721
            ],
            [
              -74.1949,
              9.7037
            ],
            [
              -74.1674,
              9.6676
            ],
            [
              -74.1763,
              9.6492
            ],
            [
              -74.1778,
              9.619
            ],
            [
              -74.1602,
              9.6297
            ],
            [
              -74.1608,
              9.6432
            ],
            [
              -74.1541,
              9.6521
            ],
            [
              -74.1248,
              9.6657
            ],
            [
              -74.1039,
              9.6803
            ],
            [
              -74.0944,
              9.6938
            ],
            [
              -74.0946,
              9.7034
            ],
            [
              -74.0852,
              9.71
            ],
            [
              -74.0748,
              9.7089
            ],
            [
              -74.0456,
              9.7239
            ],
            [
              -74.0224,
              9.7407
            ],
            [
              -74.0123,
              9.7394
            ],
            [
              -73.9864,
              9.7465
            ],
            [
              -73.972,
              9.7461
            ],
            [
              -73.9669,
              9.7516
            ],
            [
              -73.9367,
              9.7398
            ],
            [
              -73.907,
              9.7414
            ],
            [
              -73.903,
              9.7337
            ],
            [
              -73.8782,
              9.726
            ],
            [
              -73.8598,
              9.7271
            ],
            [
              -73.8545,
              9.7384
            ],
            [
              -73.8399,
              9.7362
            ],
            [
              -73.8275,
              9.7532
            ],
            [
              -73.8371,
              9.7808
            ]
          ]
        ]
      },
      "properties": {
        "OBJECTID": 660,
        "DPTO_CCDGO": "21",
        "MPIO_CCDGO": "058",
        "name": "21012",
        "MPIO_CRSLC": "Ordenanza 14 Bis de Noviembre 30 de 1966",
        "MPIO_NANO_": 1993,
        "MPIO_NAREA": 1135.52623044,
        "MPIO_CSMBL": "4",
        "MPIO_CCNCT": "47058",
        "MPIO_NANO": 2012,
        "SHAPE_Leng": 1.81934899121,
        "SHAPE_Area": 0.0935900809732,
        "NOMBRE": "ARIGUANI (EL DIFICIL)",
        "DANE": {
          "dpto_ccdgo": "47",
          "mpio_ccdgo": "058",
          "mpio_cdpmp": "47058",
          "dpto_cnmbr": "MAGDALENA",
          "mpio_cnmbr": "ARIGUANÍ",
          "mpio_crslc": "Ordenanza 14 Bis de Noviembre 30 de 1966",
          "mpio_tipo": "MUNICIPIO",
          "mpio_narea": 1131.74423768,
          "mpio_nano": 2024,
          "shape_Leng": 1.99288095163,
          "shape_Area": 0.0932784087834
        }
      }
    },
    {
      "type": "Feature",
      "geometry": {
        "type": "Polygon",
        "coordinates": [
          [
            [
              -74.701,
              10.2744
            ],
            [
              -74.7196,
              10.2823
            ],
            [
              -74.7494,
              10.3196
            ],
            [
              -74.761,
              10.3273
            ],
            [
              -74.7701,
              10.3232
            ],
            [
              -74.7799,
              10.3329
            ],
            [
              -74.7935,
              10.3379
            ],
            [
              -74.8149,
              10.3561
            ],
            [
              -74.8395,
              10.3599
            ],
            [
              -74.8508,
              10.367
            ],
            [
              -74.8635,
              10.3667
            ],
            [
              -74.861,
              10.3538
            ],
            [
              -74.8684,
              10.3406
            ],
            [
              -74.8953,
              10.2954
            ],
            [
              -74.9108,
              10.2542
            ],
            [
              -74.9157,
              10.2383
            ],
            [
              -74.8939,
              10.2317
            ],
            [
              -74.8879,
              10.2188
            ],
            [
              -74.8764,
              10.2137
            ],
            [
              -74.8654,
              10.2374
            ],
            [
              -74.8546,
              10.2476
            ],
            [
              -74.8482,
              10.2648
            ],
            [
              -74.8302,
              10.2791
            ],
            [
              -74.8118,
              10.2803
            ],
            [
              -74.7994,
              10.2764
            ],
            [
              -74.7768,
              10.2597
            ],
            [
              -74.7625,
              10.2585
            ],
            [
              -74.7505,
              10.2635
            ],
            [
              -74.746,
              10.2533
            ],
            [
              -74.7161,
              10.2489
            ],
            [
              -74.7059,
              10.2598
            ],
            [
              -74.701,
              10.2744
            ]
          ]
        ]
      },
      "properties": {
        "OBJECTID": 661,
        "DPTO_CCDGO": "21",
        "MPIO_CCDGO": "161",
        "name": "21013",
        "MPIO_CRSLC": "Ordenanza 3038 de 1912",
        "MPIO_NANO_": 1993,
        "MPIO_NAREA": 188.75871193,
        "MPIO_CSMBL": "4",
        "MPIO_CCNCT": "47161",
        "MPIO_NANO": 2012,
        "SHAPE_Leng": 0.898270714728,
        "SHAPE_Area": 0.0155764033169,
        "NOMBRE": "CERRO DE SAN ANTONIO",
        "DANE": {
          "dpto_ccdgo": "47",
          "mpio_ccdgo": "161",
          "mpio_cdpmp": "47161",
          "dpto_cnmbr": "MAGDALENA",
          "mpio_cnmbr": "CERRO DE SAN ANTONIO",
          "mpio_crslc": "Ordenanza 3038 de 1912",
          "mpio_tipo": "MUNICIPIO",
          "mpio_narea": 177.203968953,
          "mpio_nano": 2024,
          "shape_Leng": 0.700411412679,
          "shape_Area": 0.0146230544673
        }
      }
    },
    {
      "type": "Feature",
      "geometry": {
        "type": "Polygon",
        "coordinates": [
          [
            [
              -74.5543,
              9.9479
            ],
            [
              -74.5457,
              9.9813
            ],
            [
              -74.557,
              9.9902
            ],
            [
              -74.5488,
              10.0251
            ],
            [
              -74.5421,
              10.0295
            ],
            [
              -74.5151,
              10.0193
            ],
            [
              -74.4865,
              10.0333
            ],
            [
              -74.4417,
              10.0173
            ],
            [
              -74.4242,
              10.0165
            ],
            [
              -74.4024,
              10.0341
            ],
            [
              -74.4145,
              10.0439
            ],
            [
              -74.4082,
              10.0527
            ],
            [
              -74.406,
              10.0698
            ],
            [
              -74.3985,
              10.0833
            ],
            [
              -74.4043,
              10.101
            ],
            [
              -74.3894,
              10.1266
            ],
            [
              -74.3936,
              10.1379
            ],
            [
              -74.4095,
              10.1513
            ],
            [
              -74.4412,
              10.1842
            ],
            [
              -74.4655,
              10.2029
            ],
            [
              -74.473,
              10.2134
            ],
            [
              -74.4828,
              10.2169
            ],
            [
              -74.4857,
              10.2267
            ],
            [
              -74.4954,
              10.2324
            ],
            [
              -74.507,
              10.2305
            ],
            [
              -74.5301,
              10.214
            ],
            [
              -74.5746,
              10.2068
            ],
            [
              -74.587,
              10.2185
            ],
            [
              -74.5831,
              10.2018
            ],
            [
              -74.594,
              10.1883
            ],
            [
              -74.5932,
              10.173
            ],
            [
              -74.6106,
              10.1604
            ],
            [
              -74.615,
              10.1455
            ],
            [
              -74.6332,
              10.1436
            ],
            [
              -74.6314,
              10.121
            ],
            [
              -74.6219,
              10.105
            ],
            [
              -74.6219,
              10.0813
            ],
            [
              -74.6354,
              10.0693
            ],
            [
              -74.647,
              10.0663
            ],
            [
              -74.642,
              10.0531
            ],
            [
              -74.6472,
              10.0378
            ],
            [
              -74.6612,
              10.0404
            ],
            [
              -74.6725,
              10.0284
            ],
            [
              -74.6613,
              10.0119
            ],
            [
              -74.6519,
              10.0027
            ],
            [
              -74.6249,
              9.9943
            ],
            [
              -74.6192,
              9.9953
            ],
            [
              -74.5806,
              9.9752
            ],
            [
              -74.5543,
              9.9479
            ]
          ]
        ]
      },
      "properties": {
        "OBJECTID": 662,
        "DPTO_CCDGO": "21",
        "MPIO_CCDGO": "170",
        "name": "21015",
        "MPIO_CRSLC": "Decreto 107 de Marzo 8 de 1974",
        "MPIO_NANO_": 1993,
        "MPIO_NAREA": 538.61254712,
        "MPIO_CSMBL": "4",
        "MPIO_CCNCT": "47170",
        "MPIO_NANO": 2012,
        "SHAPE_Leng": 1.18240595904,
        "SHAPE_Area": 0.044425049572,
        "NOMBRE": "CHIVOLO",
        "DANE": {
          "dpto_ccdgo": "47",
          "mpio_ccdgo": "170",
          "mpio_cdpmp": "47170",
          "dpto_cnmbr": "MAGDALENA",
          "mpio_cnmbr": "CHIVOLO",
          "mpio_crslc": "Decreto 107 de Marzo 8 de 1974",
          "mpio_tipo": "MUNICIPIO",
          "mpio_narea": 536.55012404,
          "mpio_nano": 2024,
          "shape_Leng": 1.32539703997,
          "shape_Area": 0.0442549749256
        }
      }
    },
    {
      "type": "Feature",
      "geometry": {
        "type": "Polygon",
        "coordinates": [
          [
            [
              -73.7651,
              10.8756
            ],
            [
              -73.7717,
              10.8809
            ],
            [
              -73.8053,
              10.8623
            ],
            [
              -73.8429,
              10.8654
            ],
            [
              -73.8556,
              10.8644
            ],
            [
              -73.8807,
              10.8931
            ],
            [
              -73.8785,
              10.908
            ],
            [
              -73.8669,
              10.9165
            ],
            [
              -73.8658,
              10.9499
            ],
            [
              -73.8621,
              10.9612
            ],
            [
              -73.8686,
              10.9725
            ],
            [
              -73.8641,
              10.9836
            ],
            [
              -73.871,
              10.9904
            ],
            [
              -73.8944,
              10.99
            ],
            [
              -73.9086,
              10.9942
            ],
            [
              -73.9115,
              11.0078
            ],
            [
              -73.936,
              11.0057
            ],
            [
              -73.9698,
              11.0155
            ],
            [
              -73.985,
              11.0175
            ],
            [
              -74.0019,
              11.036
            ],
            [
              -74.0248,
              11.0321
            ],
            [
              -74.0471,
              11.0424
            ],
            [
              -74.0438,
              11.06
            ],
            [
              -74.0477,
              11.0652
            ],
            [
              -74.0774,
              11.0577
            ],
            [
              -74.0851,
              11.0626
            ],
            [
              -74.0887,
              11.075
            ],
            [
              -74.1067,
              11.0767
            ],
            [
              -74.1103,
              11.0898
            ],
            [
              -74.1233,
              11.1056
            ],
            [
              -74.1425,
              11.0981
            ],
            [
              -74.1483,
              11.1013
            ],
            [
              -74.1771,
              11.0993
            ],
            [
              -74.1916,
              11.093
            ],
            [
              -74.2146,
              11.0754
            ],
            [
              -74.2178,
              11.0653
            ],
            [
              -74.2419,
              11.0363
            ],
            [
              -74.2449,
              11.0243
            ],
            [
              -74.2651,
              11.0065
            ],
            [
              -74.2673,
              10.9394
            ],
            [
              -74.2617,
              10.9093
            ],
            [
              -74.2791,
              10.8949
            ],
            [
              -74.2785,
              10.8739
            ],
            [
              -74.2663,
              10.8657
            ],
            [
              -74.2628,
              10.8627
            ],
            [
              -74.2185,
              10.8657
            ],
            [
              -74.2219,
              10.8736
            ],
            [
              -74.2208,
              10.8952
            ],
            [
              -74.2252,
              10.9048
            ],
            [
              -74.228,
              10.9271
            ],
            [
              -74.2194,
              10.9339
            ],
            [
              -74.2192,
              10.9464
            ],
            [
              -74.1936,
              10.9604
            ],
            [
              -74.186,
              10.9556
            ],
            [
              -74.1669,
              10.9565
            ],
            [
              -74.1617,
              10.9288
            ],
            [
              -74.1504,
              10.9216
            ],
            [
              -74.1452,
              10.905
            ],
            [
              -74.1507,
              10.8995
            ],
            [
              -74.1429,
              10.8845
            ],
            [
              -74.1455,
              10.874
            ],
            [
              -74.1313,
              10.8649
            ],
            [
              -74.1149,
              10.8726
            ],
            [
              -74.115,
              10.8873
            ],
            [
              -74.1069,
              10.8924
            ],
            [
              -74.0958,
              10.8858
            ],
            [
              -74.1095,
              10.8715
            ],
            [
              -74.0988,
              10.8545
            ],
            [
              -74.0907,
              10.8345
            ],
            [
              -74.0994,
              10.8265
            ],
            [
              -74.1007,
              10.8137
            ],
            [
              -74.0867,
              10.8069
            ],
            [
              -74.0924,
              10.7943
            ],
            [
              -74.081,
              10.7868
            ],
            [
              -74.0924,
              10.7749
            ],
            [
              -74.0868,
              10.756
            ],
            [
              -74.1096,
              10.7263
            ],
            [
              -74.1203,
              10.7254
            ],
            [
              -74.1303,
              10.6993
            ],
            [
              -74.1276,
              10.6823
            ],
            [
              -74.1468,
              10.6578
            ],
            [
              -74.1515,
              10.6373
            ],
            [
              -74.1393,
              10.6358
            ],
            [
              -74.1196,
              10.6231
            ],
            [
              -74.1106,
              10.6113
            ],
            [
              -74.0885,
              10.6194
            ],
            [
              -74.0875,
              10.6491
            ],
            [
              -74.071,
              10.6579
            ],
            [
              -74.0643,
              10.6557
            ],
            [
              -74.0499,
              10.663
            ],
            [
              -74.0412,
              10.6775
            ],
            [
              -74.0306,
              10.6781
            ],
            [
              -73.9982,
              10.7001
            ],
            [
              -73.9856,
              10.7122
            ],
            [
              -73.9705,
              10.711
            ],
            [
              -73.9586,
              10.7168
            ],
            [
              -73.9536,
              10.7282
            ],
            [
              -73.9298,
              10.7417
            ],
            [
              -73.8981,
              10.7527
            ],
            [
              -73.857,
              10.793
            ],
            [
              -73.8298,
              10.807
            ],
            [
              -73.8181,
              10.8285
            ],
            [
              -73.8173,
              10.8403
            ],
            [
              -73.8086,
              10.8532
            ],
            [
              -73.7945,
              10.8609
            ],
            [
              -73.78,
              10.8615
            ],
            [
              -73.7651,
              10.8756
            ]
          ]
        ]
      },
      "properties": {
        "OBJECTID": 663,
        "DPTO_CCDGO": "21",
        "MPIO_CCDGO": "189",
        "name": "21016",
        "MPIO_CRSLC": "Ley 0339 de 1876",
        "MPIO_NANO_": 1993,
        "MPIO_NAREA": 1325.38961493,
        "MPIO_CSMBL": "4",
        "MPIO_CCNCT": "47189",
        "MPIO_NANO": 2012,
        "SHAPE_Leng": 2.60586526951,
        "SHAPE_Area": 0.109597680971,
        "NOMBRE": "CIENAGA",
        "DANE": {
          "dpto_ccdgo": "47",
          "mpio_ccdgo": "189",
          "mpio_cdpmp": "47189",
          "dpto_cnmbr": "MAGDALENA",
          "mpio_cnmbr": "CIÉNAGA",
          "mpio_crslc": "Ley 0339 de 1876",
          "mpio_tipo": "MUNICIPIO",
          "mpio_narea": 1324.83636438,
          "mpio_nano": 2024,
          "shape_Leng": 2.70870093372,
          "shape_Area": 0.10955183272
        }
      }
    },
    {
      "type": "Feature",
      "geometry": {
        "type": "Polygon",
        "coordinates": [
          [
            [
              -74.7161,
              10.2489
            ],
            [
              -74.746,
              10.2533
            ],
            [
              -74.7505,
              10.2635
            ],
            [
              -74.7625,
              10.2585
            ],
            [
              -74.7768,
              10.2597
            ],
            [
              -74.7994,
              10.2764
            ],
            [
              -74.8118,
              10.2803
            ],
            [
              -74.8302,
              10.2791
            ],
            [
              -74.8482,
              10.2648
            ],
            [
              -74.8546,
              10.2476
            ],
            [
              -74.8654,
              10.2374
            ],
            [
              -74.8764,
              10.2137
            ],
            [
              -74.8628,
              10.2166
            ],
            [
              -74.8511,
              10.2251
            ],
            [
              -74.8278,
              10.2348
            ],
            [
              -74.7892,
              10.2142
            ],
            [
              -74.7831,
              10.2
            ],
            [
              -74.7539,
              10.1803
            ],
            [
              -74.7253,
              10.1874
            ],
            [
              -74.7109,
              10.203
            ],
            [
              -74.704,
              10.2216
            ],
            [
              -74.6927,
              10.2249
            ],
            [
              -74.7038,
              10.2452
            ],
            [
              -74.7161,
              10.2489
            ]
          ]
        ]
      },
      "properties": {
        "OBJECTID": 664,
        "DPTO_CCDGO": "21",
        "MPIO_CCDGO": "205",
        "name": "21020",
        "MPIO_CRSLC": "Ordenanza 007 del 24 de Junio de 1999",
        "MPIO_NANO_": 1999,
        "MPIO_NAREA": 109.96314191,
        "MPIO_CSMBL": "4",
        "MPIO_CCNCT": "47205",
        "MPIO_NANO": 2012,
        "SHAPE_Leng": 0.536277752142,
        "SHAPE_Area": 0.0090727307775,
        "NOMBRE": "CONCORDIA",
        "DANE": {
          "dpto_ccdgo": "47",
          "mpio_ccdgo": "205",
          "mpio_cdpmp": "47205",
          "dpto_cnmbr": "MAGDALENA",
          "mpio_cnmbr": "CONCORDIA",
          "mpio_crslc": "Ordenanza 007 del 24 de Junio de 1999",
          "mpio_tipo": "MUNICIPIO",
          "mpio_narea": 109.483705985,
          "mpio_nano": 2024,
          "shape_Leng": 0.544326266383,
          "shape_Area": 0.00903317814061
        }
      }
    },
    {
      "type": "Feature",
      "geometry": {
        "type": "Polygon",
        "coordinates": [
          [
            [
              -73.799,
              9.0593
            ],
            [
              -73.8092,
              9.0707
            ],
            [
              -73.8641,
              9.1122
            ],
            [
              -73.8753,
              9.1305
            ],
            [
              -73.8757,
              9.1451
            ],
            [
              -73.8641,
              9.163
            ],
            [
              -73.864,
              9.1807
            ],
            [
              -73.8789,
              9.1858
            ],
            [
              -73.8914,
              9.1735
            ],
            [
              -73.8978,
              9.1765
            ],
            [
              -73.962,
              9.1877
            ],
            [
              -73.9559,
              9.1962
            ],
            [
              -73.964,
              9.2066
            ],
            [
              -73.9649,
              9.2213
            ],
            [
              -73.9515,
              9.2334
            ],
            [
              -73.951,
              9.2566
            ],
            [
              -73.9432,
              9.2684
            ],
            [
              -73.9428,
              9.2896
            ],
            [
              -73.9577,
              9.3034
            ],
            [
              -73.9749,
              9.3041
            ],
            [
              -73.9891,
              9.3167
            ],
            [
              -73.9897,
              9.3511
            ],
            [
              -73.9944,
              9.337
            ],
            [
              -74.0081,
              9.3146
            ],
            [
              -74.0285,
              9.3028
            ],
            [
              -74.0418,
              9.2811
            ],
            [
              -74.0468,
              9.2623
            ],
            [
              -74.0478,
              9.2419
            ],
            [
              -74.0573,
              9.2357
            ],
            [
              -74.0626,
              9.223
            ],
            [
              -74.0873,
              9.2162
            ],
            [
              -74.0857,
              9.1981
            ],
            [
              -74.0937,
              9.1856
            ],
            [
              -74.0951,
              9.1603
            ],
            [
              -74.1002,
              9.1484
            ],
            [
              -74.1118,
              9.1372
            ],
            [
              -74.1757,
              9.088
            ],
            [
              -74.1778,
              9.0779
            ],
            [
              -74.1572,
              9.0699
            ],
            [
              -74.1512,
              9.0563
            ],
            [
              -74.1367,
              9.0641
            ],
            [
              -74.1234,
              9.0429
            ],
            [
              -74.1371,
              9.0432
            ],
            [
              -74.141,
              9.0311
            ],
            [
              -74.1245,
              9.03
            ],
            [
              -74.1124,
              9.0408
            ],
            [
              -74.1003,
              9.0187
            ],
            [
              -74.0926,
              9.0151
            ],
            [
              -74.0747,
              9.026
            ],
            [
              -74.0582,
              9.0184
            ],
            [
              -74.0474,
              9.0232
            ],
            [
              -74.0432,
              9.0406
            ],
            [
              -74.0284,
              9.027
            ],
            [
              -74.0024,
              9.0287
            ],
            [
              -74.0019,
              8.9955
            ],
            [
              -73.9895,
              8.9955
            ],
            [
              -73.9777,
              8.9839
            ],
            [
              -73.9671,
              8.9944
            ],
            [
              -73.9577,
              8.9958
            ],
            [
              -73.9398,
              8.9855
            ],
            [
              -73.9181,
              8.9777
            ],
            [
              -73.9004,
              8.9808
            ],
            [
              -73.883,
              8.9662
            ],
            [
              -73.8712,
              8.9613
            ],
            [
              -73.8656,
              8.9476
            ],
            [
              -73.8677,
              8.9365
            ],
            [
              -73.8631,
              8.9466
            ],
            [
              -73.8498,
              8.9558
            ],
            [
              -73.8327,
              8.9784
            ],
            [
              -73.8259,
              9.0005
            ],
            [
              -73.8258,
              9.0227
            ],
            [
              -73.815,
              9.0261
            ],
            [
              -73.8098,
              9.044
            ],
            [
              -73.7979,
              9.0494
            ],
            [
              -73.799,
              9.0593
            ]
          ]
        ]
      },
      "properties": {
        "OBJECTID": 665,
        "DPTO_CCDGO": "21",
        "MPIO_CCDGO": "245",
        "name": "21025",
        "MPIO_CRSLC": "Ley 0182 de 1871",
        "MPIO_NANO_": 1993,
        "MPIO_NAREA": 824.14317611,
        "MPIO_CSMBL": "4",
        "MPIO_CCNCT": "47245",
        "MPIO_NANO": 2012,
        "SHAPE_Leng": 1.61980687828,
        "SHAPE_Area": 0.0677875985384,
        "NOMBRE": "EL BANCO",
        "DANE": {
          "dpto_ccdgo": "47",
          "mpio_ccdgo": "245",
          "mpio_cdpmp": "47245",
          "dpto_cnmbr": "MAGDALENA",
          "mpio_cnmbr": "EL BANCO",
          "mpio_crslc": "Ley 0182 de 1871",
          "mpio_tipo": "MUNICIPIO",
          "mpio_narea": 814.873331,
          "mpio_nano": 2024,
          "shape_Leng": 1.67681179543,
          "shape_Area": 0.0670248913628
        }
      }
    },
    {
      "type": "Feature",
      "geometry": {
        "type": "Polygon",
        "coordinates": [
          [
            [
              -74.4954,
              10.2324
            ],
            [
              -74.5053,
              10.2591
            ],
            [
              -74.5163,
              10.2653
            ],
            [
              -74.5497,
              10.2987
            ],
            [
              -74.5486,
              10.3055
            ],
            [
              -74.5653,
              10.3261
            ],
            [
              -74.5636,
              10.3505
            ],
            [
              -74.5746,
              10.364
            ],
            [
              -74.5955,
              10.3561
            ],
            [
              -74.6056,
              10.3595
            ],
            [
              -74.6128,
              10.3526
            ],
            [
              -74.625,
              10.3595
            ],
            [
              -74.6223,
              10.3753
            ],
            [
              -74.6286,
              10.3995
            ],
            [
              -74.6258,
              10.412
            ],
            [
              -74.631,
              10.4306
            ],
            [
              -74.6846,
              10.4708
            ],
            [
              -74.7051,
              10.4514
            ],
            [
              -74.7874,
              10.4595
            ],
            [
              -74.812,
              10.4509
            ],
            [
              -74.8149,
              10.4317
            ],
            [
              -74.8272,
              10.4112
            ],
            [
              -74.836,
              10.4103
            ],
            [
              -74.858,
              10.393
            ],
            [
              -74.8659,
              10.3731
            ],
            [
              -74.8635,
              10.3667
            ],
            [
              -74.8508,
              10.367
            ],
            [
              -74.8395,
              10.3599
            ],
            [
              -74.8149,
              10.3561
            ],
            [
              -74.7935,
              10.3379
            ],
            [
              -74.7799,
              10.3329
            ],
            [
              -74.7701,
              10.3232
            ],
            [
              -74.761,
              10.3273
            ],
            [
              -74.7494,
              10.3196
            ],
            [
              -74.7196,
              10.2823
            ],
            [
              -74.701,
              10.2744
            ],
            [
              -74.6922,
              10.2567
            ],
            [
              -74.6865,
              10.2568
            ],
            [
              -74.6671,
              10.2395
            ],
            [
              -74.6423,
              10.247
            ],
            [
              -74.6329,
              10.2316
            ],
            [
              -74.6232,
              10.2352
            ],
            [
              -74.6062,
              10.2326
            ],
            [
              -74.587,
              10.2185
            ],
            [
              -74.5746,
              10.2068
            ],
            [
              -74.5301,
              10.214
            ],
            [
              -74.507,
              10.2305
            ],
            [
              -74.4954,
              10.2324
            ]
          ]
        ]
      },
      "properties": {
        "OBJECTID": 666,
        "DPTO_CCDGO": "21",
        "MPIO_CCDGO": "258",
        "name": "21028",
        "MPIO_CRSLC": "Ordenanza 032 del 20 de Abril de 1815",
        "MPIO_NANO_": 1993,
        "MPIO_NAREA": 572.92158436,
        "MPIO_CSMBL": "4",
        "MPIO_CCNCT": "47258",
        "MPIO_NANO": 2012,
        "SHAPE_Leng": 1.20479825222,
        "SHAPE_Area": 0.0472885782166,
        "NOMBRE": "EL PIÑON",
        "DANE": {
          "dpto_ccdgo": "47",
          "mpio_ccdgo": "258",
          "mpio_cdpmp": "47258",
          "dpto_cnmbr": "MAGDALENA",
          "mpio_cnmbr": "EL PIÑÓN",
          "mpio_crslc": "Ordenanza 032 del 20 de Abril de 1815",
          "mpio_tipo": "MUNICIPIO",
          "mpio_narea": 557.142377003,
          "mpio_nano": 2024,
          "shape_Leng": 1.17710963784,
          "shape_Area": 0.045985557906
        }
      }
    },
    {
      "type": "Feature",
      "geometry": {
        "type": "Polygon",
        "coordinates": [
          [
            [
              -74.2576,
              10.6649
            ],
            [
              -74.2623,
              10.6818
            ],
            [
              -74.2905,
              10.7044
            ],
            [
              -74.3122,
              10.7015
            ],
            [
              -74.341,
              10.738
            ],
            [
              -74.345,
              10.7541
            ],
            [
              -74.3648,
              10.767
            ],
            [
              -74.3741,
              10.7577
            ],
            [
              -74.3751,
              10.7451
            ],
            [
              -74.3921,
              10.7367
            ],
            [
              -74.419,
              10.731
            ],
            [
              -74.4277,
              10.723
            ],
            [
              -74.4415,
              10.69
            ],
            [
              -74.4513,
              10.684
            ],
            [
              -74.4489,
              10.6718
            ],
            [
              -74.4386,
              10.6781
            ],
            [
              -74.4206,
              10.6632
            ],
            [
              -74.4122,
              10.6523
            ],
            [
              -74.3894,
              10.6313
            ],
            [
              -74.3744,
              10.6213
            ],
            [
              -74.3476,
              10.6176
            ],
            [
              -74.3325,
              10.6221
            ],
            [
              -74.3093,
              10.6243
            ],
            [
              -74.29,
              10.6188
            ],
            [
              -74.2876,
              10.6087
            ],
            [
              -74.2715,
              10.6036
            ],
            [
              -74.2582,
              10.578
            ],
            [
              -74.2443,
              10.5694
            ],
            [
              -74.2444,
              10.5577
            ],
            [
              -74.2263,
              10.5401
            ],
            [
              -74.2156,
              10.5362
            ],
            [
              -74.2093,
              10.5515
            ],
            [
              -74.1882,
              10.5544
            ],
            [
              -74.1945,
              10.5738
            ],
            [
              -74.1923,
              10.5856
            ],
            [
              -74.2014,
              10.6009
            ],
            [
              -74.2233,
              10.604
            ],
            [
              -74.2538,
              10.6425
            ],
            [
              -74.2521,
              10.6552
            ],
            [
              -74.2576,
              10.6649
            ]
          ]
        ]
      },
      "properties": {
        "OBJECTID": 667,
        "DPTO_CCDGO": "21",
        "MPIO_CCDGO": "268",
        "name": "21030",
        "MPIO_CRSLC": "ORD 04 DE MAYO DE 1996",
        "MPIO_NANO_": 1996,
        "MPIO_NAREA": 272.0698254,
        "MPIO_CSMBL": "4",
        "MPIO_CCNCT": "47268",
        "MPIO_NANO": 2012,
        "SHAPE_Leng": 0.907643621071,
        "SHAPE_Area": 0.0224806987672,
        "NOMBRE": "EL RETEN",
        "DANE": {
          "dpto_ccdgo": "47",
          "mpio_ccdgo": "268",
          "mpio_cdpmp": "47268",
          "dpto_cnmbr": "MAGDALENA",
          "mpio_cnmbr": "EL RETÉN",
          "mpio_crslc": "ORD 04 DE MAYO DE 1996",
          "mpio_tipo": "MUNICIPIO",
          "mpio_narea": 262.182276859,
          "mpio_nano": 2024,
          "shape_Leng": 0.96405065441,
          "shape_Area": 0.021663601108
        }
      }
    },
    {
      "type": "Feature",
      "geometry": {
        "type": "Polygon",
        "coordinates": [
          [
            [
              -73.7917,
              10.3923
            ],
            [
              -73.7794,
              10.3961
            ],
            [
              -73.7651,
              10.4117
            ],
            [
              -73.7557,
              10.4156
            ],
            [
              -73.7415,
              10.4349
            ],
            [
              -73.7033,
              10.4318
            ],
            [
              -73.6993,
              10.4516
            ],
            [
              -73.7033,
              10.4636
            ],
            [
              -73.6907,
              10.4654
            ],
            [
              -73.6595,
              10.4555
            ],
            [
              -73.6453,
              10.4695
            ],
            [
              -73.6452,
              10.4956
            ],
            [
              -73.6318,
              10.4952
            ],
            [
              -73.6154,
              10.5009
            ],
            [
              -73.5921,
              10.4955
            ],
            [
              -73.5665,
              10.501
            ],
            [
              -73.5653,
              10.5305
            ],
            [
              -73.572,
              10.5429
            ],
            [
              -73.5905,
              10.5491
            ],
            [
              -73.5978,
              10.5623
            ],
            [
              -73.5995,
              10.5758
            ],
            [
              -73.5942,
              10.6004
            ],
            [
              -73.6005,
              10.6194
            ],
            [
              -73.5985,
              10.6396
            ],
            [
              -73.6167,
              10.6448
            ],
            [
              -73.6387,
              10.6387
            ],
            [
              -73.6531,
              10.6402
            ],
            [
              -73.6578,
              10.6325
            ],
            [
              -73.6509,
              10.6199
            ],
            [
              -73.663,
              10.606
            ],
            [
              -73.6734,
              10.6046
            ],
            [
              -73.6815,
              10.5924
            ],
            [
              -73.7023,
              10.5796
            ],
            [
              -73.7139,
              10.5761
            ],
            [
              -73.7143,
              10.5667
            ],
            [
              -73.735,
              10.571
            ],
            [
              -73.7426,
              10.5613
            ],
            [
              -73.7586,
              10.5581
            ],
            [
              -73.7662,
              10.548
            ],
            [
              -73.7813,
              10.547
            ],
            [
              -73.802,
              10.5251
            ],
            [
              -73.8202,
              10.5248
            ],
            [
              -73.8397,
              10.5087
            ],
            [
              -73.8553,
              10.5147
            ],
            [
              -73.8676,
              10.5082
            ],
            [
              -73.9007,
              10.5153
            ],
            [
              -73.9112,
              10.5122
            ],
            [
              -73.9213,
              10.492
            ],
            [
              -73.9487,
              10.4852
            ],
            [
              -73.9538,
              10.4917
            ],
            [
              -73.9658,
              10.4888
            ],
            [
              -73.9746,
              10.4736
            ],
            [
              -73.9792,
              10.4526
            ],
            [
              -74.02,
              10.4346
            ],
            [
              -74.0311,
              10.4265
            ],
            [
              -74.0451,
              10.4265
            ],
            [
              -74.0521,
              10.4332
            ],
            [
              -74.0791,
              10.4368
            ],
            [
              -74.0881,
              10.4675
            ],
            [
              -74.1096,
              10.4728
            ],
            [
              -74.1242,
              10.4816
            ],
            [
              -74.1309,
              10.4977
            ],
            [
              -74.1539,
              10.5067
            ],
            [
              -74.1572,
              10.5138
            ],
            [
              -74.1747,
              10.5143
            ],
            [
              -74.1862,
              10.5252
            ],
            [
              -74.1949,
              10.5254
            ],
            [
              -74.2156,
              10.5362
            ],
            [
              -74.2263,
              10.5401
            ],
            [
              -74.2444,
              10.5577
            ],
            [
              -74.246,
              10.5499
            ],
            [
              -74.2266,
              10.5258
            ],
            [
              -74.2193,
              10.5097
            ],
            [
              -74.2169,
              10.4919
            ],
            [
              -74.1987,
              10.4825
            ],
            [
              -74.1922,
              10.4505
            ],
            [
              -74.1819,
              10.4376
            ],
            [
              -74.1838,
              10.4146
            ],
            [
              -74.1786,
              10.4041
            ],
            [
              -74.1875,
              10.3959
            ],
            [
              -74.1801,
              10.383
            ],
            [
              -74.1693,
              10.3653
            ],
            [
              -74.158,
              10.3563
            ],
            [
              -74.1499,
              10.3705
            ],
            [
              -74.1377,
              10.376
            ],
            [
              -74.1251,
              10.3753
            ],
            [
              -74.1098,
              10.3926
            ],
            [
              -74.093,
              10.3707
            ],
            [
              -74.084,
              10.3637
            ],
            [
              -74.0572,
              10.3246
            ],
            [
              -74.0455,
              10.3383
            ],
            [
              -74.0331,
              10.3393
            ],
            [
              -74.0046,
              10.2884
            ],
            [
              -73.995,
              10.2738
            ],
            [
              -73.9781,
              10.2772
            ],
            [
              -73.9635,
              10.2904
            ],
            [
              -73.9578,
              10.3094
            ],
            [
              -73.9609,
              10.3205
            ],
            [
              -73.954,
              10.3391
            ],
            [
              -73.9448,
              10.3513
            ],
            [
              -73.9318,
              10.3566
            ],
            [
              -73.9326,
              10.3646
            ],
            [
              -73.922,
              10.3748
            ],
            [
              -73.9,
              10.3817
            ],
            [
              -73.8931,
              10.3908
            ],
            [
              -73.8566,
              10.3879
            ],
            [
              -73.8416,
              10.4007
            ],
            [
              -73.8305,
              10.4026
            ],
            [
              -73.8171,
              10.3879
            ],
            [
              -73.8071,
              10.396
            ],
            [
              -73.7917,
              10.3923
            ]
          ]
        ]
      },
      "properties": {
        "OBJECTID": 668,
        "DPTO_CCDGO": "21",
        "MPIO_CCDGO": "288",
        "name": "21031",
        "MPIO_CRSLC": "Ordenanza 47 de Junio 4 de 1945",
        "MPIO_NANO_": 1993,
        "MPIO_NAREA": 960.43999679,
        "MPIO_CSMBL": "4",
        "MPIO_CCNCT": "47288",
        "MPIO_NANO": 2012,
        "SHAPE_Leng": 2.57929478132,
        "SHAPE_Area": 0.0793086355737,
        "NOMBRE": "FUNDACION",
        "DANE": {
          "dpto_ccdgo": "47",
          "mpio_ccdgo": "288",
          "mpio_cdpmp": "47288",
          "dpto_cnmbr": "MAGDALENA",
          "mpio_cnmbr": "FUNDACIÓN",
          "mpio_crslc": "Ordenanza 47 de Junio 4 de 1945",
          "mpio_tipo": "MUNICIPIO",
          "mpio_narea": 971.909642065,
          "mpio_nano": 2024,
          "shape_Leng": 2.78873970294,
          "shape_Area": 0.0802559522105
        }
      }
    },
    {
      "type": "Feature",
      "geometry": {
        "type": "Polygon",
        "coordinates": [
          [
            [
              -73.982,
              9.3867
            ],
            [
              -73.9967,
              9.3816
            ],
            [
              -74.0106,
              9.3952
            ],
            [
              -74.0637,
              9.4032
            ],
            [
              -74.0772,
              9.3926
            ],
            [
              -74.0884,
              9.3678
            ],
            [
              -74.0993,
              9.3562
            ],
            [
              -74.1179,
              9.3454
            ],
            [
              -74.124,
              9.3327
            ],
            [
              -74.1383,
              9.3317
            ],
            [
              -74.1507,
              9.3426
            ],
            [
              -74.1772,
              9.3368
            ],
            [
              -74.1966,
              9.3255
            ],
            [
              -74.2016,
              9.3187
            ],
            [
              -74.2142,
              9.3185
            ],
            [
              -74.2146,
              9.3053
            ],
            [
              -74.2033,
              9.2931
            ],
            [
              -74.2203,
              9.2819
            ],
            [
              -74.2206,
              9.2727
            ],
            [
              -74.2347,
              9.2577
            ],
            [
              -74.2366,
              9.2494
            ],
            [
              -74.2555,
              9.2316
            ],
            [
              -74.2762,
              9.216
            ],
            [
              -74.2997,
              9.2041
            ],
            [
              -74.2911,
              9.1916
            ],
            [
              -74.2975,
              9.1769
            ],
            [
              -74.2983,
              9.1599
            ],
            [
              -74.2808,
              9.1586
            ],
            [
              -74.2665,
              9.1696
            ],
            [
              -74.2483,
              9.1647
            ],
            [
              -74.2359,
              9.1478
            ],
            [
              -74.2196,
              9.135
            ],
            [
              -74.2284,
              9.124
            ],
            [
              -74.2143,
              9.1205
            ],
            [
              -74.2023,
              9.1021
            ],
            [
              -74.1757,
              9.088
            ],
            [
              -74.1118,
              9.1372
            ],
            [
              -74.1002,
              9.1484
            ],
            [
              -74.0951,
              9.1603
            ],
            [
              -74.0937,
              9.1856
            ],
            [
              -74.0857,
              9.1981
            ],
            [
              -74.0873,
              9.2162
            ],
            [
              -74.0626,
              9.223
            ],
            [
              -74.0573,
              9.2357
            ],
            [
              -74.0478,
              9.2419
            ],
            [
              -74.0468,
              9.2623
            ],
            [
              -74.0418,
              9.2811
            ],
            [
              -74.0285,
              9.3028
            ],
            [
              -74.0081,
              9.3146
            ],
            [
              -73.9944,
              9.337
            ],
            [
              -73.9897,
              9.3511
            ],
            [
              -73.9846,
              9.365
            ],
            [
              -73.982,
              9.3867
            ]
          ]
        ]
      },
      "properties": {
        "OBJECTID": 669,
        "DPTO_CCDGO": "21",
        "MPIO_CCDGO": "318",
        "name": "21040",
        "MPIO_CRSLC": "Ordenanza 15 del 2 de Julio de 1904",
        "MPIO_NANO_": 1993,
        "MPIO_NAREA": 546.06836669,
        "MPIO_CSMBL": "4",
        "MPIO_CCNCT": "47318",
        "MPIO_NANO": 2012,
        "SHAPE_Leng": 1.12009926285,
        "SHAPE_Area": 0.0449315355972,
        "NOMBRE": "GUAMAL",
        "DANE": {
          "dpto_ccdgo": "47",
          "mpio_ccdgo": "318",
          "mpio_cdpmp": "47318",
          "dpto_cnmbr": "MAGDALENA",
          "mpio_cnmbr": "GUAMAL",
          "mpio_crslc": "Ordenanza 15 del 2 de Julio de 1904",
          "mpio_tipo": "MUNICIPIO",
          "mpio_narea": 564.528394997,
          "mpio_nano": 2024,
          "shape_Leng": 1.18120540849,
          "shape_Area": 0.046450617515
        }
      }
    },
    {
      "type": "Feature",
      "geometry": {
        "type": "Polygon",
        "coordinates": [
          [
            [
              -74.4004,
              9.9524
            ],
            [
              -74.4107,
              9.9383
            ],
            [
              -74.4142,
              9.9223
            ],
            [
              -74.4102,
              9.9019
            ],
            [
              -74.4215,
              9.8881
            ],
            [
              -74.4462,
              9.8751
            ],
            [
              -74.4541,
              9.856
            ],
            [
              -74.4803,
              9.8336
            ],
            [
              -74.4696,
              9.8267
            ],
            [
              -74.4435,
              9.8219
            ],
            [
              -74.4296,
              9.8119
            ],
            [
              -74.4366,
              9.7982
            ],
            [
              -74.436,
              9.7863
            ],
            [
              -74.4118,
              9.7557
            ],
            [
              -74.4255,
              9.7181
            ],
            [
              -74.4368,
              9.7151
            ],
            [
              -74.4286,
              9.7008
            ],
            [
              -74.4424,
              9.6749
            ],
            [
              -74.4266,
              9.6588
            ],
            [
              -74.4242,
              9.6451
            ],
            [
              -74.4553,
              9.6295
            ],
            [
              -74.4481,
              9.6193
            ],
            [
              -74.4504,
              9.6091
            ],
            [
              -74.4413,
              9.608
            ],
            [
              -74.4209,
              9.59
            ],
            [
              -74.4109,
              9.589
            ],
            [
              -74.3895,
              9.6034
            ],
            [
              -74.3804,
              9.5916
            ],
            [
              -74.367,
              9.5889
            ],
            [
              -74.3598,
              9.5739
            ],
            [
              -74.3502,
              9.5694
            ],
            [
              -74.3231,
              9.5881
            ],
            [
              -74.3013,
              9.5948
            ],
            [
              -74.285,
              9.5889
            ],
            [
              -74.2733,
              9.5759
            ],
            [
              -74.2489,
              9.5758
            ],
            [
              -74.2414,
              9.5801
            ],
            [
              -74.2173,
              9.5822
            ],
            [
              -74.2056,
              9.5906
            ],
            [
              -74.1778,
              9.619
            ],
            [
              -74.1763,
              9.6492
            ],
            [
              -74.1674,
              9.6676
            ],
            [
              -74.1949,
              9.7037
            ],
            [
              -74.1932,
              9.721
            ],
            [
              -74.198,
              9.7288
            ],
            [
              -74.229,
              9.7479
            ],
            [
              -74.2324,
              9.7606
            ],
            [
              -74.2525,
              9.7642
            ],
            [
              -74.2672,
              9.7721
            ],
            [
              -74.2728,
              9.797
            ],
            [
              -74.278,
              9.8071
            ],
            [
              -74.2659,
              9.8297
            ],
            [
              -74.2669,
              9.8472
            ],
            [
              -74.2735,
              9.857
            ],
            [
              -74.2686,
              9.8797
            ],
            [
              -74.2855,
              9.8852
            ],
            [
              -74.3005,
              9.9005
            ],
            [
              -74.3016,
              9.9092
            ],
            [
              -74.3129,
              9.9221
            ],
            [
              -74.3281,
              9.931
            ],
            [
              -74.3492,
              9.9352
            ],
            [
              -74.3603,
              9.9101
            ],
            [
              -74.3699,
              9.9252
            ],
            [
              -74.3905,
              9.9407
            ],
            [
              -74.4004,
              9.9524
            ]
          ]
        ]
      },
      "properties": {
        "OBJECTID": 670,
        "DPTO_CCDGO": "21",
        "MPIO_CCDGO": "460",
        "name": "21042",
        "MPIO_CRSLC": "Ordenanza 004 del 23 de Junio del 2000",
        "MPIO_NANO_": 2000,
        "MPIO_NAREA": 839.93052075,
        "MPIO_CSMBL": "4",
        "MPIO_CCNCT": "47460",
        "MPIO_NANO": 2012,
        "SHAPE_Leng": 1.46235129246,
        "SHAPE_Area": 0.0692060199572,
        "NOMBRE": "NUEVA GRANADA",
        "DANE": {
          "dpto_ccdgo": "47",
          "mpio_ccdgo": "460",
          "mpio_cdpmp": "47460",
          "dpto_cnmbr": "MAGDALENA",
          "mpio_cnmbr": "NUEVA GRANADA",
          "mpio_crslc": "Ordenanza 004 del 23 de Junio del 2000",
          "mpio_tipo": "MUNICIPIO",
          "mpio_narea": 842.06497005,
          "mpio_nano": 2024,
          "shape_Leng": 1.5465999326,
          "shape_Area": 0.0693819165373
        }
      }
    },
    {
      "type": "Feature",
      "geometry": {
        "type": "Polygon",
        "coordinates": [
          [
            [
              -74.8764,
              10.2137
            ],
            [
              -74.8879,
              10.2188
            ],
            [
              -74.8939,
              10.2317
            ],
            [
              -74.9157,
              10.2383
            ],
            [
              -74.9296,
              10.2105
            ],
            [
              -74.9313,
              10.1842
            ],
            [
              -74.946,
              10.1449
            ],
            [
              -74.9454,
              10.1286
            ],
            [
              -74.9364,
              10.114
            ],
            [
              -74.9267,
              10.1081
            ],
            [
              -74.8961,
              10.1072
            ],
            [
              -74.8595,
              10.0912
            ],
            [
              -74.8397,
              10.0787
            ],
            [
              -74.8251,
              10.0592
            ],
            [
              -74.8089,
              10.0677
            ],
            [
              -74.7966,
              10.0807
            ],
            [
              -74.7867,
              10.083
            ],
            [
              -74.7737,
              10.0975
            ],
            [
              -74.7535,
              10.1038
            ],
            [
              -74.7473,
              10.1232
            ],
            [
              -74.75,
              10.1407
            ],
            [
              -74.7448,
              10.1648
            ],
            [
              -74.7376,
              10.1724
            ],
            [
              -74.7166,
              10.1772
            ],
            [
              -74.7013,
              10.1851
            ],
            [
              -74.6972,
              10.1964
            ],
            [
              -74.6819,
              10.2093
            ],
            [
              -74.6927,
              10.2249
            ],
            [
              -74.704,
              10.2216
            ],
            [
              -74.7109,
              10.203
            ],
            [
              -74.7253,
              10.1874
            ],
            [
              -74.7539,
              10.1803
            ],
            [
              -74.7831,
              10.2
            ],
            [
              -74.7892,
              10.2142
            ],
            [
              -74.8278,
              10.2348
            ],
            [
              -74.8511,
              10.2251
            ],
            [
              -74.8628,
              10.2166
            ],
            [
              -74.8764,
              10.2137
            ]
          ]
        ]
      },
      "properties": {
        "OBJECTID": 671,
        "DPTO_CCDGO": "21",
        "MPIO_CCDGO": "541",
        "name": "21046",
        "MPIO_CRSLC": "Decreto dptal 1322 del 19 dediciembre de 1908",
        "MPIO_NANO_": 1993,
        "MPIO_NAREA": 308.3571991,
        "MPIO_CSMBL": "4",
        "MPIO_CCNCT": "47541",
        "MPIO_NANO": 2012,
        "SHAPE_Leng": 0.965263241159,
        "SHAPE_Area": 0.0254347285143,
        "NOMBRE": "PEDRAZA",
        "DANE": {
          "dpto_ccdgo": "47",
          "mpio_ccdgo": "541",
          "mpio_cdpmp": "47541",
          "dpto_cnmbr": "MAGDALENA",
          "mpio_cnmbr": "PEDRAZA",
          "mpio_crslc": "Decreto dptal 1322 del 19 dediciembre de 1908",
          "mpio_tipo": "MUNICIPIO",
          "mpio_narea": 305.782458081,
          "mpio_nano": 2024,
          "shape_Leng": 0.860153149334,
          "shape_Area": 0.0252226247666
        }
      }
    },
    {
      "type": "Feature",
      "geometry": {
        "type": "Polygon",
        "coordinates": [
          [
            [
              -73.8107,
              9.6736
            ],
            [
              -73.8267,
              9.6859
            ],
            [
              -73.8315,
              9.6719
            ],
            [
              -73.8643,
              9.6725
            ],
            [
              -73.8894,
              9.6671
            ],
            [
              -73.9032,
              9.6706
            ],
            [
              -73.9131,
              9.6622
            ],
            [
              -73.9272,
              9.6632
            ],
            [
              -73.9325,
              9.7042
            ],
            [
              -73.9472,
              9.7063
            ],
            [
              -73.9449,
              9.7323
            ],
            [
              -73.9598,
              9.7322
            ],
            [
              -73.9645,
              9.7197
            ],
            [
              -73.9791,
              9.7137
            ],
            [
              -73.984,
              9.685
            ],
            [
              -74.0118,
              9.6639
            ],
            [
              -74.0328,
              9.6753
            ],
            [
              -74.0603,
              9.6681
            ],
            [
              -74.0657,
              9.6533
            ],
            [
              -74.0643,
              9.6382
            ],
            [
              -74.0863,
              9.6323
            ],
            [
              -74.0914,
              9.6194
            ],
            [
              -74.1151,
              9.6058
            ],
            [
              -74.1109,
              9.5921
            ],
            [
              -74.1295,
              9.5799
            ],
            [
              -74.1609,
              9.5757
            ],
            [
              -74.1717,
              9.5647
            ],
            [
              -74.1977,
              9.5678
            ],
            [
              -74.2021,
              9.5604
            ],
            [
              -74.2251,
              9.5456
            ],
            [
              -74.2492,
              9.5189
            ],
            [
              -74.2647,
              9.528
            ],
            [
              -74.2793,
              9.5176
            ],
            [
              -74.2708,
              9.5001
            ],
            [
              -74.2699,
              9.4784
            ],
            [
              -74.2769,
              9.4671
            ],
            [
              -74.2777,
              9.4537
            ],
            [
              -74.2856,
              9.4523
            ],
            [
              -74.2925,
              9.4378
            ],
            [
              -74.3335,
              9.4171
            ],
            [
              -74.3448,
              9.4294
            ],
            [
              -74.3628,
              9.436
            ],
            [
              -74.3913,
              9.4352
            ],
            [
              -74.4028,
              9.4114
            ],
            [
              -74.4304,
              9.395
            ],
            [
              -74.4359,
              9.3986
            ],
            [
              -74.46,
              9.3964
            ],
            [
              -74.4755,
              9.4013
            ],
            [
              -74.4795,
              9.3675
            ],
            [
              -74.4797,
              9.3031
            ],
            [
              -74.4749,
              9.3166
            ],
            [
              -74.4652,
              9.3234
            ],
            [
              -74.4475,
              9.3248
            ],
            [
              -74.416,
              9.3321
            ],
            [
              -74.4098,
              9.3284
            ],
            [
              -74.3957,
              9.3391
            ],
            [
              -74.3721,
              9.3379
            ],
            [
              -74.3573,
              9.345
            ],
            [
              -74.3398,
              9.3465
            ],
            [
              -74.3377,
              9.3539
            ],
            [
              -74.2889,
              9.3771
            ],
            [
              -74.2757,
              9.4093
            ],
            [
              -74.2535,
              9.4328
            ],
            [
              -74.2339,
              9.4503
            ],
            [
              -74.2292,
              9.4601
            ],
            [
              -74.2145,
              9.4626
            ],
            [
              -74.1864,
              9.484
            ],
            [
              -74.17,
              9.4898
            ],
            [
              -74.1392,
              9.4938
            ],
            [
              -74.1197,
              9.5038
            ],
            [
              -74.1171,
              9.5109
            ],
            [
              -74.1003,
              9.5219
            ],
            [
              -74.0976,
              9.5327
            ],
            [
              -74.08,
              9.5486
            ],
            [
              -74.0639,
              9.5687
            ],
            [
              -74.0537,
              9.5668
            ],
            [
              -74.0367,
              9.5913
            ],
            [
              -74.0141,
              9.5918
            ],
            [
              -74.004,
              9.5954
            ],
            [
              -73.9845,
              9.5866
            ],
            [
              -73.955,
              9.5893
            ],
            [
              -73.9391,
              9.5983
            ],
            [
              -73.9158,
              9.6054
            ],
            [
              -73.91,
              9.6017
            ],
            [
              -73.8934,
              9.6164
            ],
            [
              -73.8819,
              9.6136
            ],
            [
              -73.8794,
              9.6009
            ],
            [
              -73.8679,
              9.601
            ],
            [
              -73.8033,
              9.6364
            ],
            [
              -73.8064,
              9.6672
            ],
            [
              -73.8107,
              9.6736
            ]
          ]
        ]
      },
      "properties": {
        "OBJECTID": 672,
        "DPTO_CCDGO": "21",
        "MPIO_CCDGO": "545",
        "name": "21048",
        "MPIO_CRSLC": "ORD 1 DE MARZO 26 DE 1996",
        "MPIO_NANO_": 1996,
        "MPIO_NAREA": 760.64017781,
        "MPIO_CSMBL": "4",
        "MPIO_CCNCT": "47545",
        "MPIO_NANO": 2012,
        "SHAPE_Leng": 2.41646924297,
        "SHAPE_Area": 0.0626371576189,
        "NOMBRE": "PIJIÑO DEL CARMEN",
        "DANE": {
          "dpto_ccdgo": "47",
          "mpio_ccdgo": "545",
          "mpio_cdpmp": "47545",
          "dpto_cnmbr": "MAGDALENA",
          "mpio_cnmbr": "PIJIÑO DEL CARMEN",
          "mpio_crslc": "ORD 1 DE MARZO 26 DE 1996",
          "mpio_tipo": "MUNICIPIO",
          "mpio_narea": 661.564154103,
          "mpio_nano": 2024,
          "shape_Leng": 2.34502623479,
          "shape_Area": 0.0544777710843
        }
      }
    },
    {
      "type": "Feature",
      "geometry": {
        "type": "Polygon",
        "coordinates": [
          [
            [
              -74.2444,
              10.5577
            ],
            [
              -74.2443,
              10.5694
            ],
            [
              -74.2582,
              10.578
            ],
            [
              -74.2715,
              10.6036
            ],
            [
              -74.2876,
              10.6087
            ],
            [
              -74.29,
              10.6188
            ],
            [
              -74.3093,
              10.6243
            ],
            [
              -74.3325,
              10.6221
            ],
            [
              -74.3476,
              10.6176
            ],
            [
              -74.3744,
              10.6213
            ],
            [
              -74.3894,
              10.6313
            ],
            [
              -74.4122,
              10.6523
            ],
            [
              -74.4206,
              10.6632
            ],
            [
              -74.4386,
              10.6781
            ],
            [
              -74.4489,
              10.6718
            ],
            [
              -74.4461,
              10.6582
            ],
            [
              -74.4374,
              10.648
            ],
            [
              -74.4407,
              10.64
            ],
            [
              -74.4346,
              10.6286
            ],
            [
              -74.4438,
              10.6101
            ],
            [
              -74.4563,
              10.593
            ],
            [
              -74.4696,
              10.5895
            ],
            [
              -74.4701,
              10.5777
            ],
            [
              -74.4834,
              10.5664
            ],
            [
              -74.5129,
              10.5554
            ],
            [
              -74.5169,
              10.5623
            ],
            [
              -74.5335,
              10.5653
            ],
            [
              -74.537,
              10.5509
            ],
            [
              -74.5295,
              10.5466
            ],
            [
              -74.5477,
              10.5294
            ],
            [
              -74.5669,
              10.5409
            ],
            [
              -74.6242,
              10.5399
            ],
            [
              -74.6245,
              10.5498
            ],
            [
              -74.6377,
              10.5602
            ],
            [
              -74.66,
              10.5569
            ],
            [
              -74.6682,
              10.5634
            ],
            [
              -74.6562,
              10.5362
            ],
            [
              -74.659,
              10.5064
            ],
            [
              -74.678,
              10.4828
            ],
            [
              -74.6846,
              10.4708
            ],
            [
              -74.631,
              10.4306
            ],
            [
              -74.6258,
              10.412
            ],
            [
              -74.6286,
              10.3995
            ],
            [
              -74.6223,
              10.3753
            ],
            [
              -74.625,
              10.3595
            ],
            [
              -74.6128,
              10.3526
            ],
            [
              -74.6056,
              10.3595
            ],
            [
              -74.5955,
              10.3561
            ],
            [
              -74.5746,
              10.364
            ],
            [
              -74.5636,
              10.3505
            ],
            [
              -74.5653,
              10.3261
            ],
            [
              -74.5486,
              10.3055
            ],
            [
              -74.5497,
              10.2987
            ],
            [
              -74.5163,
              10.2653
            ],
            [
              -74.5053,
              10.2591
            ],
            [
              -74.4954,
              10.2324
            ],
            [
              -74.4857,
              10.2267
            ],
            [
              -74.4828,
              10.2169
            ],
            [
              -74.473,
              10.2134
            ],
            [
              -74.4655,
              10.2029
            ],
            [
              -74.4564,
              10.2162
            ],
            [
              -74.4488,
              10.2148
            ],
            [
              -74.4549,
              10.2481
            ],
            [
              -74.4338,
              10.2535
            ],
            [
              -74.4325,
              10.2643
            ],
            [
              -74.4173,
              10.2636
            ],
            [
              -74.4063,
              10.2433
            ],
            [
              -74.3961,
              10.2477
            ],
            [
              -74.3862,
              10.2321
            ],
            [
              -74.373,
              10.2265
            ],
            [
              -74.3756,
              10.2153
            ],
            [
              -74.3613,
              10.2136
            ],
            [
              -74.3477,
              10.2172
            ],
            [
              -74.3512,
              10.2301
            ],
            [
              -74.3405,
              10.2429
            ],
            [
              -74.3554,
              10.257
            ],
            [
              -74.3421,
              10.262
            ],
            [
              -74.328,
              10.2488
            ],
            [
              -74.3075,
              10.2481
            ],
            [
              -74.3086,
              10.2667
            ],
            [
              -74.292,
              10.2607
            ],
            [
              -74.2925,
              10.2711
            ],
            [
              -74.2689,
              10.2694
            ],
            [
              -74.2732,
              10.2826
            ],
            [
              -74.2905,
              10.2904
            ],
            [
              -74.2872,
              10.3031
            ],
            [
              -74.262,
              10.2971
            ],
            [
              -74.2567,
              10.2912
            ],
            [
              -74.231,
              10.3235
            ],
            [
              -74.2271,
              10.3459
            ],
            [
              -74.1937,
              10.3695
            ],
            [
              -74.1893,
              10.3802
            ],
            [
              -74.1801,
              10.383
            ],
            [
              -74.1875,
              10.3959
            ],
            [
              -74.1786,
              10.4041
            ],
            [
              -74.1838,
              10.4146
            ],
            [
              -74.1819,
              10.4376
            ],
            [
              -74.1922,
              10.4505
            ],
            [
              -74.1987,
              10.4825
            ],
            [
              -74.2169,
              10.4919
            ],
            [
              -74.2193,
              10.5097
            ],
            [
              -74.2266,
              10.5258
            ],
            [
              -74.246,
              10.5499
            ],
            [
              -74.2444,
              10.5577
            ]
          ]
        ]
      },
      "properties": {
        "OBJECTID": 673,
        "DPTO_CCDGO": "21",
        "MPIO_CCDGO": "551",
        "name": "21049",
        "MPIO_CRSLC": "Ordenanza 74 de 1912",
        "MPIO_NANO_": 1993,
        "MPIO_NAREA": 1633.60686328,
        "MPIO_CSMBL": "4",
        "MPIO_CCNCT": "47551",
        "MPIO_NANO": 2012,
        "SHAPE_Leng": 2.18214954673,
        "SHAPE_Area": 0.134882899168,
        "NOMBRE": "PIVIJAY",
        "DANE": {
          "dpto_ccdgo": "47",
          "mpio_ccdgo": "551",
          "mpio_cdpmp": "47551",
          "dpto_cnmbr": "MAGDALENA",
          "mpio_cnmbr": "PIVIJAY",
          "mpio_crslc": "Ordenanza 74 de 1912",
          "mpio_tipo": "MUNICIPIO",
          "mpio_narea": 1640.44445356,
          "mpio_nano": 2024,
          "shape_Leng": 2.35615573393,
          "shape_Area": 0.135447217954
        }
      }
    },
    {
      "type": "Feature",
      "geometry": {
        "type": "Polygon",
        "coordinates": [
          [
            [
              -74.4504,
              9.6091
            ],
            [
              -74.4481,
              9.6193
            ],
            [
              -74.4553,
              9.6295
            ],
            [
              -74.4242,
              9.6451
            ],
            [
              -74.4266,
              9.6588
            ],
            [
              -74.4424,
              9.6749
            ],
            [
              -74.4286,
              9.7008
            ],
            [
              -74.4368,
              9.7151
            ],
            [
              -74.4255,
              9.7181
            ],
            [
              -74.4118,
              9.7557
            ],
            [
              -74.436,
              9.7863
            ],
            [
              -74.4366,
              9.7982
            ],
            [
              -74.4296,
              9.8119
            ],
            [
              -74.4435,
              9.8219
            ],
            [
              -74.4696,
              9.8267
            ],
            [
              -74.4803,
              9.8336
            ],
            [
              -74.4541,
              9.856
            ],
            [
              -74.4462,
              9.8751
            ],
            [
              -74.4215,
              9.8881
            ],
            [
              -74.4102,
              9.9019
            ],
            [
              -74.4142,
              9.9223
            ],
            [
              -74.4107,
              9.9383
            ],
            [
              -74.4004,
              9.9524
            ],
            [
              -74.4112,
              9.9616
            ],
            [
              -74.4414,
              9.9762
            ],
            [
              -74.4417,
              10.0173
            ],
            [
              -74.4865,
              10.0333
            ],
            [
              -74.5151,
              10.0193
            ],
            [
              -74.5421,
              10.0295
            ],
            [
              -74.5488,
              10.0251
            ],
            [
              -74.557,
              9.9902
            ],
            [
              -74.5457,
              9.9813
            ],
            [
              -74.5543,
              9.9479
            ],
            [
              -74.5576,
              9.9298
            ],
            [
              -74.5693,
              9.9174
            ],
            [
              -74.5791,
              9.8867
            ],
            [
              -74.5886,
              9.8944
            ],
            [
              -74.6077,
              9.8988
            ],
            [
              -74.6221,
              9.887
            ],
            [
              -74.6388,
              9.8935
            ],
            [
              -74.6598,
              9.8806
            ],
            [
              -74.6859,
              9.8848
            ],
            [
              -74.6932,
              9.8892
            ],
            [
              -74.7044,
              9.8763
            ],
            [
              -74.7336,
              9.8648
            ],
            [
              -74.7351,
              9.8501
            ],
            [
              -74.7458,
              9.8438
            ],
            [
              -74.7622,
              9.8436
            ],
            [
              -74.8049,
              9.8201
            ],
            [
              -74.8394,
              9.8103
            ],
            [
              -74.8149,
              9.7845
            ],
            [
              -74.8052,
              9.7618
            ],
            [
              -74.8156,
              9.7341
            ],
            [
              -74.7996,
              9.7097
            ],
            [
              -74.7886,
              9.6992
            ],
            [
              -74.7927,
              9.6866
            ],
            [
              -74.8019,
              9.6833
            ],
            [
              -74.8037,
              9.6673
            ],
            [
              -74.7907,
              9.6526
            ],
            [
              -74.777,
              9.6262
            ],
            [
              -74.7721,
              9.6044
            ],
            [
              -74.7744,
              9.5835
            ],
            [
              -74.7809,
              9.5736
            ],
            [
              -74.8054,
              9.5538
            ],
            [
              -74.8068,
              9.5453
            ],
            [
              -74.7877,
              9.5265
            ],
            [
              -74.7777,
              9.5076
            ],
            [
              -74.7625,
              9.5405
            ],
            [
              -74.7411,
              9.5506
            ],
            [
              -74.7194,
              9.548
            ],
            [
              -74.7007,
              9.5573
            ],
            [
              -74.6923,
              9.5656
            ],
            [
              -74.6617,
              9.5783
            ],
            [
              -74.6579,
              9.5901
            ],
            [
              -74.6577,
              9.6126
            ],
            [
              -74.6728,
              9.6145
            ],
            [
              -74.6869,
              9.6229
            ],
            [
              -74.6803,
              9.6347
            ],
            [
              -74.6652,
              9.6448
            ],
            [
              -74.6451,
              9.6478
            ],
            [
              -74.6328,
              9.6432
            ],
            [
              -74.6039,
              9.658
            ],
            [
              -74.591,
              9.6685
            ],
            [
              -74.5867,
              9.6555
            ],
            [
              -74.5628,
              9.6415
            ],
            [
              -74.5558,
              9.6193
            ],
            [
              -74.5346,
              9.6042
            ],
            [
              -74.5401,
              9.5834
            ],
            [
              -74.5369,
              9.576
            ],
            [
              -74.5215,
              9.5653
            ],
            [
              -74.5079,
              9.5802
            ],
            [
              -74.5014,
              9.6088
            ],
            [
              -74.4768,
              9.619
            ],
            [
              -74.4504,
              9.6091
            ]
          ]
        ]
      },
      "properties": {
        "OBJECTID": 674,
        "DPTO_CCDGO": "21",
        "MPIO_CCDGO": "555",
        "name": "21052",
        "MPIO_CRSLC": "Ordenanza 07 de diciembre de 1853",
        "MPIO_NANO_": 1993,
        "MPIO_NAREA": 1506.33556522,
        "MPIO_CSMBL": "4",
        "MPIO_CCNCT": "47555",
        "MPIO_NANO": 2012,
        "SHAPE_Leng": 2.62811355657,
        "SHAPE_Area": 0.124120577316,
        "NOMBRE": "PLATO",
        "DANE": {
          "dpto_ccdgo": "47",
          "mpio_ccdgo": "555",
          "mpio_cdpmp": "47555",
          "dpto_cnmbr": "MAGDALENA",
          "mpio_cnmbr": "PLATO",
          "mpio_crslc": "Ordenanza 07 de diciembre de 1853",
          "mpio_tipo": "MUNICIPIO",
          "mpio_narea": 1457.31289529,
          "mpio_nano": 2024,
          "shape_Leng": 2.47387135031,
          "shape_Area": 0.120079188591
        }
      }
    },
    {
      "type": "Feature",
      "geometry": {
        "type": "Polygon",
        "coordinates": [
          [
            [
              -74.2663,
              10.8657
            ],
            [
              -74.2785,
              10.8739
            ],
            [
              -74.2791,
              10.8949
            ],
            [
              -74.2617,
              10.9093
            ],
            [
              -74.2673,
              10.9394
            ],
            [
              -74.2651,
              11.0065
            ],
            [
              -74.303,
              10.9853
            ],
            [
              -74.3559,
              10.9757
            ],
            [
              -74.4209,
              10.9748
            ],
            [
              -74.446,
              10.976
            ],
            [
              -74.4848,
              10.981
            ],
            [
              -74.4815,
              10.8638
            ],
            [
              -74.4827,
              10.8413
            ],
            [
              -74.4791,
              10.8248
            ],
            [
              -74.4663,
              10.8109
            ],
            [
              -74.4604,
              10.7894
            ],
            [
              -74.4624,
              10.7606
            ],
            [
              -74.4562,
              10.7353
            ],
            [
              -74.4503,
              10.7257
            ],
            [
              -74.432,
              10.7286
            ],
            [
              -74.4277,
              10.723
            ],
            [
              -74.419,
              10.731
            ],
            [
              -74.3921,
              10.7367
            ],
            [
              -74.3751,
              10.7451
            ],
            [
              -74.3741,
              10.7577
            ],
            [
              -74.3648,
              10.767
            ],
            [
              -74.345,
              10.7541
            ],
            [
              -74.341,
              10.738
            ],
            [
              -74.3122,
              10.7015
            ],
            [
              -74.2905,
              10.7044
            ],
            [
              -74.2623,
              10.6818
            ],
            [
              -74.2576,
              10.6649
            ],
            [
              -74.2197,
              10.6625
            ],
            [
              -74.2196,
              10.6929
            ],
            [
              -74.2279,
              10.6895
            ],
            [
              -74.2401,
              10.6977
            ],
            [
              -74.2348,
              10.7148
            ],
            [
              -74.2429,
              10.7204
            ],
            [
              -74.2487,
              10.7353
            ],
            [
              -74.2503,
              10.7688
            ],
            [
              -74.2463,
              10.7795
            ],
            [
              -74.2675,
              10.799
            ],
            [
              -74.2613,
              10.8123
            ],
            [
              -74.2589,
              10.8326
            ],
            [
              -74.2712,
              10.8377
            ],
            [
              -74.2723,
              10.8594
            ],
            [
              -74.2663,
              10.8657
            ]
          ]
        ]
      },
      "properties": {
        "OBJECTID": 675,
        "DPTO_CCDGO": "21",
        "MPIO_CCDGO": "570",
        "name": "21055",
        "MPIO_CRSLC": "Ordenanza 73 del 3 de Mayo de 1929",
        "MPIO_NANO_": 1993,
        "MPIO_NAREA": 664.98728579,
        "MPIO_CSMBL": "4",
        "MPIO_CCNCT": "47570",
        "MPIO_NANO": 2012,
        "SHAPE_Leng": 1.33026477303,
        "SHAPE_Area": 0.0549797732925,
        "NOMBRE": "PUEBLOVIEJO",
        "DANE": {
          "dpto_ccdgo": "47",
          "mpio_ccdgo": "570",
          "mpio_cdpmp": "47570",
          "dpto_cnmbr": "MAGDALENA",
          "mpio_cnmbr": "PUEBLOVIEJO",
          "mpio_crslc": "Ordenanza 73 del 3 de Mayo de 1929",
          "mpio_tipo": "MUNICIPIO",
          "mpio_narea": 675.462847303,
          "mpio_nano": 2024,
          "shape_Leng": 1.42903443888,
          "shape_Area": 0.0558457661828
        }
      }
    },
    {
      "type": "Feature",
      "geometry": {
        "type": "Polygon",
        "coordinates": [
          [
            [
              -74.4277,
              10.723
            ],
            [
              -74.473,
              10.7192
            ],
            [
              -74.4659,
              10.7398
            ],
            [
              -74.4719,
              10.7453
            ],
            [
              -74.4981,
              10.7526
            ],
            [
              -74.5359,
              10.752
            ],
            [
              -74.5872,
              10.736
            ],
            [
              -74.5961,
              10.7381
            ],
            [
              -74.6036,
              10.7237
            ],
            [
              -74.628,
              10.7259
            ],
            [
              -74.64,
              10.7319
            ],
            [
              -74.6638,
              10.7264
            ],
            [
              -74.6907,
              10.7281
            ],
            [
              -74.6999,
              10.7256
            ],
            [
              -74.726,
              10.7278
            ],
            [
              -74.7236,
              10.667
            ],
            [
              -74.7464,
              10.6511
            ],
            [
              -74.7398,
              10.6345
            ],
            [
              -74.725,
              10.6197
            ],
            [
              -74.7261,
              10.6012
            ],
            [
              -74.7194,
              10.5929
            ],
            [
              -74.7038,
              10.5954
            ],
            [
              -74.689,
              10.5913
            ],
            [
              -74.6827,
              10.5967
            ],
            [
              -74.6726,
              10.5856
            ],
            [
              -74.6682,
              10.5634
            ],
            [
              -74.66,
              10.5569
            ],
            [
              -74.6377,
              10.5602
            ],
            [
              -74.6245,
              10.5498
            ],
            [
              -74.6242,
              10.5399
            ],
            [
              -74.5669,
              10.5409
            ],
            [
              -74.5477,
              10.5294
            ],
            [
              -74.5295,
              10.5466
            ],
            [
              -74.537,
              10.5509
            ],
            [
              -74.5335,
              10.5653
            ],
            [
              -74.5169,
              10.5623
            ],
            [
              -74.5129,
              10.5554
            ],
            [
              -74.4834,
              10.5664
            ],
            [
              -74.4701,
              10.5777
            ],
            [
              -74.4696,
              10.5895
            ],
            [
              -74.4563,
              10.593
            ],
            [
              -74.4438,
              10.6101
            ],
            [
              -74.4346,
              10.6286
            ],
            [
              -74.4407,
              10.64
            ],
            [
              -74.4374,
              10.648
            ],
            [
              -74.4461,
              10.6582
            ],
            [
              -74.4489,
              10.6718
            ],
            [
              -74.4513,
              10.684
            ],
            [
              -74.4415,
              10.69
            ],
            [
              -74.4277,
              10.723
            ]
          ]
        ]
      },
      "properties": {
        "OBJECTID": 676,
        "DPTO_CCDGO": "21",
        "MPIO_CCDGO": "605",
        "name": "21058",
        "MPIO_CRSLC": "1814",
        "MPIO_NANO_": 1993,
        "MPIO_NAREA": 589.83951655,
        "MPIO_CSMBL": "4",
        "MPIO_CCNCT": "47605",
        "MPIO_NANO": 2012,
        "SHAPE_Leng": 1.09295560481,
        "SHAPE_Area": 0.048732843628,
        "NOMBRE": "REMOLINO",
        "DANE": {
          "dpto_ccdgo": "47",
          "mpio_ccdgo": "605",
          "mpio_cdpmp": "47605",
          "dpto_cnmbr": "MAGDALENA",
          "mpio_cnmbr": "REMOLINO",
          "mpio_crslc": "1814",
          "mpio_tipo": "MUNICIPIO",
          "mpio_narea": 594.931200528,
          "mpio_nano": 2024,
          "shape_Leng": 1.23406839422,
          "shape_Area": 0.0491533973049
        }
      }
    },
    {
      "type": "Feature",
      "geometry": {
        "type": "Polygon",
        "coordinates": [
          [
            [
              -74.1801,
              10.383
            ],
            [
              -74.1893,
              10.3802
            ],
            [
              -74.1937,
              10.3695
            ],
            [
              -74.2271,
              10.3459
            ],
            [
              -74.231,
              10.3235
            ],
            [
              -74.2567,
              10.2912
            ],
            [
              -74.262,
              10.2971
            ],
            [
              -74.2872,
              10.3031
            ],
            [
              -74.2905,
              10.2904
            ],
            [
              -74.2732,
              10.2826
            ],
            [
              -74.2689,
              10.2694
            ],
            [
              -74.2925,
              10.2711
            ],
            [
              -74.292,
              10.2607
            ],
            [
              -74.3086,
              10.2667
            ],
            [
              -74.3075,
              10.2481
            ],
            [
              -74.328,
              10.2488
            ],
            [
              -74.3421,
              10.262
            ],
            [
              -74.3554,
              10.257
            ],
            [
              -74.3405,
              10.2429
            ],
            [
              -74.3512,
              10.2301
            ],
            [
              -74.3477,
              10.2172
            ],
            [
              -74.3613,
              10.2136
            ],
            [
              -74.3756,
              10.2153
            ],
            [
              -74.373,
              10.2265
            ],
            [
              -74.3862,
              10.2321
            ],
            [
              -74.3961,
              10.2477
            ],
            [
              -74.4063,
              10.2433
            ],
            [
              -74.4173,
              10.2636
            ],
            [
              -74.4325,
              10.2643
            ],
            [
              -74.4338,
              10.2535
            ],
            [
              -74.4549,
              10.2481
            ],
            [
              -74.4488,
              10.2148
            ],
            [
              -74.4564,
              10.2162
            ],
            [
              -74.4655,
              10.2029
            ],
            [
              -74.4412,
              10.1842
            ],
            [
              -74.4095,
              10.1513
            ],
            [
              -74.3936,
              10.1379
            ],
            [
              -74.3894,
              10.1266
            ],
            [
              -74.4043,
              10.101
            ],
            [
              -74.3985,
              10.0833
            ],
            [
              -74.406,
              10.0698
            ],
            [
              -74.4082,
              10.0527
            ],
            [
              -74.4145,
              10.0439
            ],
            [
              -74.4024,
              10.0341
            ],
            [
              -74.4242,
              10.0165
            ],
            [
              -74.4417,
              10.0173
            ],
            [
              -74.4414,
              9.9762
            ],
            [
              -74.4112,
              9.9616
            ],
            [
              -74.4004,
              9.9524
            ],
            [
              -74.3905,
              9.9407
            ],
            [
              -74.3699,
              9.9252
            ],
            [
              -74.3603,
              9.9101
            ],
            [
              -74.3492,
              9.9352
            ],
            [
              -74.3281,
              9.931
            ],
            [
              -74.3129,
              9.9221
            ],
            [
              -74.3016,
              9.9092
            ],
            [
              -74.3005,
              9.9005
            ],
            [
              -74.2855,
              9.8852
            ],
            [
              -74.2686,
              9.8797
            ],
            [
              -74.2622,
              9.9044
            ],
            [
              -74.257,
              9.9085
            ],
            [
              -74.2611,
              9.936
            ],
            [
              -74.2551,
              9.9457
            ],
            [
              -74.2479,
              9.9715
            ],
            [
              -74.23,
              9.9833
            ],
            [
              -74.2009,
              9.9913
            ],
            [
              -74.1861,
              9.9918
            ],
            [
              -74.1844,
              9.9811
            ],
            [
              -74.1677,
              9.9816
            ],
            [
              -74.1537,
              9.9729
            ],
            [
              -74.1466,
              9.9577
            ],
            [
              -74.1348,
              9.9451
            ],
            [
              -74.1254,
              9.9521
            ],
            [
              -74.1278,
              9.9669
            ],
            [
              -74.1051,
              9.9665
            ],
            [
              -74.0989,
              9.982
            ],
            [
              -74.0699,
              9.9889
            ],
            [
              -74.0623,
              9.9799
            ],
            [
              -74.0543,
              9.993
            ],
            [
              -74.0346,
              9.9984
            ],
            [
              -74.0361,
              10.0046
            ],
            [
              -74.0545,
              10.0162
            ],
            [
              -74.062,
              10.0419
            ],
            [
              -74.074,
              10.0517
            ],
            [
              -74.0838,
              10.0598
            ],
            [
              -74.0976,
              10.0812
            ],
            [
              -74.115,
              10.13
            ],
            [
              -74.1119,
              10.1424
            ],
            [
              -74.1163,
              10.1642
            ],
            [
              -74.1254,
              10.1795
            ],
            [
              -74.1274,
              10.2066
            ],
            [
              -74.133,
              10.2085
            ],
            [
              -74.16,
              10.1943
            ],
            [
              -74.1813,
              10.1984
            ],
            [
              -74.1954,
              10.1872
            ],
            [
              -74.2108,
              10.1922
            ],
            [
              -74.213,
              10.1989
            ],
            [
              -74.2022,
              10.2325
            ],
            [
              -74.1911,
              10.2517
            ],
            [
              -74.1881,
              10.2666
            ],
            [
              -74.1902,
              10.294
            ],
            [
              -74.1816,
              10.3191
            ],
            [
              -74.1707,
              10.3247
            ],
            [
              -74.1675,
              10.3415
            ],
            [
              -74.158,
              10.3563
            ],
            [
              -74.1693,
              10.3653
            ],
            [
              -74.1801,
              10.383
            ]
          ]
        ]
      },
      "properties": {
        "OBJECTID": 677,
        "DPTO_CCDGO": "21",
        "MPIO_CCDGO": "660",
        "name": "21060",
        "MPIO_CRSLC": "Ordenanza 006 del 24 de Junio de 1999",
        "MPIO_NANO_": 1999,
        "MPIO_NAREA": 1194.154019,
        "MPIO_CSMBL": "4",
        "MPIO_CCNCT": "47660",
        "MPIO_NANO": 2012,
        "SHAPE_Leng": 2.26666134598,
        "SHAPE_Area": 0.0985027783321,
        "NOMBRE": "SABANAS DE SAN ANGEL",
        "DANE": {
          "dpto_ccdgo": "47",
          "mpio_ccdgo": "660",
          "mpio_cdpmp": "47660",
          "dpto_cnmbr": "MAGDALENA",
          "mpio_cnmbr": "SABANAS DE SAN ÁNGEL",
          "mpio_crslc": "Ordenanza 006 del 24 de Junio de 1999",
          "mpio_tipo": "MUNICIPIO",
          "mpio_narea": 1238.96717415,
          "mpio_nano": 2024,
          "shape_Leng": 2.48257005401,
          "shape_Area": 0.10219757897
        }
      }
    },
    {
      "type": "Feature",
      "geometry": {
        "type": "Polygon",
        "coordinates": [
          [
            [
              -74.6682,
              10.5634
            ],
            [
              -74.6726,
              10.5856
            ],
            [
              -74.6827,
              10.5967
            ],
            [
              -74.689,
              10.5913
            ],
            [
              -74.7038,
              10.5954
            ],
            [
              -74.7194,
              10.5929
            ],
            [
              -74.7261,
              10.6012
            ],
            [
              -74.7384,
              10.58
            ],
            [
              -74.7362,
              10.5487
            ],
            [
              -74.7445,
              10.5382
            ],
            [
              -74.7671,
              10.5281
            ],
            [
              -74.7824,
              10.5153
            ],
            [
              -74.8065,
              10.4829
            ],
            [
              -74.812,
              10.4509
            ],
            [
              -74.7874,
              10.4595
            ],
            [
              -74.7051,
              10.4514
            ],
            [
              -74.6846,
              10.4708
            ],
            [
              -74.678,
              10.4828
            ],
            [
              -74.659,
              10.5064
            ],
            [
              -74.6562,
              10.5362
            ],
            [
              -74.6682,
              10.5634
            ]
          ]
        ]
      },
      "properties": {
        "OBJECTID": 678,
        "DPTO_CCDGO": "21",
        "MPIO_CCDGO": "675",
        "name": "21067",
        "MPIO_CRSLC": "1865",
        "MPIO_NANO_": 1993,
        "MPIO_NAREA": 169.85173048,
        "MPIO_CSMBL": "4",
        "MPIO_CCNCT": "47675",
        "MPIO_NANO": 2012,
        "SHAPE_Leng": 0.547649923097,
        "SHAPE_Area": 0.0140264985895,
        "NOMBRE": "SALAMINA",
        "DANE": {
          "dpto_ccdgo": "47",
          "mpio_ccdgo": "675",
          "mpio_cdpmp": "47675",
          "dpto_cnmbr": "MAGDALENA",
          "mpio_cnmbr": "SALAMINA",
          "mpio_crslc": "1865",
          "mpio_tipo": "MUNICIPIO",
          "mpio_narea": 170.478641216,
          "mpio_nano": 2024,
          "shape_Leng": 0.554730493688,
          "shape_Area": 0.0140783824346
        }
      }
    },
    {
      "type": "Feature",
      "geometry": {
        "type": "Polygon",
        "coordinates": [
          [
            [
              -74.1392,
              9.4938
            ],
            [
              -74.17,
              9.4898
            ],
            [
              -74.1864,
              9.484
            ],
            [
              -74.191,
              9.4525
            ],
            [
              -74.2146,
              9.4117
            ],
            [
              -74.2301,
              9.399
            ],
            [
              -74.2434,
              9.3773
            ],
            [
              -74.2437,
              9.3497
            ],
            [
              -74.2841,
              9.3276
            ],
            [
              -74.3758,
              9.2563
            ],
            [
              -74.3903,
              9.2369
            ],
            [
              -74.403,
              9.2263
            ],
            [
              -74.4104,
              9.2382
            ],
            [
              -74.4179,
              9.2362
            ],
            [
              -74.403,
              9.2137
            ],
            [
              -74.3918,
              9.2152
            ],
            [
              -74.36,
              9.2314
            ],
            [
              -74.3442,
              9.2318
            ],
            [
              -74.3281,
              9.2194
            ],
            [
              -74.2997,
              9.2041
            ],
            [
              -74.2762,
              9.216
            ],
            [
              -74.2555,
              9.2316
            ],
            [
              -74.2366,
              9.2494
            ],
            [
              -74.2347,
              9.2577
            ],
            [
              -74.2206,
              9.2727
            ],
            [
              -74.2203,
              9.2819
            ],
            [
              -74.2033,
              9.2931
            ],
            [
              -74.2146,
              9.3053
            ],
            [
              -74.2142,
              9.3185
            ],
            [
              -74.2016,
              9.3187
            ],
            [
              -74.1966,
              9.3255
            ],
            [
              -74.1772,
              9.3368
            ],
            [
              -74.1507,
              9.3426
            ],
            [
              -74.1383,
              9.3317
            ],
            [
              -74.124,
              9.3327
            ],
            [
              -74.1179,
              9.3454
            ],
            [
              -74.0993,
              9.3562
            ],
            [
              -74.0884,
              9.3678
            ],
            [
              -74.0772,
              9.3926
            ],
            [
              -74.0637,
              9.4032
            ],
            [
              -74.0106,
              9.3952
            ],
            [
              -73.9967,
              9.3816
            ],
            [
              -73.982,
              9.3867
            ],
            [
              -73.9781,
              9.3894
            ],
            [
              -73.9907,
              9.3977
            ],
            [
              -74.0001,
              9.3948
            ],
            [
              -74.0237,
              9.4179
            ],
            [
              -74.0339,
              9.424
            ],
            [
              -74.0492,
              9.4244
            ],
            [
              -74.0639,
              9.437
            ],
            [
              -74.068,
              9.447
            ],
            [
              -74.0917,
              9.4654
            ],
            [
              -74.0974,
              9.4767
            ],
            [
              -74.1214,
              9.4806
            ],
            [
              -74.1392,
              9.4938
            ]
          ]
        ]
      },
      "properties": {
        "OBJECTID": 679,
        "DPTO_CCDGO": "21",
        "MPIO_CCDGO": "692",
        "name": "21070",
        "MPIO_CRSLC": "Decreto 687 de Diciembre 13 de 1957",
        "MPIO_NANO_": 1993,
        "MPIO_NAREA": 435.34135658,
        "MPIO_CSMBL": "4",
        "MPIO_CCNCT": "47692",
        "MPIO_NANO": 2012,
        "SHAPE_Leng": 1.29274061365,
        "SHAPE_Area": 0.0358311373691,
        "NOMBRE": "SAN SEBASTIAN DE BUENAVISTA",
        "DANE": {
          "dpto_ccdgo": "47",
          "mpio_ccdgo": "692",
          "mpio_cdpmp": "47692",
          "dpto_cnmbr": "MAGDALENA",
          "mpio_cnmbr": "SAN SEBASTIÁN DE BUENAVISTA",
          "mpio_crslc": "Decreto 687 de Diciembre 13 de 1957",
          "mpio_tipo": "MUNICIPIO",
          "mpio_narea": 437.644350737,
          "mpio_nano": 2024,
          "shape_Leng": 1.36157888272,
          "shape_Area": 0.0360206536227
        }
      }
    },
    {
      "type": "Feature",
      "geometry": {
        "type": "Polygon",
        "coordinates": [
          [
            [
              -74.1864,
              9.484
            ],
            [
              -74.2145,
              9.4626
            ],
            [
              -74.2292,
              9.4601
            ],
            [
              -74.2339,
              9.4503
            ],
            [
              -74.2535,
              9.4328
            ],
            [
              -74.2757,
              9.4093
            ],
            [
              -74.2889,
              9.3771
            ],
            [
              -74.3377,
              9.3539
            ],
            [
              -74.3398,
              9.3465
            ],
            [
              -74.3573,
              9.345
            ],
            [
              -74.3721,
              9.3379
            ],
            [
              -74.3957,
              9.3391
            ],
            [
              -74.4098,
              9.3284
            ],
            [
              -74.416,
              9.3321
            ],
            [
              -74.4475,
              9.3248
            ],
            [
              -74.4652,
              9.3234
            ],
            [
              -74.4749,
              9.3166
            ],
            [
              -74.4797,
              9.3031
            ],
            [
              -74.4811,
              9.2939
            ],
            [
              -74.5109,
              9.2941
            ],
            [
              -74.5141,
              9.2819
            ],
            [
              -74.5247,
              9.2789
            ],
            [
              -74.5206,
              9.2641
            ],
            [
              -74.532,
              9.2557
            ],
            [
              -74.5306,
              9.2421
            ],
            [
              -74.5142,
              9.2338
            ],
            [
              -74.4868,
              9.2504
            ],
            [
              -74.4638,
              9.2713
            ],
            [
              -74.4494,
              9.2689
            ],
            [
              -74.4397,
              9.274
            ],
            [
              -74.4179,
              9.2362
            ],
            [
              -74.4104,
              9.2382
            ],
            [
              -74.403,
              9.2263
            ],
            [
              -74.3903,
              9.2369
            ],
            [
              -74.3758,
              9.2563
            ],
            [
              -74.2841,
              9.3276
            ],
            [
              -74.2437,
              9.3497
            ],
            [
              -74.2434,
              9.3773
            ],
            [
              -74.2301,
              9.399
            ],
            [
              -74.2146,
              9.4117
            ],
            [
              -74.191,
              9.4525
            ],
            [
              -74.1864,
              9.484
            ]
          ]
        ]
      },
      "properties": {
        "OBJECTID": 680,
        "DPTO_CCDGO": "21",
        "MPIO_CCDGO": "703",
        "name": "21073",
        "MPIO_CRSLC": "1909",
        "MPIO_NANO_": 1993,
        "MPIO_NAREA": 240.2519516,
        "MPIO_CSMBL": "4",
        "MPIO_CCNCT": "47703",
        "MPIO_NANO": 2012,
        "SHAPE_Leng": 1.05123904191,
        "SHAPE_Area": 0.0197726202297,
        "NOMBRE": "SAN ZENON",
        "DANE": {
          "dpto_ccdgo": "47",
          "mpio_ccdgo": "703",
          "mpio_cdpmp": "47703",
          "dpto_cnmbr": "MAGDALENA",
          "mpio_cnmbr": "SAN ZENÓN",
          "mpio_crslc": "1909",
          "mpio_tipo": "MUNICIPIO",
          "mpio_narea": 268.883197477,
          "mpio_nano": 2024,
          "shape_Leng": 1.11637018737,
          "shape_Area": 0.0221286727005
        }
      }
    },
    {
      "type": "Feature",
      "geometry": {
        "type": "Polygon",
        "coordinates": [
          [
            [
              -73.8399,
              9.7362
            ],
            [
              -73.8545,
              9.7384
            ],
            [
              -73.8598,
              9.7271
            ],
            [
              -73.8782,
              9.726
            ],
            [
              -73.903,
              9.7337
            ],
            [
              -73.907,
              9.7414
            ],
            [
              -73.9367,
              9.7398
            ],
            [
              -73.9669,
              9.7516
            ],
            [
              -73.972,
              9.7461
            ],
            [
              -73.9864,
              9.7465
            ],
            [
              -74.0123,
              9.7394
            ],
            [
              -74.0224,
              9.7407
            ],
            [
              -74.0456,
              9.7239
            ],
            [
              -74.0748,
              9.7089
            ],
            [
              -74.0852,
              9.71
            ],
            [
              -74.0946,
              9.7034
            ],
            [
              -74.0944,
              9.6938
            ],
            [
              -74.1039,
              9.6803
            ],
            [
              -74.1248,
              9.6657
            ],
            [
              -74.1541,
              9.6521
            ],
            [
              -74.1608,
              9.6432
            ],
            [
              -74.1602,
              9.6297
            ],
            [
              -74.1778,
              9.619
            ],
            [
              -74.2056,
              9.5906
            ],
            [
              -74.2173,
              9.5822
            ],
            [
              -74.2414,
              9.5801
            ],
            [
              -74.2489,
              9.5758
            ],
            [
              -74.2733,
              9.5759
            ],
            [
              -74.285,
              9.5889
            ],
            [
              -74.3013,
              9.5948
            ],
            [
              -74.3231,
              9.5881
            ],
            [
              -74.3502,
              9.5694
            ],
            [
              -74.3598,
              9.5739
            ],
            [
              -74.367,
              9.5889
            ],
            [
              -74.3804,
              9.5916
            ],
            [
              -74.3895,
              9.6034
            ],
            [
              -74.4109,
              9.589
            ],
            [
              -74.4209,
              9.59
            ],
            [
              -74.4413,
              9.608
            ],
            [
              -74.4504,
              9.6091
            ],
            [
              -74.4768,
              9.619
            ],
            [
              -74.5014,
              9.6088
            ],
            [
              -74.5079,
              9.5802
            ],
            [
              -74.5215,
              9.5653
            ],
            [
              -74.5296,
              9.5574
            ],
            [
              -74.5257,
              9.5349
            ],
            [
              -74.5418,
              9.5102
            ],
            [
              -74.5519,
              9.5014
            ],
            [
              -74.5572,
              9.4883
            ],
            [
              -74.5758,
              9.4897
            ],
            [
              -74.5815,
              9.477
            ],
            [
              -74.5989,
              9.4583
            ],
            [
              -74.5952,
              9.4403
            ],
            [
              -74.6099,
              9.4246
            ],
            [
              -74.6099,
              9.4128
            ],
            [
              -74.6299,
              9.3906
            ],
            [
              -74.6548,
              9.3898
            ],
            [
              -74.6559,
              9.3839
            ],
            [
              -74.6294,
              9.3792
            ],
            [
              -74.6211,
              9.3744
            ],
            [
              -74.6135,
              9.3609
            ],
            [
              -74.6155,
              9.3412
            ],
            [
              -74.5924,
              9.3236
            ],
            [
              -74.5668,
              9.3154
            ],
            [
              -74.5614,
              9.2942
            ],
            [
              -74.532,
              9.2557
            ],
            [
              -74.5206,
              9.2641
            ],
            [
              -74.5247,
              9.2789
            ],
            [
              -74.5141,
              9.2819
            ],
            [
              -74.5109,
              9.2941
            ],
            [
              -74.4811,
              9.2939
            ],
            [
              -74.4797,
              9.3031
            ],
            [
              -74.4795,
              9.3675
            ],
            [
              -74.4755,
              9.4013
            ],
            [
              -74.46,
              9.3964
            ],
            [
              -74.4359,
              9.3986
            ],
            [
              -74.4304,
              9.395
            ],
            [
              -74.4028,
              9.4114
            ],
            [
              -74.3913,
              9.4352
            ],
            [
              -74.3628,
              9.436
            ],
            [
              -74.3448,
              9.4294
            ],
            [
              -74.3335,
              9.4171
            ],
            [
              -74.2925,
              9.4378
            ],
            [
              -74.2856,
              9.4523
            ],
            [
              -74.2777,
              9.4537
            ],
            [
              -74.2769,
              9.4671
            ],
            [
              -74.2699,
              9.4784
            ],
            [
              -74.2708,
              9.5001
            ],
            [
              -74.2793,
              9.5176
            ],
            [
              -74.2647,
              9.528
            ],
            [
              -74.2492,
              9.5189
            ],
            [
              -74.2251,
              9.5456
            ],
            [
              -74.2021,
              9.5604
            ],
            [
              -74.1977,
              9.5678
            ],
            [
              -74.1717,
              9.5647
            ],
            [
              -74.1609,
              9.5757
            ],
            [
              -74.1295,
              9.5799
            ],
            [
              -74.1109,
              9.5921
            ],
            [
              -74.1151,
              9.6058
            ],
            [
              -74.0914,
              9.6194
            ],
            [
              -74.0863,
              9.6323
            ],
            [
              -74.0643,
              9.6382
            ],
            [
              -74.0657,
              9.6533
            ],
            [
              -74.0603,
              9.6681
            ],
            [
              -74.0328,
              9.6753
            ],
            [
              -74.0118,
              9.6639
            ],
            [
              -73.984,
              9.685
            ],
            [
              -73.9791,
              9.7137
            ],
            [
              -73.9645,
              9.7197
            ],
            [
              -73.9598,
              9.7322
            ],
            [
              -73.9449,
              9.7323
            ],
            [
              -73.9472,
              9.7063
            ],
            [
              -73.9325,
              9.7042
            ],
            [
              -73.9272,
              9.6632
            ],
            [
              -73.9131,
              9.6622
            ],
            [
              -73.9032,
              9.6706
            ],
            [
              -73.8894,
              9.6671
            ],
            [
              -73.8643,
              9.6725
            ],
            [
              -73.8315,
              9.6719
            ],
            [
              -73.8267,
              9.6859
            ],
            [
              -73.8107,
              9.6736
            ],
            [
              -73.8105,
              9.696
            ],
            [
              -73.8289,
              9.7158
            ],
            [
              -73.8399,
              9.7362
            ]
          ]
        ]
      },
      "properties": {
        "OBJECTID": 681,
        "DPTO_CCDGO": "21",
        "MPIO_CCDGO": "707",
        "name": "21076",
        "MPIO_CRSLC": "Ordenanza 14 de 1918",
        "MPIO_NANO_": 1993,
        "MPIO_NAREA": 1116.7881595,
        "MPIO_CSMBL": "4",
        "MPIO_CCNCT": "47707",
        "MPIO_NANO": 2012,
        "SHAPE_Leng": 3.02428670537,
        "SHAPE_Area": 0.0919578318943,
        "NOMBRE": "SANTA ANA",
        "DANE": {
          "dpto_ccdgo": "47",
          "mpio_ccdgo": "707",
          "mpio_cdpmp": "47707",
          "dpto_cnmbr": "MAGDALENA",
          "mpio_cnmbr": "SANTA ANA",
          "mpio_crslc": "Ordenanza 14 de 1918",
          "mpio_tipo": "MUNICIPIO",
          "mpio_narea": 1120.42354335,
          "mpio_nano": 2024,
          "shape_Leng": 3.19856821097,
          "shape_Area": 0.0922584346375
        }
      }
    },
    {
      "type": "Feature",
      "geometry": {
        "type": "Polygon",
        "coordinates": [
          [
            [
              -74.5215,
              9.5653
            ],
            [
              -74.5369,
              9.576
            ],
            [
              -74.5401,
              9.5834
            ],
            [
              -74.5346,
              9.6042
            ],
            [
              -74.5558,
              9.6193
            ],
            [
              -74.5628,
              9.6415
            ],
            [
              -74.5867,
              9.6555
            ],
            [
              -74.591,
              9.6685
            ],
            [
              -74.6039,
              9.658
            ],
            [
              -74.6328,
              9.6432
            ],
            [
              -74.6451,
              9.6478
            ],
            [
              -74.6652,
              9.6448
            ],
            [
              -74.6803,
              9.6347
            ],
            [
              -74.6869,
              9.6229
            ],
            [
              -74.6728,
              9.6145
            ],
            [
              -74.6577,
              9.6126
            ],
            [
              -74.6579,
              9.5901
            ],
            [
              -74.6617,
              9.5783
            ],
            [
              -74.6923,
              9.5656
            ],
            [
              -74.7007,
              9.5573
            ],
            [
              -74.7194,
              9.548
            ],
            [
              -74.7411,
              9.5506
            ],
            [
              -74.7625,
              9.5405
            ],
            [
              -74.7777,
              9.5076
            ],
            [
              -74.7769,
              9.4961
            ],
            [
              -74.79,
              9.4786
            ],
            [
              -74.8068,
              9.4653
            ],
            [
              -74.8089,
              9.4565
            ],
            [
              -74.8008,
              9.4421
            ],
            [
              -74.7787,
              9.4618
            ],
            [
              -74.7642,
              9.4639
            ],
            [
              -74.7529,
              9.459
            ],
            [
              -74.7392,
              9.4396
            ],
            [
              -74.7391,
              9.426
            ],
            [
              -74.7202,
              9.4176
            ],
            [
              -74.6987,
              9.4268
            ],
            [
              -74.6916,
              9.4196
            ],
            [
              -74.6737,
              9.414
            ],
            [
              -74.6646,
              9.3915
            ],
            [
              -74.6559,
              9.3839
            ],
            [
              -74.6548,
              9.3898
            ],
            [
              -74.6299,
              9.3906
            ],
            [
              -74.6099,
              9.4128
            ],
            [
              -74.6099,
              9.4246
            ],
            [
              -74.5952,
              9.4403
            ],
            [
              -74.5989,
              9.4583
            ],
            [
              -74.5815,
              9.477
            ],
            [
              -74.5758,
              9.4897
            ],
            [
              -74.5572,
              9.4883
            ],
            [
              -74.5519,
              9.5014
            ],
            [
              -74.5418,
              9.5102
            ],
            [
              -74.5257,
              9.5349
            ],
            [
              -74.5296,
              9.5574
            ],
            [
              -74.5215,
              9.5653
            ]
          ]
        ]
      },
      "properties": {
        "OBJECTID": 682,
        "DPTO_CCDGO": "21",
        "MPIO_CCDGO": "720",
        "name": "21078",
        "MPIO_CRSLC": "Ordenanza 003 del 23 de Junio del 2000",
        "MPIO_NANO_": 2000,
        "MPIO_NAREA": 500.38144442,
        "MPIO_CSMBL": "4",
        "MPIO_CCNCT": "47720",
        "MPIO_NANO": 2012,
        "SHAPE_Leng": 1.19521007541,
        "SHAPE_Area": 0.0412000992714,
        "NOMBRE": "SANTA BARBARA DE PINTO",
        "DANE": {
          "dpto_ccdgo": "47",
          "mpio_ccdgo": "720",
          "mpio_cdpmp": "47720",
          "dpto_cnmbr": "MAGDALENA",
          "mpio_cnmbr": "SANTA BÁRBARA DE PINTO",
          "mpio_crslc": "Ordenanza 003 del 23 de Junio del 2000",
          "mpio_tipo": "MUNICIPIO",
          "mpio_narea": 494.705157465,
          "mpio_nano": 2024,
          "shape_Leng": 1.23214079518,
          "shape_Area": 0.0407328681732
        }
      }
    },
    {
      "type": "Feature",
      "geometry": {
        "type": "Polygon",
        "coordinates": [
          [
            [
              -74.4848,
              10.981
            ],
            [
              -74.544,
              10.9935
            ],
            [
              -74.5985,
              11.0087
            ],
            [
              -74.685,
              11.0399
            ],
            [
              -74.7731,
              11.078
            ],
            [
              -74.8066,
              11.0862
            ],
            [
              -74.8318,
              11.0989
            ],
            [
              -74.8519,
              11.1054
            ],
            [
              -74.845,
              11.0705
            ],
            [
              -74.8358,
              11.0545
            ],
            [
              -74.8032,
              11.0328
            ],
            [
              -74.7746,
              11.0088
            ],
            [
              -74.7609,
              10.9899
            ],
            [
              -74.756,
              10.9705
            ],
            [
              -74.7573,
              10.9454
            ],
            [
              -74.7538,
              10.9361
            ],
            [
              -74.7188,
              10.9071
            ],
            [
              -74.7345,
              10.8933
            ],
            [
              -74.7381,
              10.876
            ],
            [
              -74.7407,
              10.8345
            ],
            [
              -74.7377,
              10.8076
            ],
            [
              -74.7251,
              10.7717
            ],
            [
              -74.7277,
              10.7494
            ],
            [
              -74.726,
              10.7278
            ],
            [
              -74.6999,
              10.7256
            ],
            [
              -74.6907,
              10.7281
            ],
            [
              -74.6638,
              10.7264
            ],
            [
              -74.64,
              10.7319
            ],
            [
              -74.628,
              10.7259
            ],
            [
              -74.6036,
              10.7237
            ],
            [
              -74.5961,
              10.7381
            ],
            [
              -74.5872,
              10.736
            ],
            [
              -74.5359,
              10.752
            ],
            [
              -74.4981,
              10.7526
            ],
            [
              -74.4719,
              10.7453
            ],
            [
              -74.4659,
              10.7398
            ],
            [
              -74.473,
              10.7192
            ],
            [
              -74.4277,
              10.723
            ],
            [
              -74.432,
              10.7286
            ],
            [
              -74.4503,
              10.7257
            ],
            [
              -74.4562,
              10.7353
            ],
            [
              -74.4624,
              10.7606
            ],
            [
              -74.4604,
              10.7894
            ],
            [
              -74.4663,
              10.8109
            ],
            [
              -74.4791,
              10.8248
            ],
            [
              -74.4827,
              10.8413
            ],
            [
              -74.4815,
              10.8638
            ],
            [
              -74.4848,
              10.981
            ]
          ]
        ]
      },
      "properties": {
        "OBJECTID": 683,
        "DPTO_CCDGO": "21",
        "MPIO_CCDGO": "745",
        "name": "21079",
        "MPIO_CRSLC": "1848",
        "MPIO_NANO_": 1993,
        "MPIO_NAREA": 976.00632186,
        "MPIO_CSMBL": "4",
        "MPIO_CCNCT": "47745",
        "MPIO_NANO": 2012,
        "SHAPE_Leng": 1.53973608049,
        "SHAPE_Area": 0.0807002044773,
        "NOMBRE": "SITIONUEVO",
        "DANE": {
          "dpto_ccdgo": "47",
          "mpio_ccdgo": "745",
          "mpio_cdpmp": "47745",
          "dpto_cnmbr": "MAGDALENA",
          "mpio_cnmbr": "SITIONUEVO",
          "mpio_crslc": "1848",
          "mpio_tipo": "MUNICIPIO",
          "mpio_narea": 970.904644983,
          "mpio_nano": 2024,
          "shape_Leng": 1.54210984205,
          "shape_Area": 0.080278053917
        }
      }
    },
    {
      "type": "Feature",
      "geometry": {
        "type": "Polygon",
        "coordinates": [
          [
            [
              -74.5543,
              9.9479
            ],
            [
              -74.5806,
              9.9752
            ],
            [
              -74.6192,
              9.9953
            ],
            [
              -74.6249,
              9.9943
            ],
            [
              -74.6519,
              10.0027
            ],
            [
              -74.6613,
              10.0119
            ],
            [
              -74.6739,
              10.008
            ],
            [
              -74.704,
              10.0164
            ],
            [
              -74.7184,
              10.0095
            ],
            [
              -74.732,
              10.0085
            ],
            [
              -74.7423,
              9.9999
            ],
            [
              -74.7633,
              10.0182
            ],
            [
              -74.7821,
              10.0062
            ],
            [
              -74.7896,
              10.0138
            ],
            [
              -74.788,
              10.0063
            ],
            [
              -74.7993,
              9.9899
            ],
            [
              -74.8204,
              9.9673
            ],
            [
              -74.838,
              9.958
            ],
            [
              -74.8529,
              9.9544
            ],
            [
              -74.8626,
              9.944
            ],
            [
              -74.8733,
              9.9357
            ],
            [
              -74.8717,
              9.9022
            ],
            [
              -74.88,
              9.889
            ],
            [
              -74.8823,
              9.8723
            ],
            [
              -74.8732,
              9.8485
            ],
            [
              -74.8643,
              9.8453
            ],
            [
              -74.8556,
              9.8275
            ],
            [
              -74.8394,
              9.8103
            ],
            [
              -74.8049,
              9.8201
            ],
            [
              -74.7622,
              9.8436
            ],
            [
              -74.7458,
              9.8438
            ],
            [
              -74.7351,
              9.8501
            ],
            [
              -74.7336,
              9.8648
            ],
            [
              -74.7044,
              9.8763
            ],
            [
              -74.6932,
              9.8892
            ],
            [
              -74.6859,
              9.8848
            ],
            [
              -74.6598,
              9.8806
            ],
            [
              -74.6388,
              9.8935
            ],
            [
              -74.6221,
              9.887
            ],
            [
              -74.6077,
              9.8988
            ],
            [
              -74.5886,
              9.8944
            ],
            [
              -74.5791,
              9.8867
            ],
            [
              -74.5693,
              9.9174
            ],
            [
              -74.5576,
              9.9298
            ],
            [
              -74.5543,
              9.9479
            ]
          ]
        ]
      },
      "properties": {
        "OBJECTID": 684,
        "DPTO_CCDGO": "21",
        "MPIO_CCDGO": "798",
        "name": "21085",
        "MPIO_CRSLC": "Ordenanza 11 del 26 de Junio de 1923",
        "MPIO_NANO_": 1993,
        "MPIO_NAREA": 494.34926605,
        "MPIO_CSMBL": "4",
        "MPIO_CCNCT": "47798",
        "MPIO_NANO": 2012,
        "SHAPE_Leng": 0.990759445057,
        "SHAPE_Area": 0.0407499528342,
        "NOMBRE": "TENERIFE",
        "DANE": {
          "dpto_ccdgo": "47",
          "mpio_ccdgo": "798",
          "mpio_cdpmp": "47798",
          "dpto_cnmbr": "MAGDALENA",
          "mpio_cnmbr": "TENERIFE",
          "mpio_crslc": "Ordenanza 11 del 26 de Junio de 1923",
          "mpio_tipo": "MUNICIPIO",
          "mpio_narea": 492.190918888,
          "mpio_nano": 2024,
          "shape_Leng": 1.09882207582,
          "shape_Area": 0.0405721111207
        }
      }
    },
    {
      "type": "Feature",
      "geometry": {
        "type": "Polygon",
        "coordinates": [
          [
            [
              -74.587,
              10.2185
            ],
            [
              -74.6062,
              10.2326
            ],
            [
              -74.6232,
              10.2352
            ],
            [
              -74.6329,
              10.2316
            ],
            [
              -74.6423,
              10.247
            ],
            [
              -74.6671,
              10.2395
            ],
            [
              -74.6865,
              10.2568
            ],
            [
              -74.6922,
              10.2567
            ],
            [
              -74.701,
              10.2744
            ],
            [
              -74.7059,
              10.2598
            ],
            [
              -74.7161,
              10.2489
            ],
            [
              -74.7038,
              10.2452
            ],
            [
              -74.6927,
              10.2249
            ],
            [
              -74.6819,
              10.2093
            ],
            [
              -74.6972,
              10.1964
            ],
            [
              -74.7013,
              10.1851
            ],
            [
              -74.7166,
              10.1772
            ],
            [
              -74.7376,
              10.1724
            ],
            [
              -74.7448,
              10.1648
            ],
            [
              -74.75,
              10.1407
            ],
            [
              -74.7473,
              10.1232
            ],
            [
              -74.7535,
              10.1038
            ],
            [
              -74.7737,
              10.0975
            ],
            [
              -74.7867,
              10.083
            ],
            [
              -74.7966,
              10.0807
            ],
            [
              -74.8089,
              10.0677
            ],
            [
              -74.8251,
              10.0592
            ],
            [
              -74.8167,
              10.0404
            ],
            [
              -74.802,
              10.0289
            ],
            [
              -74.7896,
              10.0138
            ],
            [
              -74.7821,
              10.0062
            ],
            [
              -74.7633,
              10.0182
            ],
            [
              -74.7423,
              9.9999
            ],
            [
              -74.732,
              10.0085
            ],
            [
              -74.7184,
              10.0095
            ],
            [
              -74.704,
              10.0164
            ],
            [
              -74.6739,
              10.008
            ],
            [
              -74.6613,
              10.0119
            ],
            [
              -74.6725,
              10.0284
            ],
            [
              -74.6612,
              10.0404
            ],
            [
              -74.6472,
              10.0378
            ],
            [
              -74.642,
              10.0531
            ],
            [
              -74.647,
              10.0663
            ],
            [
              -74.6354,
              10.0693
            ],
            [
              -74.6219,
              10.0813
            ],
            [
              -74.6219,
              10.105
            ],
            [
              -74.6314,
              10.121
            ],
            [
              -74.6332,
              10.1436
            ],
            [
              -74.615,
              10.1455
            ],
            [
              -74.6106,
              10.1604
            ],
            [
              -74.5932,
              10.173
            ],
            [
              -74.594,
              10.1883
            ],
            [
              -74.5831,
              10.2018
            ],
            [
              -74.587,
              10.2185
            ]
          ]
        ]
      },
      "properties": {
        "OBJECTID": 685,
        "DPTO_CCDGO": "21",
        "MPIO_CCDGO": "960",
        "name": "21090",
        "MPIO_CRSLC": "Ordenanza 005 del 23 de Junio del 2000",
        "MPIO_NANO_": 2000,
        "MPIO_NAREA": 352.41421141,
        "MPIO_CSMBL": "4",
        "MPIO_CCNCT": "47960",
        "MPIO_NANO": 2012,
        "SHAPE_Leng": 1.16772961376,
        "SHAPE_Area": 0.0290675054631,
        "NOMBRE": "ZAPAYAN",
        "DANE": {
          "dpto_ccdgo": "47",
          "mpio_ccdgo": "960",
          "mpio_cdpmp": "47960",
          "dpto_cnmbr": "MAGDALENA",
          "mpio_cnmbr": "ZAPAYÁN",
          "mpio_crslc": "Ordenanza 005 del 23 de Junio del 2000",
          "mpio_tipo": "MUNICIPIO",
          "mpio_narea": 372.926831244,
          "mpio_nano": 2024,
          "shape_Leng": 1.13576816986,
          "shape_Area": 0.0307593686381
        }
      }
    },
    {
      "type": "Feature",
      "geometry": {
        "type": "Polygon",
        "coordinates": [
          [
            [
              -74.1515,
              10.6373
            ],
            [
              -74.1468,
              10.6578
            ],
            [
              -74.1276,
              10.6823
            ],
            [
              -74.1303,
              10.6993
            ],
            [
              -74.1203,
              10.7254
            ],
            [
              -74.1096,
              10.7263
            ],
            [
              -74.0868,
              10.756
            ],
            [
              -74.0924,
              10.7749
            ],
            [
              -74.081,
              10.7868
            ],
            [
              -74.0924,
              10.7943
            ],
            [
              -74.0867,
              10.8069
            ],
            [
              -74.1007,
              10.8137
            ],
            [
              -74.0994,
              10.8265
            ],
            [
              -74.0907,
              10.8345
            ],
            [
              -74.0988,
              10.8545
            ],
            [
              -74.1095,
              10.8715
            ],
            [
              -74.0958,
              10.8858
            ],
            [
              -74.1069,
              10.8924
            ],
            [
              -74.115,
              10.8873
            ],
            [
              -74.1149,
              10.8726
            ],
            [
              -74.1313,
              10.8649
            ],
            [
              -74.1455,
              10.874
            ],
            [
              -74.1429,
              10.8845
            ],
            [
              -74.1507,
              10.8995
            ],
            [
              -74.1452,
              10.905
            ],
            [
              -74.1504,
              10.9216
            ],
            [
              -74.1617,
              10.9288
            ],
            [
              -74.1669,
              10.9565
            ],
            [
              -74.186,
              10.9556
            ],
            [
              -74.1936,
              10.9604
            ],
            [
              -74.2192,
              10.9464
            ],
            [
              -74.2194,
              10.9339
            ],
            [
              -74.228,
              10.9271
            ],
            [
              -74.2252,
              10.9048
            ],
            [
              -74.2208,
              10.8952
            ],
            [
              -74.2219,
              10.8736
            ],
            [
              -74.2185,
              10.8657
            ],
            [
              -74.2628,
              10.8627
            ],
            [
              -74.2663,
              10.8657
            ],
            [
              -74.2723,
              10.8594
            ],
            [
              -74.2712,
              10.8377
            ],
            [
              -74.2589,
              10.8326
            ],
            [
              -74.2613,
              10.8123
            ],
            [
              -74.2675,
              10.799
            ],
            [
              -74.2463,
              10.7795
            ],
            [
              -74.2503,
              10.7688
            ],
            [
              -74.2487,
              10.7353
            ],
            [
              -74.2429,
              10.7204
            ],
            [
              -74.2348,
              10.7148
            ],
            [
              -74.2401,
              10.6977
            ],
            [
              -74.2279,
              10.6895
            ],
            [
              -74.2196,
              10.6929
            ],
            [
              -74.2197,
              10.6625
            ],
            [
              -74.1895,
              10.655
            ],
            [
              -74.182,
              10.641
            ],
            [
              -74.1587,
              10.6343
            ],
            [
              -74.1515,
              10.6373
            ]
          ]
        ]
      },
      "properties": {
        "OBJECTID": 686,
        "DPTO_CCDGO": "21",
        "MPIO_CCDGO": "980",
        "name": "21095",
        "MPIO_CRSLC": "Ordenanza 011 de Agosto 9 de 1999",
        "MPIO_NANO_": 1999,
        "MPIO_NAREA": 446.13267657,
        "MPIO_CSMBL": "4",
        "MPIO_CCNCT": "47980",
        "MPIO_NANO": 2012,
        "SHAPE_Leng": 1.31564799822,
        "SHAPE_Area": 0.0368799089914,
        "NOMBRE": "ZONA BANANERA (SEVILLA)",
        "DANE": {
          "dpto_ccdgo": "47",
          "mpio_ccdgo": "980",
          "mpio_cdpmp": "47980",
          "dpto_cnmbr": "MAGDALENA",
          "mpio_cnmbr": "ZONA BANANERA",
          "mpio_crslc": "Ordenanza 011 de Agosto 9 de 1999",
          "mpio_tipo": "MUNICIPIO",
          "mpio_narea": 446.462117981,
          "mpio_nano": 2024,
          "shape_Leng": 1.31672890739,
          "shape_Area": 0.0369071330338
        }
      }
    }
  ],
  "name": "21"
}