{
  "type": "FeatureCollection",
  "crs": {
    "type": "name",
    "properties": {
      "name": "urn:ogc:def:crs:OGC:1.3:CRS84"
    }
  },
  "features": [
    {
      "type": "Feature",
      "geometry": {
        "type": "Polygon",
        "coordinates": [
          [
            [
              -72.5757,
              7.7215
            ],
            [
              -72.5614,
              7.7382
            ],
            [
              -72.5321,
              7.7545
            ],
            [
              -72.5228,
              7.788
            ],
            [
              -72.5255,
              7.797
            ],
            [
              -72.5207,
              7.8347
            ],
            [
              -72.5022,
              7.8632
            ],
            [
              -72.4875,
              7.8576
            ],
            [
              -72.4859,
              7.8692
            ],
            [
              -72.4781,
              7.8759
            ],
            [
              -72.4642,
              7.8765
            ],
            [
              -72.4602,
              7.9014
            ],
            [
              -72.4625,
              7.9166
            ],
            [
              -72.4723,
              7.917
            ],
            [
              -72.4799,
              7.9299
            ],
            [
              -72.4895,
              7.9306
            ],
            [
              -72.4868,
              7.9452
            ],
            [
              -72.4748,
              7.9589
            ],
            [
              -72.449,
              7.9682
            ],
            [
              -72.4401,
              7.9787
            ],
            [
              -72.437,
              7.9913
            ],
            [
              -72.424,
              7.9902
            ],
            [
              -72.4184,
              7.9967
            ],
            [
              -72.4212,
              8.009
            ],
            [
              -72.4117,
              8.0214
            ],
            [
              -72.4133,
              8.0345
            ],
            [
              -72.3984,
              8.0321
            ],
            [
              -72.3834,
              8.0345
            ],
            [
              -72.3513,
              8.0044
            ],
            [
              -72.3471,
              8.0167
            ],
            [
              -72.3546,
              8.0267
            ],
            [
              -72.3464,
              8.0376
            ],
            [
              -72.3533,
              8.0875
            ],
            [
              -72.3705,
              8.0937
            ],
            [
              -72.3734,
              8.1048
            ],
            [
              -72.3637,
              8.1311
            ],
            [
              -72.3654,
              8.1475
            ],
            [
              -72.3535,
              8.1565
            ],
            [
              -72.3583,
              8.1744
            ],
            [
              -72.3733,
              8.1968
            ],
            [
              -72.3754,
              8.2162
            ],
            [
              -72.3835,
              8.2321
            ],
            [
              -72.3899,
              8.2593
            ],
            [
              -72.3865,
              8.2785
            ],
            [
              -72.393,
              8.2726
            ],
            [
              -72.4067,
              8.2734
            ],
            [
              -72.4148,
              8.3027
            ],
            [
              -72.4224,
              8.3164
            ],
            [
              -72.4319,
              8.3191
            ],
            [
              -72.4396,
              8.3328
            ],
            [
              -72.4433,
              8.3696
            ],
            [
              -72.4295,
              8.3659
            ],
            [
              -72.4275,
              8.3814
            ],
            [
              -72.473,
              8.4302
            ],
            [
              -72.4789,
              8.4313
            ],
            [
              -72.4902,
              8.4153
            ],
            [
              -72.5109,
              8.4001
            ],
            [
              -72.5229,
              8.399
            ],
            [
              -72.5195,
              8.381
            ],
            [
              -72.5271,
              8.366
            ],
            [
              -72.5315,
              8.3412
            ],
            [
              -72.5299,
              8.32
            ],
            [
              -72.5335,
              8.3103
            ],
            [
              -72.5471,
              8.3234
            ],
            [
              -72.5477,
              8.3396
            ],
            [
              -72.5568,
              8.3382
            ],
            [
              -72.5699,
              8.3519
            ],
            [
              -72.5742,
              8.3693
            ],
            [
              -72.5804,
              8.3708
            ],
            [
              -72.5875,
              8.3467
            ],
            [
              -72.5882,
              8.3344
            ],
            [
              -72.6028,
              8.3225
            ],
            [
              -72.6018,
              8.2976
            ],
            [
              -72.6066,
              8.2828
            ],
            [
              -72.5858,
              8.2843
            ],
            [
              -72.5628,
              8.2811
            ],
            [
              -72.5475,
              8.2865
            ],
            [
              -72.5598,
              8.2522
            ],
            [
              -72.559,
              8.2131
            ],
            [
              -72.5503,
              8.2106
            ],
            [
              -72.5358,
              8.2227
            ],
            [
              -72.5276,
              8.2038
            ],
            [
              -72.5287,
              8.1636
            ],
            [
              -72.5402,
              8.1401
            ],
            [
              -72.5378,
              8.1328
            ],
            [
              -72.5516,
              8.1173
            ],
            [
              -72.5771,
              8.1093
            ],
            [
              -72.5841,
              8.0939
            ],
            [
              -72.5923,
              8.0519
            ],
            [
              -72.5925,
              8.0314
            ],
            [
              -72.5877,
              8.0231
            ],
            [
              -72.5891,
              8.0061
            ],
            [
              -72.5962,
              7.9971
            ],
            [
              -72.5949,
              7.9739
            ],
            [
              -72.5978,
              7.967
            ],
            [
              -72.5907,
              7.9529
            ],
            [
              -72.5841,
              7.9267
            ],
            [
              -72.5879,
              7.9191
            ],
            [
              -72.5836,
              7.9073
            ],
            [
              -72.5905,
              7.8925
            ],
            [
              -72.5762,
              7.8865
            ],
            [
              -72.5715,
              7.8945
            ],
            [
              -72.5462,
              7.8899
            ],
            [
              -72.5482,
              7.8724
            ],
            [
              -72.5615,
              7.857
            ],
            [
              -72.5823,
              7.842
            ],
            [
              -72.5858,
              7.8319
            ],
            [
              -72.5831,
              7.8152
            ],
            [
              -72.5747,
              7.8024
            ],
            [
              -72.5656,
              7.7987
            ],
            [
              -72.5638,
              7.7869
            ],
            [
              -72.581,
              7.7612
            ],
            [
              -72.5915,
              7.7454
            ],
            [
              -72.5757,
              7.7215
            ]
          ]
        ]
      },
      "properties": {
        "OBJECTID": 780,
        "DPTO_CCDGO": "25",
        "MPIO_CCDGO": "001",
        "name": "25001",
        "MPIO_CRSLC": "1972",
        "MPIO_NANO_": 1993,
        "MPIO_NAREA": 1135.34609429,
        "MPIO_CSMBL": "4",
        "MPIO_CCNCT": "54001",
        "MPIO_NANO": 2012,
        "SHAPE_Leng": 2.7742682328,
        "SHAPE_Area": 0.0930884309456,
        "NOMBRE": "CUCUTA",
        "DANE": {
          "dpto_ccdgo": "54",
          "mpio_ccdgo": "001",
          "mpio_cdpmp": "54001",
          "dpto_cnmbr": "NORTE DE SANTANDER",
          "mpio_cnmbr": "SAN JOSÉ DE CÚCUTA",
          "mpio_crslc": "1972",
          "mpio_tipo": "MUNICIPIO",
          "mpio_narea": 1133.90020146,
          "mpio_nano": 2024,
          "shape_Leng": 2.88021010021,
          "shape_Area": 0.0929549974581
        }
      }
    },
    {
      "type": "Feature",
      "geometry": {
        "type": "Polygon",
        "coordinates": [
          [
            [
              -72.9906,
              8.2851
            ],
            [
              -73.0211,
              8.2855
            ],
            [
              -73.0309,
              8.277
            ],
            [
              -73.0437,
              8.2782
            ],
            [
              -73.0546,
              8.2856
            ],
            [
              -73.0593,
              8.2739
            ],
            [
              -73.048,
              8.2452
            ],
            [
              -73.0484,
              8.2306
            ],
            [
              -73.0754,
              8.2114
            ],
            [
              -73.0823,
              8.1956
            ],
            [
              -73.0929,
              8.2098
            ],
            [
              -73.1102,
              8.2219
            ],
            [
              -73.1245,
              8.227
            ],
            [
              -73.1508,
              8.2243
            ],
            [
              -73.1619,
              8.2095
            ],
            [
              -73.1767,
              8.214
            ],
            [
              -73.195,
              8.2087
            ],
            [
              -73.2041,
              8.1942
            ],
            [
              -73.2043,
              8.1825
            ],
            [
              -73.2153,
              8.1823
            ],
            [
              -73.2401,
              8.1691
            ],
            [
              -73.2505,
              8.1684
            ],
            [
              -73.2736,
              8.1914
            ],
            [
              -73.293,
              8.1762
            ],
            [
              -73.2921,
              8.1517
            ],
            [
              -73.2792,
              8.1432
            ],
            [
              -73.2846,
              8.1238
            ],
            [
              -73.3094,
              8.1037
            ],
            [
              -73.3258,
              8.102
            ],
            [
              -73.3252,
              8.0908
            ],
            [
              -73.3082,
              8.0518
            ],
            [
              -73.3121,
              8.0428
            ],
            [
              -73.3096,
              8.0157
            ],
            [
              -73.3011,
              8.002
            ],
            [
              -73.2978,
              7.9846
            ],
            [
              -73.2888,
              7.9924
            ],
            [
              -73.2785,
              7.9858
            ],
            [
              -73.2752,
              7.9575
            ],
            [
              -73.2786,
              7.9362
            ],
            [
              -73.3022,
              7.9229
            ],
            [
              -73.3047,
              7.911
            ],
            [
              -73.3272,
              7.9071
            ],
            [
              -73.3466,
              7.8996
            ],
            [
              -73.3519,
              7.892
            ],
            [
              -73.3486,
              7.8289
            ],
            [
              -73.3402,
              7.8343
            ],
            [
              -73.3226,
              7.8226
            ],
            [
              -73.2971,
              7.8367
            ],
            [
              -73.2699,
              7.835
            ],
            [
              -73.2656,
              7.8274
            ],
            [
              -73.2506,
              7.8198
            ],
            [
              -73.2309,
              7.8261
            ],
            [
              -73.2047,
              7.8113
            ],
            [
              -73.1947,
              7.7952
            ],
            [
              -73.2034,
              7.7854
            ],
            [
              -73.182,
              7.7763
            ],
            [
              -73.178,
              7.7894
            ],
            [
              -73.1676,
              7.803
            ],
            [
              -73.1527,
              7.8098
            ],
            [
              -73.151,
              7.7995
            ],
            [
              -73.1354,
              7.7862
            ],
            [
              -73.1265,
              7.7892
            ],
            [
              -73.1171,
              7.7763
            ],
            [
              -73.0956,
              7.783
            ],
            [
              -73.0903,
              7.7734
            ],
            [
              -73.0712,
              7.7866
            ],
            [
              -73.0657,
              7.7997
            ],
            [
              -73.0681,
              7.8282
            ],
            [
              -73.0559,
              7.835
            ],
            [
              -73.0438,
              7.8582
            ],
            [
              -73.0456,
              7.8677
            ],
            [
              -73.0454,
              7.8871
            ],
            [
              -73.0393,
              7.8998
            ],
            [
              -73.0438,
              7.9316
            ],
            [
              -73.0549,
              7.9436
            ],
            [
              -73.069,
              7.9425
            ],
            [
              -73.0696,
              7.966
            ],
            [
              -73.0808,
              7.9774
            ],
            [
              -73.0868,
              7.9957
            ],
            [
              -73.082,
              8.0277
            ],
            [
              -73.0642,
              8.0271
            ],
            [
              -73.059,
              8.0391
            ],
            [
              -73.0279,
              8.0426
            ],
            [
              -73.0192,
              8.0507
            ],
            [
              -73.0129,
              8.0714
            ],
            [
              -73.012,
              8.0918
            ],
            [
              -73.0023,
              8.0998
            ],
            [
              -73.0087,
              8.1151
            ],
            [
              -73.015,
              8.1488
            ],
            [
              -72.9916,
              8.1762
            ],
            [
              -72.9655,
              8.1807
            ],
            [
              -72.9627,
              8.1878
            ],
            [
              -72.9568,
              8.1914
            ],
            [
              -72.964,
              8.2107
            ],
            [
              -72.976,
              8.2263
            ],
            [
              -72.9711,
              8.2371
            ],
            [
              -72.9879,
              8.2516
            ],
            [
              -72.996,
              8.2704
            ],
            [
              -72.9906,
              8.2851
            ]
          ]
        ]
      },
      "properties": {
        "OBJECTID": 781,
        "DPTO_CCDGO": "25",
        "MPIO_CCDGO": "003",
        "name": "25004",
        "MPIO_CRSLC": "1806",
        "MPIO_NANO_": 1993,
        "MPIO_NAREA": 1374.24500356,
        "MPIO_CSMBL": "4",
        "MPIO_CCNCT": "54003",
        "MPIO_NANO": 2012,
        "SHAPE_Leng": 2.26510553546,
        "SHAPE_Area": 0.112689411295,
        "NOMBRE": "ABREGO",
        "DANE": {
          "dpto_ccdgo": "54",
          "mpio_ccdgo": "003",
          "mpio_cdpmp": "54003",
          "dpto_cnmbr": "NORTE DE SANTANDER",
          "mpio_cnmbr": "ÁBREGO",
          "mpio_crslc": "1806",
          "mpio_tipo": "MUNICIPIO",
          "mpio_narea": 1382.44975635,
          "mpio_nano": 2024,
          "shape_Leng": 2.23937592745,
          "shape_Area": 0.113362396151
        }
      }
    },
    {
      "type": "Feature",
      "geometry": {
        "type": "Polygon",
        "coordinates": [
          [
            [
              -72.6961,
              7.6339
            ],
            [
              -72.6915,
              7.6587
            ],
            [
              -72.7006,
              7.6853
            ],
            [
              -72.728,
              7.6987
            ],
            [
              -72.7325,
              7.7081
            ],
            [
              -72.7311,
              7.7248
            ],
            [
              -72.7243,
              7.7467
            ],
            [
              -72.7413,
              7.7213
            ],
            [
              -72.7775,
              7.722
            ],
            [
              -72.794,
              7.7068
            ],
            [
              -72.8027,
              7.7049
            ],
            [
              -72.8206,
              7.7128
            ],
            [
              -72.8336,
              7.7035
            ],
            [
              -72.8403,
              7.7091
            ],
            [
              -72.8619,
              7.6762
            ],
            [
              -72.871,
              7.6697
            ],
            [
              -72.8785,
              7.6766
            ],
            [
              -72.9001,
              7.6825
            ],
            [
              -72.905,
              7.6895
            ],
            [
              -72.9232,
              7.6779
            ],
            [
              -72.9318,
              7.6671
            ],
            [
              -72.953,
              7.6665
            ],
            [
              -72.9628,
              7.6601
            ],
            [
              -72.9826,
              7.6296
            ],
            [
              -72.9824,
              7.6203
            ],
            [
              -72.9799,
              7.6136
            ],
            [
              -72.9922,
              7.5974
            ],
            [
              -72.9842,
              7.5567
            ],
            [
              -72.9775,
              7.5391
            ],
            [
              -72.9783,
              7.529
            ],
            [
              -72.9678,
              7.5216
            ],
            [
              -72.9393,
              7.5123
            ],
            [
              -72.9279,
              7.4951
            ],
            [
              -72.9109,
              7.4894
            ],
            [
              -72.8955,
              7.4674
            ],
            [
              -72.8858,
              7.4652
            ],
            [
              -72.8723,
              7.4794
            ],
            [
              -72.8689,
              7.4916
            ],
            [
              -72.8587,
              7.4956
            ],
            [
              -72.8583,
              7.5107
            ],
            [
              -72.8361,
              7.5361
            ],
            [
              -72.8399,
              7.56
            ],
            [
              -72.8378,
              7.5668
            ],
            [
              -72.8443,
              7.5873
            ],
            [
              -72.8293,
              7.5991
            ],
            [
              -72.8195,
              7.6215
            ],
            [
              -72.7988,
              7.6402
            ],
            [
              -72.7711,
              7.6239
            ],
            [
              -72.7673,
              7.6151
            ],
            [
              -72.7433,
              7.624
            ],
            [
              -72.7334,
              7.6343
            ],
            [
              -72.7221,
              7.6216
            ],
            [
              -72.7049,
              7.6262
            ],
            [
              -72.6961,
              7.6339
            ]
          ]
        ]
      },
      "properties": {
        "OBJECTID": 782,
        "DPTO_CCDGO": "25",
        "MPIO_CCDGO": "051",
        "name": "25007",
        "MPIO_CRSLC": "1835",
        "MPIO_NANO_": 1993,
        "MPIO_NAREA": 457.58827464,
        "MPIO_CSMBL": "4",
        "MPIO_CCNCT": "54051",
        "MPIO_NANO": 2012,
        "SHAPE_Leng": 1.13140160832,
        "SHAPE_Area": 0.0374799857629,
        "NOMBRE": "ARBOLEDAS",
        "DANE": {
          "dpto_ccdgo": "54",
          "mpio_ccdgo": "051",
          "mpio_cdpmp": "54051",
          "dpto_cnmbr": "NORTE DE SANTANDER",
          "mpio_cnmbr": "ARBOLEDAS",
          "mpio_crslc": "1835",
          "mpio_tipo": "MUNICIPIO",
          "mpio_narea": 456.148988658,
          "mpio_nano": 2024,
          "shape_Leng": 1.16119362069,
          "shape_Area": 0.0373620419501
        }
      }
    },
    {
      "type": "Feature",
      "geometry": {
        "type": "Polygon",
        "coordinates": [
          [
            [
              -72.7074,
              7.5252
            ],
            [
              -72.6866,
              7.5324
            ],
            [
              -72.6758,
              7.5504
            ],
            [
              -72.6596,
              7.5523
            ],
            [
              -72.6366,
              7.567
            ],
            [
              -72.6386,
              7.5722
            ],
            [
              -72.6286,
              7.614
            ],
            [
              -72.6312,
              7.636
            ],
            [
              -72.6257,
              7.6478
            ],
            [
              -72.6156,
              7.6484
            ],
            [
              -72.6128,
              7.6658
            ],
            [
              -72.6041,
              7.6913
            ],
            [
              -72.5867,
              7.7021
            ],
            [
              -72.5757,
              7.7215
            ],
            [
              -72.5915,
              7.7454
            ],
            [
              -72.581,
              7.7612
            ],
            [
              -72.6034,
              7.7585
            ],
            [
              -72.6189,
              7.7533
            ],
            [
              -72.6331,
              7.7389
            ],
            [
              -72.6288,
              7.7184
            ],
            [
              -72.6378,
              7.7047
            ],
            [
              -72.6462,
              7.6808
            ],
            [
              -72.6808,
              7.6414
            ],
            [
              -72.6961,
              7.6339
            ],
            [
              -72.7049,
              7.6262
            ],
            [
              -72.7221,
              7.6216
            ],
            [
              -72.7334,
              7.6343
            ],
            [
              -72.7433,
              7.624
            ],
            [
              -72.729,
              7.6032
            ],
            [
              -72.7282,
              7.5783
            ],
            [
              -72.7187,
              7.5653
            ],
            [
              -72.7153,
              7.5444
            ],
            [
              -72.7074,
              7.5252
            ]
          ]
        ]
      },
      "properties": {
        "OBJECTID": 783,
        "DPTO_CCDGO": "25",
        "MPIO_CCDGO": "099",
        "name": "25010",
        "MPIO_CRSLC": "1826",
        "MPIO_NANO_": 1993,
        "MPIO_NAREA": 175.39173169,
        "MPIO_CSMBL": "4",
        "MPIO_CCNCT": "54099",
        "MPIO_NANO": 2012,
        "SHAPE_Leng": 0.761508827967,
        "SHAPE_Area": 0.0143642277012,
        "NOMBRE": "BOCHALEMA",
        "DANE": {
          "dpto_ccdgo": "54",
          "mpio_ccdgo": "099",
          "mpio_cdpmp": "54099",
          "dpto_cnmbr": "NORTE DE SANTANDER",
          "mpio_cnmbr": "BOCHALEMA",
          "mpio_crslc": "1826",
          "mpio_tipo": "MUNICIPIO",
          "mpio_narea": 170.278343339,
          "mpio_nano": 2024,
          "shape_Leng": 0.757780425358,
          "shape_Area": 0.0139454856977
        }
      }
    },
    {
      "type": "Feature",
      "geometry": {
        "type": "Polygon",
        "coordinates": [
          [
            [
              -72.8554,
              8.0265
            ],
            [
              -72.8387,
              8.0492
            ],
            [
              -72.8382,
              8.0746
            ],
            [
              -72.8626,
              8.0868
            ],
            [
              -72.8753,
              8.1197
            ],
            [
              -72.8752,
              8.1279
            ],
            [
              -72.8954,
              8.135
            ],
            [
              -72.9123,
              8.1459
            ],
            [
              -72.9205,
              8.1588
            ],
            [
              -72.9358,
              8.1713
            ],
            [
              -72.9455,
              8.1736
            ],
            [
              -72.9627,
              8.1878
            ],
            [
              -72.9655,
              8.1807
            ],
            [
              -72.9916,
              8.1762
            ],
            [
              -73.015,
              8.1488
            ],
            [
              -73.0087,
              8.1151
            ],
            [
              -73.0023,
              8.0998
            ],
            [
              -72.9861,
              8.1019
            ],
            [
              -72.975,
              8.093
            ],
            [
              -72.9898,
              8.0727
            ],
            [
              -72.9696,
              8.0223
            ],
            [
              -72.9804,
              8.01
            ],
            [
              -72.9811,
              7.9907
            ],
            [
              -72.9727,
              7.9794
            ],
            [
              -72.9659,
              7.9878
            ],
            [
              -72.954,
              7.9869
            ],
            [
              -72.9378,
              7.9955
            ],
            [
              -72.9222,
              7.9875
            ],
            [
              -72.8984,
              7.9896
            ],
            [
              -72.8738,
              7.9976
            ],
            [
              -72.8554,
              8.0265
            ]
          ]
        ]
      },
      "properties": {
        "OBJECTID": 784,
        "DPTO_CCDGO": "25",
        "MPIO_CCDGO": "109",
        "name": "25013",
        "MPIO_CRSLC": "1838",
        "MPIO_NANO_": 1993,
        "MPIO_NAREA": 270.30723835,
        "MPIO_CSMBL": "4",
        "MPIO_CCNCT": "54109",
        "MPIO_NANO": 2012,
        "SHAPE_Leng": 0.793835127136,
        "SHAPE_Area": 0.0221655632731,
        "NOMBRE": "BUCARASICA",
        "DANE": {
          "dpto_ccdgo": "54",
          "mpio_ccdgo": "109",
          "mpio_cdpmp": "54109",
          "dpto_cnmbr": "NORTE DE SANTANDER",
          "mpio_cnmbr": "BUCARASICA",
          "mpio_crslc": "1838",
          "mpio_tipo": "MUNICIPIO",
          "mpio_narea": 270.790858986,
          "mpio_nano": 2024,
          "shape_Leng": 0.828136365897,
          "shape_Area": 0.0222051793538
        }
      }
    },
    {
      "type": "Feature",
      "geometry": {
        "type": "Polygon",
        "coordinates": [
          [
            [
              -72.5797,
              7.2637
            ],
            [
              -72.5911,
              7.2785
            ],
            [
              -72.5947,
              7.2961
            ],
            [
              -72.6095,
              7.3146
            ],
            [
              -72.6159,
              7.3302
            ],
            [
              -72.6247,
              7.3321
            ],
            [
              -72.658,
              7.3204
            ],
            [
              -72.6788,
              7.3209
            ],
            [
              -72.6839,
              7.3094
            ],
            [
              -72.6947,
              7.3052
            ],
            [
              -72.7028,
              7.3233
            ],
            [
              -72.7075,
              7.2953
            ],
            [
              -72.7133,
              7.2839
            ],
            [
              -72.7226,
              7.2808
            ],
            [
              -72.7301,
              7.2702
            ],
            [
              -72.7264,
              7.2562
            ],
            [
              -72.7249,
              7.2487
            ],
            [
              -72.6995,
              7.2454
            ],
            [
              -72.6842,
              7.255
            ],
            [
              -72.6703,
              7.2341
            ],
            [
              -72.6739,
              7.2237
            ],
            [
              -72.651,
              7.1907
            ],
            [
              -72.6386,
              7.1973
            ],
            [
              -72.6202,
              7.2316
            ],
            [
              -72.6044,
              7.2419
            ],
            [
              -72.5948,
              7.2527
            ],
            [
              -72.5846,
              7.2521
            ],
            [
              -72.5797,
              7.2637
            ]
          ]
        ]
      },
      "properties": {
        "OBJECTID": 785,
        "DPTO_CCDGO": "25",
        "MPIO_CCDGO": "125",
        "name": "25016",
        "MPIO_CRSLC": "1630",
        "MPIO_NANO_": 1993,
        "MPIO_NAREA": 139.01008479,
        "MPIO_CSMBL": "4",
        "MPIO_CCNCT": "54125",
        "MPIO_NANO": 2012,
        "SHAPE_Leng": 0.555304788869,
        "SHAPE_Area": 0.0113754211971,
        "NOMBRE": "CACOTA",
        "DANE": {
          "dpto_ccdgo": "54",
          "mpio_ccdgo": "125",
          "mpio_cdpmp": "54125",
          "dpto_cnmbr": "NORTE DE SANTANDER",
          "mpio_cnmbr": "CÁCOTA",
          "mpio_crslc": "1630",
          "mpio_tipo": "MUNICIPIO",
          "mpio_narea": 138.922190157,
          "mpio_nano": 2024,
          "shape_Leng": 0.556125317135,
          "shape_Area": 0.0113682296258
        }
      }
    },
    {
      "type": "Feature",
      "geometry": {
        "type": "Polygon",
        "coordinates": [
          [
            [
              -72.9986,
              7.7643
            ],
            [
              -73.0056,
              7.7646
            ],
            [
              -73.0182,
              7.7803
            ],
            [
              -73.0089,
              7.7913
            ],
            [
              -73.0325,
              7.8331
            ],
            [
              -73.0234,
              7.8515
            ],
            [
              -73.0456,
              7.8677
            ],
            [
              -73.0438,
              7.8582
            ],
            [
              -73.0559,
              7.835
            ],
            [
              -73.0681,
              7.8282
            ],
            [
              -73.0657,
              7.7997
            ],
            [
              -73.0712,
              7.7866
            ],
            [
              -73.0903,
              7.7734
            ],
            [
              -73.0956,
              7.783
            ],
            [
              -73.1171,
              7.7763
            ],
            [
              -73.1265,
              7.7892
            ],
            [
              -73.1354,
              7.7862
            ],
            [
              -73.151,
              7.7995
            ],
            [
              -73.1527,
              7.8098
            ],
            [
              -73.1694,
              7.7908
            ],
            [
              -73.1641,
              7.7666
            ],
            [
              -73.1776,
              7.7375
            ],
            [
              -73.1986,
              7.7244
            ],
            [
              -73.2079,
              7.7264
            ],
            [
              -73.2312,
              7.7224
            ],
            [
              -73.2396,
              7.7076
            ],
            [
              -73.2667,
              7.6999
            ],
            [
              -73.2724,
              7.6625
            ],
            [
              -73.2867,
              7.6376
            ],
            [
              -73.3001,
              7.6224
            ],
            [
              -73.3104,
              7.6031
            ],
            [
              -73.319,
              7.6004
            ],
            [
              -73.3228,
              7.5648
            ],
            [
              -73.3425,
              7.5545
            ],
            [
              -73.3527,
              7.5632
            ],
            [
              -73.3698,
              7.5634
            ],
            [
              -73.3637,
              7.5474
            ],
            [
              -73.349,
              7.544
            ],
            [
              -73.3201,
              7.5489
            ],
            [
              -73.3097,
              7.5458
            ],
            [
              -73.2819,
              7.5482
            ],
            [
              -73.2628,
              7.5307
            ],
            [
              -73.2525,
              7.5382
            ],
            [
              -73.2475,
              7.5583
            ],
            [
              -73.2589,
              7.5881
            ],
            [
              -73.2438,
              7.5998
            ],
            [
              -73.2363,
              7.6186
            ],
            [
              -73.2171,
              7.6317
            ],
            [
              -73.1812,
              7.6187
            ],
            [
              -73.1663,
              7.6254
            ],
            [
              -73.1596,
              7.6203
            ],
            [
              -73.1311,
              7.614
            ],
            [
              -73.1204,
              7.6085
            ],
            [
              -73.1006,
              7.6193
            ],
            [
              -73.0906,
              7.61
            ],
            [
              -73.0603,
              7.6103
            ],
            [
              -73.0486,
              7.6063
            ],
            [
              -73.0343,
              7.6229
            ],
            [
              -73.0121,
              7.6223
            ],
            [
              -72.9988,
              7.6171
            ],
            [
              -72.9824,
              7.6203
            ],
            [
              -72.9826,
              7.6296
            ],
            [
              -72.9628,
              7.6601
            ],
            [
              -72.953,
              7.6665
            ],
            [
              -72.9661,
              7.6861
            ],
            [
              -72.9985,
              7.7145
            ],
            [
              -73.0005,
              7.7412
            ],
            [
              -72.9952,
              7.7569
            ],
            [
              -72.9986,
              7.7643
            ]
          ]
        ]
      },
      "properties": {
        "OBJECTID": 786,
        "DPTO_CCDGO": "25",
        "MPIO_CCDGO": "128",
        "name": "25019",
        "MPIO_CRSLC": "1911",
        "MPIO_NANO_": 1993,
        "MPIO_NAREA": 617.02512829,
        "MPIO_CSMBL": "4",
        "MPIO_CCNCT": "54128",
        "MPIO_NANO": 2012,
        "SHAPE_Leng": 1.63977996669,
        "SHAPE_Area": 0.0505560138904,
        "NOMBRE": "CACHIRA",
        "DANE": {
          "dpto_ccdgo": "54",
          "mpio_ccdgo": "128",
          "mpio_cdpmp": "54128",
          "dpto_cnmbr": "NORTE DE SANTANDER",
          "mpio_cnmbr": "CÁCHIRA",
          "mpio_crslc": "1911",
          "mpio_tipo": "MUNICIPIO",
          "mpio_narea": 615.81990459,
          "mpio_nano": 2024,
          "shape_Leng": 1.65602888205,
          "shape_Area": 0.0504572404246
        }
      }
    },
    {
      "type": "Feature",
      "geometry": {
        "type": "Polygon",
        "coordinates": [
          [
            [
              -72.6366,
              7.567
            ],
            [
              -72.6268,
              7.572
            ],
            [
              -72.6086,
              7.55
            ],
            [
              -72.6098,
              7.5388
            ],
            [
              -72.6002,
              7.5098
            ],
            [
              -72.5829,
              7.4943
            ],
            [
              -72.5869,
              7.4878
            ],
            [
              -72.5734,
              7.4735
            ],
            [
              -72.5779,
              7.4546
            ],
            [
              -72.5503,
              7.4653
            ],
            [
              -72.5476,
              7.4813
            ],
            [
              -72.5349,
              7.4893
            ],
            [
              -72.5557,
              7.5348
            ],
            [
              -72.5477,
              7.5505
            ],
            [
              -72.558,
              7.5684
            ],
            [
              -72.5627,
              7.5918
            ],
            [
              -72.5502,
              7.6047
            ],
            [
              -72.5475,
              7.6308
            ],
            [
              -72.5279,
              7.6375
            ],
            [
              -72.5378,
              7.6476
            ],
            [
              -72.5554,
              7.6523
            ],
            [
              -72.5643,
              7.6662
            ],
            [
              -72.565,
              7.6783
            ],
            [
              -72.5822,
              7.6686
            ],
            [
              -72.5878,
              7.6806
            ],
            [
              -72.5867,
              7.7021
            ],
            [
              -72.6041,
              7.6913
            ],
            [
              -72.6128,
              7.6658
            ],
            [
              -72.6156,
              7.6484
            ],
            [
              -72.6257,
              7.6478
            ],
            [
              -72.6312,
              7.636
            ],
            [
              -72.6286,
              7.614
            ],
            [
              -72.6386,
              7.5722
            ],
            [
              -72.6366,
              7.567
            ]
          ]
        ]
      },
      "properties": {
        "OBJECTID": 787,
        "DPTO_CCDGO": "25",
        "MPIO_CCDGO": "172",
        "name": "25028",
        "MPIO_CRSLC": "1775",
        "MPIO_NANO_": 1993,
        "MPIO_NAREA": 169.0830358,
        "MPIO_CSMBL": "4",
        "MPIO_CCNCT": "54172",
        "MPIO_NANO": 2012,
        "SHAPE_Leng": 0.726663271025,
        "SHAPE_Area": 0.0138449569067,
        "NOMBRE": "CHINACOTA",
        "DANE": {
          "dpto_ccdgo": "54",
          "mpio_ccdgo": "172",
          "mpio_cdpmp": "54172",
          "dpto_cnmbr": "NORTE DE SANTANDER",
          "mpio_cnmbr": "CHINÁCOTA",
          "mpio_crslc": "1775",
          "mpio_tipo": "MUNICIPIO",
          "mpio_narea": 166.253793339,
          "mpio_nano": 2024,
          "shape_Leng": 0.757533911976,
          "shape_Area": 0.0136134520088
        }
      }
    },
    {
      "type": "Feature",
      "geometry": {
        "type": "Polygon",
        "coordinates": [
          [
            [
              -72.4808,
              7.1583
            ],
            [
              -72.5021,
              7.1691
            ],
            [
              -72.5179,
              7.1672
            ],
            [
              -72.54,
              7.1561
            ],
            [
              -72.5595,
              7.1576
            ],
            [
              -72.5766,
              7.1649
            ],
            [
              -72.5883,
              7.1579
            ],
            [
              -72.5928,
              7.1686
            ],
            [
              -72.5769,
              7.1765
            ],
            [
              -72.5589,
              7.2245
            ],
            [
              -72.5643,
              7.2422
            ],
            [
              -72.5772,
              7.2629
            ],
            [
              -72.5797,
              7.2637
            ],
            [
              -72.5846,
              7.2521
            ],
            [
              -72.5948,
              7.2527
            ],
            [
              -72.6044,
              7.2419
            ],
            [
              -72.6202,
              7.2316
            ],
            [
              -72.6386,
              7.1973
            ],
            [
              -72.651,
              7.1907
            ],
            [
              -72.6739,
              7.2237
            ],
            [
              -72.6703,
              7.2341
            ],
            [
              -72.6842,
              7.255
            ],
            [
              -72.6995,
              7.2454
            ],
            [
              -72.7001,
              7.2273
            ],
            [
              -72.6941,
              7.222
            ],
            [
              -72.6932,
              7.1979
            ],
            [
              -72.697,
              7.1834
            ],
            [
              -72.723,
              7.1683
            ],
            [
              -72.7322,
              7.1506
            ],
            [
              -72.7301,
              7.1302
            ],
            [
              -72.7379,
              7.1173
            ],
            [
              -72.7499,
              7.0591
            ],
            [
              -72.757,
              7.0483
            ],
            [
              -72.7508,
              7.0354
            ],
            [
              -72.7518,
              7.0251
            ],
            [
              -72.7436,
              7.0119
            ],
            [
              -72.7412,
              6.9963
            ],
            [
              -72.734,
              6.9868
            ],
            [
              -72.7225,
              7.0047
            ],
            [
              -72.6996,
              7.0008
            ],
            [
              -72.6843,
              7.0094
            ],
            [
              -72.6782,
              7.0031
            ],
            [
              -72.6709,
              6.9718
            ],
            [
              -72.6481,
              6.9975
            ],
            [
              -72.6315,
              6.9871
            ],
            [
              -72.6142,
              6.9934
            ],
            [
              -72.5999,
              6.9894
            ],
            [
              -72.5897,
              6.9973
            ],
            [
              -72.5744,
              7.0018
            ],
            [
              -72.5624,
              6.9998
            ],
            [
              -72.5529,
              6.985
            ],
            [
              -72.5545,
              6.9691
            ],
            [
              -72.5436,
              6.9522
            ],
            [
              -72.5422,
              6.9366
            ],
            [
              -72.5525,
              6.9216
            ],
            [
              -72.5474,
              6.886
            ],
            [
              -72.5413,
              6.8889
            ],
            [
              -72.5137,
              6.888
            ],
            [
              -72.5121,
              6.9035
            ],
            [
              -72.5029,
              6.9082
            ],
            [
              -72.4966,
              6.9215
            ],
            [
              -72.4878,
              6.9245
            ],
            [
              -72.4646,
              6.9017
            ],
            [
              -72.4437,
              6.892
            ],
            [
              -72.429,
              6.8814
            ],
            [
              -72.4083,
              6.8746
            ],
            [
              -72.3873,
              6.8739
            ],
            [
              -72.3773,
              6.8854
            ],
            [
              -72.3499,
              6.899
            ],
            [
              -72.3376,
              6.9082
            ],
            [
              -72.3134,
              6.9322
            ],
            [
              -72.304,
              6.956
            ],
            [
              -72.302,
              6.9687
            ],
            [
              -72.2897,
              6.9967
            ],
            [
              -72.2979,
              7.0078
            ],
            [
              -72.3112,
              7.0471
            ],
            [
              -72.3286,
              7.0688
            ],
            [
              -72.3458,
              7.0757
            ],
            [
              -72.3738,
              7.1104
            ],
            [
              -72.3923,
              7.1027
            ],
            [
              -72.4024,
              7.1141
            ],
            [
              -72.4172,
              7.1167
            ],
            [
              -72.4325,
              7.1295
            ],
            [
              -72.4433,
              7.1532
            ],
            [
              -72.47,
              7.1492
            ],
            [
              -72.4808,
              7.1583
            ]
          ]
        ]
      },
      "properties": {
        "OBJECTID": 788,
        "DPTO_CCDGO": "25",
        "MPIO_CCDGO": "174",
        "name": "25031",
        "MPIO_CRSLC": "1808",
        "MPIO_NANO_": 1993,
        "MPIO_NAREA": 1183.48557205,
        "MPIO_CSMBL": "4",
        "MPIO_CCNCT": "54174",
        "MPIO_NANO": 2012,
        "SHAPE_Leng": 1.89917553099,
        "SHAPE_Area": 0.096799081462,
        "NOMBRE": "CHITAGA",
        "DANE": {
          "dpto_ccdgo": "54",
          "mpio_ccdgo": "174",
          "mpio_cdpmp": "54174",
          "dpto_cnmbr": "NORTE DE SANTANDER",
          "mpio_cnmbr": "CHITAGÁ",
          "mpio_crslc": "1808",
          "mpio_tipo": "MUNICIPIO",
          "mpio_narea": 1185.17804113,
          "mpio_nano": 2024,
          "shape_Leng": 1.92830471384,
          "shape_Area": 0.0969283308781
        }
      }
    },
    {
      "type": "Feature",
      "geometry": {
        "type": "Polygon",
        "coordinates": [
          [
            [
              -72.9858,
              9.1451
            ],
            [
              -72.964,
              9.1573
            ],
            [
              -72.962,
              9.172
            ],
            [
              -72.9645,
              9.1997
            ],
            [
              -72.9708,
              9.2132
            ],
            [
              -72.98,
              9.2164
            ],
            [
              -72.9887,
              9.2276
            ],
            [
              -72.9844,
              9.2516
            ],
            [
              -72.9958,
              9.2587
            ],
            [
              -72.9948,
              9.2723
            ],
            [
              -73.0043,
              9.2741
            ],
            [
              -73.0235,
              9.2617
            ],
            [
              -73.021,
              9.2535
            ],
            [
              -73.0303,
              9.2368
            ],
            [
              -73.0461,
              9.2375
            ],
            [
              -73.0588,
              9.2233
            ],
            [
              -73.0711,
              9.2216
            ],
            [
              -73.0764,
              9.1801
            ],
            [
              -73.0714,
              9.169
            ],
            [
              -73.0602,
              9.1614
            ],
            [
              -73.0549,
              9.1493
            ],
            [
              -73.0609,
              9.1397
            ],
            [
              -73.0821,
              9.1363
            ],
            [
              -73.0913,
              9.1286
            ],
            [
              -73.1074,
              9.1254
            ],
            [
              -73.1156,
              9.1297
            ],
            [
              -73.1222,
              9.1174
            ],
            [
              -73.1407,
              9.1151
            ],
            [
              -73.1608,
              9.1025
            ],
            [
              -73.1659,
              9.0919
            ],
            [
              -73.1783,
              9.0865
            ],
            [
              -73.1922,
              9.0674
            ],
            [
              -73.2129,
              9.0592
            ],
            [
              -73.217,
              9.0471
            ],
            [
              -73.2404,
              9.027
            ],
            [
              -73.2467,
              9.0079
            ],
            [
              -73.252,
              9.0047
            ],
            [
              -73.2407,
              8.9759
            ],
            [
              -73.2508,
              8.9468
            ],
            [
              -73.2569,
              8.9368
            ],
            [
              -73.2585,
              8.9215
            ],
            [
              -73.2462,
              8.9141
            ],
            [
              -73.2434,
              8.888
            ],
            [
              -73.2383,
              8.8737
            ],
            [
              -73.2385,
              8.8546
            ],
            [
              -73.2532,
              8.8374
            ],
            [
              -73.2811,
              8.8307
            ],
            [
              -73.2958,
              8.8182
            ],
            [
              -73.3004,
              8.8025
            ],
            [
              -73.2951,
              8.7789
            ],
            [
              -73.2987,
              8.7714
            ],
            [
              -73.2801,
              8.7417
            ],
            [
              -73.3067,
              8.7349
            ],
            [
              -73.3132,
              8.7244
            ],
            [
              -73.3131,
              8.7109
            ],
            [
              -73.3071,
              8.705
            ],
            [
              -73.3064,
              8.6884
            ],
            [
              -73.3301,
              8.6614
            ],
            [
              -73.3414,
              8.6556
            ],
            [
              -73.3425,
              8.6324
            ],
            [
              -73.3559,
              8.6195
            ],
            [
              -73.3682,
              8.5984
            ],
            [
              -73.363,
              8.5899
            ],
            [
              -73.3684,
              8.5789
            ],
            [
              -73.3905,
              8.5561
            ],
            [
              -73.4074,
              8.5449
            ],
            [
              -73.4047,
              8.5225
            ],
            [
              -73.4066,
              8.5044
            ],
            [
              -73.4124,
              8.4863
            ],
            [
              -73.4103,
              8.473
            ],
            [
              -73.4144,
              8.4593
            ],
            [
              -73.3718,
              8.4595
            ],
            [
              -73.3587,
              8.4513
            ],
            [
              -73.3416,
              8.4342
            ],
            [
              -73.3405,
              8.4209
            ],
            [
              -73.3501,
              8.4061
            ],
            [
              -73.348,
              8.3919
            ],
            [
              -73.3319,
              8.397
            ],
            [
              -73.3241,
              8.4064
            ],
            [
              -73.3245,
              8.4233
            ],
            [
              -73.3323,
              8.4321
            ],
            [
              -73.327,
              8.4407
            ],
            [
              -73.3129,
              8.477
            ],
            [
              -73.2954,
              8.4879
            ],
            [
              -73.2855,
              8.4898
            ],
            [
              -73.2958,
              8.5094
            ],
            [
              -73.2993,
              8.5252
            ],
            [
              -73.296,
              8.5416
            ],
            [
              -73.3129,
              8.5532
            ],
            [
              -73.3159,
              8.566
            ],
            [
              -73.3113,
              8.5817
            ],
            [
              -73.3038,
              8.5886
            ],
            [
              -73.305,
              8.5999
            ],
            [
              -73.2986,
              8.6256
            ],
            [
              -73.2867,
              8.6258
            ],
            [
              -73.2714,
              8.6462
            ],
            [
              -73.2546,
              8.6632
            ],
            [
              -73.2404,
              8.6694
            ],
            [
              -73.2457,
              8.6934
            ],
            [
              -73.2474,
              8.727
            ],
            [
              -73.2345,
              8.7405
            ],
            [
              -73.2356,
              8.7585
            ],
            [
              -73.2235,
              8.7825
            ],
            [
              -73.2161,
              8.7863
            ],
            [
              -73.2109,
              8.8111
            ],
            [
              -73.1942,
              8.8217
            ],
            [
              -73.184,
              8.8423
            ],
            [
              -73.1599,
              8.8579
            ],
            [
              -73.1498,
              8.8917
            ],
            [
              -73.1351,
              8.898
            ],
            [
              -73.1341,
              8.9064
            ],
            [
              -73.1117,
              8.9205
            ],
            [
              -73.1047,
              8.9327
            ],
            [
              -73.1407,
              8.9457
            ],
            [
              -73.1385,
              8.9624
            ],
            [
              -73.1478,
              8.9731
            ],
            [
              -73.1388,
              8.9843
            ],
            [
              -73.1295,
              9.0163
            ],
            [
              -73.1209,
              9.0236
            ],
            [
              -73.1171,
              9.0369
            ],
            [
              -73.1031,
              9.0493
            ],
            [
              -73.0683,
              9.0567
            ],
            [
              -73.0647,
              9.0674
            ],
            [
              -73.04,
              9.0755
            ],
            [
              -73.0316,
              9.0577
            ],
            [
              -73.0211,
              9.0543
            ],
            [
              -73.0087,
              9.0634
            ],
            [
              -73.0013,
              9.0801
            ],
            [
              -73.0072,
              9.1101
            ],
            [
              -73.0159,
              9.1218
            ],
            [
              -73.0072,
              9.131
            ],
            [
              -73.009,
              9.1467
            ],
            [
              -72.9858,
              9.1451
            ]
          ]
        ]
      },
      "properties": {
        "OBJECTID": 789,
        "DPTO_CCDGO": "25",
        "MPIO_CCDGO": "206",
        "name": "25022",
        "MPIO_CRSLC": "1829",
        "MPIO_NANO_": 1993,
        "MPIO_NAREA": 934.05516707,
        "MPIO_CSMBL": "4",
        "MPIO_CCNCT": "54206",
        "MPIO_NANO": 2012,
        "SHAPE_Leng": 2.85580008625,
        "SHAPE_Area": 0.076759630694,
        "NOMBRE": "CONVENCION",
        "DANE": {
          "dpto_ccdgo": "54",
          "mpio_ccdgo": "206",
          "mpio_cdpmp": "54206",
          "dpto_cnmbr": "NORTE DE SANTANDER",
          "mpio_cnmbr": "CONVENCIÓN",
          "mpio_crslc": "1829",
          "mpio_tipo": "MUNICIPIO",
          "mpio_narea": 931.783373446,
          "mpio_nano": 2024,
          "shape_Leng": 2.91213051704,
          "shape_Area": 0.0765741297119
        }
      }
    },
    {
      "type": "Feature",
      "geometry": {
        "type": "Polygon",
        "coordinates": [
          [
            [
              -72.7433,
              7.624
            ],
            [
              -72.7673,
              7.6151
            ],
            [
              -72.7711,
              7.6239
            ],
            [
              -72.7988,
              7.6402
            ],
            [
              -72.8195,
              7.6215
            ],
            [
              -72.8293,
              7.5991
            ],
            [
              -72.8443,
              7.5873
            ],
            [
              -72.8378,
              7.5668
            ],
            [
              -72.8399,
              7.56
            ],
            [
              -72.8361,
              7.5361
            ],
            [
              -72.8583,
              7.5107
            ],
            [
              -72.8587,
              7.4956
            ],
            [
              -72.8689,
              7.4916
            ],
            [
              -72.8723,
              7.4794
            ],
            [
              -72.8858,
              7.4652
            ],
            [
              -72.8955,
              7.4674
            ],
            [
              -72.9015,
              7.4457
            ],
            [
              -72.9004,
              7.4334
            ],
            [
              -72.8918,
              7.4198
            ],
            [
              -72.8772,
              7.4061
            ],
            [
              -72.8722,
              7.3874
            ],
            [
              -72.8632,
              7.3832
            ],
            [
              -72.8504,
              7.3736
            ],
            [
              -72.856,
              7.3628
            ],
            [
              -72.838,
              7.3592
            ],
            [
              -72.8236,
              7.3599
            ],
            [
              -72.8177,
              7.3725
            ],
            [
              -72.8167,
              7.3865
            ],
            [
              -72.8072,
              7.4105
            ],
            [
              -72.7934,
              7.4224
            ],
            [
              -72.7663,
              7.4379
            ],
            [
              -72.7524,
              7.4519
            ],
            [
              -72.7375,
              7.4582
            ],
            [
              -72.7389,
              7.4651
            ],
            [
              -72.7159,
              7.47
            ],
            [
              -72.6902,
              7.4718
            ],
            [
              -72.6942,
              7.4998
            ],
            [
              -72.7074,
              7.5252
            ],
            [
              -72.7153,
              7.5444
            ],
            [
              -72.7187,
              7.5653
            ],
            [
              -72.7282,
              7.5783
            ],
            [
              -72.729,
              7.6032
            ],
            [
              -72.7433,
              7.624
            ]
          ]
        ]
      },
      "properties": {
        "OBJECTID": 790,
        "DPTO_CCDGO": "25",
        "MPIO_CCDGO": "223",
        "name": "25025",
        "MPIO_CRSLC": "1834",
        "MPIO_NANO_": 1993,
        "MPIO_NAREA": 370.80014922,
        "MPIO_CSMBL": "4",
        "MPIO_CCNCT": "54223",
        "MPIO_NANO": 2012,
        "SHAPE_Leng": 0.87545209691,
        "SHAPE_Area": 0.03036228267,
        "NOMBRE": "CUCUTILLA",
        "DANE": {
          "dpto_ccdgo": "54",
          "mpio_ccdgo": "223",
          "mpio_cdpmp": "54223",
          "dpto_cnmbr": "NORTE DE SANTANDER",
          "mpio_cnmbr": "CUCUTILLA",
          "mpio_crslc": "1834",
          "mpio_tipo": "MUNICIPIO",
          "mpio_narea": 374.910545304,
          "mpio_nano": 2024,
          "shape_Leng": 0.885847620458,
          "shape_Area": 0.0306988546515
        }
      }
    },
    {
      "type": "Feature",
      "geometry": {
        "type": "Polygon",
        "coordinates": [
          [
            [
              -72.6189,
              7.7533
            ],
            [
              -72.6212,
              7.7696
            ],
            [
              -72.6112,
              7.7868
            ],
            [
              -72.6279,
              7.8019
            ],
            [
              -72.6336,
              7.8321
            ],
            [
              -72.6452,
              7.8391
            ],
            [
              -72.6597,
              7.8331
            ],
            [
              -72.6859,
              7.8282
            ],
            [
              -72.6889,
              7.8211
            ],
            [
              -72.7103,
              7.8012
            ],
            [
              -72.7067,
              7.78
            ],
            [
              -72.7185,
              7.7627
            ],
            [
              -72.7243,
              7.7467
            ],
            [
              -72.7311,
              7.7248
            ],
            [
              -72.7325,
              7.7081
            ],
            [
              -72.728,
              7.6987
            ],
            [
              -72.7006,
              7.6853
            ],
            [
              -72.6915,
              7.6587
            ],
            [
              -72.6961,
              7.6339
            ],
            [
              -72.6808,
              7.6414
            ],
            [
              -72.6462,
              7.6808
            ],
            [
              -72.6378,
              7.7047
            ],
            [
              -72.6288,
              7.7184
            ],
            [
              -72.6331,
              7.7389
            ],
            [
              -72.6189,
              7.7533
            ]
          ]
        ]
      },
      "properties": {
        "OBJECTID": 791,
        "DPTO_CCDGO": "25",
        "MPIO_CCDGO": "239",
        "name": "25034",
        "MPIO_CRSLC": "Ordenanza 12 del 27 de Marzo de 1911",
        "MPIO_NANO_": 1993,
        "MPIO_NAREA": 174.45537402,
        "MPIO_CSMBL": "4",
        "MPIO_CCNCT": "54239",
        "MPIO_NANO": 2012,
        "SHAPE_Leng": 0.604982073629,
        "SHAPE_Area": 0.0142914481681,
        "NOMBRE": "DURANIA",
        "DANE": {
          "dpto_ccdgo": "54",
          "mpio_ccdgo": "239",
          "mpio_cdpmp": "54239",
          "dpto_cnmbr": "NORTE DE SANTANDER",
          "mpio_cnmbr": "DURANIA",
          "mpio_crslc": "Ordenanza 12 del 27 de Marzo de 1911",
          "mpio_tipo": "MUNICIPIO",
          "mpio_narea": 175.000421757,
          "mpio_nano": 2024,
          "shape_Leng": 0.603432915287,
          "shape_Area": 0.0143361291991
        }
      }
    },
    {
      "type": "Feature",
      "geometry": {
        "type": "Polygon",
        "coordinates": [
          [
            [
              -73.0043,
              9.2741
            ],
            [
              -73.0081,
              9.2907
            ],
            [
              -73.0309,
              9.285
            ],
            [
              -73.0374,
              9.2798
            ],
            [
              -73.0422,
              9.2627
            ],
            [
              -73.0502,
              9.2584
            ],
            [
              -73.07,
              9.2645
            ],
            [
              -73.0764,
              9.2542
            ],
            [
              -73.0773,
              9.2389
            ],
            [
              -73.0894,
              9.2256
            ],
            [
              -73.1049,
              9.2312
            ],
            [
              -73.1286,
              9.2285
            ],
            [
              -73.1374,
              9.2151
            ],
            [
              -73.1516,
              9.2104
            ],
            [
              -73.1502,
              9.2011
            ],
            [
              -73.1764,
              9.1769
            ],
            [
              -73.1929,
              9.1746
            ],
            [
              -73.2142,
              9.1807
            ],
            [
              -73.2353,
              9.173
            ],
            [
              -73.2519,
              9.162
            ],
            [
              -73.2801,
              9.1623
            ],
            [
              -73.3006,
              9.1714
            ],
            [
              -73.316,
              9.1682
            ],
            [
              -73.3383,
              9.1737
            ],
            [
              -73.3589,
              9.1675
            ],
            [
              -73.369,
              9.1726
            ],
            [
              -73.3717,
              9.1581
            ],
            [
              -73.3823,
              9.1526
            ],
            [
              -73.4031,
              9.1631
            ],
            [
              -73.4117,
              9.1544
            ],
            [
              -73.4154,
              9.1324
            ],
            [
              -73.4247,
              9.1222
            ],
            [
              -73.4295,
              9.1024
            ],
            [
              -73.4165,
              9.0839
            ],
            [
              -73.4163,
              9.0584
            ],
            [
              -73.412,
              9.0533
            ],
            [
              -73.4223,
              9.029
            ],
            [
              -73.4233,
              9.0123
            ],
            [
              -73.4364,
              8.9999
            ],
            [
              -73.4395,
              8.9743
            ],
            [
              -73.4346,
              8.9589
            ],
            [
              -73.4302,
              8.9188
            ],
            [
              -73.4374,
              8.91
            ],
            [
              -73.4257,
              8.8996
            ],
            [
              -73.4341,
              8.8713
            ],
            [
              -73.4473,
              8.8709
            ],
            [
              -73.4482,
              8.8622
            ],
            [
              -73.4298,
              8.8345
            ],
            [
              -73.4287,
              8.8237
            ],
            [
              -73.4287,
              8.8128
            ],
            [
              -73.4211,
              8.7931
            ],
            [
              -73.4118,
              8.7811
            ],
            [
              -73.4161,
              8.7625
            ],
            [
              -73.4403,
              8.7607
            ],
            [
              -73.4627,
              8.7453
            ],
            [
              -73.4714,
              8.727
            ],
            [
              -73.4763,
              8.7033
            ],
            [
              -73.505,
              8.6885
            ],
            [
              -73.5068,
              8.6797
            ],
            [
              -73.5215,
              8.6582
            ],
            [
              -73.52,
              8.6452
            ],
            [
              -73.5262,
              8.6314
            ],
            [
              -73.5422,
              8.6242
            ],
            [
              -73.5522,
              8.6069
            ],
            [
              -73.5474,
              8.5823
            ],
            [
              -73.5472,
              8.5643
            ],
            [
              -73.5389,
              8.5608
            ],
            [
              -73.515,
              8.529
            ],
            [
              -73.5318,
              8.5279
            ],
            [
              -73.5535,
              8.5078
            ],
            [
              -73.5766,
              8.5057
            ],
            [
              -73.5592,
              8.4879
            ],
            [
              -73.5477,
              8.4714
            ],
            [
              -73.5233,
              8.4828
            ],
            [
              -73.4937,
              8.4775
            ],
            [
              -73.4777,
              8.4701
            ],
            [
              -73.473,
              8.4605
            ],
            [
              -73.4747,
              8.4455
            ],
            [
              -73.4879,
              8.4361
            ],
            [
              -73.4927,
              8.422
            ],
            [
              -73.4751,
              8.423
            ],
            [
              -73.4771,
              8.41
            ],
            [
              -73.4688,
              8.4024
            ],
            [
              -73.4472,
              8.4224
            ],
            [
              -73.4147,
              8.424
            ],
            [
              -73.4106,
              8.4303
            ],
            [
              -73.4144,
              8.4593
            ],
            [
              -73.4103,
              8.473
            ],
            [
              -73.4124,
              8.4863
            ],
            [
              -73.4066,
              8.5044
            ],
            [
              -73.4047,
              8.5225
            ],
            [
              -73.4074,
              8.5449
            ],
            [
              -73.3905,
              8.5561
            ],
            [
              -73.3684,
              8.5789
            ],
            [
              -73.363,
              8.5899
            ],
            [
              -73.3682,
              8.5984
            ],
            [
              -73.3559,
              8.6195
            ],
            [
              -73.3425,
              8.6324
            ],
            [
              -73.3414,
              8.6556
            ],
            [
              -73.3301,
              8.6614
            ],
            [
              -73.3064,
              8.6884
            ],
            [
              -73.3071,
              8.705
            ],
            [
              -73.3131,
              8.7109
            ],
            [
              -73.3132,
              8.7244
            ],
            [
              -73.3067,
              8.7349
            ],
            [
              -73.2801,
              8.7417
            ],
            [
              -73.2987,
              8.7714
            ],
            [
              -73.2951,
              8.7789
            ],
            [
              -73.3004,
              8.8025
            ],
            [
              -73.2958,
              8.8182
            ],
            [
              -73.2811,
              8.8307
            ],
            [
              -73.2532,
              8.8374
            ],
            [
              -73.2385,
              8.8546
            ],
            [
              -73.2383,
              8.8737
            ],
            [
              -73.2434,
              8.888
            ],
            [
              -73.2462,
              8.9141
            ],
            [
              -73.2585,
              8.9215
            ],
            [
              -73.2569,
              8.9368
            ],
            [
              -73.2508,
              8.9468
            ],
            [
              -73.2407,
              8.9759
            ],
            [
              -73.252,
              9.0047
            ],
            [
              -73.2467,
              9.0079
            ],
            [
              -73.2404,
              9.027
            ],
            [
              -73.217,
              9.0471
            ],
            [
              -73.2129,
              9.0592
            ],
            [
              -73.1922,
              9.0674
            ],
            [
              -73.1783,
              9.0865
            ],
            [
              -73.1659,
              9.0919
            ],
            [
              -73.1608,
              9.1025
            ],
            [
              -73.1407,
              9.1151
            ],
            [
              -73.1222,
              9.1174
            ],
            [
              -73.1156,
              9.1297
            ],
            [
              -73.1074,
              9.1254
            ],
            [
              -73.0913,
              9.1286
            ],
            [
              -73.0821,
              9.1363
            ],
            [
              -73.0609,
              9.1397
            ],
            [
              -73.0549,
              9.1493
            ],
            [
              -73.0602,
              9.1614
            ],
            [
              -73.0714,
              9.169
            ],
            [
              -73.0764,
              9.1801
            ],
            [
              -73.0711,
              9.2216
            ],
            [
              -73.0588,
              9.2233
            ],
            [
              -73.0461,
              9.2375
            ],
            [
              -73.0303,
              9.2368
            ],
            [
              -73.021,
              9.2535
            ],
            [
              -73.0235,
              9.2617
            ],
            [
              -73.0043,
              9.2741
            ]
          ]
        ]
      },
      "properties": {
        "OBJECTID": 792,
        "DPTO_CCDGO": "25",
        "MPIO_CCDGO": "245",
        "name": "25037",
        "MPIO_CRSLC": "1910",
        "MPIO_NANO_": 1993,
        "MPIO_NAREA": 1708.96799167,
        "MPIO_CSMBL": "4",
        "MPIO_CCNCT": "54245",
        "MPIO_NANO": 2012,
        "SHAPE_Leng": 3.28035096244,
        "SHAPE_Area": 0.140453033062,
        "NOMBRE": "EL CARMEN",
        "DANE": {
          "dpto_ccdgo": "54",
          "mpio_ccdgo": "245",
          "mpio_cdpmp": "54245",
          "dpto_cnmbr": "NORTE DE SANTANDER",
          "mpio_cnmbr": "EL CARMEN",
          "mpio_crslc": "1910",
          "mpio_tipo": "MUNICIPIO",
          "mpio_narea": 1727.75630132,
          "mpio_nano": 2024,
          "shape_Leng": 3.21492419337,
          "shape_Area": 0.141995282366
        }
      }
    },
    {
      "type": "Feature",
      "geometry": {
        "type": "Polygon",
        "coordinates": [
          [
            [
              -73.0164,
              8.5454
            ],
            [
              -73.0147,
              8.5595
            ],
            [
              -72.9931,
              8.5776
            ],
            [
              -72.9595,
              8.5883
            ],
            [
              -72.9372,
              8.5748
            ],
            [
              -72.9191,
              8.5816
            ],
            [
              -72.9055,
              8.6025
            ],
            [
              -72.9176,
              8.6482
            ],
            [
              -72.9194,
              8.6776
            ],
            [
              -72.9238,
              8.6793
            ],
            [
              -72.9172,
              8.7107
            ],
            [
              -72.9275,
              8.7284
            ],
            [
              -72.9411,
              8.7357
            ],
            [
              -72.9415,
              8.7574
            ],
            [
              -72.9542,
              8.7543
            ],
            [
              -72.9603,
              8.7642
            ],
            [
              -72.9576,
              8.7793
            ],
            [
              -72.9437,
              8.7902
            ],
            [
              -72.9544,
              8.8028
            ],
            [
              -72.9643,
              8.8072
            ],
            [
              -72.9476,
              8.8386
            ],
            [
              -72.9521,
              8.851
            ],
            [
              -72.964,
              8.8524
            ],
            [
              -72.9657,
              8.8687
            ],
            [
              -72.9757,
              8.8835
            ],
            [
              -72.9938,
              8.8784
            ],
            [
              -73.0026,
              8.8849
            ],
            [
              -73.0123,
              8.8777
            ],
            [
              -73.0366,
              8.8706
            ],
            [
              -73.0437,
              8.8654
            ],
            [
              -73.0597,
              8.8669
            ],
            [
              -73.0674,
              8.8501
            ],
            [
              -73.0553,
              8.8368
            ],
            [
              -73.0493,
              8.815
            ],
            [
              -73.0542,
              8.7848
            ],
            [
              -73.0518,
              8.7762
            ],
            [
              -73.0746,
              8.7543
            ],
            [
              -73.0926,
              8.7569
            ],
            [
              -73.0991,
              8.7434
            ],
            [
              -73.0991,
              8.7182
            ],
            [
              -73.1086,
              8.7121
            ],
            [
              -73.1199,
              8.6964
            ],
            [
              -73.1361,
              8.6878
            ],
            [
              -73.1482,
              8.6755
            ],
            [
              -73.1549,
              8.6511
            ],
            [
              -73.1587,
              8.6259
            ],
            [
              -73.1676,
              8.6169
            ],
            [
              -73.1573,
              8.6002
            ],
            [
              -73.1584,
              8.5725
            ],
            [
              -73.1538,
              8.5567
            ],
            [
              -73.1329,
              8.5316
            ],
            [
              -73.119,
              8.5296
            ],
            [
              -73.0896,
              8.5016
            ],
            [
              -73.0636,
              8.5008
            ],
            [
              -73.0518,
              8.5078
            ],
            [
              -73.0571,
              8.5367
            ],
            [
              -73.0349,
              8.5467
            ],
            [
              -73.0164,
              8.5454
            ]
          ]
        ]
      },
      "properties": {
        "OBJECTID": 793,
        "DPTO_CCDGO": "25",
        "MPIO_CCDGO": "250",
        "name": "25036",
        "MPIO_CRSLC": "Ordenanza 4 de Noviembre 26 de 1990",
        "MPIO_NANO_": 1993,
        "MPIO_NAREA": 706.92926083,
        "MPIO_CSMBL": "4",
        "MPIO_CCNCT": "54250",
        "MPIO_NANO": 2012,
        "SHAPE_Leng": 1.40882347029,
        "SHAPE_Area": 0.0580598506348,
        "NOMBRE": "EL TARRA",
        "DANE": {
          "dpto_ccdgo": "54",
          "mpio_ccdgo": "250",
          "mpio_cdpmp": "54250",
          "dpto_cnmbr": "NORTE DE SANTANDER",
          "mpio_cnmbr": "EL TARRA",
          "mpio_crslc": "Ordenanza 4 de Noviembre 26 de 1990",
          "mpio_tipo": "MUNICIPIO",
          "mpio_narea": 704.100286702,
          "mpio_nano": 2024,
          "shape_Leng": 1.4212223249,
          "shape_Area": 0.0578276298044
        }
      }
    },
    {
      "type": "Feature",
      "geometry": {
        "type": "Polygon",
        "coordinates": [
          [
            [
              -72.5879,
              7.9191
            ],
            [
              -72.5841,
              7.9267
            ],
            [
              -72.5907,
              7.9529
            ],
            [
              -72.5978,
              7.967
            ],
            [
              -72.5949,
              7.9739
            ],
            [
              -72.5962,
              7.9971
            ],
            [
              -72.5891,
              8.0061
            ],
            [
              -72.5877,
              8.0231
            ],
            [
              -72.5925,
              8.0314
            ],
            [
              -72.5923,
              8.0519
            ],
            [
              -72.5841,
              8.0939
            ],
            [
              -72.5771,
              8.1093
            ],
            [
              -72.5516,
              8.1173
            ],
            [
              -72.5378,
              8.1328
            ],
            [
              -72.5402,
              8.1401
            ],
            [
              -72.5287,
              8.1636
            ],
            [
              -72.5276,
              8.2038
            ],
            [
              -72.5358,
              8.2227
            ],
            [
              -72.5503,
              8.2106
            ],
            [
              -72.559,
              8.2131
            ],
            [
              -72.5598,
              8.2522
            ],
            [
              -72.5475,
              8.2865
            ],
            [
              -72.5628,
              8.2811
            ],
            [
              -72.5858,
              8.2843
            ],
            [
              -72.6066,
              8.2828
            ],
            [
              -72.6175,
              8.2662
            ],
            [
              -72.6024,
              8.2582
            ],
            [
              -72.5968,
              8.2432
            ],
            [
              -72.6178,
              8.2267
            ],
            [
              -72.6352,
              8.2198
            ],
            [
              -72.6481,
              8.2208
            ],
            [
              -72.6538,
              8.2073
            ],
            [
              -72.6542,
              8.1874
            ],
            [
              -72.6475,
              8.1787
            ],
            [
              -72.6451,
              8.1645
            ],
            [
              -72.652,
              8.1486
            ],
            [
              -72.662,
              8.1428
            ],
            [
              -72.6853,
              8.1384
            ],
            [
              -72.6937,
              8.1021
            ],
            [
              -72.6892,
              8.0856
            ],
            [
              -72.7132,
              8.0479
            ],
            [
              -72.7415,
              8.0419
            ],
            [
              -72.7387,
              8.0366
            ],
            [
              -72.7538,
              8.0176
            ],
            [
              -72.7482,
              7.9959
            ],
            [
              -72.76,
              7.9821
            ],
            [
              -72.7602,
              7.9693
            ],
            [
              -72.7494,
              7.9716
            ],
            [
              -72.7278,
              7.9683
            ],
            [
              -72.7085,
              7.9792
            ],
            [
              -72.6857,
              7.9717
            ],
            [
              -72.6929,
              7.9528
            ],
            [
              -72.7131,
              7.9397
            ],
            [
              -72.7004,
              7.9287
            ],
            [
              -72.6822,
              7.9356
            ],
            [
              -72.6591,
              7.9173
            ],
            [
              -72.6564,
              7.9067
            ],
            [
              -72.6337,
              7.9087
            ],
            [
              -72.629,
              7.9133
            ],
            [
              -72.6112,
              7.9093
            ],
            [
              -72.5997,
              7.9207
            ],
            [
              -72.5879,
              7.9191
            ]
          ]
        ]
      },
      "properties": {
        "OBJECTID": 794,
        "DPTO_CCDGO": "25",
        "MPIO_CCDGO": "261",
        "name": "25038",
        "MPIO_CRSLC": "Ordenanza 4 de Octubre 30 de 1959",
        "MPIO_NANO_": 1993,
        "MPIO_NAREA": 515.13035891,
        "MPIO_CSMBL": "4",
        "MPIO_CCNCT": "54261",
        "MPIO_NANO": 2012,
        "SHAPE_Leng": 1.39958935371,
        "SHAPE_Area": 0.0422317227815,
        "NOMBRE": "EL ZULIA",
        "DANE": {
          "dpto_ccdgo": "54",
          "mpio_ccdgo": "261",
          "mpio_cdpmp": "54261",
          "dpto_cnmbr": "NORTE DE SANTANDER",
          "mpio_cnmbr": "EL ZULIA",
          "mpio_crslc": "Ordenanza 4 de Octubre 30 de 1959",
          "mpio_tipo": "MUNICIPIO",
          "mpio_narea": 505.326349054,
          "mpio_nano": 2024,
          "shape_Leng": 1.43828248164,
          "shape_Area": 0.0414279276926
        }
      }
    },
    {
      "type": "Feature",
      "geometry": {
        "type": "Polygon",
        "coordinates": [
          [
            [
              -72.7602,
              7.9693
            ],
            [
              -72.76,
              7.9821
            ],
            [
              -72.7482,
              7.9959
            ],
            [
              -72.7538,
              8.0176
            ],
            [
              -72.7642,
              8.0138
            ],
            [
              -72.7708,
              7.9996
            ],
            [
              -72.7944,
              8.0055
            ],
            [
              -72.8027,
              7.9673
            ],
            [
              -72.8017,
              7.9545
            ],
            [
              -72.8181,
              7.924
            ],
            [
              -72.831,
              7.9212
            ],
            [
              -72.8561,
              7.9241
            ],
            [
              -72.8784,
              7.9041
            ],
            [
              -72.8957,
              7.9044
            ],
            [
              -72.9013,
              7.9018
            ],
            [
              -72.875,
              7.8745
            ],
            [
              -72.8616,
              7.8751
            ],
            [
              -72.8533,
              7.8612
            ],
            [
              -72.8343,
              7.8514
            ],
            [
              -72.8332,
              7.8277
            ],
            [
              -72.7979,
              7.8411
            ],
            [
              -72.7899,
              7.8402
            ],
            [
              -72.775,
              7.8513
            ],
            [
              -72.7601,
              7.8482
            ],
            [
              -72.7542,
              7.8691
            ],
            [
              -72.7611,
              7.8923
            ],
            [
              -72.7607,
              7.914
            ],
            [
              -72.7737,
              7.9271
            ],
            [
              -72.775,
              7.9428
            ],
            [
              -72.771,
              7.9567
            ],
            [
              -72.7602,
              7.9693
            ]
          ]
        ]
      },
      "properties": {
        "OBJECTID": 795,
        "DPTO_CCDGO": "25",
        "MPIO_CCDGO": "313",
        "name": "25040",
        "MPIO_CRSLC": "1864",
        "MPIO_NANO_": 1993,
        "MPIO_NAREA": 148.95028332,
        "MPIO_CSMBL": "4",
        "MPIO_CCNCT": "54313",
        "MPIO_NANO": 2012,
        "SHAPE_Leng": 0.662100245586,
        "SHAPE_Area": 0.0122079658922,
        "NOMBRE": "GRAMALOTE",
        "DANE": {
          "dpto_ccdgo": "54",
          "mpio_ccdgo": "313",
          "mpio_cdpmp": "54313",
          "dpto_cnmbr": "NORTE DE SANTANDER",
          "mpio_cnmbr": "GRAMALOTE",
          "mpio_crslc": "1864",
          "mpio_tipo": "MUNICIPIO",
          "mpio_narea": 149.023907795,
          "mpio_nano": 2024,
          "shape_Leng": 0.673837458957,
          "shape_Area": 0.0122140001636
        }
      }
    },
    {
      "type": "Feature",
      "geometry": {
        "type": "Polygon",
        "coordinates": [
          [
            [
              -72.9682,
              8.4327
            ],
            [
              -72.9739,
              8.4251
            ],
            [
              -72.9888,
              8.4383
            ],
            [
              -73.0113,
              8.4523
            ],
            [
              -73.0132,
              8.4665
            ],
            [
              -73.0311,
              8.4833
            ],
            [
              -73.0502,
              8.4878
            ],
            [
              -73.0849,
              8.4561
            ],
            [
              -73.0891,
              8.4386
            ],
            [
              -73.1019,
              8.4208
            ],
            [
              -73.1204,
              8.4248
            ],
            [
              -73.1371,
              8.4356
            ],
            [
              -73.1615,
              8.4352
            ],
            [
              -73.1779,
              8.4105
            ],
            [
              -73.1747,
              8.3829
            ],
            [
              -73.1852,
              8.3702
            ],
            [
              -73.1798,
              8.3337
            ],
            [
              -73.1697,
              8.3164
            ],
            [
              -73.1835,
              8.3116
            ],
            [
              -73.1753,
              8.2979
            ],
            [
              -73.1557,
              8.296
            ],
            [
              -73.1554,
              8.2651
            ],
            [
              -73.1398,
              8.2585
            ],
            [
              -73.1334,
              8.2498
            ],
            [
              -73.1123,
              8.2431
            ],
            [
              -73.0935,
              8.2477
            ],
            [
              -73.0881,
              8.2779
            ],
            [
              -73.0546,
              8.2856
            ],
            [
              -73.0437,
              8.2782
            ],
            [
              -73.0309,
              8.277
            ],
            [
              -73.0211,
              8.2855
            ],
            [
              -72.9906,
              8.2851
            ],
            [
              -72.9768,
              8.3009
            ],
            [
              -72.9835,
              8.311
            ],
            [
              -72.9727,
              8.3274
            ],
            [
              -72.985,
              8.3534
            ],
            [
              -72.9819,
              8.3647
            ],
            [
              -72.9921,
              8.3752
            ],
            [
              -72.9951,
              8.3911
            ],
            [
              -72.9871,
              8.4124
            ],
            [
              -72.9764,
              8.4111
            ],
            [
              -72.9669,
              8.4245
            ],
            [
              -72.9682,
              8.4327
            ]
          ]
        ]
      },
      "properties": {
        "OBJECTID": 796,
        "DPTO_CCDGO": "25",
        "MPIO_CCDGO": "344",
        "name": "25043",
        "MPIO_CRSLC": "1930",
        "MPIO_NANO_": 1993,
        "MPIO_NAREA": 418.8683774,
        "MPIO_CSMBL": "4",
        "MPIO_CCNCT": "54344",
        "MPIO_NANO": 2012,
        "SHAPE_Leng": 0.979588166728,
        "SHAPE_Area": 0.0343748315888,
        "NOMBRE": "HACARI",
        "DANE": {
          "dpto_ccdgo": "54",
          "mpio_ccdgo": "344",
          "mpio_cdpmp": "54344",
          "dpto_cnmbr": "NORTE DE SANTANDER",
          "mpio_cnmbr": "HACARÍ",
          "mpio_crslc": "1930",
          "mpio_tipo": "MUNICIPIO",
          "mpio_narea": 419.004934147,
          "mpio_nano": 2024,
          "shape_Leng": 1.0012174507,
          "shape_Area": 0.0343860276996
        }
      }
    },
    {
      "type": "Feature",
      "geometry": {
        "type": "Polygon",
        "coordinates": [
          [
            [
              -72.4556,
              7.5533
            ],
            [
              -72.4742,
              7.5525
            ],
            [
              -72.5136,
              7.5567
            ],
            [
              -72.5477,
              7.5505
            ],
            [
              -72.5557,
              7.5348
            ],
            [
              -72.5349,
              7.4893
            ],
            [
              -72.5236,
              7.4718
            ],
            [
              -72.5146,
              7.4751
            ],
            [
              -72.5072,
              7.4634
            ],
            [
              -72.4931,
              7.4631
            ],
            [
              -72.4889,
              7.4469
            ],
            [
              -72.4538,
              7.4069
            ],
            [
              -72.4246,
              7.3951
            ],
            [
              -72.4163,
              7.4008
            ],
            [
              -72.4304,
              7.4035
            ],
            [
              -72.4425,
              7.4226
            ],
            [
              -72.441,
              7.4319
            ],
            [
              -72.4469,
              7.4614
            ],
            [
              -72.4621,
              7.4822
            ],
            [
              -72.4716,
              7.4833
            ],
            [
              -72.478,
              7.4986
            ],
            [
              -72.471,
              7.5266
            ],
            [
              -72.4557,
              7.5481
            ],
            [
              -72.4556,
              7.5533
            ]
          ]
        ]
      },
      "properties": {
        "OBJECTID": 797,
        "DPTO_CCDGO": "25",
        "MPIO_CCDGO": "347",
        "name": "25046",
        "MPIO_CRSLC": "1911",
        "MPIO_NANO_": 1993,
        "MPIO_NAREA": 107.4781405,
        "MPIO_CSMBL": "4",
        "MPIO_CCNCT": "54347",
        "MPIO_NANO": 2012,
        "SHAPE_Leng": 0.597425062412,
        "SHAPE_Area": 0.00879952509121,
        "NOMBRE": "HERRAN",
        "DANE": {
          "dpto_ccdgo": "54",
          "mpio_ccdgo": "347",
          "mpio_cdpmp": "54347",
          "dpto_cnmbr": "NORTE DE SANTANDER",
          "mpio_cnmbr": "HERRÁN",
          "mpio_crslc": "1911",
          "mpio_tipo": "MUNICIPIO",
          "mpio_narea": 106.958024788,
          "mpio_nano": 2024,
          "shape_Leng": 0.599446330214,
          "shape_Area": 0.00875559618935
        }
      }
    },
    {
      "type": "Feature",
      "geometry": {
        "type": "Polygon",
        "coordinates": [
          [
            [
              -72.4808,
              7.1583
            ],
            [
              -72.4702,
              7.1654
            ],
            [
              -72.454,
              7.1839
            ],
            [
              -72.4589,
              7.1912
            ],
            [
              -72.4558,
              7.2083
            ],
            [
              -72.4454,
              7.2295
            ],
            [
              -72.4573,
              7.2398
            ],
            [
              -72.4689,
              7.2672
            ],
            [
              -72.4841,
              7.2791
            ],
            [
              -72.4903,
              7.2909
            ],
            [
              -72.4915,
              7.3073
            ],
            [
              -72.4984,
              7.319
            ],
            [
              -72.4971,
              7.3346
            ],
            [
              -72.5025,
              7.3442
            ],
            [
              -72.5066,
              7.3834
            ],
            [
              -72.5204,
              7.4004
            ],
            [
              -72.5418,
              7.3942
            ],
            [
              -72.5602,
              7.3966
            ],
            [
              -72.5695,
              7.3935
            ],
            [
              -72.5772,
              7.3895
            ],
            [
              -72.5765,
              7.3795
            ],
            [
              -72.584,
              7.3583
            ],
            [
              -72.5786,
              7.334
            ],
            [
              -72.5441,
              7.2906
            ],
            [
              -72.5344,
              7.2917
            ],
            [
              -72.5384,
              7.2744
            ],
            [
              -72.5601,
              7.271
            ],
            [
              -72.5772,
              7.2629
            ],
            [
              -72.5643,
              7.2422
            ],
            [
              -72.5589,
              7.2245
            ],
            [
              -72.5769,
              7.1765
            ],
            [
              -72.5928,
              7.1686
            ],
            [
              -72.5883,
              7.1579
            ],
            [
              -72.5766,
              7.1649
            ],
            [
              -72.5595,
              7.1576
            ],
            [
              -72.54,
              7.1561
            ],
            [
              -72.5179,
              7.1672
            ],
            [
              -72.5021,
              7.1691
            ],
            [
              -72.4808,
              7.1583
            ]
          ]
        ]
      },
      "properties": {
        "OBJECTID": 798,
        "DPTO_CCDGO": "25",
        "MPIO_CCDGO": "377",
        "name": "25049",
        "MPIO_CRSLC": "1730",
        "MPIO_NANO_": 1993,
        "MPIO_NAREA": 255.84478325,
        "MPIO_CSMBL": "4",
        "MPIO_CCNCT": "54377",
        "MPIO_NANO": 2012,
        "SHAPE_Leng": 0.831431253371,
        "SHAPE_Area": 0.0209356165346,
        "NOMBRE": "LABATECA",
        "DANE": {
          "dpto_ccdgo": "54",
          "mpio_ccdgo": "377",
          "mpio_cdpmp": "54377",
          "dpto_cnmbr": "NORTE DE SANTANDER",
          "mpio_cnmbr": "LABATECA",
          "mpio_crslc": "1730",
          "mpio_tipo": "MUNICIPIO",
          "mpio_narea": 256.039785936,
          "mpio_nano": 2024,
          "shape_Leng": 0.842447045773,
          "shape_Area": 0.0209494974958
        }
      }
    },
    {
      "type": "Feature",
      "geometry": {
        "type": "Polygon",
        "coordinates": [
          [
            [
              -73.3486,
              7.8289
            ],
            [
              -73.3487,
              7.8108
            ],
            [
              -73.3542,
              7.7898
            ],
            [
              -73.3749,
              7.7744
            ],
            [
              -73.3851,
              7.7571
            ],
            [
              -73.4104,
              7.7248
            ],
            [
              -73.4119,
              7.7164
            ],
            [
              -73.4402,
              7.6961
            ],
            [
              -73.4627,
              7.6923
            ],
            [
              -73.4668,
              7.6846
            ],
            [
              -73.4809,
              7.6763
            ],
            [
              -73.5078,
              7.6819
            ],
            [
              -73.5296,
              7.7042
            ],
            [
              -73.5517,
              7.7121
            ],
            [
              -73.5612,
              7.7269
            ],
            [
              -73.5805,
              7.7385
            ],
            [
              -73.6044,
              7.7431
            ],
            [
              -73.614,
              7.7417
            ],
            [
              -73.633,
              7.7492
            ],
            [
              -73.6139,
              7.7312
            ],
            [
              -73.599,
              7.724
            ],
            [
              -73.6027,
              7.7129
            ],
            [
              -73.5969,
              7.7013
            ],
            [
              -73.5819,
              7.6953
            ],
            [
              -73.5729,
              7.6986
            ],
            [
              -73.5572,
              7.6877
            ],
            [
              -73.5609,
              7.677
            ],
            [
              -73.5384,
              7.6635
            ],
            [
              -73.5271,
              7.6446
            ],
            [
              -73.5169,
              7.637
            ],
            [
              -73.5205,
              7.6243
            ],
            [
              -73.5086,
              7.6115
            ],
            [
              -73.506,
              7.5996
            ],
            [
              -73.4771,
              7.5854
            ],
            [
              -73.4626,
              7.5746
            ],
            [
              -73.4396,
              7.5741
            ],
            [
              -73.4103,
              7.5653
            ],
            [
              -73.3955,
              7.5679
            ],
            [
              -73.3992,
              7.5767
            ],
            [
              -73.387,
              7.5822
            ],
            [
              -73.3698,
              7.5634
            ],
            [
              -73.3527,
              7.5632
            ],
            [
              -73.3425,
              7.5545
            ],
            [
              -73.3228,
              7.5648
            ],
            [
              -73.319,
              7.6004
            ],
            [
              -73.3104,
              7.6031
            ],
            [
              -73.3001,
              7.6224
            ],
            [
              -73.2867,
              7.6376
            ],
            [
              -73.2724,
              7.6625
            ],
            [
              -73.2667,
              7.6999
            ],
            [
              -73.2396,
              7.7076
            ],
            [
              -73.2312,
              7.7224
            ],
            [
              -73.2079,
              7.7264
            ],
            [
              -73.1986,
              7.7244
            ],
            [
              -73.1776,
              7.7375
            ],
            [
              -73.1641,
              7.7666
            ],
            [
              -73.1694,
              7.7908
            ],
            [
              -73.1527,
              7.8098
            ],
            [
              -73.1676,
              7.803
            ],
            [
              -73.178,
              7.7894
            ],
            [
              -73.182,
              7.7763
            ],
            [
              -73.2034,
              7.7854
            ],
            [
              -73.1947,
              7.7952
            ],
            [
              -73.2047,
              7.8113
            ],
            [
              -73.2309,
              7.8261
            ],
            [
              -73.2506,
              7.8198
            ],
            [
              -73.2656,
              7.8274
            ],
            [
              -73.2699,
              7.835
            ],
            [
              -73.2971,
              7.8367
            ],
            [
              -73.3226,
              7.8226
            ],
            [
              -73.3402,
              7.8343
            ],
            [
              -73.3486,
              7.8289
            ]
          ]
        ]
      },
      "properties": {
        "OBJECTID": 799,
        "DPTO_CCDGO": "25",
        "MPIO_CCDGO": "385",
        "name": "25051",
        "MPIO_CRSLC": "Ordenanza 82 de diciembre 20 de 1993",
        "MPIO_NANO_": 1993,
        "MPIO_NAREA": 654.74631994,
        "MPIO_CSMBL": "4",
        "MPIO_CCNCT": "54385",
        "MPIO_NANO": 2012,
        "SHAPE_Leng": 1.82663061074,
        "SHAPE_Area": 0.053654155685,
        "NOMBRE": "LA ESPERANZA",
        "DANE": {
          "dpto_ccdgo": "54",
          "mpio_ccdgo": "385",
          "mpio_cdpmp": "54385",
          "dpto_cnmbr": "NORTE DE SANTANDER",
          "mpio_cnmbr": "LA ESPERANZA",
          "mpio_crslc": "Ordenanza 82 de diciembre 20 de 1993",
          "mpio_tipo": "MUNICIPIO",
          "mpio_narea": 669.899282212,
          "mpio_nano": 2024,
          "shape_Leng": 1.82868402367,
          "shape_Area": 0.0548960098884
        }
      }
    },
    {
      "type": "Feature",
      "geometry": {
        "type": "Polygon",
        "coordinates": [
          [
            [
              -73.0546,
              8.2856
            ],
            [
              -73.0881,
              8.2779
            ],
            [
              -73.0935,
              8.2477
            ],
            [
              -73.1123,
              8.2431
            ],
            [
              -73.1334,
              8.2498
            ],
            [
              -73.1398,
              8.2585
            ],
            [
              -73.1554,
              8.2651
            ],
            [
              -73.1557,
              8.296
            ],
            [
              -73.1753,
              8.2979
            ],
            [
              -73.1835,
              8.3116
            ],
            [
              -73.1697,
              8.3164
            ],
            [
              -73.1798,
              8.3337
            ],
            [
              -73.1852,
              8.3702
            ],
            [
              -73.1941,
              8.3702
            ],
            [
              -73.2034,
              8.3547
            ],
            [
              -73.1996,
              8.3332
            ],
            [
              -73.2161,
              8.334
            ],
            [
              -73.2465,
              8.3428
            ],
            [
              -73.2697,
              8.3238
            ],
            [
              -73.2502,
              8.3107
            ],
            [
              -73.2565,
              8.286
            ],
            [
              -73.2529,
              8.2798
            ],
            [
              -73.2594,
              8.2595
            ],
            [
              -73.277,
              8.2523
            ],
            [
              -73.2698,
              8.2371
            ],
            [
              -73.259,
              8.225
            ],
            [
              -73.2736,
              8.1914
            ],
            [
              -73.2505,
              8.1684
            ],
            [
              -73.2401,
              8.1691
            ],
            [
              -73.2153,
              8.1823
            ],
            [
              -73.2043,
              8.1825
            ],
            [
              -73.2041,
              8.1942
            ],
            [
              -73.195,
              8.2087
            ],
            [
              -73.1767,
              8.214
            ],
            [
              -73.1619,
              8.2095
            ],
            [
              -73.1508,
              8.2243
            ],
            [
              -73.1245,
              8.227
            ],
            [
              -73.1102,
              8.2219
            ],
            [
              -73.0929,
              8.2098
            ],
            [
              -73.0823,
              8.1956
            ],
            [
              -73.0754,
              8.2114
            ],
            [
              -73.0484,
              8.2306
            ],
            [
              -73.048,
              8.2452
            ],
            [
              -73.0593,
              8.2739
            ],
            [
              -73.0546,
              8.2856
            ]
          ]
        ]
      },
      "properties": {
        "OBJECTID": 800,
        "DPTO_CCDGO": "25",
        "MPIO_CCDGO": "398",
        "name": "25052",
        "MPIO_CRSLC": "1930",
        "MPIO_NANO_": 1993,
        "MPIO_NAREA": 244.8126418,
        "MPIO_CSMBL": "4",
        "MPIO_CCNCT": "54398",
        "MPIO_NANO": 2012,
        "SHAPE_Leng": 1.13428026452,
        "SHAPE_Area": 0.0200867232548,
        "NOMBRE": "LA PLAYA",
        "DANE": {
          "dpto_ccdgo": "54",
          "mpio_ccdgo": "398",
          "mpio_cdpmp": "54398",
          "dpto_cnmbr": "NORTE DE SANTANDER",
          "mpio_cnmbr": "LA PLAYA",
          "mpio_crslc": "1930",
          "mpio_tipo": "MUNICIPIO",
          "mpio_narea": 242.214667188,
          "mpio_nano": 2024,
          "shape_Leng": 1.14657441753,
          "shape_Area": 0.0198736132556
        }
      }
    },
    {
      "type": "Feature",
      "geometry": {
        "type": "Polygon",
        "coordinates": [
          [
            [
              -72.4875,
              7.8576
            ],
            [
              -72.5022,
              7.8632
            ],
            [
              -72.5207,
              7.8347
            ],
            [
              -72.5255,
              7.797
            ],
            [
              -72.5228,
              7.788
            ],
            [
              -72.5321,
              7.7545
            ],
            [
              -72.5614,
              7.7382
            ],
            [
              -72.5757,
              7.7215
            ],
            [
              -72.5867,
              7.7021
            ],
            [
              -72.5878,
              7.6806
            ],
            [
              -72.5822,
              7.6686
            ],
            [
              -72.565,
              7.6783
            ],
            [
              -72.5643,
              7.6662
            ],
            [
              -72.5554,
              7.6523
            ],
            [
              -72.5378,
              7.6476
            ],
            [
              -72.5279,
              7.6375
            ],
            [
              -72.5209,
              7.6483
            ],
            [
              -72.52,
              7.6782
            ],
            [
              -72.5107,
              7.6872
            ],
            [
              -72.5039,
              7.7376
            ],
            [
              -72.4886,
              7.7564
            ],
            [
              -72.4896,
              7.7653
            ],
            [
              -72.5015,
              7.7778
            ],
            [
              -72.4856,
              7.7835
            ],
            [
              -72.4811,
              7.7943
            ],
            [
              -72.484,
              7.8208
            ],
            [
              -72.4819,
              7.8405
            ],
            [
              -72.4875,
              7.8576
            ]
          ]
        ]
      },
      "properties": {
        "OBJECTID": 801,
        "DPTO_CCDGO": "25",
        "MPIO_CCDGO": "405",
        "name": "25054",
        "MPIO_CRSLC": "Ordenanza 13 de Diciembre 10 de 1985",
        "MPIO_NANO_": 1993,
        "MPIO_NAREA": 124.95112115,
        "MPIO_CSMBL": "4",
        "MPIO_CCNCT": "54405",
        "MPIO_NANO": 2012,
        "SHAPE_Leng": 0.636147783951,
        "SHAPE_Area": 0.0102355246554,
        "NOMBRE": "LOS PATIOS",
        "DANE": {
          "dpto_ccdgo": "54",
          "mpio_ccdgo": "405",
          "mpio_cdpmp": "54405",
          "dpto_cnmbr": "NORTE DE SANTANDER",
          "mpio_cnmbr": "LOS PATIOS",
          "mpio_crslc": "Ordenanza 13 de Diciembre 10 de 1985",
          "mpio_tipo": "MUNICIPIO",
          "mpio_narea": 126.374129004,
          "mpio_nano": 2024,
          "shape_Leng": 0.669106843714,
          "shape_Area": 0.0103511711339
        }
      }
    },
    {
      "type": "Feature",
      "geometry": {
        "type": "Polygon",
        "coordinates": [
          [
            [
              -72.7944,
              8.0055
            ],
            [
              -72.8225,
              7.9939
            ],
            [
              -72.8318,
              8.0091
            ],
            [
              -72.8554,
              8.0265
            ],
            [
              -72.8738,
              7.9976
            ],
            [
              -72.873,
              7.9927
            ],
            [
              -72.8935,
              7.971
            ],
            [
              -72.9012,
              7.9539
            ],
            [
              -72.8753,
              7.9538
            ],
            [
              -72.8895,
              7.9117
            ],
            [
              -72.8957,
              7.9044
            ],
            [
              -72.8784,
              7.9041
            ],
            [
              -72.8561,
              7.9241
            ],
            [
              -72.831,
              7.9212
            ],
            [
              -72.8181,
              7.924
            ],
            [
              -72.8017,
              7.9545
            ],
            [
              -72.8027,
              7.9673
            ],
            [
              -72.7944,
              8.0055
            ]
          ]
        ]
      },
      "properties": {
        "OBJECTID": 802,
        "DPTO_CCDGO": "25",
        "MPIO_CCDGO": "418",
        "name": "25055",
        "MPIO_CRSLC": "Ordenanza 44 de Abril 29 de 1925",
        "MPIO_NANO_": 1993,
        "MPIO_NAREA": 86.5771764,
        "MPIO_CSMBL": "4",
        "MPIO_CCNCT": "54418",
        "MPIO_NANO": 2012,
        "SHAPE_Leng": 0.466336258978,
        "SHAPE_Area": 0.00709703139693,
        "NOMBRE": "LOURDES",
        "DANE": {
          "dpto_ccdgo": "54",
          "mpio_ccdgo": "418",
          "mpio_cdpmp": "54418",
          "dpto_cnmbr": "NORTE DE SANTANDER",
          "mpio_cnmbr": "LOURDES",
          "mpio_crslc": "Ordenanza 44 de Abril 29 de 1925",
          "mpio_tipo": "MUNICIPIO",
          "mpio_narea": 86.5873363844,
          "mpio_nano": 2024,
          "shape_Leng": 0.467501277936,
          "shape_Area": 0.00709787254925
        }
      }
    },
    {
      "type": "Feature",
      "geometry": {
        "type": "Polygon",
        "coordinates": [
          [
            [
              -72.7028,
              7.3233
            ],
            [
              -72.7009,
              7.3416
            ],
            [
              -72.7195,
              7.3758
            ],
            [
              -72.7435,
              7.3802
            ],
            [
              -72.7577,
              7.3731
            ],
            [
              -72.768,
              7.3625
            ],
            [
              -72.783,
              7.3573
            ],
            [
              -72.7998,
              7.3599
            ],
            [
              -72.8177,
              7.3725
            ],
            [
              -72.8236,
              7.3599
            ],
            [
              -72.838,
              7.3592
            ],
            [
              -72.8396,
              7.3215
            ],
            [
              -72.8432,
              7.3154
            ],
            [
              -72.8341,
              7.3042
            ],
            [
              -72.8171,
              7.3
            ],
            [
              -72.8194,
              7.2879
            ],
            [
              -72.8022,
              7.269
            ],
            [
              -72.7945,
              7.2498
            ],
            [
              -72.7807,
              7.2507
            ],
            [
              -72.7717,
              7.2577
            ],
            [
              -72.7471,
              7.2514
            ],
            [
              -72.7264,
              7.2562
            ],
            [
              -72.7301,
              7.2702
            ],
            [
              -72.7226,
              7.2808
            ],
            [
              -72.7133,
              7.2839
            ],
            [
              -72.7075,
              7.2953
            ],
            [
              -72.7028,
              7.3233
            ]
          ]
        ]
      },
      "properties": {
        "OBJECTID": 803,
        "DPTO_CCDGO": "25",
        "MPIO_CCDGO": "480",
        "name": "25058",
        "MPIO_CRSLC": "1943",
        "MPIO_NANO_": 1993,
        "MPIO_NAREA": 158.85797941,
        "MPIO_CSMBL": "4",
        "MPIO_CCNCT": "54480",
        "MPIO_NANO": 2012,
        "SHAPE_Leng": 0.546204015834,
        "SHAPE_Area": 0.0130021668589,
        "NOMBRE": "MUTISCUA",
        "DANE": {
          "dpto_ccdgo": "54",
          "mpio_ccdgo": "480",
          "mpio_cdpmp": "54480",
          "dpto_cnmbr": "NORTE DE SANTANDER",
          "mpio_cnmbr": "MUTISCUA",
          "mpio_crslc": "1943",
          "mpio_tipo": "MUNICIPIO",
          "mpio_narea": 158.809674887,
          "mpio_nano": 2024,
          "shape_Leng": 0.548742300159,
          "shape_Area": 0.0129982139865
        }
      }
    },
    {
      "type": "Feature",
      "geometry": {
        "type": "MultiPolygon",
        "coordinates": [
          [
            [
              [
                -73.2744,
                8.39
              ],
              [
                -73.2813,
                8.3954
              ],
              [
                -73.3106,
                8.3698
              ],
              [
                -73.3203,
                8.3829
              ],
              [
                -73.3198,
                8.4017
              ],
              [
                -73.3241,
                8.4064
              ],
              [
                -73.3319,
                8.397
              ],
              [
                -73.348,
                8.3919
              ],
              [
                -73.3529,
                8.3636
              ],
              [
                -73.3506,
                8.3343
              ],
              [
                -73.3597,
                8.3277
              ],
              [
                -73.3705,
                8.3183
              ],
              [
                -73.3775,
                8.3028
              ],
              [
                -73.3711,
                8.2802
              ],
              [
                -73.3767,
                8.2649
              ],
              [
                -73.3901,
                8.2692
              ],
              [
                -73.4065,
                8.2555
              ],
              [
                -73.418,
                8.2655
              ],
              [
                -73.4406,
                8.2572
              ],
              [
                -73.4312,
                8.2475
              ],
              [
                -73.4291,
                8.233
              ],
              [
                -73.435,
                8.2073
              ],
              [
                -73.4456,
                8.1934
              ],
              [
                -73.4301,
                8.1775
              ],
              [
                -73.4289,
                8.1634
              ],
              [
                -73.4374,
                8.1512
              ],
              [
                -73.4271,
                8.1352
              ],
              [
                -73.4306,
                8.1274
              ],
              [
                -73.4154,
                8.1146
              ],
              [
                -73.3955,
                8.1149
              ],
              [
                -73.3965,
                8.1066
              ],
              [
                -73.3846,
                8.1118
              ],
              [
                -73.3776,
                8.1055
              ],
              [
                -73.369,
                8.069
              ],
              [
                -73.3748,
                8.0515
              ],
              [
                -73.3657,
                8.0223
              ],
              [
                -73.355,
                8.0171
              ],
              [
                -73.3338,
                8.0214
              ],
              [
                -73.3235,
                8.0141
              ],
              [
                -73.3096,
                8.0157
              ],
              [
                -73.3121,
                8.0428
              ],
              [
                -73.3082,
                8.0518
              ],
              [
                -73.3252,
                8.0908
              ],
              [
                -73.3258,
                8.102
              ],
              [
                -73.3094,
                8.1037
              ],
              [
                -73.2846,
                8.1238
              ],
              [
                -73.2792,
                8.1432
              ],
              [
                -73.2921,
                8.1517
              ],
              [
                -73.293,
                8.1762
              ],
              [
                -73.2736,
                8.1914
              ],
              [
                -73.259,
                8.225
              ],
              [
                -73.2698,
                8.2371
              ],
              [
                -73.277,
                8.2523
              ],
              [
                -73.2594,
                8.2595
              ],
              [
                -73.2529,
                8.2798
              ],
              [
                -73.2565,
                8.286
              ],
              [
                -73.2502,
                8.3107
              ],
              [
                -73.2697,
                8.3238
              ],
              [
                -73.2791,
                8.3315
              ],
              [
                -73.292,
                8.3261
              ],
              [
                -73.3019,
                8.3544
              ],
              [
                -73.2936,
                8.3668
              ],
              [
                -73.2883,
                8.3836
              ],
              [
                -73.2744,
                8.39
              ]
            ]
          ],
          [
            [
              [
                -73.4566,
                8.3614
              ],
              [
                -73.4564,
                8.3455
              ],
              [
                -73.4429,
                8.3422
              ],
              [
                -73.4361,
                8.3626
              ],
              [
                -73.4101,
                8.3686
              ],
              [
                -73.3932,
                8.3823
              ],
              [
                -73.4037,
                8.4058
              ],
              [
                -73.3991,
                8.418
              ],
              [
                -73.4106,
                8.4303
              ],
              [
                -73.4147,
                8.424
              ],
              [
                -73.4472,
                8.4224
              ],
              [
                -73.4688,
                8.4024
              ],
              [
                -73.4771,
                8.41
              ],
              [
                -73.4751,
                8.423
              ],
              [
                -73.4927,
                8.422
              ],
              [
                -73.5064,
                8.4028
              ],
              [
                -73.5142,
                8.3981
              ],
              [
                -73.515,
                8.385
              ],
              [
                -73.488,
                8.384
              ],
              [
                -73.4738,
                8.3741
              ],
              [
                -73.4712,
                8.3665
              ],
              [
                -73.4566,
                8.3614
              ]
            ]
          ]
        ]
      },
      "properties": {
        "OBJECTID": 804,
        "DPTO_CCDGO": "25",
        "MPIO_CCDGO": "498",
        "name": "25061",
        "MPIO_CRSLC": "1570",
        "MPIO_NANO_": 1993,
        "MPIO_NAREA": 621.34282371,
        "MPIO_CSMBL": "4",
        "MPIO_CCNCT": "54498",
        "MPIO_NANO": 2012,
        "SHAPE_Leng": 2.16330511878,
        "SHAPE_Area": 0.0509811550188,
        "NOMBRE": "OCAÑA",
        "DANE": {
          "dpto_ccdgo": "54",
          "mpio_ccdgo": "498",
          "mpio_cdpmp": "54498",
          "dpto_cnmbr": "NORTE DE SANTANDER",
          "mpio_cnmbr": "OCAÑA",
          "mpio_crslc": "1570",
          "mpio_tipo": "MUNICIPIO",
          "mpio_narea": 553.780838099,
          "mpio_nano": 2024,
          "shape_Leng": 1.95563591884,
          "shape_Area": 0.0454382956731
        }
      }
    },
    {
      "type": "Feature",
      "geometry": {
        "type": "Polygon",
        "coordinates": [
          [
            [
              -72.6902,
              7.4718
            ],
            [
              -72.7159,
              7.47
            ],
            [
              -72.7389,
              7.4651
            ],
            [
              -72.7375,
              7.4582
            ],
            [
              -72.7524,
              7.4519
            ],
            [
              -72.7663,
              7.4379
            ],
            [
              -72.7934,
              7.4224
            ],
            [
              -72.8072,
              7.4105
            ],
            [
              -72.8167,
              7.3865
            ],
            [
              -72.8177,
              7.3725
            ],
            [
              -72.7998,
              7.3599
            ],
            [
              -72.783,
              7.3573
            ],
            [
              -72.768,
              7.3625
            ],
            [
              -72.7577,
              7.3731
            ],
            [
              -72.7435,
              7.3802
            ],
            [
              -72.7195,
              7.3758
            ],
            [
              -72.7009,
              7.3416
            ],
            [
              -72.7028,
              7.3233
            ],
            [
              -72.6947,
              7.3052
            ],
            [
              -72.6839,
              7.3094
            ],
            [
              -72.6788,
              7.3209
            ],
            [
              -72.658,
              7.3204
            ],
            [
              -72.6247,
              7.3321
            ],
            [
              -72.6159,
              7.3302
            ],
            [
              -72.6095,
              7.3146
            ],
            [
              -72.5947,
              7.2961
            ],
            [
              -72.5911,
              7.2785
            ],
            [
              -72.5797,
              7.2637
            ],
            [
              -72.5772,
              7.2629
            ],
            [
              -72.5601,
              7.271
            ],
            [
              -72.5384,
              7.2744
            ],
            [
              -72.5344,
              7.2917
            ],
            [
              -72.5441,
              7.2906
            ],
            [
              -72.5786,
              7.334
            ],
            [
              -72.584,
              7.3583
            ],
            [
              -72.5765,
              7.3795
            ],
            [
              -72.5772,
              7.3895
            ],
            [
              -72.5833,
              7.4045
            ],
            [
              -72.5785,
              7.4154
            ],
            [
              -72.5913,
              7.4228
            ],
            [
              -72.6211,
              7.4156
            ],
            [
              -72.6463,
              7.4015
            ],
            [
              -72.6569,
              7.4203
            ],
            [
              -72.6587,
              7.4368
            ],
            [
              -72.6657,
              7.4373
            ],
            [
              -72.6771,
              7.455
            ],
            [
              -72.6934,
              7.4602
            ],
            [
              -72.6902,
              7.4718
            ]
          ]
        ]
      },
      "properties": {
        "OBJECTID": 805,
        "DPTO_CCDGO": "25",
        "MPIO_CCDGO": "518",
        "name": "25064",
        "MPIO_CRSLC": "1555",
        "MPIO_NANO_": 1993,
        "MPIO_NAREA": 298.30563647,
        "MPIO_CSMBL": "4",
        "MPIO_CCNCT": "54518",
        "MPIO_NANO": 2012,
        "SHAPE_Leng": 1.03748196414,
        "SHAPE_Area": 0.0244171058069,
        "NOMBRE": "PAMPLONA",
        "DANE": {
          "dpto_ccdgo": "54",
          "mpio_ccdgo": "518",
          "mpio_cdpmp": "54518",
          "dpto_cnmbr": "NORTE DE SANTANDER",
          "mpio_cnmbr": "PAMPLONA",
          "mpio_crslc": "1555",
          "mpio_tipo": "MUNICIPIO",
          "mpio_narea": 298.294090539,
          "mpio_nano": 2024,
          "shape_Leng": 1.05198585526,
          "shape_Area": 0.0244161585633
        }
      }
    },
    {
      "type": "Feature",
      "geometry": {
        "type": "Polygon",
        "coordinates": [
          [
            [
              -72.6366,
              7.567
            ],
            [
              -72.6596,
              7.5523
            ],
            [
              -72.6758,
              7.5504
            ],
            [
              -72.6866,
              7.5324
            ],
            [
              -72.7074,
              7.5252
            ],
            [
              -72.6942,
              7.4998
            ],
            [
              -72.6902,
              7.4718
            ],
            [
              -72.6934,
              7.4602
            ],
            [
              -72.6771,
              7.455
            ],
            [
              -72.6657,
              7.4373
            ],
            [
              -72.6587,
              7.4368
            ],
            [
              -72.6569,
              7.4203
            ],
            [
              -72.6463,
              7.4015
            ],
            [
              -72.6211,
              7.4156
            ],
            [
              -72.5913,
              7.4228
            ],
            [
              -72.5785,
              7.4154
            ],
            [
              -72.5833,
              7.4045
            ],
            [
              -72.5772,
              7.3895
            ],
            [
              -72.5695,
              7.3935
            ],
            [
              -72.5676,
              7.4131
            ],
            [
              -72.5614,
              7.4199
            ],
            [
              -72.5705,
              7.4321
            ],
            [
              -72.5817,
              7.4385
            ],
            [
              -72.5954,
              7.4549
            ],
            [
              -72.5779,
              7.4546
            ],
            [
              -72.5734,
              7.4735
            ],
            [
              -72.5869,
              7.4878
            ],
            [
              -72.5829,
              7.4943
            ],
            [
              -72.6002,
              7.5098
            ],
            [
              -72.6098,
              7.5388
            ],
            [
              -72.6086,
              7.55
            ],
            [
              -72.6268,
              7.572
            ],
            [
              -72.6366,
              7.567
            ]
          ]
        ]
      },
      "properties": {
        "OBJECTID": 806,
        "DPTO_CCDGO": "25",
        "MPIO_CCDGO": "520",
        "name": "25067",
        "MPIO_CRSLC": "Ordenanza 71 de Abril 25 de 1913",
        "MPIO_NANO_": 1993,
        "MPIO_NAREA": 170.38249141,
        "MPIO_CSMBL": "4",
        "MPIO_CCNCT": "54520",
        "MPIO_NANO": 2012,
        "SHAPE_Leng": 0.69232356986,
        "SHAPE_Area": 0.0139489903215,
        "NOMBRE": "PAMPLONITA",
        "DANE": {
          "dpto_ccdgo": "54",
          "mpio_ccdgo": "520",
          "mpio_cdpmp": "54520",
          "dpto_cnmbr": "NORTE DE SANTANDER",
          "mpio_cnmbr": "PAMPLONITA",
          "mpio_crslc": "Ordenanza 71 de Abril 25 de 1913",
          "mpio_tipo": "MUNICIPIO",
          "mpio_narea": 170.932335165,
          "mpio_nano": 2024,
          "shape_Leng": 0.699149449178,
          "shape_Area": 0.0139940126205
        }
      }
    },
    {
      "type": "Feature",
      "geometry": {
        "type": "Polygon",
        "coordinates": [
          [
            [
              -72.3865,
              8.2785
            ],
            [
              -72.3887,
              8.287
            ],
            [
              -72.382,
              8.3117
            ],
            [
              -72.3951,
              8.3252
            ],
            [
              -72.3887,
              8.3491
            ],
            [
              -72.4003,
              8.36
            ],
            [
              -72.4083,
              8.3741
            ],
            [
              -72.4275,
              8.3814
            ],
            [
              -72.4295,
              8.3659
            ],
            [
              -72.4433,
              8.3696
            ],
            [
              -72.4396,
              8.3328
            ],
            [
              -72.4319,
              8.3191
            ],
            [
              -72.4224,
              8.3164
            ],
            [
              -72.4148,
              8.3027
            ],
            [
              -72.4067,
              8.2734
            ],
            [
              -72.393,
              8.2726
            ],
            [
              -72.3865,
              8.2785
            ]
          ]
        ]
      },
      "properties": {
        "OBJECTID": 807,
        "DPTO_CCDGO": "25",
        "MPIO_CCDGO": "553",
        "name": "25069",
        "MPIO_CRSLC": "Ordenanza 80 de diciembre 20 de 1993",
        "MPIO_NANO_": 1993,
        "MPIO_NAREA": 45.36704382,
        "MPIO_CSMBL": "4",
        "MPIO_CCNCT": "54553",
        "MPIO_NANO": 2012,
        "SHAPE_Leng": 0.49471444138,
        "SHAPE_Area": 0.00372191050846,
        "NOMBRE": "PUERTO SANTANDER",
        "DANE": {
          "dpto_ccdgo": "54",
          "mpio_ccdgo": "553",
          "mpio_cdpmp": "54553",
          "dpto_cnmbr": "NORTE DE SANTANDER",
          "mpio_cnmbr": "PUERTO SANTANDER",
          "mpio_crslc": "Ordenanza 80 de diciembre 20 de 1993",
          "mpio_tipo": "MUNICIPIO",
          "mpio_narea": 44.9454010807,
          "mpio_nano": 2024,
          "shape_Leng": 0.500719215171,
          "shape_Area": 0.00368621837292
        }
      }
    },
    {
      "type": "Feature",
      "geometry": {
        "type": "Polygon",
        "coordinates": [
          [
            [
              -72.4746,
              7.6588
            ],
            [
              -72.4844,
              7.6458
            ],
            [
              -72.4969,
              7.6436
            ],
            [
              -72.5057,
              7.6503
            ],
            [
              -72.5209,
              7.6483
            ],
            [
              -72.5279,
              7.6375
            ],
            [
              -72.5475,
              7.6308
            ],
            [
              -72.5502,
              7.6047
            ],
            [
              -72.5627,
              7.5918
            ],
            [
              -72.558,
              7.5684
            ],
            [
              -72.5477,
              7.5505
            ],
            [
              -72.5136,
              7.5567
            ],
            [
              -72.4742,
              7.5525
            ],
            [
              -72.4556,
              7.5533
            ],
            [
              -72.4525,
              7.5648
            ],
            [
              -72.4762,
              7.6334
            ],
            [
              -72.4746,
              7.6588
            ]
          ]
        ]
      },
      "properties": {
        "OBJECTID": 808,
        "DPTO_CCDGO": "25",
        "MPIO_CCDGO": "599",
        "name": "25070",
        "MPIO_CRSLC": "1877",
        "MPIO_NANO_": 1993,
        "MPIO_NAREA": 95.3666128,
        "MPIO_CSMBL": "4",
        "MPIO_CCNCT": "54599",
        "MPIO_NANO": 2012,
        "SHAPE_Leng": 0.4373205358,
        "SHAPE_Area": 0.00780961659835,
        "NOMBRE": "RAGONVALIA",
        "DANE": {
          "dpto_ccdgo": "54",
          "mpio_ccdgo": "599",
          "mpio_cdpmp": "54599",
          "dpto_cnmbr": "NORTE DE SANTANDER",
          "mpio_cnmbr": "RAGONVALIA",
          "mpio_crslc": "1877",
          "mpio_tipo": "MUNICIPIO",
          "mpio_narea": 97.7257778151,
          "mpio_nano": 2024,
          "shape_Leng": 0.455016348554,
          "shape_Area": 0.00800178454169
        }
      }
    },
    {
      "type": "Feature",
      "geometry": {
        "type": "Polygon",
        "coordinates": [
          [
            [
              -72.7601,
              7.8482
            ],
            [
              -72.775,
              7.8513
            ],
            [
              -72.7899,
              7.8402
            ],
            [
              -72.7979,
              7.8411
            ],
            [
              -72.8332,
              7.8277
            ],
            [
              -72.8343,
              7.8514
            ],
            [
              -72.8533,
              7.8612
            ],
            [
              -72.8616,
              7.8751
            ],
            [
              -72.875,
              7.8745
            ],
            [
              -72.9013,
              7.9018
            ],
            [
              -72.909,
              7.89
            ],
            [
              -72.9323,
              7.8767
            ],
            [
              -72.9385,
              7.8645
            ],
            [
              -72.929,
              7.858
            ],
            [
              -72.9383,
              7.841
            ],
            [
              -72.9502,
              7.8337
            ],
            [
              -72.9686,
              7.8145
            ],
            [
              -72.98,
              7.7859
            ],
            [
              -72.9943,
              7.777
            ],
            [
              -72.9986,
              7.7643
            ],
            [
              -72.9952,
              7.7569
            ],
            [
              -73.0005,
              7.7412
            ],
            [
              -72.9985,
              7.7145
            ],
            [
              -72.9661,
              7.6861
            ],
            [
              -72.953,
              7.6665
            ],
            [
              -72.9318,
              7.6671
            ],
            [
              -72.9232,
              7.6779
            ],
            [
              -72.905,
              7.6895
            ],
            [
              -72.9001,
              7.6825
            ],
            [
              -72.8785,
              7.6766
            ],
            [
              -72.871,
              7.6697
            ],
            [
              -72.8619,
              7.6762
            ],
            [
              -72.8403,
              7.7091
            ],
            [
              -72.8336,
              7.7035
            ],
            [
              -72.8206,
              7.7128
            ],
            [
              -72.8027,
              7.7049
            ],
            [
              -72.794,
              7.7068
            ],
            [
              -72.7775,
              7.722
            ],
            [
              -72.7413,
              7.7213
            ],
            [
              -72.7243,
              7.7467
            ],
            [
              -72.7185,
              7.7627
            ],
            [
              -72.7067,
              7.78
            ],
            [
              -72.7103,
              7.8012
            ],
            [
              -72.7149,
              7.7957
            ],
            [
              -72.7371,
              7.7972
            ],
            [
              -72.7514,
              7.8033
            ],
            [
              -72.7549,
              7.8258
            ],
            [
              -72.7505,
              7.8455
            ],
            [
              -72.7601,
              7.8482
            ]
          ]
        ]
      },
      "properties": {
        "OBJECTID": 809,
        "DPTO_CCDGO": "25",
        "MPIO_CCDGO": "660",
        "name": "25073",
        "MPIO_CRSLC": "1583",
        "MPIO_NANO_": 1993,
        "MPIO_NAREA": 493.74266954,
        "MPIO_CSMBL": "4",
        "MPIO_CCNCT": "54660",
        "MPIO_NANO": 2012,
        "SHAPE_Leng": 1.11723011022,
        "SHAPE_Area": 0.0404563383051,
        "NOMBRE": "SALAZAR",
        "DANE": {
          "dpto_ccdgo": "54",
          "mpio_ccdgo": "660",
          "mpio_cdpmp": "54660",
          "dpto_cnmbr": "NORTE DE SANTANDER",
          "mpio_cnmbr": "SALAZAR",
          "mpio_crslc": "1583",
          "mpio_tipo": "MUNICIPIO",
          "mpio_narea": 493.910089497,
          "mpio_nano": 2024,
          "shape_Leng": 1.14143435521,
          "shape_Area": 0.0404699793996
        }
      }
    },
    {
      "type": "Feature",
      "geometry": {
        "type": "Polygon",
        "coordinates": [
          [
            [
              -73.0164,
              8.5454
            ],
            [
              -73.0349,
              8.5467
            ],
            [
              -73.0571,
              8.5367
            ],
            [
              -73.0518,
              8.5078
            ],
            [
              -73.0636,
              8.5008
            ],
            [
              -73.0896,
              8.5016
            ],
            [
              -73.119,
              8.5296
            ],
            [
              -73.1329,
              8.5316
            ],
            [
              -73.1538,
              8.5567
            ],
            [
              -73.1584,
              8.5725
            ],
            [
              -73.1705,
              8.5553
            ],
            [
              -73.1977,
              8.5544
            ],
            [
              -73.1999,
              8.5444
            ],
            [
              -73.2219,
              8.5273
            ],
            [
              -73.2249,
              8.5198
            ],
            [
              -73.2182,
              8.5051
            ],
            [
              -73.219,
              8.4927
            ],
            [
              -73.2335,
              8.4863
            ],
            [
              -73.2331,
              8.4765
            ],
            [
              -73.2718,
              8.4538
            ],
            [
              -73.2614,
              8.4389
            ],
            [
              -73.2719,
              8.4177
            ],
            [
              -73.2744,
              8.39
            ],
            [
              -73.2883,
              8.3836
            ],
            [
              -73.2936,
              8.3668
            ],
            [
              -73.3019,
              8.3544
            ],
            [
              -73.292,
              8.3261
            ],
            [
              -73.2791,
              8.3315
            ],
            [
              -73.2697,
              8.3238
            ],
            [
              -73.2465,
              8.3428
            ],
            [
              -73.2161,
              8.334
            ],
            [
              -73.1996,
              8.3332
            ],
            [
              -73.2034,
              8.3547
            ],
            [
              -73.1941,
              8.3702
            ],
            [
              -73.1852,
              8.3702
            ],
            [
              -73.1747,
              8.3829
            ],
            [
              -73.1779,
              8.4105
            ],
            [
              -73.1615,
              8.4352
            ],
            [
              -73.1371,
              8.4356
            ],
            [
              -73.1204,
              8.4248
            ],
            [
              -73.1019,
              8.4208
            ],
            [
              -73.0891,
              8.4386
            ],
            [
              -73.0849,
              8.4561
            ],
            [
              -73.0502,
              8.4878
            ],
            [
              -73.0311,
              8.4833
            ],
            [
              -73.0132,
              8.4665
            ],
            [
              -73.0113,
              8.4523
            ],
            [
              -72.9888,
              8.4383
            ],
            [
              -72.9739,
              8.4251
            ],
            [
              -72.9682,
              8.4327
            ],
            [
              -72.9637,
              8.441
            ],
            [
              -72.969,
              8.4652
            ],
            [
              -72.9728,
              8.4797
            ],
            [
              -72.9952,
              8.4942
            ],
            [
              -72.9948,
              8.511
            ],
            [
              -73.0164,
              8.5454
            ]
          ]
        ]
      },
      "properties": {
        "OBJECTID": 810,
        "DPTO_CCDGO": "25",
        "MPIO_CCDGO": "670",
        "name": "25076",
        "MPIO_CRSLC": "1892",
        "MPIO_NANO_": 1993,
        "MPIO_NAREA": 395.19081808,
        "MPIO_CSMBL": "4",
        "MPIO_CCNCT": "54670",
        "MPIO_NANO": 2012,
        "SHAPE_Leng": 1.3928083177,
        "SHAPE_Area": 0.0324406372365,
        "NOMBRE": "SAN CALIXTO",
        "DANE": {
          "dpto_ccdgo": "54",
          "mpio_ccdgo": "670",
          "mpio_cdpmp": "54670",
          "dpto_cnmbr": "NORTE DE SANTANDER",
          "mpio_cnmbr": "SAN CALIXTO",
          "mpio_crslc": "1892",
          "mpio_tipo": "MUNICIPIO",
          "mpio_narea": 398.021952557,
          "mpio_nano": 2024,
          "shape_Leng": 1.42446858778,
          "shape_Area": 0.0326730549355
        }
      }
    },
    {
      "type": "Feature",
      "geometry": {
        "type": "Polygon",
        "coordinates": [
          [
            [
              -72.5879,
              7.9191
            ],
            [
              -72.5997,
              7.9207
            ],
            [
              -72.6112,
              7.9093
            ],
            [
              -72.629,
              7.9133
            ],
            [
              -72.6337,
              7.9087
            ],
            [
              -72.6564,
              7.9067
            ],
            [
              -72.6775,
              7.8685
            ],
            [
              -72.6734,
              7.8561
            ],
            [
              -72.6583,
              7.8423
            ],
            [
              -72.6597,
              7.8331
            ],
            [
              -72.6452,
              7.8391
            ],
            [
              -72.6336,
              7.8321
            ],
            [
              -72.6279,
              7.8019
            ],
            [
              -72.6112,
              7.7868
            ],
            [
              -72.6212,
              7.7696
            ],
            [
              -72.6189,
              7.7533
            ],
            [
              -72.6034,
              7.7585
            ],
            [
              -72.581,
              7.7612
            ],
            [
              -72.5638,
              7.7869
            ],
            [
              -72.5656,
              7.7987
            ],
            [
              -72.5747,
              7.8024
            ],
            [
              -72.5831,
              7.8152
            ],
            [
              -72.5858,
              7.8319
            ],
            [
              -72.5823,
              7.842
            ],
            [
              -72.5615,
              7.857
            ],
            [
              -72.5482,
              7.8724
            ],
            [
              -72.5462,
              7.8899
            ],
            [
              -72.5715,
              7.8945
            ],
            [
              -72.5762,
              7.8865
            ],
            [
              -72.5905,
              7.8925
            ],
            [
              -72.5836,
              7.9073
            ],
            [
              -72.5879,
              7.9191
            ]
          ]
        ]
      },
      "properties": {
        "OBJECTID": 811,
        "DPTO_CCDGO": "25",
        "MPIO_CCDGO": "673",
        "name": "25079",
        "MPIO_CRSLC": "1773",
        "MPIO_NANO_": 1993,
        "MPIO_NAREA": 141.02611463,
        "MPIO_CSMBL": "4",
        "MPIO_CCNCT": "54673",
        "MPIO_NANO": 2012,
        "SHAPE_Leng": 0.663016933617,
        "SHAPE_Area": 0.0115550247182,
        "NOMBRE": "SAN CAYETANO",
        "DANE": {
          "dpto_ccdgo": "54",
          "mpio_ccdgo": "673",
          "mpio_cdpmp": "54673",
          "dpto_cnmbr": "NORTE DE SANTANDER",
          "mpio_cnmbr": "SAN CAYETANO",
          "mpio_crslc": "1773",
          "mpio_tipo": "MUNICIPIO",
          "mpio_narea": 138.95306848,
          "mpio_nano": 2024,
          "shape_Leng": 0.695134891332,
          "shape_Area": 0.0113851703194
        }
      }
    },
    {
      "type": "Feature",
      "geometry": {
        "type": "Polygon",
        "coordinates": [
          [
            [
              -72.6564,
              7.9067
            ],
            [
              -72.6591,
              7.9173
            ],
            [
              -72.6822,
              7.9356
            ],
            [
              -72.7004,
              7.9287
            ],
            [
              -72.7131,
              7.9397
            ],
            [
              -72.6929,
              7.9528
            ],
            [
              -72.6857,
              7.9717
            ],
            [
              -72.7085,
              7.9792
            ],
            [
              -72.7278,
              7.9683
            ],
            [
              -72.7494,
              7.9716
            ],
            [
              -72.7602,
              7.9693
            ],
            [
              -72.771,
              7.9567
            ],
            [
              -72.775,
              7.9428
            ],
            [
              -72.7737,
              7.9271
            ],
            [
              -72.7607,
              7.914
            ],
            [
              -72.7611,
              7.8923
            ],
            [
              -72.7542,
              7.8691
            ],
            [
              -72.7601,
              7.8482
            ],
            [
              -72.7505,
              7.8455
            ],
            [
              -72.7549,
              7.8258
            ],
            [
              -72.7514,
              7.8033
            ],
            [
              -72.7371,
              7.7972
            ],
            [
              -72.7149,
              7.7957
            ],
            [
              -72.7103,
              7.8012
            ],
            [
              -72.6889,
              7.8211
            ],
            [
              -72.6859,
              7.8282
            ],
            [
              -72.6597,
              7.8331
            ],
            [
              -72.6583,
              7.8423
            ],
            [
              -72.6734,
              7.8561
            ],
            [
              -72.6775,
              7.8685
            ],
            [
              -72.6564,
              7.9067
            ]
          ]
        ]
      },
      "properties": {
        "OBJECTID": 812,
        "DPTO_CCDGO": "25",
        "MPIO_CCDGO": "680",
        "name": "25082",
        "MPIO_CRSLC": "1880",
        "MPIO_NANO_": 1993,
        "MPIO_NAREA": 171.90788053,
        "MPIO_CSMBL": "4",
        "MPIO_CCNCT": "54680",
        "MPIO_NANO": 2012,
        "SHAPE_Leng": 0.637255135267,
        "SHAPE_Area": 0.014088021468,
        "NOMBRE": "SANTIAGO",
        "DANE": {
          "dpto_ccdgo": "54",
          "mpio_ccdgo": "680",
          "mpio_cdpmp": "54680",
          "dpto_cnmbr": "NORTE DE SANTANDER",
          "mpio_cnmbr": "SANTIAGO",
          "mpio_crslc": "1880",
          "mpio_tipo": "MUNICIPIO",
          "mpio_narea": 172.538188266,
          "mpio_nano": 2024,
          "shape_Leng": 0.667870696304,
          "shape_Area": 0.0141396624728
        }
      }
    },
    {
      "type": "Feature",
      "geometry": {
        "type": "Polygon",
        "coordinates": [
          [
            [
              -72.6028,
              8.3225
            ],
            [
              -72.6353,
              8.3077
            ],
            [
              -72.6524,
              8.2956
            ],
            [
              -72.6657,
              8.3041
            ],
            [
              -72.6738,
              8.3005
            ],
            [
              -72.6788,
              8.2876
            ],
            [
              -72.6908,
              8.2867
            ],
            [
              -72.6982,
              8.2736
            ],
            [
              -72.7111,
              8.2705
            ],
            [
              -72.7313,
              8.2561
            ],
            [
              -72.7461,
              8.2661
            ],
            [
              -72.7476,
              8.2775
            ],
            [
              -72.739,
              8.2974
            ],
            [
              -72.7206,
              8.2959
            ],
            [
              -72.7131,
              8.2996
            ],
            [
              -72.7174,
              8.3123
            ],
            [
              -72.7152,
              8.3268
            ],
            [
              -72.7063,
              8.3372
            ],
            [
              -72.6626,
              8.3439
            ],
            [
              -72.6481,
              8.3526
            ],
            [
              -72.647,
              8.3596
            ],
            [
              -72.617,
              8.3715
            ],
            [
              -72.5956,
              8.4019
            ],
            [
              -72.5999,
              8.4127
            ],
            [
              -72.6208,
              8.4468
            ],
            [
              -72.6476,
              8.4143
            ],
            [
              -72.6583,
              8.4122
            ],
            [
              -72.6731,
              8.4273
            ],
            [
              -72.6803,
              8.4252
            ],
            [
              -72.6959,
              8.4382
            ],
            [
              -72.7264,
              8.4262
            ],
            [
              -72.7531,
              8.4191
            ],
            [
              -72.7845,
              8.4321
            ],
            [
              -72.7913,
              8.4257
            ],
            [
              -72.8079,
              8.4275
            ],
            [
              -72.8305,
              8.4151
            ],
            [
              -72.8477,
              8.4244
            ],
            [
              -72.8542,
              8.4353
            ],
            [
              -72.8682,
              8.4395
            ],
            [
              -72.89,
              8.4357
            ],
            [
              -72.8891,
              8.4484
            ],
            [
              -72.8961,
              8.4583
            ],
            [
              -72.8903,
              8.4822
            ],
            [
              -72.8803,
              8.5022
            ],
            [
              -72.8977,
              8.5228
            ],
            [
              -72.9294,
              8.5165
            ],
            [
              -72.944,
              8.511
            ],
            [
              -72.9361,
              8.4998
            ],
            [
              -72.9442,
              8.4767
            ],
            [
              -72.9533,
              8.4674
            ],
            [
              -72.969,
              8.4652
            ],
            [
              -72.9637,
              8.441
            ],
            [
              -72.9682,
              8.4327
            ],
            [
              -72.9669,
              8.4245
            ],
            [
              -72.9764,
              8.4111
            ],
            [
              -72.9871,
              8.4124
            ],
            [
              -72.9951,
              8.3911
            ],
            [
              -72.9921,
              8.3752
            ],
            [
              -72.9819,
              8.3647
            ],
            [
              -72.985,
              8.3534
            ],
            [
              -72.9727,
              8.3274
            ],
            [
              -72.9835,
              8.311
            ],
            [
              -72.9768,
              8.3009
            ],
            [
              -72.9906,
              8.2851
            ],
            [
              -72.996,
              8.2704
            ],
            [
              -72.9879,
              8.2516
            ],
            [
              -72.9711,
              8.2371
            ],
            [
              -72.976,
              8.2263
            ],
            [
              -72.964,
              8.2107
            ],
            [
              -72.9568,
              8.1914
            ],
            [
              -72.9627,
              8.1878
            ],
            [
              -72.9455,
              8.1736
            ],
            [
              -72.9358,
              8.1713
            ],
            [
              -72.9205,
              8.1588
            ],
            [
              -72.9123,
              8.1459
            ],
            [
              -72.8954,
              8.135
            ],
            [
              -72.8752,
              8.1279
            ],
            [
              -72.8753,
              8.1197
            ],
            [
              -72.8626,
              8.0868
            ],
            [
              -72.8382,
              8.0746
            ],
            [
              -72.8387,
              8.0492
            ],
            [
              -72.8554,
              8.0265
            ],
            [
              -72.8318,
              8.0091
            ],
            [
              -72.8225,
              7.9939
            ],
            [
              -72.7944,
              8.0055
            ],
            [
              -72.7708,
              7.9996
            ],
            [
              -72.7642,
              8.0138
            ],
            [
              -72.7538,
              8.0176
            ],
            [
              -72.7387,
              8.0366
            ],
            [
              -72.7415,
              8.0419
            ],
            [
              -72.7132,
              8.0479
            ],
            [
              -72.6892,
              8.0856
            ],
            [
              -72.6937,
              8.1021
            ],
            [
              -72.6853,
              8.1384
            ],
            [
              -72.662,
              8.1428
            ],
            [
              -72.652,
              8.1486
            ],
            [
              -72.6451,
              8.1645
            ],
            [
              -72.6475,
              8.1787
            ],
            [
              -72.6542,
              8.1874
            ],
            [
              -72.6538,
              8.2073
            ],
            [
              -72.6481,
              8.2208
            ],
            [
              -72.6352,
              8.2198
            ],
            [
              -72.6178,
              8.2267
            ],
            [
              -72.5968,
              8.2432
            ],
            [
              -72.6024,
              8.2582
            ],
            [
              -72.6175,
              8.2662
            ],
            [
              -72.6066,
              8.2828
            ],
            [
              -72.6018,
              8.2976
            ],
            [
              -72.6028,
              8.3225
            ]
          ]
        ]
      },
      "properties": {
        "OBJECTID": 813,
        "DPTO_CCDGO": "25",
        "MPIO_CCDGO": "720",
        "name": "25085",
        "MPIO_CRSLC": "Decreto 996 del 25 de Agosto de 1906",
        "MPIO_NANO_": 1993,
        "MPIO_NAREA": 1451.51291576,
        "MPIO_CSMBL": "4",
        "MPIO_CCNCT": "54720",
        "MPIO_NANO": 2012,
        "SHAPE_Leng": 2.56154170926,
        "SHAPE_Area": 0.119069191068,
        "NOMBRE": "SARDINATA",
        "DANE": {
          "dpto_ccdgo": "54",
          "mpio_ccdgo": "720",
          "mpio_cdpmp": "54720",
          "dpto_cnmbr": "NORTE DE SANTANDER",
          "mpio_cnmbr": "SARDINATA",
          "mpio_crslc": "Decreto 996 del 25 de Agosto de 1906",
          "mpio_tipo": "MUNICIPIO",
          "mpio_narea": 1467.70683044,
          "mpio_nano": 2024,
          "shape_Leng": 2.61942681885,
          "shape_Area": 0.12039711018
        }
      }
    },
    {
      "type": "Feature",
      "geometry": {
        "type": "Polygon",
        "coordinates": [
          [
            [
              -72.7264,
              7.2562
            ],
            [
              -72.7471,
              7.2514
            ],
            [
              -72.7717,
              7.2577
            ],
            [
              -72.7807,
              7.2507
            ],
            [
              -72.7945,
              7.2498
            ],
            [
              -72.8022,
              7.269
            ],
            [
              -72.8194,
              7.2879
            ],
            [
              -72.8171,
              7.3
            ],
            [
              -72.8341,
              7.3042
            ],
            [
              -72.8559,
              7.2843
            ],
            [
              -72.8701,
              7.2778
            ],
            [
              -72.8762,
              7.2635
            ],
            [
              -72.868,
              7.2573
            ],
            [
              -72.8654,
              7.2337
            ],
            [
              -72.8558,
              7.2163
            ],
            [
              -72.8347,
              7.1991
            ],
            [
              -72.841,
              7.195
            ],
            [
              -72.8437,
              7.1658
            ],
            [
              -72.8585,
              7.1537
            ],
            [
              -72.8481,
              7.1372
            ],
            [
              -72.8332,
              7.1089
            ],
            [
              -72.8372,
              7.1001
            ],
            [
              -72.8188,
              7.0892
            ],
            [
              -72.8183,
              7.0719
            ],
            [
              -72.8004,
              7.0732
            ],
            [
              -72.7869,
              7.0488
            ],
            [
              -72.7723,
              7.0602
            ],
            [
              -72.7499,
              7.0591
            ],
            [
              -72.7379,
              7.1173
            ],
            [
              -72.7301,
              7.1302
            ],
            [
              -72.7322,
              7.1506
            ],
            [
              -72.723,
              7.1683
            ],
            [
              -72.697,
              7.1834
            ],
            [
              -72.6932,
              7.1979
            ],
            [
              -72.6941,
              7.222
            ],
            [
              -72.7001,
              7.2273
            ],
            [
              -72.6995,
              7.2454
            ],
            [
              -72.7249,
              7.2487
            ],
            [
              -72.7264,
              7.2562
            ]
          ]
        ]
      },
      "properties": {
        "OBJECTID": 814,
        "DPTO_CCDGO": "25",
        "MPIO_CCDGO": "743",
        "name": "25088",
        "MPIO_CRSLC": "1580",
        "MPIO_NANO_": 1993,
        "MPIO_NAREA": 308.49045759,
        "MPIO_CSMBL": "4",
        "MPIO_CCNCT": "54743",
        "MPIO_NANO": 2012,
        "SHAPE_Leng": 0.873388052688,
        "SHAPE_Area": 0.0252421869182,
        "NOMBRE": "SILOS",
        "DANE": {
          "dpto_ccdgo": "54",
          "mpio_ccdgo": "743",
          "mpio_cdpmp": "54743",
          "dpto_cnmbr": "NORTE DE SANTANDER",
          "mpio_cnmbr": "SILOS",
          "mpio_crslc": "1580",
          "mpio_tipo": "MUNICIPIO",
          "mpio_narea": 316.855407728,
          "mpio_nano": 2024,
          "shape_Leng": 0.90037528625,
          "shape_Area": 0.0259266418312
        }
      }
    },
    {
      "type": "Feature",
      "geometry": {
        "type": "Polygon",
        "coordinates": [
          [
            [
              -72.9858,
              9.1451
            ],
            [
              -73.009,
              9.1467
            ],
            [
              -73.0072,
              9.131
            ],
            [
              -73.0159,
              9.1218
            ],
            [
              -73.0072,
              9.1101
            ],
            [
              -73.0013,
              9.0801
            ],
            [
              -73.0087,
              9.0634
            ],
            [
              -73.0211,
              9.0543
            ],
            [
              -73.0316,
              9.0577
            ],
            [
              -73.04,
              9.0755
            ],
            [
              -73.0647,
              9.0674
            ],
            [
              -73.0683,
              9.0567
            ],
            [
              -73.1031,
              9.0493
            ],
            [
              -73.1171,
              9.0369
            ],
            [
              -73.1209,
              9.0236
            ],
            [
              -73.1295,
              9.0163
            ],
            [
              -73.1388,
              8.9843
            ],
            [
              -73.1478,
              8.9731
            ],
            [
              -73.1385,
              8.9624
            ],
            [
              -73.1407,
              8.9457
            ],
            [
              -73.1047,
              8.9327
            ],
            [
              -73.1117,
              8.9205
            ],
            [
              -73.1341,
              8.9064
            ],
            [
              -73.1351,
              8.898
            ],
            [
              -73.1498,
              8.8917
            ],
            [
              -73.1599,
              8.8579
            ],
            [
              -73.184,
              8.8423
            ],
            [
              -73.1942,
              8.8217
            ],
            [
              -73.2109,
              8.8111
            ],
            [
              -73.2161,
              8.7863
            ],
            [
              -73.2235,
              8.7825
            ],
            [
              -73.2356,
              8.7585
            ],
            [
              -73.2345,
              8.7405
            ],
            [
              -73.2474,
              8.727
            ],
            [
              -73.2457,
              8.6934
            ],
            [
              -73.2404,
              8.6694
            ],
            [
              -73.2546,
              8.6632
            ],
            [
              -73.2714,
              8.6462
            ],
            [
              -73.2867,
              8.6258
            ],
            [
              -73.2986,
              8.6256
            ],
            [
              -73.305,
              8.5999
            ],
            [
              -73.3038,
              8.5886
            ],
            [
              -73.3113,
              8.5817
            ],
            [
              -73.3159,
              8.566
            ],
            [
              -73.3129,
              8.5532
            ],
            [
              -73.296,
              8.5416
            ],
            [
              -73.2993,
              8.5252
            ],
            [
              -73.2958,
              8.5094
            ],
            [
              -73.2855,
              8.4898
            ],
            [
              -73.2954,
              8.4879
            ],
            [
              -73.3129,
              8.477
            ],
            [
              -73.327,
              8.4407
            ],
            [
              -73.3323,
              8.4321
            ],
            [
              -73.3245,
              8.4233
            ],
            [
              -73.3241,
              8.4064
            ],
            [
              -73.3198,
              8.4017
            ],
            [
              -73.3203,
              8.3829
            ],
            [
              -73.3106,
              8.3698
            ],
            [
              -73.2813,
              8.3954
            ],
            [
              -73.2744,
              8.39
            ],
            [
              -73.2719,
              8.4177
            ],
            [
              -73.2614,
              8.4389
            ],
            [
              -73.2718,
              8.4538
            ],
            [
              -73.2331,
              8.4765
            ],
            [
              -73.2335,
              8.4863
            ],
            [
              -73.219,
              8.4927
            ],
            [
              -73.2182,
              8.5051
            ],
            [
              -73.2249,
              8.5198
            ],
            [
              -73.2219,
              8.5273
            ],
            [
              -73.1999,
              8.5444
            ],
            [
              -73.1977,
              8.5544
            ],
            [
              -73.1705,
              8.5553
            ],
            [
              -73.1584,
              8.5725
            ],
            [
              -73.1573,
              8.6002
            ],
            [
              -73.1676,
              8.6169
            ],
            [
              -73.1587,
              8.6259
            ],
            [
              -73.1549,
              8.6511
            ],
            [
              -73.1482,
              8.6755
            ],
            [
              -73.1361,
              8.6878
            ],
            [
              -73.1199,
              8.6964
            ],
            [
              -73.1086,
              8.7121
            ],
            [
              -73.0991,
              8.7182
            ],
            [
              -73.0991,
              8.7434
            ],
            [
              -73.0926,
              8.7569
            ],
            [
              -73.0746,
              8.7543
            ],
            [
              -73.0518,
              8.7762
            ],
            [
              -73.0542,
              8.7848
            ],
            [
              -73.0493,
              8.815
            ],
            [
              -73.0553,
              8.8368
            ],
            [
              -73.0674,
              8.8501
            ],
            [
              -73.0597,
              8.8669
            ],
            [
              -73.0519,
              8.876
            ],
            [
              -73.0541,
              8.8873
            ],
            [
              -73.0637,
              8.8989
            ],
            [
              -73.0705,
              8.9174
            ],
            [
              -73.0676,
              8.9398
            ],
            [
              -73.069,
              8.9554
            ],
            [
              -73.065,
              8.9827
            ],
            [
              -72.9935,
              9.0398
            ],
            [
              -72.9849,
              9.0271
            ],
            [
              -72.9718,
              9.0202
            ],
            [
              -72.9533,
              9.0247
            ],
            [
              -72.9313,
              9.0444
            ],
            [
              -72.9358,
              9.0555
            ],
            [
              -72.9603,
              9.0687
            ],
            [
              -72.9623,
              9.0809
            ],
            [
              -72.9472,
              9.092
            ],
            [
              -72.9473,
              9.1051
            ],
            [
              -72.961,
              9.1147
            ],
            [
              -72.9722,
              9.1362
            ],
            [
              -72.9858,
              9.1451
            ]
          ]
        ]
      },
      "properties": {
        "OBJECTID": 815,
        "DPTO_CCDGO": "25",
        "MPIO_CCDGO": "800",
        "name": "25091",
        "MPIO_CRSLC": "1817",
        "MPIO_NANO_": 1993,
        "MPIO_NAREA": 948.1618035,
        "MPIO_CSMBL": "4",
        "MPIO_CCNCT": "54800",
        "MPIO_NANO": 2012,
        "SHAPE_Leng": 2.48551940978,
        "SHAPE_Area": 0.0778957174059,
        "NOMBRE": "TEORAMA",
        "DANE": {
          "dpto_ccdgo": "54",
          "mpio_ccdgo": "800",
          "mpio_cdpmp": "54800",
          "dpto_cnmbr": "NORTE DE SANTANDER",
          "mpio_cnmbr": "TEORAMA",
          "mpio_crslc": "1817",
          "mpio_tipo": "MUNICIPIO",
          "mpio_narea": 927.053956394,
          "mpio_nano": 2024,
          "shape_Leng": 2.59452553057,
          "shape_Area": 0.0761608611412
        }
      }
    },
    {
      "type": "Feature",
      "geometry": {
        "type": "Polygon",
        "coordinates": [
          [
            [
              -72.473,
              8.4302
            ],
            [
              -72.5757,
              8.5409
            ],
            [
              -72.5967,
              8.572
            ],
            [
              -72.6171,
              8.5952
            ],
            [
              -72.6269,
              8.5977
            ],
            [
              -72.632,
              8.6072
            ],
            [
              -72.6542,
              8.6137
            ],
            [
              -72.698,
              8.8064
            ],
            [
              -72.7202,
              8.9407
            ],
            [
              -72.747,
              9.0143
            ],
            [
              -72.7632,
              9.0766
            ],
            [
              -72.7657,
              9.1055
            ],
            [
              -72.7786,
              9.115
            ],
            [
              -72.7964,
              9.1158
            ],
            [
              -72.8108,
              9.1344
            ],
            [
              -72.8243,
              9.1351
            ],
            [
              -72.8224,
              9.1233
            ],
            [
              -72.8337,
              9.122
            ],
            [
              -72.8441,
              9.1301
            ],
            [
              -72.8831,
              9.1305
            ],
            [
              -72.8866,
              9.104
            ],
            [
              -72.9076,
              9.0976
            ],
            [
              -72.933,
              9.083
            ],
            [
              -72.9472,
              9.092
            ],
            [
              -72.9623,
              9.0809
            ],
            [
              -72.9603,
              9.0687
            ],
            [
              -72.9358,
              9.0555
            ],
            [
              -72.9313,
              9.0444
            ],
            [
              -72.9533,
              9.0247
            ],
            [
              -72.9718,
              9.0202
            ],
            [
              -72.9849,
              9.0271
            ],
            [
              -72.9935,
              9.0398
            ],
            [
              -73.065,
              8.9827
            ],
            [
              -73.069,
              8.9554
            ],
            [
              -73.0676,
              8.9398
            ],
            [
              -73.0705,
              8.9174
            ],
            [
              -73.0637,
              8.8989
            ],
            [
              -73.0541,
              8.8873
            ],
            [
              -73.0519,
              8.876
            ],
            [
              -73.0597,
              8.8669
            ],
            [
              -73.0437,
              8.8654
            ],
            [
              -73.0366,
              8.8706
            ],
            [
              -73.0123,
              8.8777
            ],
            [
              -73.0026,
              8.8849
            ],
            [
              -72.9938,
              8.8784
            ],
            [
              -72.9757,
              8.8835
            ],
            [
              -72.9657,
              8.8687
            ],
            [
              -72.964,
              8.8524
            ],
            [
              -72.9521,
              8.851
            ],
            [
              -72.9476,
              8.8386
            ],
            [
              -72.9643,
              8.8072
            ],
            [
              -72.9544,
              8.8028
            ],
            [
              -72.9437,
              8.7902
            ],
            [
              -72.9576,
              8.7793
            ],
            [
              -72.9603,
              8.7642
            ],
            [
              -72.9542,
              8.7543
            ],
            [
              -72.9415,
              8.7574
            ],
            [
              -72.9411,
              8.7357
            ],
            [
              -72.9275,
              8.7284
            ],
            [
              -72.9172,
              8.7107
            ],
            [
              -72.9238,
              8.6793
            ],
            [
              -72.9194,
              8.6776
            ],
            [
              -72.9176,
              8.6482
            ],
            [
              -72.9055,
              8.6025
            ],
            [
              -72.9191,
              8.5816
            ],
            [
              -72.9372,
              8.5748
            ],
            [
              -72.9595,
              8.5883
            ],
            [
              -72.9931,
              8.5776
            ],
            [
              -73.0147,
              8.5595
            ],
            [
              -73.0164,
              8.5454
            ],
            [
              -72.9948,
              8.511
            ],
            [
              -72.9952,
              8.4942
            ],
            [
              -72.9728,
              8.4797
            ],
            [
              -72.969,
              8.4652
            ],
            [
              -72.9533,
              8.4674
            ],
            [
              -72.9442,
              8.4767
            ],
            [
              -72.9361,
              8.4998
            ],
            [
              -72.944,
              8.511
            ],
            [
              -72.9294,
              8.5165
            ],
            [
              -72.8977,
              8.5228
            ],
            [
              -72.8803,
              8.5022
            ],
            [
              -72.8903,
              8.4822
            ],
            [
              -72.8961,
              8.4583
            ],
            [
              -72.8891,
              8.4484
            ],
            [
              -72.89,
              8.4357
            ],
            [
              -72.8682,
              8.4395
            ],
            [
              -72.8542,
              8.4353
            ],
            [
              -72.8477,
              8.4244
            ],
            [
              -72.8305,
              8.4151
            ],
            [
              -72.8079,
              8.4275
            ],
            [
              -72.7913,
              8.4257
            ],
            [
              -72.7845,
              8.4321
            ],
            [
              -72.7531,
              8.4191
            ],
            [
              -72.7264,
              8.4262
            ],
            [
              -72.6959,
              8.4382
            ],
            [
              -72.6803,
              8.4252
            ],
            [
              -72.6731,
              8.4273
            ],
            [
              -72.6583,
              8.4122
            ],
            [
              -72.6476,
              8.4143
            ],
            [
              -72.6208,
              8.4468
            ],
            [
              -72.5999,
              8.4127
            ],
            [
              -72.5956,
              8.4019
            ],
            [
              -72.617,
              8.3715
            ],
            [
              -72.647,
              8.3596
            ],
            [
              -72.6481,
              8.3526
            ],
            [
              -72.6626,
              8.3439
            ],
            [
              -72.7063,
              8.3372
            ],
            [
              -72.7152,
              8.3268
            ],
            [
              -72.7174,
              8.3123
            ],
            [
              -72.7131,
              8.2996
            ],
            [
              -72.7206,
              8.2959
            ],
            [
              -72.739,
              8.2974
            ],
            [
              -72.7476,
              8.2775
            ],
            [
              -72.7461,
              8.2661
            ],
            [
              -72.7313,
              8.2561
            ],
            [
              -72.7111,
              8.2705
            ],
            [
              -72.6982,
              8.2736
            ],
            [
              -72.6908,
              8.2867
            ],
            [
              -72.6788,
              8.2876
            ],
            [
              -72.6738,
              8.3005
            ],
            [
              -72.6657,
              8.3041
            ],
            [
              -72.6524,
              8.2956
            ],
            [
              -72.6353,
              8.3077
            ],
            [
              -72.6028,
              8.3225
            ],
            [
              -72.5882,
              8.3344
            ],
            [
              -72.5875,
              8.3467
            ],
            [
              -72.5804,
              8.3708
            ],
            [
              -72.5742,
              8.3693
            ],
            [
              -72.5699,
              8.3519
            ],
            [
              -72.5568,
              8.3382
            ],
            [
              -72.5477,
              8.3396
            ],
            [
              -72.5471,
              8.3234
            ],
            [
              -72.5335,
              8.3103
            ],
            [
              -72.5299,
              8.32
            ],
            [
              -72.5315,
              8.3412
            ],
            [
              -72.5271,
              8.366
            ],
            [
              -72.5195,
              8.381
            ],
            [
              -72.5229,
              8.399
            ],
            [
              -72.5109,
              8.4001
            ],
            [
              -72.4902,
              8.4153
            ],
            [
              -72.4789,
              8.4313
            ],
            [
              -72.473,
              8.4302
            ]
          ]
        ]
      },
      "properties": {
        "OBJECTID": 816,
        "DPTO_CCDGO": "25",
        "MPIO_CCDGO": "810",
        "name": "25093",
        "MPIO_CRSLC": "Ordenanza 3 de Noviembre 25 de 1977",
        "MPIO_NANO_": 1993,
        "MPIO_NAREA": 2679.54062438,
        "MPIO_CSMBL": "4",
        "MPIO_CCNCT": "54810",
        "MPIO_NANO": 2012,
        "SHAPE_Leng": 3.99186931742,
        "SHAPE_Area": 0.220054291842,
        "NOMBRE": "TIBU",
        "DANE": {
          "dpto_ccdgo": "54",
          "mpio_ccdgo": "810",
          "mpio_cdpmp": "54810",
          "dpto_cnmbr": "NORTE DE SANTANDER",
          "mpio_cnmbr": "TIBÚ",
          "mpio_crslc": "Ordenanza 3 de Noviembre 25 de 1977",
          "mpio_tipo": "MUNICIPIO",
          "mpio_narea": 2680.07274008,
          "mpio_nano": 2024,
          "shape_Leng": 4.08629755782,
          "shape_Area": 0.220098910889
        }
      }
    },
    {
      "type": "Feature",
      "geometry": {
        "type": "Polygon",
        "coordinates": [
          [
            [
              -72.4163,
              7.4008
            ],
            [
              -72.4246,
              7.3951
            ],
            [
              -72.4538,
              7.4069
            ],
            [
              -72.4889,
              7.4469
            ],
            [
              -72.4931,
              7.4631
            ],
            [
              -72.5072,
              7.4634
            ],
            [
              -72.5146,
              7.4751
            ],
            [
              -72.5236,
              7.4718
            ],
            [
              -72.5349,
              7.4893
            ],
            [
              -72.5476,
              7.4813
            ],
            [
              -72.5503,
              7.4653
            ],
            [
              -72.5779,
              7.4546
            ],
            [
              -72.5954,
              7.4549
            ],
            [
              -72.5817,
              7.4385
            ],
            [
              -72.5705,
              7.4321
            ],
            [
              -72.5614,
              7.4199
            ],
            [
              -72.5676,
              7.4131
            ],
            [
              -72.5695,
              7.3935
            ],
            [
              -72.5602,
              7.3966
            ],
            [
              -72.5418,
              7.3942
            ],
            [
              -72.5204,
              7.4004
            ],
            [
              -72.5066,
              7.3834
            ],
            [
              -72.5025,
              7.3442
            ],
            [
              -72.4971,
              7.3346
            ],
            [
              -72.4984,
              7.319
            ],
            [
              -72.4915,
              7.3073
            ],
            [
              -72.4903,
              7.2909
            ],
            [
              -72.4841,
              7.2791
            ],
            [
              -72.4689,
              7.2672
            ],
            [
              -72.4573,
              7.2398
            ],
            [
              -72.4454,
              7.2295
            ],
            [
              -72.4558,
              7.2083
            ],
            [
              -72.4589,
              7.1912
            ],
            [
              -72.454,
              7.1839
            ],
            [
              -72.4702,
              7.1654
            ],
            [
              -72.4808,
              7.1583
            ],
            [
              -72.47,
              7.1492
            ],
            [
              -72.4433,
              7.1532
            ],
            [
              -72.4325,
              7.1295
            ],
            [
              -72.4172,
              7.1167
            ],
            [
              -72.4024,
              7.1141
            ],
            [
              -72.3923,
              7.1027
            ],
            [
              -72.3738,
              7.1104
            ],
            [
              -72.3458,
              7.0757
            ],
            [
              -72.3286,
              7.0688
            ],
            [
              -72.3112,
              7.0471
            ],
            [
              -72.2979,
              7.0078
            ],
            [
              -72.2897,
              6.9967
            ],
            [
              -72.2765,
              7.0128
            ],
            [
              -72.2535,
              7.008
            ],
            [
              -72.2556,
              6.985
            ],
            [
              -72.2449,
              6.9771
            ],
            [
              -72.2203,
              6.9863
            ],
            [
              -72.2044,
              7.0119
            ],
            [
              -72.2057,
              7.0232
            ],
            [
              -72.1997,
              7.0412
            ],
            [
              -72.1854,
              7.054
            ],
            [
              -72.1763,
              7.0555
            ],
            [
              -72.1593,
              7.0463
            ],
            [
              -72.1531,
              7.035
            ],
            [
              -72.1326,
              7.0305
            ],
            [
              -72.1074,
              7.0327
            ],
            [
              -72.0757,
              7.0454
            ],
            [
              -72.0558,
              7.0369
            ],
            [
              -72.0477,
              7.0383
            ],
            [
              -72.1703,
              7.2519
            ],
            [
              -72.1744,
              7.2576
            ],
            [
              -72.1678,
              7.2721
            ],
            [
              -72.1707,
              7.2902
            ],
            [
              -72.1539,
              7.3282
            ],
            [
              -72.1806,
              7.3569
            ],
            [
              -72.1876,
              7.3748
            ],
            [
              -72.1986,
              7.3867
            ],
            [
              -72.2198,
              7.3948
            ],
            [
              -72.2484,
              7.386
            ],
            [
              -72.2581,
              7.3799
            ],
            [
              -72.3045,
              7.3896
            ],
            [
              -72.3245,
              7.3759
            ],
            [
              -72.3493,
              7.3949
            ],
            [
              -72.4163,
              7.4008
            ]
          ]
        ]
      },
      "properties": {
        "OBJECTID": 817,
        "DPTO_CCDGO": "25",
        "MPIO_CCDGO": "820",
        "name": "25094",
        "MPIO_CRSLC": "1886",
        "MPIO_NANO_": 1993,
        "MPIO_NAREA": 1502.20159542,
        "MPIO_CSMBL": "4",
        "MPIO_CCNCT": "54820",
        "MPIO_NANO": 2012,
        "SHAPE_Leng": 2.15810874375,
        "SHAPE_Area": 0.122934637704,
        "NOMBRE": "TOLEDO",
        "DANE": {
          "dpto_ccdgo": "54",
          "mpio_ccdgo": "820",
          "mpio_cdpmp": "54820",
          "dpto_cnmbr": "NORTE DE SANTANDER",
          "mpio_cnmbr": "TOLEDO",
          "mpio_crslc": "1886",
          "mpio_tipo": "MUNICIPIO",
          "mpio_narea": 1480.66501529,
          "mpio_nano": 2024,
          "shape_Leng": 2.08192281466,
          "shape_Area": 0.121112800827
        }
      }
    },
    {
      "type": "Feature",
      "geometry": {
        "type": "Polygon",
        "coordinates": [
          [
            [
              -72.8738,
              7.9976
            ],
            [
              -72.8984,
              7.9896
            ],
            [
              -72.9222,
              7.9875
            ],
            [
              -72.9378,
              7.9955
            ],
            [
              -72.954,
              7.9869
            ],
            [
              -72.9659,
              7.9878
            ],
            [
              -72.9727,
              7.9794
            ],
            [
              -72.9811,
              7.9907
            ],
            [
              -72.9804,
              8.01
            ],
            [
              -72.9696,
              8.0223
            ],
            [
              -72.9898,
              8.0727
            ],
            [
              -72.975,
              8.093
            ],
            [
              -72.9861,
              8.1019
            ],
            [
              -73.0023,
              8.0998
            ],
            [
              -73.012,
              8.0918
            ],
            [
              -73.0129,
              8.0714
            ],
            [
              -73.0192,
              8.0507
            ],
            [
              -73.0279,
              8.0426
            ],
            [
              -73.059,
              8.0391
            ],
            [
              -73.0642,
              8.0271
            ],
            [
              -73.082,
              8.0277
            ],
            [
              -73.0868,
              7.9957
            ],
            [
              -73.0808,
              7.9774
            ],
            [
              -73.0696,
              7.966
            ],
            [
              -73.069,
              7.9425
            ],
            [
              -73.0549,
              7.9436
            ],
            [
              -73.0438,
              7.9316
            ],
            [
              -73.0393,
              7.8998
            ],
            [
              -73.0454,
              7.8871
            ],
            [
              -73.0456,
              7.8677
            ],
            [
              -73.0234,
              7.8515
            ],
            [
              -73.0325,
              7.8331
            ],
            [
              -73.0089,
              7.7913
            ],
            [
              -73.0182,
              7.7803
            ],
            [
              -73.0056,
              7.7646
            ],
            [
              -72.9986,
              7.7643
            ],
            [
              -72.9943,
              7.777
            ],
            [
              -72.98,
              7.7859
            ],
            [
              -72.9686,
              7.8145
            ],
            [
              -72.9502,
              7.8337
            ],
            [
              -72.9383,
              7.841
            ],
            [
              -72.929,
              7.858
            ],
            [
              -72.9385,
              7.8645
            ],
            [
              -72.9323,
              7.8767
            ],
            [
              -72.909,
              7.89
            ],
            [
              -72.9013,
              7.9018
            ],
            [
              -72.8957,
              7.9044
            ],
            [
              -72.8895,
              7.9117
            ],
            [
              -72.8753,
              7.9538
            ],
            [
              -72.9012,
              7.9539
            ],
            [
              -72.8935,
              7.971
            ],
            [
              -72.873,
              7.9927
            ],
            [
              -72.8738,
              7.9976
            ]
          ]
        ]
      },
      "properties": {
        "OBJECTID": 818,
        "DPTO_CCDGO": "25",
        "MPIO_CCDGO": "871",
        "name": "25097",
        "MPIO_CRSLC": "Ordenanza 9 de Noviembre 25 de 1948",
        "MPIO_NANO_": 1993,
        "MPIO_NAREA": 398.10156161,
        "MPIO_CSMBL": "4",
        "MPIO_CCNCT": "54871",
        "MPIO_NANO": 2012,
        "SHAPE_Leng": 1.17228525448,
        "SHAPE_Area": 0.032635022556,
        "NOMBRE": "VILLA CARO",
        "DANE": {
          "dpto_ccdgo": "54",
          "mpio_ccdgo": "871",
          "mpio_cdpmp": "54871",
          "dpto_cnmbr": "NORTE DE SANTANDER",
          "mpio_cnmbr": "VILLA CARO",
          "mpio_crslc": "Ordenanza 9 de Noviembre 25 de 1948",
          "mpio_tipo": "MUNICIPIO",
          "mpio_narea": 401.058451659,
          "mpio_nano": 2024,
          "shape_Leng": 1.23307945582,
          "shape_Area": 0.0328772889756
        }
      }
    },
    {
      "type": "Feature",
      "geometry": {
        "type": "Polygon",
        "coordinates": [
          [
            [
              -72.4746,
              7.6588
            ],
            [
              -72.4755,
              7.6808
            ],
            [
              -72.4706,
              7.7358
            ],
            [
              -72.4738,
              7.7487
            ],
            [
              -72.4684,
              7.7749
            ],
            [
              -72.4688,
              7.7938
            ],
            [
              -72.4584,
              7.8029
            ],
            [
              -72.447,
              7.8272
            ],
            [
              -72.4514,
              7.8395
            ],
            [
              -72.4446,
              7.8599
            ],
            [
              -72.4571,
              7.8812
            ],
            [
              -72.4602,
              7.9014
            ],
            [
              -72.4642,
              7.8765
            ],
            [
              -72.4781,
              7.8759
            ],
            [
              -72.4859,
              7.8692
            ],
            [
              -72.4875,
              7.8576
            ],
            [
              -72.4819,
              7.8405
            ],
            [
              -72.484,
              7.8208
            ],
            [
              -72.4811,
              7.7943
            ],
            [
              -72.4856,
              7.7835
            ],
            [
              -72.5015,
              7.7778
            ],
            [
              -72.4896,
              7.7653
            ],
            [
              -72.4886,
              7.7564
            ],
            [
              -72.5039,
              7.7376
            ],
            [
              -72.5107,
              7.6872
            ],
            [
              -72.52,
              7.6782
            ],
            [
              -72.5209,
              7.6483
            ],
            [
              -72.5057,
              7.6503
            ],
            [
              -72.4969,
              7.6436
            ],
            [
              -72.4844,
              7.6458
            ],
            [
              -72.4746,
              7.6588
            ]
          ]
        ]
      },
      "properties": {
        "OBJECTID": 819,
        "DPTO_CCDGO": "25",
        "MPIO_CCDGO": "874",
        "name": "25100",
        "MPIO_CRSLC": "1789",
        "MPIO_NANO_": 1993,
        "MPIO_NAREA": 93.07385143,
        "MPIO_CSMBL": "4",
        "MPIO_CCNCT": "54874",
        "MPIO_NANO": 2012,
        "SHAPE_Leng": 0.691080015965,
        "SHAPE_Area": 0.00762486671877,
        "NOMBRE": "VILLA DEL ROSARIO",
        "DANE": {
          "dpto_ccdgo": "54",
          "mpio_ccdgo": "874",
          "mpio_cdpmp": "54874",
          "dpto_cnmbr": "NORTE DE SANTANDER",
          "mpio_cnmbr": "VILLA DEL ROSARIO",
          "mpio_crslc": "1789",
          "mpio_tipo": "MUNICIPIO",
          "mpio_narea": 91.7693128349,
          "mpio_nano": 2024,
          "shape_Leng": 0.72543321663,
          "shape_Area": 0.00751668263564
        }
      }
    }
  ],
  "name": "25"
}