{
  "type": "FeatureCollection",
  "crs": {
    "type": "name",
    "properties": {
      "name": "urn:ogc:def:crs:OGC:1.3:CRS84"
    }
  },
  "features": [
    {
      "type": "Feature",
      "geometry": {
        "type": "Polygon",
        "coordinates": [
          [
            [
              -73.1576,
              7.2163
            ],
            [
              -73.1524,
              7.2
            ],
            [
              -73.1524,
              7.1799
            ],
            [
              -73.1441,
              7.1678
            ],
            [
              -73.1447,
              7.1548
            ],
            [
              -73.1544,
              7.1459
            ],
            [
              -73.1648,
              7.1171
            ],
            [
              -73.1645,
              7.087
            ],
            [
              -73.1563,
              7.0763
            ],
            [
              -73.1408,
              7.074
            ],
            [
              -73.1254,
              7.0812
            ],
            [
              -73.1248,
              7.0655
            ],
            [
              -73.1143,
              7.0765
            ],
            [
              -73.105,
              7.0938
            ],
            [
              -73.0841,
              7.1059
            ],
            [
              -73.0801,
              7.118
            ],
            [
              -73.0625,
              7.1149
            ],
            [
              -73.0537,
              7.1332
            ],
            [
              -73.0466,
              7.1394
            ],
            [
              -73.0667,
              7.1595
            ],
            [
              -73.0569,
              7.1852
            ],
            [
              -73.0738,
              7.1935
            ],
            [
              -73.0707,
              7.1995
            ],
            [
              -73.0721,
              7.2051
            ],
            [
              -73.0905,
              7.2167
            ],
            [
              -73.0843,
              7.2295
            ],
            [
              -73.0816,
              7.2666
            ],
            [
              -73.1068,
              7.2456
            ],
            [
              -73.1122,
              7.2314
            ],
            [
              -73.1236,
              7.2182
            ],
            [
              -73.1345,
              7.2133
            ],
            [
              -73.1576,
              7.2163
            ]
          ]
        ]
      },
      "properties": {
        "OBJECTID": 846,
        "DPTO_CCDGO": "27",
        "MPIO_CCDGO": "001",
        "name": "27001",
        "MPIO_CRSLC": "1623",
        "MPIO_NANO_": 1993,
        "MPIO_NAREA": 151.6646907,
        "MPIO_CSMBL": "4",
        "MPIO_CCNCT": "68001",
        "MPIO_NANO": 2012,
        "SHAPE_Leng": 0.674668169731,
        "SHAPE_Area": 0.0124120158531,
        "NOMBRE": "BUCARAMANGA",
        "DANE": {
          "dpto_ccdgo": "68",
          "mpio_ccdgo": "001",
          "mpio_cdpmp": "68001",
          "dpto_cnmbr": "SANTANDER",
          "mpio_cnmbr": "BUCARAMANGA",
          "mpio_crslc": "1623",
          "mpio_tipo": "MUNICIPIO",
          "mpio_narea": 153.786150417,
          "mpio_nano": 2024,
          "shape_Leng": 0.722346788843,
          "shape_Area": 0.0125856304109
        }
      }
    },
    {
      "type": "Feature",
      "geometry": {
        "type": "Polygon",
        "coordinates": [
          [
            [
              -73.4809,
              6.186
            ],
            [
              -73.4924,
              6.2023
            ],
            [
              -73.5202,
              6.212
            ],
            [
              -73.528,
              6.2214
            ],
            [
              -73.528,
              6.2338
            ],
            [
              -73.5408,
              6.2443
            ],
            [
              -73.5539,
              6.235
            ],
            [
              -73.5771,
              6.2535
            ],
            [
              -73.5787,
              6.2415
            ],
            [
              -73.5729,
              6.2297
            ],
            [
              -73.5563,
              6.2216
            ],
            [
              -73.5605,
              6.1965
            ],
            [
              -73.5507,
              6.184
            ],
            [
              -73.561,
              6.1577
            ],
            [
              -73.5551,
              6.1505
            ],
            [
              -73.5539,
              6.1279
            ],
            [
              -73.5428,
              6.1104
            ],
            [
              -73.5239,
              6.1282
            ],
            [
              -73.527,
              6.1399
            ],
            [
              -73.5187,
              6.148
            ],
            [
              -73.5062,
              6.1478
            ],
            [
              -73.4911,
              6.1644
            ],
            [
              -73.4817,
              6.1636
            ],
            [
              -73.4809,
              6.186
            ]
          ]
        ]
      },
      "properties": {
        "OBJECTID": 847,
        "DPTO_CCDGO": "27",
        "MPIO_CCDGO": "013",
        "name": "27004",
        "MPIO_CRSLC": "1775",
        "MPIO_NANO_": 1993,
        "MPIO_NAREA": 76.89559839,
        "MPIO_CSMBL": "4",
        "MPIO_CCNCT": "68013",
        "MPIO_NANO": 2012,
        "SHAPE_Leng": 0.460029380466,
        "SHAPE_Area": 0.00628205829937,
        "NOMBRE": "AGUADA",
        "DANE": {
          "dpto_ccdgo": "68",
          "mpio_ccdgo": "013",
          "mpio_cdpmp": "68013",
          "dpto_cnmbr": "SANTANDER",
          "mpio_cnmbr": "AGUADA",
          "mpio_crslc": "1775",
          "mpio_tipo": "MUNICIPIO",
          "mpio_narea": 75.2312480469,
          "mpio_nano": 2024,
          "shape_Leng": 0.475809752705,
          "shape_Area": 0.0061460933514
        }
      }
    },
    {
      "type": "Feature",
      "geometry": {
        "type": "Polygon",
        "coordinates": [
          [
            [
              -73.7627,
              5.7732
            ],
            [
              -73.7523,
              5.7886
            ],
            [
              -73.7556,
              5.8045
            ],
            [
              -73.7507,
              5.8271
            ],
            [
              -73.7375,
              5.8416
            ],
            [
              -73.7439,
              5.8705
            ],
            [
              -73.7631,
              5.8573
            ],
            [
              -73.7995,
              5.8419
            ],
            [
              -73.8057,
              5.8198
            ],
            [
              -73.8147,
              5.8185
            ],
            [
              -73.8223,
              5.807
            ],
            [
              -73.8265,
              5.7903
            ],
            [
              -73.8617,
              5.781
            ],
            [
              -73.8956,
              5.7832
            ],
            [
              -73.9,
              5.7924
            ],
            [
              -73.9148,
              5.7923
            ],
            [
              -73.9205,
              5.7774
            ],
            [
              -73.9294,
              5.7726
            ],
            [
              -73.933,
              5.7609
            ],
            [
              -73.9619,
              5.7395
            ],
            [
              -73.9451,
              5.7361
            ],
            [
              -73.9255,
              5.7431
            ],
            [
              -73.9159,
              5.7367
            ],
            [
              -73.8998,
              5.7375
            ],
            [
              -73.8902,
              5.7373
            ],
            [
              -73.8802,
              5.7076
            ],
            [
              -73.862,
              5.711
            ],
            [
              -73.854,
              5.7264
            ],
            [
              -73.8371,
              5.7397
            ],
            [
              -73.8192,
              5.7375
            ],
            [
              -73.8192,
              5.7154
            ],
            [
              -73.8125,
              5.715
            ],
            [
              -73.7943,
              5.7294
            ],
            [
              -73.7627,
              5.7732
            ]
          ]
        ]
      },
      "properties": {
        "OBJECTID": 848,
        "DPTO_CCDGO": "27",
        "MPIO_CCDGO": "020",
        "name": "27007",
        "MPIO_CRSLC": "Ordenanza 33 de 1919",
        "MPIO_NANO_": 1993,
        "MPIO_NAREA": 162.69072931,
        "MPIO_CSMBL": "4",
        "MPIO_CCNCT": "68020",
        "MPIO_NANO": 2012,
        "SHAPE_Leng": 0.846273641396,
        "SHAPE_Area": 0.0132826138391,
        "NOMBRE": "ALBANIA",
        "DANE": {
          "dpto_ccdgo": "68",
          "mpio_ccdgo": "020",
          "mpio_cdpmp": "68020",
          "dpto_cnmbr": "SANTANDER",
          "mpio_cnmbr": "ALBANIA",
          "mpio_crslc": "Ordenanza 33 de 1919",
          "mpio_tipo": "MUNICIPIO",
          "mpio_narea": 166.216966057,
          "mpio_nano": 2024,
          "shape_Leng": 0.876129923743,
          "shape_Area": 0.0135704660979
        }
      }
    },
    {
      "type": "Feature",
      "geometry": {
        "type": "Polygon",
        "coordinates": [
          [
            [
              -72.9385,
              6.6907
            ],
            [
              -72.9354,
              6.7026
            ],
            [
              -72.9527,
              6.717
            ],
            [
              -72.9728,
              6.7278
            ],
            [
              -72.9686,
              6.7451
            ],
            [
              -72.982,
              6.7523
            ],
            [
              -72.9769,
              6.7692
            ],
            [
              -72.9871,
              6.7831
            ],
            [
              -72.9824,
              6.7919
            ],
            [
              -72.9861,
              6.8106
            ],
            [
              -73.0042,
              6.8242
            ],
            [
              -73.0237,
              6.7957
            ],
            [
              -73.0255,
              6.7799
            ],
            [
              -73.0446,
              6.7601
            ],
            [
              -73.0523,
              6.7583
            ],
            [
              -73.0676,
              6.7372
            ],
            [
              -73.0368,
              6.7151
            ],
            [
              -73.0391,
              6.7024
            ],
            [
              -73.0527,
              6.7095
            ],
            [
              -73.0755,
              6.7088
            ],
            [
              -73.1035,
              6.7026
            ],
            [
              -73.0807,
              6.6869
            ],
            [
              -73.0821,
              6.6782
            ],
            [
              -73.0658,
              6.6693
            ],
            [
              -73.0536,
              6.6688
            ],
            [
              -73.0418,
              6.6493
            ],
            [
              -73.0018,
              6.646
            ],
            [
              -72.9614,
              6.6659
            ],
            [
              -72.9527,
              6.6792
            ],
            [
              -72.9385,
              6.6907
            ]
          ]
        ]
      },
      "properties": {
        "OBJECTID": 849,
        "DPTO_CCDGO": "27",
        "MPIO_CCDGO": "051",
        "name": "27010",
        "MPIO_CRSLC": "1750",
        "MPIO_NANO_": 1993,
        "MPIO_NAREA": 172.16470889,
        "MPIO_CSMBL": "4",
        "MPIO_CCNCT": "68051",
        "MPIO_NANO": 2012,
        "SHAPE_Leng": 0.66980162552,
        "SHAPE_Area": 0.0140760038268,
        "NOMBRE": "ARATOCA",
        "DANE": {
          "dpto_ccdgo": "68",
          "mpio_ccdgo": "051",
          "mpio_cdpmp": "68051",
          "dpto_cnmbr": "SANTANDER",
          "mpio_cnmbr": "ARATOCA",
          "mpio_crslc": "1750",
          "mpio_tipo": "MUNICIPIO",
          "mpio_narea": 169.791551892,
          "mpio_nano": 2024,
          "shape_Leng": 0.67469221399,
          "shape_Area": 0.0138820314204
        }
      }
    },
    {
      "type": "Feature",
      "geometry": {
        "type": "Polygon",
        "coordinates": [
          [
            [
              -73.5882,
              5.9977
            ],
            [
              -73.6199,
              5.9927
            ],
            [
              -73.6447,
              5.9718
            ],
            [
              -73.6631,
              5.9273
            ],
            [
              -73.6531,
              5.9248
            ],
            [
              -73.6359,
              5.9112
            ],
            [
              -73.6215,
              5.9244
            ],
            [
              -73.6074,
              5.9307
            ],
            [
              -73.5932,
              5.9594
            ],
            [
              -73.5882,
              5.9977
            ]
          ]
        ]
      },
      "properties": {
        "OBJECTID": 850,
        "DPTO_CCDGO": "27",
        "MPIO_CCDGO": "077",
        "name": "27013",
        "MPIO_CRSLC": "Ordenanza 30 del 25 de Abril de 1936",
        "MPIO_NANO_": 1993,
        "MPIO_NAREA": 46.43462168,
        "MPIO_CSMBL": "4",
        "MPIO_CCNCT": "68077",
        "MPIO_NANO": 2012,
        "SHAPE_Leng": 0.278773426752,
        "SHAPE_Area": 0.00379207583524,
        "NOMBRE": "BARBOSA",
        "DANE": {
          "dpto_ccdgo": "68",
          "mpio_ccdgo": "077",
          "mpio_cdpmp": "68077",
          "dpto_cnmbr": "SANTANDER",
          "mpio_cnmbr": "BARBOSA",
          "mpio_crslc": "Ordenanza 30 del 25 de Abril de 1936",
          "mpio_tipo": "MUNICIPIO",
          "mpio_narea": 46.7153820035,
          "mpio_nano": 2024,
          "shape_Leng": 0.270616657867,
          "shape_Area": 0.00381500590131
        }
      }
    },
    {
      "type": "Feature",
      "geometry": {
        "type": "Polygon",
        "coordinates": [
          [
            [
              -73.1544,
              6.5995
            ],
            [
              -73.1522,
              6.6174
            ],
            [
              -73.163,
              6.6231
            ],
            [
              -73.1658,
              6.6362
            ],
            [
              -73.1763,
              6.6374
            ],
            [
              -73.193,
              6.6467
            ],
            [
              -73.1889,
              6.6579
            ],
            [
              -73.1965,
              6.6666
            ],
            [
              -73.1826,
              6.6835
            ],
            [
              -73.1794,
              6.708
            ],
            [
              -73.189,
              6.7167
            ],
            [
              -73.2238,
              6.7338
            ],
            [
              -73.2388,
              6.7164
            ],
            [
              -73.2528,
              6.7119
            ],
            [
              -73.2587,
              6.6946
            ],
            [
              -73.2554,
              6.6754
            ],
            [
              -73.266,
              6.6698
            ],
            [
              -73.2614,
              6.6528
            ],
            [
              -73.2649,
              6.6293
            ],
            [
              -73.237,
              6.6196
            ],
            [
              -73.2382,
              6.5872
            ],
            [
              -73.2236,
              6.5639
            ],
            [
              -73.2122,
              6.5594
            ],
            [
              -73.1822,
              6.5834
            ],
            [
              -73.1771,
              6.5954
            ],
            [
              -73.1544,
              6.5995
            ]
          ]
        ]
      },
      "properties": {
        "OBJECTID": 851,
        "DPTO_CCDGO": "27",
        "MPIO_CCDGO": "079",
        "name": "27016",
        "MPIO_CRSLC": "1799",
        "MPIO_NANO_": 1993,
        "MPIO_NAREA": 133.63433121,
        "MPIO_CSMBL": "4",
        "MPIO_CCNCT": "68079",
        "MPIO_NANO": 2012,
        "SHAPE_Leng": 0.560660041739,
        "SHAPE_Area": 0.0109255662141,
        "NOMBRE": "BARICHARA",
        "DANE": {
          "dpto_ccdgo": "68",
          "mpio_ccdgo": "079",
          "mpio_cdpmp": "68079",
          "dpto_cnmbr": "SANTANDER",
          "mpio_cnmbr": "BARICHARA",
          "mpio_crslc": "1799",
          "mpio_tipo": "MUNICIPIO",
          "mpio_narea": 137.275811749,
          "mpio_nano": 2024,
          "shape_Leng": 0.561088833243,
          "shape_Area": 0.0112233446906
        }
      }
    },
    {
      "type": "Feature",
      "geometry": {
        "type": "Polygon",
        "coordinates": [
          [
            [
              -73.6131,
              7.191
            ],
            [
              -73.62,
              7.2115
            ],
            [
              -73.6327,
              7.2122
            ],
            [
              -73.6499,
              7.225
            ],
            [
              -73.6646,
              7.2272
            ],
            [
              -73.6688,
              7.244
            ],
            [
              -73.6902,
              7.2513
            ],
            [
              -73.7194,
              7.2543
            ],
            [
              -73.7324,
              7.2391
            ],
            [
              -73.7465,
              7.2314
            ],
            [
              -73.7607,
              7.2424
            ],
            [
              -73.7776,
              7.2445
            ],
            [
              -73.7925,
              7.2417
            ],
            [
              -73.7938,
              7.2296
            ],
            [
              -73.8079,
              7.2289
            ],
            [
              -73.8179,
              7.2349
            ],
            [
              -73.8537,
              7.2156
            ],
            [
              -73.868,
              7.2018
            ],
            [
              -73.9016,
              7.1905
            ],
            [
              -73.9235,
              7.2135
            ],
            [
              -73.9388,
              7.1823
            ],
            [
              -73.9305,
              7.1512
            ],
            [
              -73.9332,
              7.1248
            ],
            [
              -73.9293,
              7.1153
            ],
            [
              -73.9123,
              7.0951
            ],
            [
              -73.8898,
              7.073
            ],
            [
              -73.8814,
              7.0129
            ],
            [
              -73.898,
              6.9859
            ],
            [
              -73.9156,
              6.9691
            ],
            [
              -73.9239,
              6.9673
            ],
            [
              -73.9357,
              6.9548
            ],
            [
              -73.9488,
              6.9519
            ],
            [
              -73.9876,
              6.9297
            ],
            [
              -73.9979,
              6.9192
            ],
            [
              -74.0106,
              6.9133
            ],
            [
              -74.0272,
              6.887
            ],
            [
              -74.0637,
              6.8567
            ],
            [
              -74.0789,
              6.8394
            ],
            [
              -74.0812,
              6.8215
            ],
            [
              -74.094,
              6.8041
            ],
            [
              -74.0555,
              6.8104
            ],
            [
              -74.0441,
              6.8188
            ],
            [
              -74.0505,
              6.8332
            ],
            [
              -74.0387,
              6.8408
            ],
            [
              -74.0266,
              6.8399
            ],
            [
              -74.0234,
              6.8507
            ],
            [
              -74.0109,
              6.85
            ],
            [
              -73.9494,
              6.8889
            ],
            [
              -73.8796,
              6.8836
            ],
            [
              -73.8724,
              6.8844
            ],
            [
              -73.8635,
              6.8721
            ],
            [
              -73.8553,
              6.8865
            ],
            [
              -73.8519,
              6.906
            ],
            [
              -73.8429,
              6.9144
            ],
            [
              -73.8381,
              6.8986
            ],
            [
              -73.8413,
              6.8851
            ],
            [
              -73.8117,
              6.8895
            ],
            [
              -73.793,
              6.8725
            ],
            [
              -73.7862,
              6.8747
            ],
            [
              -73.7676,
              6.855
            ],
            [
              -73.7488,
              6.8604
            ],
            [
              -73.7412,
              6.8683
            ],
            [
              -73.7443,
              6.8867
            ],
            [
              -73.7304,
              6.9028
            ],
            [
              -73.716,
              6.8957
            ],
            [
              -73.7062,
              6.8975
            ],
            [
              -73.6999,
              6.889
            ],
            [
              -73.6654,
              6.8971
            ],
            [
              -73.6448,
              6.8795
            ],
            [
              -73.6275,
              6.8865
            ],
            [
              -73.7031,
              6.9455
            ],
            [
              -73.5403,
              7.154
            ],
            [
              -73.5514,
              7.1637
            ],
            [
              -73.5688,
              7.1719
            ],
            [
              -73.5681,
              7.1835
            ],
            [
              -73.5785,
              7.1867
            ],
            [
              -73.5905,
              7.1809
            ],
            [
              -73.6018,
              7.1897
            ],
            [
              -73.6131,
              7.191
            ]
          ]
        ]
      },
      "properties": {
        "OBJECTID": 852,
        "DPTO_CCDGO": "27",
        "MPIO_CCDGO": "081",
        "name": "27019",
        "MPIO_CRSLC": "Ordenanza 13 del 17 de Abril de 1922",
        "MPIO_NANO_": 1993,
        "MPIO_NAREA": 1237.53049821,
        "MPIO_CSMBL": "4",
        "MPIO_CCNCT": "68081",
        "MPIO_NANO": 2012,
        "SHAPE_Leng": 2.72816169396,
        "SHAPE_Area": 0.101282938124,
        "NOMBRE": "BARRANCABERMEJA",
        "DANE": {
          "dpto_ccdgo": "68",
          "mpio_ccdgo": "081",
          "mpio_cdpmp": "68081",
          "dpto_cnmbr": "SANTANDER",
          "mpio_cnmbr": "BARRANCABERMEJA",
          "mpio_crslc": "Ordenanza 13 del 17 de Abril de 1922",
          "mpio_tipo": "MUNICIPIO",
          "mpio_narea": 1326.83830227,
          "mpio_nano": 2024,
          "shape_Leng": 2.73519010791,
          "shape_Area": 0.108590745058
        }
      }
    },
    {
      "type": "Feature",
      "geometry": {
        "type": "Polygon",
        "coordinates": [
          [
            [
              -73.2171,
              6.9262
            ],
            [
              -73.2298,
              6.948
            ],
            [
              -73.2394,
              6.9583
            ],
            [
              -73.2608,
              6.9667
            ],
            [
              -73.2776,
              6.9864
            ],
            [
              -73.2876,
              7.0106
            ],
            [
              -73.2972,
              7.0205
            ],
            [
              -73.3264,
              7.031
            ],
            [
              -73.3415,
              7.0392
            ],
            [
              -73.3473,
              7.0506
            ],
            [
              -73.3445,
              7.0609
            ],
            [
              -73.3802,
              7.0679
            ],
            [
              -73.4016,
              7.0996
            ],
            [
              -73.4117,
              7.1027
            ],
            [
              -73.4335,
              7.117
            ],
            [
              -73.4373,
              7.1296
            ],
            [
              -73.4509,
              7.1388
            ],
            [
              -73.4936,
              7.1509
            ],
            [
              -73.5134,
              7.143
            ],
            [
              -73.5296,
              7.1533
            ],
            [
              -73.5403,
              7.154
            ],
            [
              -73.5255,
              7.1348
            ],
            [
              -73.5222,
              7.1117
            ],
            [
              -73.5277,
              7.0852
            ],
            [
              -73.5244,
              7.0503
            ],
            [
              -73.5152,
              7.0438
            ],
            [
              -73.4927,
              7.056
            ],
            [
              -73.493,
              7.03
            ],
            [
              -73.4998,
              7.0181
            ],
            [
              -73.5016,
              6.9992
            ],
            [
              -73.4987,
              6.9867
            ],
            [
              -73.4872,
              6.9815
            ],
            [
              -73.4632,
              6.9633
            ],
            [
              -73.4524,
              6.96
            ],
            [
              -73.4433,
              6.9658
            ],
            [
              -73.4336,
              6.9846
            ],
            [
              -73.3968,
              6.9914
            ],
            [
              -73.3837,
              6.999
            ],
            [
              -73.372,
              6.9996
            ],
            [
              -73.3513,
              6.9929
            ],
            [
              -73.3385,
              6.9798
            ],
            [
              -73.342,
              6.9651
            ],
            [
              -73.3513,
              6.9523
            ],
            [
              -73.3549,
              6.9372
            ],
            [
              -73.3381,
              6.9331
            ],
            [
              -73.332,
              6.9149
            ],
            [
              -73.3245,
              6.9115
            ],
            [
              -73.3187,
              6.8961
            ],
            [
              -73.3184,
              6.8808
            ],
            [
              -73.3042,
              6.8809
            ],
            [
              -73.2963,
              6.8677
            ],
            [
              -73.2874,
              6.8682
            ],
            [
              -73.2745,
              6.8581
            ],
            [
              -73.2628,
              6.8581
            ],
            [
              -73.2542,
              6.8804
            ],
            [
              -73.2396,
              6.903
            ],
            [
              -73.2315,
              6.9054
            ],
            [
              -73.2171,
              6.9262
            ]
          ]
        ]
      },
      "properties": {
        "OBJECTID": 853,
        "DPTO_CCDGO": "27",
        "MPIO_CCDGO": "092",
        "name": "27022",
        "MPIO_CRSLC": "1874",
        "MPIO_NANO_": 1993,
        "MPIO_NAREA": 428.90799524,
        "MPIO_CSMBL": "4",
        "MPIO_CCNCT": "68092",
        "MPIO_NANO": 2012,
        "SHAPE_Leng": 1.22572130495,
        "SHAPE_Area": 0.0350953849305,
        "NOMBRE": "BETULIA",
        "DANE": {
          "dpto_ccdgo": "68",
          "mpio_ccdgo": "092",
          "mpio_cdpmp": "68092",
          "dpto_cnmbr": "SANTANDER",
          "mpio_cnmbr": "BETULIA",
          "mpio_crslc": "1874",
          "mpio_tipo": "MUNICIPIO",
          "mpio_narea": 431.248708633,
          "mpio_nano": 2024,
          "shape_Leng": 1.27181794451,
          "shape_Area": 0.0352869632306
        }
      }
    },
    {
      "type": "Feature",
      "geometry": {
        "type": "Polygon",
        "coordinates": [
          [
            [
              -74.1011,
              6.2214
            ],
            [
              -74.1162,
              6.2241
            ],
            [
              -74.127,
              6.2403
            ],
            [
              -74.1465,
              6.2329
            ],
            [
              -74.1719,
              6.1965
            ],
            [
              -74.1897,
              6.197
            ],
            [
              -74.2025,
              6.189
            ],
            [
              -74.1972,
              6.1821
            ],
            [
              -74.21,
              6.1733
            ],
            [
              -74.2013,
              6.1502
            ],
            [
              -74.1836,
              6.1417
            ],
            [
              -74.1903,
              6.101
            ],
            [
              -74.1956,
              6.0883
            ],
            [
              -74.2103,
              6.071
            ],
            [
              -74.2265,
              6.0716
            ],
            [
              -74.2287,
              6.0835
            ],
            [
              -74.2382,
              6.0923
            ],
            [
              -74.249,
              6.0909
            ],
            [
              -74.2612,
              6.1136
            ],
            [
              -74.2875,
              6.1279
            ],
            [
              -74.3019,
              6.1114
            ],
            [
              -74.3251,
              6.1113
            ],
            [
              -74.3538,
              6.1182
            ],
            [
              -74.3721,
              6.1151
            ],
            [
              -74.3791,
              6.1224
            ],
            [
              -74.3891,
              6.1202
            ],
            [
              -74.4056,
              6.1289
            ],
            [
              -74.4161,
              6.168
            ],
            [
              -74.4142,
              6.1847
            ],
            [
              -74.4185,
              6.194
            ],
            [
              -74.4099,
              6.2186
            ],
            [
              -74.4158,
              6.2259
            ],
            [
              -74.4285,
              6.2248
            ],
            [
              -74.4557,
              6.2442
            ],
            [
              -74.4754,
              6.2466
            ],
            [
              -74.5086,
              6.2855
            ],
            [
              -74.5266,
              6.2736
            ],
            [
              -74.5289,
              6.2628
            ],
            [
              -74.5225,
              6.2438
            ],
            [
              -74.5112,
              6.2304
            ],
            [
              -74.5132,
              6.224
            ],
            [
              -74.4829,
              6.1998
            ],
            [
              -74.4754,
              6.2041
            ],
            [
              -74.4728,
              6.1799
            ],
            [
              -74.4778,
              6.1566
            ],
            [
              -74.4696,
              6.1544
            ],
            [
              -74.4526,
              6.1357
            ],
            [
              -74.4554,
              6.1264
            ],
            [
              -74.4498,
              6.1091
            ],
            [
              -74.4517,
              6.0993
            ],
            [
              -74.4311,
              6.0873
            ],
            [
              -74.4119,
              6.0885
            ],
            [
              -74.4009,
              6.0791
            ],
            [
              -74.3979,
              6.0608
            ],
            [
              -74.3894,
              6.0563
            ],
            [
              -74.3788,
              6.0396
            ],
            [
              -74.3474,
              6.0389
            ],
            [
              -74.3373,
              6.0644
            ],
            [
              -74.3295,
              6.0644
            ],
            [
              -74.2981,
              6.0841
            ],
            [
              -74.2869,
              6.0825
            ],
            [
              -74.2587,
              6.0655
            ],
            [
              -74.2639,
              6.0304
            ],
            [
              -74.2557,
              6.0025
            ],
            [
              -74.2387,
              5.988
            ],
            [
              -74.2222,
              5.9679
            ],
            [
              -74.2388,
              5.9442
            ],
            [
              -74.2352,
              5.9324
            ],
            [
              -74.2246,
              5.9237
            ],
            [
              -74.228,
              5.9123
            ],
            [
              -74.2389,
              5.8972
            ],
            [
              -74.2527,
              5.892
            ],
            [
              -74.273,
              5.8721
            ],
            [
              -74.2743,
              5.8643
            ],
            [
              -74.2661,
              5.8346
            ],
            [
              -74.2318,
              5.8358
            ],
            [
              -74.2146,
              5.8539
            ],
            [
              -74.1952,
              5.8557
            ],
            [
              -74.1977,
              5.878
            ],
            [
              -74.1896,
              5.8842
            ],
            [
              -74.1873,
              5.8988
            ],
            [
              -74.1804,
              5.9111
            ],
            [
              -74.1743,
              5.9225
            ],
            [
              -74.1829,
              5.9339
            ],
            [
              -74.1741,
              5.9397
            ],
            [
              -74.1688,
              5.9614
            ],
            [
              -74.1553,
              5.9952
            ],
            [
              -74.139,
              6.0101
            ],
            [
              -74.1274,
              6.0153
            ],
            [
              -74.1322,
              6.0278
            ],
            [
              -74.1273,
              6.0337
            ],
            [
              -74.1081,
              6.0463
            ],
            [
              -74.1104,
              6.065
            ],
            [
              -74.1175,
              6.0884
            ],
            [
              -74.1062,
              6.1028
            ],
            [
              -74.1125,
              6.1212
            ],
            [
              -74.0922,
              6.1334
            ],
            [
              -74.1021,
              6.1444
            ],
            [
              -74.0976,
              6.171
            ],
            [
              -74.0772,
              6.1552
            ],
            [
              -74.0645,
              6.1575
            ],
            [
              -74.0559,
              6.166
            ],
            [
              -74.0223,
              6.1845
            ],
            [
              -74.0054,
              6.1869
            ],
            [
              -73.9845,
              6.1944
            ],
            [
              -73.964,
              6.1894
            ],
            [
              -73.9653,
              6.1782
            ],
            [
              -73.9551,
              6.1712
            ],
            [
              -73.951,
              6.1542
            ],
            [
              -73.93,
              6.1505
            ],
            [
              -73.9255,
              6.1333
            ],
            [
              -73.9095,
              6.1366
            ],
            [
              -73.9031,
              6.1426
            ],
            [
              -73.8807,
              6.145
            ],
            [
              -73.8751,
              6.1491
            ],
            [
              -73.8666,
              6.1264
            ],
            [
              -73.8467,
              6.1399
            ],
            [
              -73.8294,
              6.134
            ],
            [
              -73.802,
              6.1291
            ],
            [
              -73.7916,
              6.1206
            ],
            [
              -73.7903,
              6.1082
            ],
            [
              -73.7977,
              6.0824
            ],
            [
              -73.7868,
              6.0632
            ],
            [
              -73.7747,
              6.0607
            ],
            [
              -73.7637,
              6.042
            ],
            [
              -73.793,
              6.0178
            ],
            [
              -73.8016,
              6.0273
            ],
            [
              -73.8326,
              6.0142
            ],
            [
              -73.8514,
              6.0148
            ],
            [
              -73.8526,
              5.998
            ],
            [
              -73.8587,
              5.9846
            ],
            [
              -73.8087,
              5.9472
            ],
            [
              -73.787,
              5.9395
            ],
            [
              -73.7677,
              5.9376
            ],
            [
              -73.7528,
              5.9592
            ],
            [
              -73.7605,
              5.9783
            ],
            [
              -73.7587,
              5.9968
            ],
            [
              -73.7512,
              6.0014
            ],
            [
              -73.73,
              6.013
            ],
            [
              -73.7179,
              6.0295
            ],
            [
              -73.7216,
              6.0368
            ],
            [
              -73.7351,
              6.0382
            ],
            [
              -73.7407,
              6.0731
            ],
            [
              -73.7503,
              6.0907
            ],
            [
              -73.7443,
              6.1105
            ],
            [
              -73.7323,
              6.1244
            ],
            [
              -73.7288,
              6.1461
            ],
            [
              -73.7369,
              6.1545
            ],
            [
              -73.7505,
              6.1552
            ],
            [
              -73.7549,
              6.1665
            ],
            [
              -73.7713,
              6.1837
            ],
            [
              -73.7684,
              6.1949
            ],
            [
              -73.771,
              6.2075
            ],
            [
              -73.7903,
              6.2136
            ],
            [
              -73.813,
              6.2071
            ],
            [
              -73.8396,
              6.1868
            ],
            [
              -73.8458,
              6.179
            ],
            [
              -73.8702,
              6.1715
            ],
            [
              -73.8712,
              6.1832
            ],
            [
              -73.9003,
              6.1973
            ],
            [
              -73.9076,
              6.2255
            ],
            [
              -73.917,
              6.2314
            ],
            [
              -73.9352,
              6.2308
            ],
            [
              -73.9521,
              6.2183
            ],
            [
              -73.9668,
              6.2247
            ],
            [
              -73.9765,
              6.2238
            ],
            [
              -74.0101,
              6.2003
            ],
            [
              -74.0246,
              6.208
            ],
            [
              -74.0499,
              6.1996
            ],
            [
              -74.0617,
              6.1846
            ],
            [
              -74.073,
              6.1945
            ],
            [
              -74.0885,
              6.1941
            ],
            [
              -74.0977,
              6.2067
            ],
            [
              -74.1011,
              6.2214
            ]
          ]
        ]
      },
      "properties": {
        "OBJECTID": 854,
        "DPTO_CCDGO": "27",
        "MPIO_CCDGO": "101",
        "name": "27025",
        "MPIO_CRSLC": "1844",
        "MPIO_NANO_": 1993,
        "MPIO_NAREA": 1012.87348801,
        "MPIO_CSMBL": "4",
        "MPIO_CCNCT": "68101",
        "MPIO_NANO": 2012,
        "SHAPE_Leng": 4.29463157384,
        "SHAPE_Area": 0.08274045662,
        "NOMBRE": "BOLIVAR",
        "DANE": {
          "dpto_ccdgo": "68",
          "mpio_ccdgo": "101",
          "mpio_cdpmp": "68101",
          "dpto_cnmbr": "SANTANDER",
          "mpio_cnmbr": "BOLÍVAR",
          "mpio_crslc": "1844",
          "mpio_tipo": "MUNICIPIO",
          "mpio_narea": 1010.12568134,
          "mpio_nano": 2024,
          "shape_Leng": 4.35710655862,
          "shape_Area": 0.0825161802746
        }
      }
    },
    {
      "type": "Feature",
      "geometry": {
        "type": "Polygon",
        "coordinates": [
          [
            [
              -73.2122,
              6.5594
            ],
            [
              -73.2236,
              6.5639
            ],
            [
              -73.2382,
              6.5872
            ],
            [
              -73.237,
              6.6196
            ],
            [
              -73.2649,
              6.6293
            ],
            [
              -73.2738,
              6.606
            ],
            [
              -73.2712,
              6.5974
            ],
            [
              -73.2826,
              6.5653
            ],
            [
              -73.2823,
              6.5539
            ],
            [
              -73.2746,
              6.5392
            ],
            [
              -73.2722,
              6.5108
            ],
            [
              -73.249,
              6.5107
            ],
            [
              -73.2258,
              6.5261
            ],
            [
              -73.2109,
              6.533
            ],
            [
              -73.2039,
              6.5424
            ],
            [
              -73.2122,
              6.5594
            ]
          ]
        ]
      },
      "properties": {
        "OBJECTID": 855,
        "DPTO_CCDGO": "27",
        "MPIO_CCDGO": "121",
        "name": "27028",
        "MPIO_CRSLC": "1869",
        "MPIO_NANO_": 1993,
        "MPIO_NAREA": 64.85152137,
        "MPIO_CSMBL": "4",
        "MPIO_CCNCT": "68121",
        "MPIO_NANO": 2012,
        "SHAPE_Leng": 0.363439894792,
        "SHAPE_Area": 0.0053013144731,
        "NOMBRE": "CABRERA",
        "DANE": {
          "dpto_ccdgo": "68",
          "mpio_ccdgo": "121",
          "mpio_cdpmp": "68121",
          "dpto_cnmbr": "SANTANDER",
          "mpio_cnmbr": "CABRERA",
          "mpio_crslc": "1869",
          "mpio_tipo": "MUNICIPIO",
          "mpio_narea": 65.5743093321,
          "mpio_nano": 2024,
          "shape_Leng": 0.351570649122,
          "shape_Area": 0.00536040420465
        }
      }
    },
    {
      "type": "Feature",
      "geometry": {
        "type": "Polygon",
        "coordinates": [
          [
            [
              -72.8658,
              7.3771
            ],
            [
              -72.8762,
              7.383
            ],
            [
              -72.8859,
              7.4001
            ],
            [
              -72.8941,
              7.4
            ],
            [
              -72.9139,
              7.3908
            ],
            [
              -72.9503,
              7.3485
            ],
            [
              -72.9798,
              7.3513
            ],
            [
              -72.9775,
              7.3391
            ],
            [
              -72.9225,
              7.2924
            ],
            [
              -72.9176,
              7.3061
            ],
            [
              -72.9317,
              7.3155
            ],
            [
              -72.9312,
              7.3374
            ],
            [
              -72.9231,
              7.3474
            ],
            [
              -72.9017,
              7.3577
            ],
            [
              -72.8877,
              7.3761
            ],
            [
              -72.8658,
              7.3771
            ]
          ]
        ]
      },
      "properties": {
        "OBJECTID": 856,
        "DPTO_CCDGO": "27",
        "MPIO_CCDGO": "132",
        "name": "27031",
        "MPIO_CRSLC": "1905",
        "MPIO_NANO_": 1993,
        "MPIO_NAREA": 46.28724618,
        "MPIO_CSMBL": "4",
        "MPIO_CCNCT": "68132",
        "MPIO_NANO": 2012,
        "SHAPE_Leng": 0.426670753953,
        "SHAPE_Area": 0.00378925616611,
        "NOMBRE": "CALIFORNIA",
        "DANE": {
          "dpto_ccdgo": "68",
          "mpio_ccdgo": "132",
          "mpio_cdpmp": "68132",
          "dpto_cnmbr": "SANTANDER",
          "mpio_cnmbr": "CALIFORNIA",
          "mpio_crslc": "1905",
          "mpio_tipo": "MUNICIPIO",
          "mpio_narea": 45.0134597371,
          "mpio_nano": 2024,
          "shape_Leng": 0.425945994926,
          "shape_Area": 0.00368497603008
        }
      }
    },
    {
      "type": "Feature",
      "geometry": {
        "type": "Polygon",
        "coordinates": [
          [
            [
              -72.6381,
              6.5079
            ],
            [
              -72.6513,
              6.5131
            ],
            [
              -72.6458,
              6.5231
            ],
            [
              -72.6566,
              6.5348
            ],
            [
              -72.6629,
              6.5622
            ],
            [
              -72.691,
              6.5823
            ],
            [
              -72.7025,
              6.5944
            ],
            [
              -72.7229,
              6.5791
            ],
            [
              -72.7345,
              6.563
            ],
            [
              -72.7433,
              6.5658
            ],
            [
              -72.7442,
              6.5596
            ],
            [
              -72.73,
              6.5515
            ],
            [
              -72.7212,
              6.5539
            ],
            [
              -72.7042,
              6.5397
            ],
            [
              -72.6941,
              6.5139
            ],
            [
              -72.6868,
              6.5084
            ],
            [
              -72.6795,
              6.4828
            ],
            [
              -72.6606,
              6.4432
            ],
            [
              -72.6491,
              6.4364
            ],
            [
              -72.6351,
              6.4607
            ],
            [
              -72.6269,
              6.4697
            ],
            [
              -72.6269,
              6.5002
            ],
            [
              -72.6381,
              6.5079
            ]
          ]
        ]
      },
      "properties": {
        "OBJECTID": 857,
        "DPTO_CCDGO": "27",
        "MPIO_CCDGO": "147",
        "name": "27034",
        "MPIO_CRSLC": "1804",
        "MPIO_NANO_": 1993,
        "MPIO_NAREA": 85.25184449,
        "MPIO_CSMBL": "4",
        "MPIO_CCNCT": "68147",
        "MPIO_NANO": 2012,
        "SHAPE_Leng": 0.488399878159,
        "SHAPE_Area": 0.0069656775045,
        "NOMBRE": "CAPITANEJO",
        "DANE": {
          "dpto_ccdgo": "68",
          "mpio_ccdgo": "147",
          "mpio_cdpmp": "68147",
          "dpto_cnmbr": "SANTANDER",
          "mpio_cnmbr": "CAPITANEJO",
          "mpio_crslc": "1804",
          "mpio_tipo": "MUNICIPIO",
          "mpio_narea": 85.2840640353,
          "mpio_nano": 2024,
          "shape_Leng": 0.477190384755,
          "shape_Area": 0.00696830177982
        }
      }
    },
    {
      "type": "Feature",
      "geometry": {
        "type": "Polygon",
        "coordinates": [
          [
            [
              -72.4989,
              6.7283
            ],
            [
              -72.5096,
              6.7226
            ],
            [
              -72.5302,
              6.7291
            ],
            [
              -72.5356,
              6.7454
            ],
            [
              -72.575,
              6.7439
            ],
            [
              -72.5898,
              6.7455
            ],
            [
              -72.5876,
              6.7328
            ],
            [
              -72.6077,
              6.7214
            ],
            [
              -72.6206,
              6.7227
            ],
            [
              -72.6265,
              6.7099
            ],
            [
              -72.6237,
              6.7014
            ],
            [
              -72.6308,
              6.6806
            ],
            [
              -72.6489,
              6.6539
            ],
            [
              -72.6572,
              6.6481
            ],
            [
              -72.6676,
              6.6165
            ],
            [
              -72.6417,
              6.6157
            ],
            [
              -72.6352,
              6.5955
            ],
            [
              -72.6172,
              6.5861
            ],
            [
              -72.6047,
              6.592
            ],
            [
              -72.6037,
              6.5679
            ],
            [
              -72.5999,
              6.5585
            ],
            [
              -72.5919,
              6.5662
            ],
            [
              -72.5804,
              6.5678
            ],
            [
              -72.5603,
              6.5901
            ],
            [
              -72.5422,
              6.5835
            ],
            [
              -72.527,
              6.5916
            ],
            [
              -72.5205,
              6.6043
            ],
            [
              -72.52,
              6.6173
            ],
            [
              -72.4862,
              6.6545
            ],
            [
              -72.4855,
              6.6719
            ],
            [
              -72.491,
              6.6812
            ],
            [
              -72.4849,
              6.6953
            ],
            [
              -72.488,
              6.7162
            ],
            [
              -72.4989,
              6.7283
            ]
          ]
        ]
      },
      "properties": {
        "OBJECTID": 858,
        "DPTO_CCDGO": "27",
        "MPIO_CCDGO": "152",
        "name": "27037",
        "MPIO_CRSLC": "1772",
        "MPIO_NANO_": 1993,
        "MPIO_NAREA": 258.34934532,
        "MPIO_CSMBL": "4",
        "MPIO_CCNCT": "68152",
        "MPIO_NANO": 2012,
        "SHAPE_Leng": 0.683114468273,
        "SHAPE_Area": 0.0211130777725,
        "NOMBRE": "CARCASI",
        "DANE": {
          "dpto_ccdgo": "68",
          "mpio_ccdgo": "152",
          "mpio_cdpmp": "68152",
          "dpto_cnmbr": "SANTANDER",
          "mpio_cnmbr": "CARCASÍ",
          "mpio_crslc": "1772",
          "mpio_tipo": "MUNICIPIO",
          "mpio_narea": 258.946151676,
          "mpio_nano": 2024,
          "shape_Leng": 0.710158722674,
          "shape_Area": 0.0211615473313
        }
      }
    },
    {
      "type": "Feature",
      "geometry": {
        "type": "Polygon",
        "coordinates": [
          [
            [
              -72.909,
              6.6828
            ],
            [
              -72.9043,
              6.7075
            ],
            [
              -72.8799,
              6.7177
            ],
            [
              -72.8949,
              6.7535
            ],
            [
              -72.8898,
              6.7679
            ],
            [
              -72.8848,
              6.8145
            ],
            [
              -72.8893,
              6.8174
            ],
            [
              -72.9134,
              6.7963
            ],
            [
              -72.9204,
              6.8045
            ],
            [
              -72.9379,
              6.8066
            ],
            [
              -72.9493,
              6.8085
            ],
            [
              -72.9567,
              6.7935
            ],
            [
              -72.966,
              6.79
            ],
            [
              -72.9824,
              6.7919
            ],
            [
              -72.9871,
              6.7831
            ],
            [
              -72.9769,
              6.7692
            ],
            [
              -72.982,
              6.7523
            ],
            [
              -72.9686,
              6.7451
            ],
            [
              -72.9728,
              6.7278
            ],
            [
              -72.9527,
              6.717
            ],
            [
              -72.9354,
              6.7026
            ],
            [
              -72.9385,
              6.6907
            ],
            [
              -72.9131,
              6.6754
            ],
            [
              -72.908,
              6.676
            ],
            [
              -72.909,
              6.6828
            ]
          ]
        ]
      },
      "properties": {
        "OBJECTID": 859,
        "DPTO_CCDGO": "27",
        "MPIO_CCDGO": "160",
        "name": "27040",
        "MPIO_CRSLC": "Ordenanza 33 de 1968",
        "MPIO_NANO_": 1993,
        "MPIO_NAREA": 109.60260474,
        "MPIO_CSMBL": "4",
        "MPIO_CCNCT": "68160",
        "MPIO_NANO": 2012,
        "SHAPE_Leng": 0.48717117401,
        "SHAPE_Area": 0.00896118039038,
        "NOMBRE": "CEPITA",
        "DANE": {
          "dpto_ccdgo": "68",
          "mpio_ccdgo": "160",
          "mpio_cdpmp": "68160",
          "dpto_cnmbr": "SANTANDER",
          "mpio_cnmbr": "CEPITÁ",
          "mpio_crslc": "Ordenanza 33 de 1968",
          "mpio_tipo": "MUNICIPIO",
          "mpio_narea": 107.967108874,
          "mpio_nano": 2024,
          "shape_Leng": 0.494627443542,
          "shape_Area": 0.00882745680496
        }
      }
    },
    {
      "type": "Feature",
      "geometry": {
        "type": "Polygon",
        "coordinates": [
          [
            [
              -72.5474,
              6.886
            ],
            [
              -72.5525,
              6.9216
            ],
            [
              -72.5422,
              6.9366
            ],
            [
              -72.5436,
              6.9522
            ],
            [
              -72.5545,
              6.9691
            ],
            [
              -72.5529,
              6.985
            ],
            [
              -72.5624,
              6.9998
            ],
            [
              -72.5744,
              7.0018
            ],
            [
              -72.5897,
              6.9973
            ],
            [
              -72.5999,
              6.9894
            ],
            [
              -72.6142,
              6.9934
            ],
            [
              -72.6315,
              6.9871
            ],
            [
              -72.6481,
              6.9975
            ],
            [
              -72.6709,
              6.9718
            ],
            [
              -72.6782,
              7.0031
            ],
            [
              -72.6843,
              7.0094
            ],
            [
              -72.6996,
              7.0008
            ],
            [
              -72.7225,
              7.0047
            ],
            [
              -72.734,
              6.9868
            ],
            [
              -72.7449,
              6.9757
            ],
            [
              -72.7469,
              6.9576
            ],
            [
              -72.7312,
              6.9401
            ],
            [
              -72.7332,
              6.927
            ],
            [
              -72.741,
              6.9129
            ],
            [
              -72.737,
              6.8824
            ],
            [
              -72.7443,
              6.869
            ],
            [
              -72.7405,
              6.8557
            ],
            [
              -72.7578,
              6.8271
            ],
            [
              -72.7303,
              6.8351
            ],
            [
              -72.7176,
              6.8104
            ],
            [
              -72.6939,
              6.8013
            ],
            [
              -72.682,
              6.8133
            ],
            [
              -72.6783,
              6.8262
            ],
            [
              -72.6519,
              6.8231
            ],
            [
              -72.6403,
              6.8127
            ],
            [
              -72.6339,
              6.8186
            ],
            [
              -72.6248,
              6.8012
            ],
            [
              -72.6146,
              6.8041
            ],
            [
              -72.5833,
              6.7985
            ],
            [
              -72.5692,
              6.8174
            ],
            [
              -72.557,
              6.8274
            ],
            [
              -72.5541,
              6.8761
            ],
            [
              -72.5474,
              6.886
            ]
          ]
        ]
      },
      "properties": {
        "OBJECTID": 860,
        "DPTO_CCDGO": "27",
        "MPIO_CCDGO": "162",
        "name": "27043",
        "MPIO_CRSLC": "1775",
        "MPIO_NANO_": 1993,
        "MPIO_NAREA": 423.43211779,
        "MPIO_CSMBL": "4",
        "MPIO_CCNCT": "68162",
        "MPIO_NANO": 2012,
        "SHAPE_Leng": 0.970430585328,
        "SHAPE_Area": 0.0346230874269,
        "NOMBRE": "CERRITO",
        "DANE": {
          "dpto_ccdgo": "68",
          "mpio_ccdgo": "162",
          "mpio_cdpmp": "68162",
          "dpto_cnmbr": "SANTANDER",
          "mpio_cnmbr": "CERRITO",
          "mpio_crslc": "1775",
          "mpio_tipo": "MUNICIPIO",
          "mpio_narea": 421.081442648,
          "mpio_nano": 2024,
          "shape_Leng": 0.971671717666,
          "shape_Area": 0.0344308563193
        }
      }
    },
    {
      "type": "Feature",
      "geometry": {
        "type": "Polygon",
        "coordinates": [
          [
            [
              -73.0012,
              6.3586
            ],
            [
              -73.0093,
              6.3812
            ],
            [
              -73.0179,
              6.3946
            ],
            [
              -73.0307,
              6.387
            ],
            [
              -73.0476,
              6.3843
            ],
            [
              -73.0632,
              6.3904
            ],
            [
              -73.0701,
              6.3829
            ],
            [
              -73.0827,
              6.3606
            ],
            [
              -73.0858,
              6.3467
            ],
            [
              -73.1014,
              6.3163
            ],
            [
              -73.1176,
              6.3197
            ],
            [
              -73.1192,
              6.2887
            ],
            [
              -73.1449,
              6.2937
            ],
            [
              -73.1401,
              6.3235
            ],
            [
              -73.1427,
              6.3349
            ],
            [
              -73.1566,
              6.3463
            ],
            [
              -73.1597,
              6.3556
            ],
            [
              -73.1723,
              6.3448
            ],
            [
              -73.1789,
              6.3457
            ],
            [
              -73.2048,
              6.3297
            ],
            [
              -73.216,
              6.3187
            ],
            [
              -73.228,
              6.318
            ],
            [
              -73.2298,
              6.3074
            ],
            [
              -73.2167,
              6.3067
            ],
            [
              -73.2005,
              6.2759
            ],
            [
              -73.2006,
              6.2584
            ],
            [
              -73.207,
              6.2445
            ],
            [
              -73.2093,
              6.1979
            ],
            [
              -73.2213,
              6.1831
            ],
            [
              -73.2246,
              6.1663
            ],
            [
              -73.238,
              6.1574
            ],
            [
              -73.2302,
              6.1435
            ],
            [
              -73.237,
              6.1271
            ],
            [
              -73.2271,
              6.1163
            ],
            [
              -73.2355,
              6.0812
            ],
            [
              -73.2357,
              6.065
            ],
            [
              -73.2404,
              6.0537
            ],
            [
              -73.2214,
              6.0461
            ],
            [
              -73.2121,
              6.0373
            ],
            [
              -73.2041,
              6.0221
            ],
            [
              -73.1853,
              6.0122
            ],
            [
              -73.1755,
              5.9945
            ],
            [
              -73.1552,
              5.9786
            ],
            [
              -73.1542,
              5.9683
            ],
            [
              -73.1303,
              5.9593
            ],
            [
              -73.1126,
              5.964
            ],
            [
              -73.087,
              5.9656
            ],
            [
              -73.0822,
              5.9772
            ],
            [
              -73.1043,
              5.9766
            ],
            [
              -73.1197,
              5.9895
            ],
            [
              -73.1292,
              5.9891
            ],
            [
              -73.1402,
              5.9988
            ],
            [
              -73.1469,
              6.0237
            ],
            [
              -73.1452,
              6.0391
            ],
            [
              -73.1371,
              6.047
            ],
            [
              -73.1456,
              6.0565
            ],
            [
              -73.1429,
              6.0691
            ],
            [
              -73.1564,
              6.096
            ],
            [
              -73.1723,
              6.0987
            ],
            [
              -73.1732,
              6.121
            ],
            [
              -73.1618,
              6.1425
            ],
            [
              -73.164,
              6.1703
            ],
            [
              -73.158,
              6.1712
            ],
            [
              -73.1466,
              6.1928
            ],
            [
              -73.1357,
              6.2064
            ],
            [
              -73.1307,
              6.2041
            ],
            [
              -73.1105,
              6.2149
            ],
            [
              -73.0992,
              6.2329
            ],
            [
              -73.0977,
              6.2457
            ],
            [
              -73.1078,
              6.2574
            ],
            [
              -73.1095,
              6.2669
            ],
            [
              -73.0874,
              6.267
            ],
            [
              -73.0748,
              6.2733
            ],
            [
              -73.0792,
              6.2918
            ],
            [
              -73.0638,
              6.304
            ],
            [
              -73.0552,
              6.3264
            ],
            [
              -73.0417,
              6.3348
            ],
            [
              -73.0331,
              6.3614
            ],
            [
              -73.0012,
              6.3586
            ]
          ]
        ]
      },
      "properties": {
        "OBJECTID": 861,
        "DPTO_CCDGO": "27",
        "MPIO_CCDGO": "167",
        "name": "27061",
        "MPIO_CRSLC": "1877",
        "MPIO_NANO_": 1993,
        "MPIO_NAREA": 421.35436151,
        "MPIO_CSMBL": "4",
        "MPIO_CCNCT": "68167",
        "MPIO_NANO": 2012,
        "SHAPE_Leng": 1.69835502497,
        "SHAPE_Area": 0.0344181049988,
        "NOMBRE": "CHARALA",
        "DANE": {
          "dpto_ccdgo": "68",
          "mpio_ccdgo": "167",
          "mpio_cdpmp": "68167",
          "dpto_cnmbr": "SANTANDER",
          "mpio_cnmbr": "CHARALÁ",
          "mpio_crslc": "1877",
          "mpio_tipo": "MUNICIPIO",
          "mpio_narea": 419.218191869,
          "mpio_nano": 2024,
          "shape_Leng": 1.68340954315,
          "shape_Area": 0.034243596389
        }
      }
    },
    {
      "type": "Feature",
      "geometry": {
        "type": "Polygon",
        "coordinates": [
          [
            [
              -72.9225,
              7.2924
            ],
            [
              -72.935,
              7.2936
            ],
            [
              -72.9463,
              7.3069
            ],
            [
              -72.9547,
              7.3077
            ],
            [
              -72.9691,
              7.3186
            ],
            [
              -72.9783,
              7.3146
            ],
            [
              -72.9875,
              7.3105
            ],
            [
              -72.9982,
              7.2944
            ],
            [
              -73.0095,
              7.294
            ],
            [
              -73.0196,
              7.2805
            ],
            [
              -73.0332,
              7.2772
            ],
            [
              -73.0469,
              7.2793
            ],
            [
              -73.057,
              7.2686
            ],
            [
              -73.0611,
              7.2517
            ],
            [
              -73.053,
              7.2411
            ],
            [
              -73.057,
              7.2165
            ],
            [
              -73.0707,
              7.1995
            ],
            [
              -73.0738,
              7.1935
            ],
            [
              -73.0569,
              7.1852
            ],
            [
              -73.0412,
              7.1888
            ],
            [
              -73.029,
              7.1991
            ],
            [
              -73.0184,
              7.2178
            ],
            [
              -73.0189,
              7.2252
            ],
            [
              -73.005,
              7.2414
            ],
            [
              -72.996,
              7.2402
            ],
            [
              -72.9831,
              7.2516
            ],
            [
              -72.9749,
              7.2518
            ],
            [
              -72.9656,
              7.2372
            ],
            [
              -72.9483,
              7.2371
            ],
            [
              -72.9369,
              7.244
            ],
            [
              -72.91,
              7.2489
            ],
            [
              -72.8963,
              7.246
            ],
            [
              -72.8819,
              7.2565
            ],
            [
              -72.9043,
              7.2736
            ],
            [
              -72.9153,
              7.2898
            ],
            [
              -72.9225,
              7.2924
            ]
          ]
        ]
      },
      "properties": {
        "OBJECTID": 862,
        "DPTO_CCDGO": "27",
        "MPIO_CCDGO": "169",
        "name": "27064",
        "MPIO_CRSLC": "Ordenanza 27 del 25 de Abril de 1927",
        "MPIO_NANO_": 1993,
        "MPIO_NAREA": 126.7479516,
        "MPIO_CSMBL": "4",
        "MPIO_CCNCT": "68169",
        "MPIO_NANO": 2012,
        "SHAPE_Leng": 0.598725102278,
        "SHAPE_Area": 0.0103743807838,
        "NOMBRE": "CHARTA",
        "DANE": {
          "dpto_ccdgo": "68",
          "mpio_ccdgo": "169",
          "mpio_cdpmp": "68169",
          "dpto_cnmbr": "SANTANDER",
          "mpio_cnmbr": "CHARTA",
          "mpio_crslc": "Ordenanza 27 del 25 de Abril de 1927",
          "mpio_tipo": "MUNICIPIO",
          "mpio_narea": 126.706250431,
          "mpio_nano": 2024,
          "shape_Leng": 0.600092909853,
          "shape_Area": 0.0103709577643
        }
      }
    },
    {
      "type": "Feature",
      "geometry": {
        "type": "Polygon",
        "coordinates": [
          [
            [
              -73.3209,
              6.4003
            ],
            [
              -73.3277,
              6.4054
            ],
            [
              -73.3439,
              6.404
            ],
            [
              -73.3753,
              6.4068
            ],
            [
              -73.3911,
              6.4115
            ],
            [
              -73.4043,
              6.4028
            ],
            [
              -73.4381,
              6.4119
            ],
            [
              -73.4415,
              6.4413
            ],
            [
              -73.4398,
              6.4563
            ],
            [
              -73.452,
              6.4681
            ],
            [
              -73.4627,
              6.4654
            ],
            [
              -73.465,
              6.4553
            ],
            [
              -73.4781,
              6.4192
            ],
            [
              -73.4797,
              6.388
            ],
            [
              -73.4763,
              6.375
            ],
            [
              -73.4746,
              6.3458
            ],
            [
              -73.4643,
              6.3376
            ],
            [
              -73.464,
              6.3157
            ],
            [
              -73.4456,
              6.3017
            ],
            [
              -73.4203,
              6.3171
            ],
            [
              -73.408,
              6.3106
            ],
            [
              -73.4019,
              6.3177
            ],
            [
              -73.3777,
              6.3109
            ],
            [
              -73.3619,
              6.3145
            ],
            [
              -73.3637,
              6.3319
            ],
            [
              -73.3517,
              6.3523
            ],
            [
              -73.3315,
              6.3706
            ],
            [
              -73.3299,
              6.389
            ],
            [
              -73.3209,
              6.4003
            ]
          ]
        ]
      },
      "properties": {
        "OBJECTID": 863,
        "DPTO_CCDGO": "27",
        "MPIO_CCDGO": "176",
        "name": "27067",
        "MPIO_CRSLC": "1707",
        "MPIO_NANO_": 1993,
        "MPIO_NAREA": 170.85501627,
        "MPIO_CSMBL": "4",
        "MPIO_CCNCT": "68176",
        "MPIO_NANO": 2012,
        "SHAPE_Leng": 0.673187916561,
        "SHAPE_Area": 0.0139625162695,
        "NOMBRE": "CHIMA",
        "DANE": {
          "dpto_ccdgo": "68",
          "mpio_ccdgo": "176",
          "mpio_cdpmp": "68176",
          "dpto_cnmbr": "SANTANDER",
          "mpio_cnmbr": "CHIMA",
          "mpio_crslc": "1707",
          "mpio_tipo": "MUNICIPIO",
          "mpio_narea": 173.219022011,
          "mpio_nano": 2024,
          "shape_Leng": 0.631115740717,
          "shape_Area": 0.0141557396669
        }
      }
    },
    {
      "type": "Feature",
      "geometry": {
        "type": "Polygon",
        "coordinates": [
          [
            [
              -73.5792,
              6.0866
            ],
            [
              -73.5904,
              6.1018
            ],
            [
              -73.6023,
              6.1059
            ],
            [
              -73.6067,
              6.1159
            ],
            [
              -73.6239,
              6.1211
            ],
            [
              -73.6364,
              6.1307
            ],
            [
              -73.6504,
              6.112
            ],
            [
              -73.6602,
              6.0918
            ],
            [
              -73.679,
              6.0725
            ],
            [
              -73.6942,
              6.0402
            ],
            [
              -73.6765,
              6.0355
            ],
            [
              -73.67,
              6.0284
            ],
            [
              -73.6346,
              6.0186
            ],
            [
              -73.6055,
              6.033
            ],
            [
              -73.5962,
              6.0193
            ],
            [
              -73.5893,
              6.0291
            ],
            [
              -73.5944,
              6.0406
            ],
            [
              -73.5929,
              6.0547
            ],
            [
              -73.5786,
              6.0803
            ],
            [
              -73.5792,
              6.0866
            ]
          ]
        ]
      },
      "properties": {
        "OBJECTID": 864,
        "DPTO_CCDGO": "27",
        "MPIO_CCDGO": "179",
        "name": "27070",
        "MPIO_CRSLC": "1810",
        "MPIO_NANO_": 1993,
        "MPIO_NAREA": 93.69794351,
        "MPIO_CSMBL": "4",
        "MPIO_CCNCT": "68179",
        "MPIO_NANO": 2012,
        "SHAPE_Leng": 0.404990611101,
        "SHAPE_Area": 0.00765340551528,
        "NOMBRE": "CHIPATA",
        "DANE": {
          "dpto_ccdgo": "68",
          "mpio_ccdgo": "179",
          "mpio_cdpmp": "68179",
          "dpto_cnmbr": "SANTANDER",
          "mpio_cnmbr": "CHIPATÁ",
          "mpio_crslc": "1810",
          "mpio_tipo": "MUNICIPIO",
          "mpio_narea": 94.9368191321,
          "mpio_nano": 2024,
          "shape_Leng": 0.465600576828,
          "shape_Area": 0.00775458102603
        }
      }
    },
    {
      "type": "Feature",
      "geometry": {
        "type": "Polygon",
        "coordinates": [
          [
            [
              -73.8708,
              6.513
            ],
            [
              -73.8743,
              6.5159
            ],
            [
              -73.8738,
              6.5486
            ],
            [
              -73.8832,
              6.5492
            ],
            [
              -73.9039,
              6.5584
            ],
            [
              -73.9129,
              6.551
            ],
            [
              -73.9336,
              6.5443
            ],
            [
              -73.9413,
              6.5519
            ],
            [
              -73.9428,
              6.5646
            ],
            [
              -73.9566,
              6.5769
            ],
            [
              -74.0034,
              6.5962
            ],
            [
              -74.0192,
              6.6005
            ],
            [
              -74.0414,
              6.5975
            ],
            [
              -74.0533,
              6.6029
            ],
            [
              -74.0635,
              6.5998
            ],
            [
              -74.0688,
              6.6136
            ],
            [
              -74.0639,
              6.6353
            ],
            [
              -74.0695,
              6.6573
            ],
            [
              -74.0846,
              6.6516
            ],
            [
              -74.097,
              6.6563
            ],
            [
              -74.0885,
              6.6723
            ],
            [
              -74.0944,
              6.683
            ],
            [
              -74.0902,
              6.6944
            ],
            [
              -74.0985,
              6.702
            ],
            [
              -74.1054,
              6.7363
            ],
            [
              -74.1062,
              6.7736
            ],
            [
              -74.1096,
              6.7768
            ],
            [
              -74.1151,
              6.7656
            ],
            [
              -74.133,
              6.7552
            ],
            [
              -74.1426,
              6.7566
            ],
            [
              -74.1597,
              6.736
            ],
            [
              -74.1773,
              6.7249
            ],
            [
              -74.1928,
              6.7202
            ],
            [
              -74.2059,
              6.7224
            ],
            [
              -74.231,
              6.7103
            ],
            [
              -74.2453,
              6.6939
            ],
            [
              -74.2544,
              6.6771
            ],
            [
              -74.2767,
              6.6635
            ],
            [
              -74.3122,
              6.6543
            ],
            [
              -74.3284,
              6.631
            ],
            [
              -74.3597,
              6.6325
            ],
            [
              -74.379,
              6.6174
            ],
            [
              -74.3874,
              6.6035
            ],
            [
              -74.4047,
              6.5939
            ],
            [
              -74.4089,
              6.5865
            ],
            [
              -74.403,
              6.568
            ],
            [
              -74.4067,
              6.5494
            ],
            [
              -74.4028,
              6.5275
            ],
            [
              -74.3946,
              6.5062
            ],
            [
              -74.3943,
              6.4939
            ],
            [
              -74.4043,
              6.4773
            ],
            [
              -74.3971,
              6.4518
            ],
            [
              -74.3741,
              6.4291
            ],
            [
              -74.3687,
              6.415
            ],
            [
              -74.3784,
              6.4011
            ],
            [
              -74.3925,
              6.3935
            ],
            [
              -74.4184,
              6.3931
            ],
            [
              -74.4404,
              6.3711
            ],
            [
              -74.4504,
              6.3319
            ],
            [
              -74.4726,
              6.3106
            ],
            [
              -74.4827,
              6.3071
            ],
            [
              -74.5086,
              6.2855
            ],
            [
              -74.4754,
              6.2466
            ],
            [
              -74.4557,
              6.2442
            ],
            [
              -74.4285,
              6.2248
            ],
            [
              -74.4158,
              6.2259
            ],
            [
              -74.4099,
              6.2186
            ],
            [
              -74.4185,
              6.194
            ],
            [
              -74.4142,
              6.1847
            ],
            [
              -74.4161,
              6.168
            ],
            [
              -74.4056,
              6.1289
            ],
            [
              -74.3891,
              6.1202
            ],
            [
              -74.3791,
              6.1224
            ],
            [
              -74.3721,
              6.1151
            ],
            [
              -74.3538,
              6.1182
            ],
            [
              -74.3251,
              6.1113
            ],
            [
              -74.3019,
              6.1114
            ],
            [
              -74.2875,
              6.1279
            ],
            [
              -74.2612,
              6.1136
            ],
            [
              -74.249,
              6.0909
            ],
            [
              -74.2382,
              6.0923
            ],
            [
              -74.2287,
              6.0835
            ],
            [
              -74.2265,
              6.0716
            ],
            [
              -74.2103,
              6.071
            ],
            [
              -74.1956,
              6.0883
            ],
            [
              -74.1903,
              6.101
            ],
            [
              -74.1836,
              6.1417
            ],
            [
              -74.2013,
              6.1502
            ],
            [
              -74.21,
              6.1733
            ],
            [
              -74.1972,
              6.1821
            ],
            [
              -74.2025,
              6.189
            ],
            [
              -74.1897,
              6.197
            ],
            [
              -74.1719,
              6.1965
            ],
            [
              -74.1465,
              6.2329
            ],
            [
              -74.127,
              6.2403
            ],
            [
              -74.1162,
              6.2241
            ],
            [
              -74.1011,
              6.2214
            ],
            [
              -74.0844,
              6.2216
            ],
            [
              -74.062,
              6.2161
            ],
            [
              -74.0359,
              6.2152
            ],
            [
              -74.0107,
              6.2188
            ],
            [
              -73.9936,
              6.2171
            ],
            [
              -73.9852,
              6.2231
            ],
            [
              -73.8581,
              6.331
            ],
            [
              -73.8449,
              6.3779
            ],
            [
              -73.8069,
              6.4609
            ],
            [
              -73.8708,
              6.513
            ]
          ]
        ]
      },
      "properties": {
        "OBJECTID": 865,
        "DPTO_CCDGO": "27",
        "MPIO_CCDGO": "190",
        "name": "27045",
        "MPIO_CRSLC": "Ordenanza 025 del 26 de Marzo de 1966",
        "MPIO_NANO_": 1993,
        "MPIO_NAREA": 3173.83148055,
        "MPIO_CSMBL": "4",
        "MPIO_CCNCT": "68190",
        "MPIO_NANO": 2012,
        "SHAPE_Leng": 3.13434627934,
        "SHAPE_Area": 0.259422487446,
        "NOMBRE": "CIMITARRA",
        "DANE": {
          "dpto_ccdgo": "68",
          "mpio_ccdgo": "190",
          "mpio_cdpmp": "68190",
          "dpto_cnmbr": "SANTANDER",
          "mpio_cnmbr": "CIMITARRA",
          "mpio_crslc": "Ordenanza 025 del 26 de Marzo de 1966",
          "mpio_tipo": "MUNICIPIO",
          "mpio_narea": 3174.28853864,
          "mpio_nano": 2024,
          "shape_Leng": 3.13029660838,
          "shape_Area": 0.259459176606
        }
      }
    },
    {
      "type": "Feature",
      "geometry": {
        "type": "Polygon",
        "coordinates": [
          [
            [
              -72.4771,
              6.8422
            ],
            [
              -72.4983,
              6.8678
            ],
            [
              -72.5024,
              6.8822
            ],
            [
              -72.4964,
              6.8965
            ],
            [
              -72.5029,
              6.9082
            ],
            [
              -72.5121,
              6.9035
            ],
            [
              -72.5137,
              6.888
            ],
            [
              -72.5413,
              6.8889
            ],
            [
              -72.5474,
              6.886
            ],
            [
              -72.5541,
              6.8761
            ],
            [
              -72.557,
              6.8274
            ],
            [
              -72.5692,
              6.8174
            ],
            [
              -72.5833,
              6.7985
            ],
            [
              -72.6146,
              6.8041
            ],
            [
              -72.6248,
              6.8012
            ],
            [
              -72.6339,
              6.8186
            ],
            [
              -72.6403,
              6.8127
            ],
            [
              -72.6519,
              6.8231
            ],
            [
              -72.6783,
              6.8262
            ],
            [
              -72.682,
              6.8133
            ],
            [
              -72.6939,
              6.8013
            ],
            [
              -72.7176,
              6.8104
            ],
            [
              -72.7303,
              6.8351
            ],
            [
              -72.7578,
              6.8271
            ],
            [
              -72.7535,
              6.7837
            ],
            [
              -72.7507,
              6.7744
            ],
            [
              -72.7148,
              6.7478
            ],
            [
              -72.7045,
              6.7363
            ],
            [
              -72.7074,
              6.7177
            ],
            [
              -72.6709,
              6.6971
            ],
            [
              -72.6237,
              6.7014
            ],
            [
              -72.6265,
              6.7099
            ],
            [
              -72.6206,
              6.7227
            ],
            [
              -72.6077,
              6.7214
            ],
            [
              -72.5876,
              6.7328
            ],
            [
              -72.5898,
              6.7455
            ],
            [
              -72.575,
              6.7439
            ],
            [
              -72.5356,
              6.7454
            ],
            [
              -72.5302,
              6.7291
            ],
            [
              -72.5096,
              6.7226
            ],
            [
              -72.4989,
              6.7283
            ],
            [
              -72.4876,
              6.7436
            ],
            [
              -72.4909,
              6.7596
            ],
            [
              -72.4976,
              6.7664
            ],
            [
              -72.4955,
              6.7829
            ],
            [
              -72.4985,
              6.7984
            ],
            [
              -72.4825,
              6.8117
            ],
            [
              -72.4844,
              6.8177
            ],
            [
              -72.4771,
              6.8422
            ]
          ]
        ]
      },
      "properties": {
        "OBJECTID": 866,
        "DPTO_CCDGO": "27",
        "MPIO_CCDGO": "207",
        "name": "27046",
        "MPIO_CRSLC": "1722",
        "MPIO_NANO_": 1993,
        "MPIO_NAREA": 336.36519001,
        "MPIO_CSMBL": "4",
        "MPIO_CCNCT": "68207",
        "MPIO_NANO": 2012,
        "SHAPE_Leng": 1.11173818791,
        "SHAPE_Area": 0.0274960943678,
        "NOMBRE": "CONCEPCION",
        "DANE": {
          "dpto_ccdgo": "68",
          "mpio_ccdgo": "207",
          "mpio_cdpmp": "68207",
          "dpto_cnmbr": "SANTANDER",
          "mpio_cnmbr": "CONCEPCIÓN",
          "mpio_crslc": "1722",
          "mpio_tipo": "MUNICIPIO",
          "mpio_narea": 337.119918077,
          "mpio_nano": 2024,
          "shape_Leng": 1.13621668702,
          "shape_Area": 0.0275578078927
        }
      }
    },
    {
      "type": "Feature",
      "geometry": {
        "type": "Polygon",
        "coordinates": [
          [
            [
              -73.2096,
              6.407
            ],
            [
              -73.2264,
              6.409
            ],
            [
              -73.2418,
              6.3731
            ],
            [
              -73.2535,
              6.3689
            ],
            [
              -73.275,
              6.3711
            ],
            [
              -73.2965,
              6.368
            ],
            [
              -73.297,
              6.3557
            ],
            [
              -73.3052,
              6.3482
            ],
            [
              -73.2834,
              6.3342
            ],
            [
              -73.2779,
              6.3347
            ],
            [
              -73.248,
              6.3129
            ],
            [
              -73.2298,
              6.3074
            ],
            [
              -73.228,
              6.318
            ],
            [
              -73.216,
              6.3187
            ],
            [
              -73.2048,
              6.3297
            ],
            [
              -73.2038,
              6.3603
            ],
            [
              -73.1951,
              6.3762
            ],
            [
              -73.1984,
              6.3949
            ],
            [
              -73.2096,
              6.407
            ]
          ]
        ]
      },
      "properties": {
        "OBJECTID": 867,
        "DPTO_CCDGO": "27",
        "MPIO_CCDGO": "209",
        "name": "27049",
        "MPIO_CRSLC": "1887",
        "MPIO_NANO_": 1993,
        "MPIO_NAREA": 70.65153375,
        "MPIO_CSMBL": "4",
        "MPIO_CCNCT": "68209",
        "MPIO_NANO": 2012,
        "SHAPE_Leng": 0.387966575878,
        "SHAPE_Area": 0.00577310774851,
        "NOMBRE": "CONFINES",
        "DANE": {
          "dpto_ccdgo": "68",
          "mpio_ccdgo": "209",
          "mpio_cdpmp": "68209",
          "dpto_cnmbr": "SANTANDER",
          "mpio_cnmbr": "CONFINES",
          "mpio_crslc": "1887",
          "mpio_tipo": "MUNICIPIO",
          "mpio_narea": 71.4217004651,
          "mpio_nano": 2024,
          "shape_Leng": 0.394072267965,
          "shape_Area": 0.00583604566658
        }
      }
    },
    {
      "type": "Feature",
      "geometry": {
        "type": "Polygon",
        "coordinates": [
          [
            [
              -73.4763,
              6.375
            ],
            [
              -73.4856,
              6.3719
            ],
            [
              -73.4998,
              6.376
            ],
            [
              -73.5173,
              6.3664
            ],
            [
              -73.5183,
              6.3558
            ],
            [
              -73.5321,
              6.3252
            ],
            [
              -73.5518,
              6.3064
            ],
            [
              -73.5658,
              6.3121
            ],
            [
              -73.5797,
              6.3247
            ],
            [
              -73.5996,
              6.3203
            ],
            [
              -73.599,
              6.3079
            ],
            [
              -73.5862,
              6.2935
            ],
            [
              -73.5661,
              6.2882
            ],
            [
              -73.5684,
              6.2674
            ],
            [
              -73.5522,
              6.2568
            ],
            [
              -73.5447,
              6.2663
            ],
            [
              -73.5255,
              6.2701
            ],
            [
              -73.495,
              6.2682
            ],
            [
              -73.4663,
              6.2563
            ],
            [
              -73.4701,
              6.244
            ],
            [
              -73.4508,
              6.2319
            ],
            [
              -73.4433,
              6.2372
            ],
            [
              -73.4461,
              6.2569
            ],
            [
              -73.4404,
              6.2731
            ],
            [
              -73.4237,
              6.2981
            ],
            [
              -73.408,
              6.3106
            ],
            [
              -73.4203,
              6.3171
            ],
            [
              -73.4456,
              6.3017
            ],
            [
              -73.464,
              6.3157
            ],
            [
              -73.4643,
              6.3376
            ],
            [
              -73.4746,
              6.3458
            ],
            [
              -73.4763,
              6.375
            ]
          ]
        ]
      },
      "properties": {
        "OBJECTID": 868,
        "DPTO_CCDGO": "27",
        "MPIO_CCDGO": "211",
        "name": "27052",
        "MPIO_CRSLC": "1962",
        "MPIO_NANO_": 1993,
        "MPIO_NAREA": 115.53719008,
        "MPIO_CSMBL": "4",
        "MPIO_CCNCT": "68211",
        "MPIO_NANO": 2012,
        "SHAPE_Leng": 0.678792582785,
        "SHAPE_Area": 0.00944100066193,
        "NOMBRE": "CONTRATACION",
        "DANE": {
          "dpto_ccdgo": "68",
          "mpio_ccdgo": "211",
          "mpio_cdpmp": "68211",
          "dpto_cnmbr": "SANTANDER",
          "mpio_cnmbr": "CONTRATACIÓN",
          "mpio_crslc": "1962",
          "mpio_tipo": "MUNICIPIO",
          "mpio_narea": 137.172076432,
          "mpio_nano": 2024,
          "shape_Leng": 0.687197736057,
          "shape_Area": 0.0112088194243
        }
      }
    },
    {
      "type": "Feature",
      "geometry": {
        "type": "Polygon",
        "coordinates": [
          [
            [
              -72.9099,
              6.3736
            ],
            [
              -72.9125,
              6.3789
            ],
            [
              -72.9257,
              6.3826
            ],
            [
              -72.9381,
              6.3748
            ],
            [
              -72.9661,
              6.3675
            ],
            [
              -72.9795,
              6.3581
            ],
            [
              -73.0012,
              6.3586
            ],
            [
              -73.0331,
              6.3614
            ],
            [
              -73.0417,
              6.3348
            ],
            [
              -73.0552,
              6.3264
            ],
            [
              -73.0638,
              6.304
            ],
            [
              -73.0792,
              6.2918
            ],
            [
              -73.0748,
              6.2733
            ],
            [
              -73.0874,
              6.267
            ],
            [
              -73.1095,
              6.2669
            ],
            [
              -73.1078,
              6.2574
            ],
            [
              -73.0977,
              6.2457
            ],
            [
              -73.0992,
              6.2329
            ],
            [
              -73.1105,
              6.2149
            ],
            [
              -73.1307,
              6.2041
            ],
            [
              -73.1357,
              6.2064
            ],
            [
              -73.1331,
              6.1865
            ],
            [
              -73.1218,
              6.1894
            ],
            [
              -73.1148,
              6.1788
            ],
            [
              -73.0981,
              6.1812
            ],
            [
              -73.0911,
              6.1692
            ],
            [
              -73.0764,
              6.1581
            ],
            [
              -73.0759,
              6.1499
            ],
            [
              -73.0484,
              6.1442
            ],
            [
              -73.0335,
              6.1375
            ],
            [
              -73.0228,
              6.1423
            ],
            [
              -73.0039,
              6.1285
            ],
            [
              -72.9813,
              6.1303
            ],
            [
              -72.9763,
              6.1259
            ],
            [
              -72.9582,
              6.13
            ],
            [
              -72.9522,
              6.12
            ],
            [
              -72.9339,
              6.1147
            ],
            [
              -72.9234,
              6.0983
            ],
            [
              -72.916,
              6.1074
            ],
            [
              -72.9001,
              6.1125
            ],
            [
              -72.895,
              6.1239
            ],
            [
              -72.8732,
              6.1247
            ],
            [
              -72.8684,
              6.1445
            ],
            [
              -72.8616,
              6.1707
            ],
            [
              -72.8772,
              6.1788
            ],
            [
              -72.8716,
              6.2013
            ],
            [
              -72.8748,
              6.2145
            ],
            [
              -72.867,
              6.2206
            ],
            [
              -72.8689,
              6.233
            ],
            [
              -72.8918,
              6.244
            ],
            [
              -72.8894,
              6.2665
            ],
            [
              -72.8768,
              6.2715
            ],
            [
              -72.8872,
              6.302
            ],
            [
              -72.9063,
              6.3092
            ],
            [
              -72.9149,
              6.3369
            ],
            [
              -72.9228,
              6.3525
            ],
            [
              -72.9099,
              6.3736
            ]
          ]
        ]
      },
      "properties": {
        "OBJECTID": 869,
        "DPTO_CCDGO": "27",
        "MPIO_CCDGO": "217",
        "name": "27055",
        "MPIO_CRSLC": "Ordenanza 018 de 1932",
        "MPIO_NANO_": 1993,
        "MPIO_NAREA": 577.82325875,
        "MPIO_CSMBL": "4",
        "MPIO_CCNCT": "68217",
        "MPIO_NANO": 2012,
        "SHAPE_Leng": 1.13081745783,
        "SHAPE_Area": 0.047197528966,
        "NOMBRE": "COROMORO",
        "DANE": {
          "dpto_ccdgo": "68",
          "mpio_ccdgo": "217",
          "mpio_cdpmp": "68217",
          "dpto_cnmbr": "SANTANDER",
          "mpio_cnmbr": "COROMORO",
          "mpio_crslc": "Ordenanza 018 de 1932",
          "mpio_tipo": "MUNICIPIO",
          "mpio_narea": 577.508905094,
          "mpio_nano": 2024,
          "shape_Leng": 1.11741000269,
          "shape_Area": 0.0471718474615
        }
      }
    },
    {
      "type": "Feature",
      "geometry": {
        "type": "Polygon",
        "coordinates": [
          [
            [
              -73.0807,
              6.6869
            ],
            [
              -73.1019,
              6.6913
            ],
            [
              -73.1181,
              6.6864
            ],
            [
              -73.1205,
              6.6765
            ],
            [
              -73.1182,
              6.6536
            ],
            [
              -73.1107,
              6.6493
            ],
            [
              -73.0995,
              6.6307
            ],
            [
              -73.108,
              6.61
            ],
            [
              -73.112,
              6.5847
            ],
            [
              -73.1074,
              6.5624
            ],
            [
              -73.09,
              6.568
            ],
            [
              -73.0716,
              6.5519
            ],
            [
              -73.0659,
              6.5555
            ],
            [
              -73.0533,
              6.5448
            ],
            [
              -73.0298,
              6.5377
            ],
            [
              -73.0078,
              6.5335
            ],
            [
              -72.9932,
              6.5399
            ],
            [
              -72.9966,
              6.5531
            ],
            [
              -72.9824,
              6.572
            ],
            [
              -72.9842,
              6.5979
            ],
            [
              -72.9767,
              6.6084
            ],
            [
              -72.96,
              6.6094
            ],
            [
              -72.9383,
              6.6024
            ],
            [
              -72.9238,
              6.6187
            ],
            [
              -72.9158,
              6.6327
            ],
            [
              -72.9165,
              6.6487
            ],
            [
              -72.8961,
              6.6414
            ],
            [
              -72.8958,
              6.6312
            ],
            [
              -72.8728,
              6.6305
            ],
            [
              -72.8848,
              6.6583
            ],
            [
              -72.8974,
              6.6725
            ],
            [
              -72.908,
              6.676
            ],
            [
              -72.9131,
              6.6754
            ],
            [
              -72.9385,
              6.6907
            ],
            [
              -72.9527,
              6.6792
            ],
            [
              -72.9614,
              6.6659
            ],
            [
              -73.0018,
              6.646
            ],
            [
              -73.0418,
              6.6493
            ],
            [
              -73.0536,
              6.6688
            ],
            [
              -73.0658,
              6.6693
            ],
            [
              -73.0821,
              6.6782
            ],
            [
              -73.0807,
              6.6869
            ]
          ]
        ]
      },
      "properties": {
        "OBJECTID": 870,
        "DPTO_CCDGO": "27",
        "MPIO_CCDGO": "229",
        "name": "27058",
        "MPIO_CRSLC": "1602",
        "MPIO_NANO_": 1993,
        "MPIO_NAREA": 239.81424106,
        "MPIO_CSMBL": "4",
        "MPIO_CCNCT": "68229",
        "MPIO_NANO": 2012,
        "SHAPE_Leng": 0.909068278723,
        "SHAPE_Area": 0.0196032687967,
        "NOMBRE": "CURITI",
        "DANE": {
          "dpto_ccdgo": "68",
          "mpio_ccdgo": "229",
          "mpio_cdpmp": "68229",
          "dpto_cnmbr": "SANTANDER",
          "mpio_cnmbr": "CURITÍ",
          "mpio_crslc": "1602",
          "mpio_tipo": "MUNICIPIO",
          "mpio_narea": 244.237894346,
          "mpio_nano": 2024,
          "shape_Leng": 0.923605961221,
          "shape_Area": 0.019964876941
        }
      }
    },
    {
      "type": "Feature",
      "geometry": {
        "type": "Polygon",
        "coordinates": [
          [
            [
              -73.3831,
              6.7018
            ],
            [
              -73.3983,
              6.7117
            ],
            [
              -73.426,
              6.7127
            ],
            [
              -73.4329,
              6.7302
            ],
            [
              -73.449,
              6.7358
            ],
            [
              -73.46,
              6.7287
            ],
            [
              -73.4688,
              6.7779
            ],
            [
              -73.4848,
              6.7738
            ],
            [
              -73.5126,
              6.7955
            ],
            [
              -73.5303,
              6.7944
            ],
            [
              -73.5491,
              6.8004
            ],
            [
              -73.5459,
              6.8104
            ],
            [
              -73.5865,
              6.8081
            ],
            [
              -73.595,
              6.817
            ],
            [
              -73.6118,
              6.8253
            ],
            [
              -73.6158,
              6.833
            ],
            [
              -73.6299,
              6.8293
            ],
            [
              -73.6387,
              6.8325
            ],
            [
              -73.6353,
              6.7714
            ],
            [
              -73.6444,
              6.7685
            ],
            [
              -73.6702,
              6.7786
            ],
            [
              -73.6715,
              6.753
            ],
            [
              -73.6816,
              6.7427
            ],
            [
              -73.7042,
              6.7473
            ],
            [
              -73.7231,
              6.763
            ],
            [
              -73.731,
              6.7628
            ],
            [
              -73.7389,
              6.7525
            ],
            [
              -73.7293,
              6.7261
            ],
            [
              -73.7433,
              6.7129
            ],
            [
              -73.7429,
              6.696
            ],
            [
              -73.7349,
              6.6741
            ],
            [
              -73.7364,
              6.6569
            ],
            [
              -73.7234,
              6.6441
            ],
            [
              -73.7356,
              6.6347
            ],
            [
              -73.735,
              6.617
            ],
            [
              -73.6944,
              6.5895
            ],
            [
              -73.6746,
              6.5853
            ],
            [
              -73.6828,
              6.5613
            ],
            [
              -73.6774,
              6.5518
            ],
            [
              -73.6495,
              6.5487
            ],
            [
              -73.6367,
              6.5516
            ],
            [
              -73.6262,
              6.5435
            ],
            [
              -73.6163,
              6.5523
            ],
            [
              -73.5906,
              6.5486
            ],
            [
              -73.5635,
              6.5361
            ],
            [
              -73.5509,
              6.523
            ],
            [
              -73.5533,
              6.513
            ],
            [
              -73.5417,
              6.5093
            ],
            [
              -73.5278,
              6.5193
            ],
            [
              -73.4991,
              6.5196
            ],
            [
              -73.4858,
              6.526
            ],
            [
              -73.4824,
              6.5335
            ],
            [
              -73.4626,
              6.524
            ],
            [
              -73.4381,
              6.5254
            ],
            [
              -73.4414,
              6.5412
            ],
            [
              -73.4288,
              6.5602
            ],
            [
              -73.4306,
              6.58
            ],
            [
              -73.4183,
              6.5926
            ],
            [
              -73.4178,
              6.604
            ],
            [
              -73.3993,
              6.6358
            ],
            [
              -73.3837,
              6.6562
            ],
            [
              -73.3803,
              6.6677
            ],
            [
              -73.3831,
              6.7018
            ]
          ]
        ]
      },
      "properties": {
        "OBJECTID": 871,
        "DPTO_CCDGO": "27",
        "MPIO_CCDGO": "235",
        "name": "27071",
        "MPIO_CRSLC": "Decreto 703 de 1986",
        "MPIO_NANO_": 1993,
        "MPIO_NAREA": 922.02283536,
        "MPIO_CSMBL": "4",
        "MPIO_CCNCT": "68235",
        "MPIO_NANO": 2012,
        "SHAPE_Leng": 1.70335839646,
        "SHAPE_Area": 0.0753956786008,
        "NOMBRE": "EL CARMEN",
        "DANE": {
          "dpto_ccdgo": "68",
          "mpio_ccdgo": "235",
          "mpio_cdpmp": "68235",
          "dpto_cnmbr": "SANTANDER",
          "mpio_cnmbr": "EL CARMEN DE CHUCURÍ",
          "mpio_crslc": "Decreto 703 de 1986",
          "mpio_tipo": "MUNICIPIO",
          "mpio_narea": 924.032623457,
          "mpio_nano": 2024,
          "shape_Leng": 1.68427687079,
          "shape_Area": 0.0755601553768
        }
      }
    },
    {
      "type": "Feature",
      "geometry": {
        "type": "Polygon",
        "coordinates": [
          [
            [
              -73.4508,
              6.2319
            ],
            [
              -73.4701,
              6.244
            ],
            [
              -73.4663,
              6.2563
            ],
            [
              -73.495,
              6.2682
            ],
            [
              -73.5255,
              6.2701
            ],
            [
              -73.5447,
              6.2663
            ],
            [
              -73.5522,
              6.2568
            ],
            [
              -73.5684,
              6.2674
            ],
            [
              -73.5661,
              6.2882
            ],
            [
              -73.5862,
              6.2935
            ],
            [
              -73.599,
              6.3079
            ],
            [
              -73.5996,
              6.3203
            ],
            [
              -73.6183,
              6.3161
            ],
            [
              -73.637,
              6.3064
            ],
            [
              -73.6367,
              6.2905
            ],
            [
              -73.6218,
              6.2842
            ],
            [
              -73.5938,
              6.2612
            ],
            [
              -73.5771,
              6.2535
            ],
            [
              -73.5539,
              6.235
            ],
            [
              -73.5408,
              6.2443
            ],
            [
              -73.528,
              6.2338
            ],
            [
              -73.528,
              6.2214
            ],
            [
              -73.5202,
              6.212
            ],
            [
              -73.4924,
              6.2023
            ],
            [
              -73.4809,
              6.186
            ],
            [
              -73.4508,
              6.2319
            ]
          ]
        ]
      },
      "properties": {
        "OBJECTID": 872,
        "DPTO_CCDGO": "27",
        "MPIO_CCDGO": "245",
        "name": "27073",
        "MPIO_CRSLC": "Ordenanza 11 de 1963",
        "MPIO_NANO_": 1993,
        "MPIO_NAREA": 116.39257489,
        "MPIO_CSMBL": "4",
        "MPIO_CCNCT": "68245",
        "MPIO_NANO": 2012,
        "SHAPE_Leng": 0.583578602084,
        "SHAPE_Area": 0.0095101784262,
        "NOMBRE": "EL GUACAMAYO",
        "DANE": {
          "dpto_ccdgo": "68",
          "mpio_ccdgo": "245",
          "mpio_cdpmp": "68245",
          "dpto_cnmbr": "SANTANDER",
          "mpio_cnmbr": "EL GUACAMAYO",
          "mpio_crslc": "Ordenanza 11 de 1963",
          "mpio_tipo": "MUNICIPIO",
          "mpio_narea": 92.9676301341,
          "mpio_nano": 2024,
          "shape_Leng": 0.601336708173,
          "shape_Area": 0.00759609699584
        }
      }
    },
    {
      "type": "Feature",
      "geometry": {
        "type": "Polygon",
        "coordinates": [
          [
            [
              -73.8514,
              6.0148
            ],
            [
              -73.8326,
              6.0142
            ],
            [
              -73.8016,
              6.0273
            ],
            [
              -73.793,
              6.0178
            ],
            [
              -73.7637,
              6.042
            ],
            [
              -73.7747,
              6.0607
            ],
            [
              -73.7868,
              6.0632
            ],
            [
              -73.7977,
              6.0824
            ],
            [
              -73.7903,
              6.1082
            ],
            [
              -73.7916,
              6.1206
            ],
            [
              -73.802,
              6.1291
            ],
            [
              -73.8294,
              6.134
            ],
            [
              -73.8467,
              6.1399
            ],
            [
              -73.8666,
              6.1264
            ],
            [
              -73.8751,
              6.1491
            ],
            [
              -73.8807,
              6.145
            ],
            [
              -73.9031,
              6.1426
            ],
            [
              -73.9095,
              6.1366
            ],
            [
              -73.9255,
              6.1333
            ],
            [
              -73.93,
              6.1505
            ],
            [
              -73.951,
              6.1542
            ],
            [
              -73.9551,
              6.1712
            ],
            [
              -73.9653,
              6.1782
            ],
            [
              -73.964,
              6.1894
            ],
            [
              -73.9845,
              6.1944
            ],
            [
              -74.0054,
              6.1869
            ],
            [
              -74.0223,
              6.1845
            ],
            [
              -74.0559,
              6.166
            ],
            [
              -74.0645,
              6.1575
            ],
            [
              -74.0772,
              6.1552
            ],
            [
              -74.0675,
              6.1411
            ],
            [
              -74.0627,
              6.1052
            ],
            [
              -74.0714,
              6.089
            ],
            [
              -74.0645,
              6.0704
            ],
            [
              -74.035,
              6.0497
            ],
            [
              -74.0148,
              6.05
            ],
            [
              -74.001,
              6.0589
            ],
            [
              -73.9889,
              6.0561
            ],
            [
              -73.9758,
              6.0684
            ],
            [
              -73.963,
              6.0725
            ],
            [
              -73.9458,
              6.071
            ],
            [
              -73.9464,
              6.0853
            ],
            [
              -73.9308,
              6.0812
            ],
            [
              -73.9285,
              6.0522
            ],
            [
              -73.9099,
              6.0415
            ],
            [
              -73.9059,
              6.013
            ],
            [
              -73.8788,
              6.0005
            ],
            [
              -73.8514,
              6.0148
            ]
          ]
        ]
      },
      "properties": {
        "OBJECTID": 873,
        "DPTO_CCDGO": "27",
        "MPIO_CCDGO": "250",
        "name": "27075",
        "MPIO_CRSLC": "Ordenanza 18 de 1990. Decreto Departamental 0033 de 1984",
        "MPIO_NANO_": 1993,
        "MPIO_NAREA": 382.55101891,
        "MPIO_CSMBL": "4",
        "MPIO_CCNCT": "68250",
        "MPIO_NANO": 2012,
        "SHAPE_Leng": 1.04037086206,
        "SHAPE_Area": 0.0312507076297,
        "NOMBRE": "EL PEÑON",
        "DANE": {
          "dpto_ccdgo": "68",
          "mpio_ccdgo": "250",
          "mpio_cdpmp": "68250",
          "dpto_cnmbr": "SANTANDER",
          "mpio_cnmbr": "EL PEÑÓN",
          "mpio_crslc": "Ordenanza 18 de 1990. Decreto Departamental 0033 de 1984",
          "mpio_tipo": "MUNICIPIO",
          "mpio_narea": 398.217746603,
          "mpio_nano": 2024,
          "shape_Leng": 1.15920331744,
          "shape_Area": 0.032530391778
        }
      }
    },
    {
      "type": "Feature",
      "geometry": {
        "type": "Polygon",
        "coordinates": [
          [
            [
              -73.0486,
              7.6063
            ],
            [
              -73.0603,
              7.6103
            ],
            [
              -73.0906,
              7.61
            ],
            [
              -73.1006,
              7.6193
            ],
            [
              -73.1204,
              7.6085
            ],
            [
              -73.1311,
              7.614
            ],
            [
              -73.1596,
              7.6203
            ],
            [
              -73.1663,
              7.6254
            ],
            [
              -73.1812,
              7.6187
            ],
            [
              -73.2171,
              7.6317
            ],
            [
              -73.2363,
              7.6186
            ],
            [
              -73.2438,
              7.5998
            ],
            [
              -73.2589,
              7.5881
            ],
            [
              -73.2475,
              7.5583
            ],
            [
              -73.2525,
              7.5382
            ],
            [
              -73.2628,
              7.5307
            ],
            [
              -73.2819,
              7.5482
            ],
            [
              -73.2938,
              7.5353
            ],
            [
              -73.3172,
              7.5163
            ],
            [
              -73.3174,
              7.5064
            ],
            [
              -73.3254,
              7.4977
            ],
            [
              -73.3008,
              7.4724
            ],
            [
              -73.2933,
              7.4584
            ],
            [
              -73.3079,
              7.447
            ],
            [
              -73.2988,
              7.4341
            ],
            [
              -73.2845,
              7.4308
            ],
            [
              -73.2715,
              7.4374
            ],
            [
              -73.2483,
              7.4333
            ],
            [
              -73.2442,
              7.4435
            ],
            [
              -73.2297,
              7.4506
            ],
            [
              -73.2161,
              7.4422
            ],
            [
              -73.2087,
              7.4496
            ],
            [
              -73.1964,
              7.4436
            ],
            [
              -73.1889,
              7.4155
            ],
            [
              -73.1713,
              7.4187
            ],
            [
              -73.1698,
              7.4284
            ],
            [
              -73.1456,
              7.4381
            ],
            [
              -73.1304,
              7.4396
            ],
            [
              -73.1114,
              7.463
            ],
            [
              -73.0974,
              7.4741
            ],
            [
              -73.078,
              7.4724
            ],
            [
              -73.0785,
              7.4573
            ],
            [
              -73.0452,
              7.4589
            ],
            [
              -73.054,
              7.4846
            ],
            [
              -73.0724,
              7.4867
            ],
            [
              -73.0687,
              7.5074
            ],
            [
              -73.0887,
              7.5281
            ],
            [
              -73.0897,
              7.5425
            ],
            [
              -73.0856,
              7.5565
            ],
            [
              -73.0619,
              7.5727
            ],
            [
              -73.0486,
              7.6063
            ]
          ]
        ]
      },
      "properties": {
        "OBJECTID": 874,
        "DPTO_CCDGO": "27",
        "MPIO_CCDGO": "255",
        "name": "27074",
        "MPIO_CRSLC": "Ordenanza 13 de 1984. Decreto Departamental 3515 de 1984",
        "MPIO_NANO_": 1993,
        "MPIO_NAREA": 454.11280466,
        "MPIO_CSMBL": "4",
        "MPIO_CCNCT": "68255",
        "MPIO_NANO": 2012,
        "SHAPE_Leng": 1.31363944146,
        "SHAPE_Area": 0.0371954267627,
        "NOMBRE": "EL PLAYON",
        "DANE": {
          "dpto_ccdgo": "68",
          "mpio_ccdgo": "255",
          "mpio_cdpmp": "68255",
          "dpto_cnmbr": "SANTANDER",
          "mpio_cnmbr": "EL PLAYÓN",
          "mpio_crslc": "Ordenanza 13 de 1984. Decreto Departamental 3515 de 1984",
          "mpio_tipo": "MUNICIPIO",
          "mpio_narea": 454.981920872,
          "mpio_nano": 2024,
          "shape_Leng": 1.31841497945,
          "shape_Area": 0.0372665668448
        }
      }
    },
    {
      "type": "Feature",
      "geometry": {
        "type": "Polygon",
        "coordinates": [
          [
            [
              -72.9234,
              6.0983
            ],
            [
              -72.9339,
              6.1147
            ],
            [
              -72.9522,
              6.12
            ],
            [
              -72.9582,
              6.13
            ],
            [
              -72.9763,
              6.1259
            ],
            [
              -72.9813,
              6.1303
            ],
            [
              -73.0039,
              6.1285
            ],
            [
              -73.0228,
              6.1423
            ],
            [
              -73.0335,
              6.1375
            ],
            [
              -73.0484,
              6.1442
            ],
            [
              -73.0759,
              6.1499
            ],
            [
              -73.0764,
              6.1581
            ],
            [
              -73.0911,
              6.1692
            ],
            [
              -73.0981,
              6.1812
            ],
            [
              -73.1148,
              6.1788
            ],
            [
              -73.1218,
              6.1894
            ],
            [
              -73.1331,
              6.1865
            ],
            [
              -73.1357,
              6.2064
            ],
            [
              -73.1466,
              6.1928
            ],
            [
              -73.158,
              6.1712
            ],
            [
              -73.164,
              6.1703
            ],
            [
              -73.1618,
              6.1425
            ],
            [
              -73.1732,
              6.121
            ],
            [
              -73.1723,
              6.0987
            ],
            [
              -73.1564,
              6.096
            ],
            [
              -73.1429,
              6.0691
            ],
            [
              -73.1456,
              6.0565
            ],
            [
              -73.1371,
              6.047
            ],
            [
              -73.1452,
              6.0391
            ],
            [
              -73.1469,
              6.0237
            ],
            [
              -73.1402,
              5.9988
            ],
            [
              -73.1292,
              5.9891
            ],
            [
              -73.1197,
              5.9895
            ],
            [
              -73.1043,
              5.9766
            ],
            [
              -73.0822,
              5.9772
            ],
            [
              -73.0676,
              5.9827
            ],
            [
              -73.0622,
              6.0111
            ],
            [
              -73.0471,
              6.0195
            ],
            [
              -73.0312,
              6.0212
            ],
            [
              -73.0281,
              5.9966
            ],
            [
              -73.0216,
              5.9915
            ],
            [
              -73.0207,
              5.9781
            ],
            [
              -73.0112,
              5.9631
            ],
            [
              -72.9969,
              5.9848
            ],
            [
              -72.9912,
              5.9881
            ],
            [
              -72.983,
              6.01
            ],
            [
              -72.97,
              6.0195
            ],
            [
              -72.9622,
              6.0283
            ],
            [
              -72.9601,
              6.0434
            ],
            [
              -72.9532,
              6.0494
            ],
            [
              -72.9539,
              6.0651
            ],
            [
              -72.9445,
              6.0765
            ],
            [
              -72.9228,
              6.0879
            ],
            [
              -72.9234,
              6.0983
            ]
          ]
        ]
      },
      "properties": {
        "OBJECTID": 875,
        "DPTO_CCDGO": "27",
        "MPIO_CCDGO": "264",
        "name": "27076",
        "MPIO_CRSLC": "1899",
        "MPIO_NANO_": 1993,
        "MPIO_NAREA": 400.26711222,
        "MPIO_CSMBL": "4",
        "MPIO_CCNCT": "68264",
        "MPIO_NANO": 2012,
        "SHAPE_Leng": 1.01029447962,
        "SHAPE_Area": 0.032686786532,
        "NOMBRE": "ENCINO",
        "DANE": {
          "dpto_ccdgo": "68",
          "mpio_ccdgo": "264",
          "mpio_cdpmp": "68264",
          "dpto_cnmbr": "SANTANDER",
          "mpio_cnmbr": "ENCINO",
          "mpio_crslc": "1899",
          "mpio_tipo": "MUNICIPIO",
          "mpio_narea": 400.432691331,
          "mpio_nano": 2024,
          "shape_Leng": 1.00633416113,
          "shape_Area": 0.0327003156712
        }
      }
    },
    {
      "type": "Feature",
      "geometry": {
        "type": "Polygon",
        "coordinates": [
          [
            [
              -72.6237,
              6.7014
            ],
            [
              -72.6709,
              6.6971
            ],
            [
              -72.7074,
              6.7177
            ],
            [
              -72.7101,
              6.7094
            ],
            [
              -72.7066,
              6.6915
            ],
            [
              -72.7076,
              6.6736
            ],
            [
              -72.7101,
              6.6644
            ],
            [
              -72.7078,
              6.6134
            ],
            [
              -72.7208,
              6.5906
            ],
            [
              -72.7229,
              6.5791
            ],
            [
              -72.7025,
              6.5944
            ],
            [
              -72.6862,
              6.5997
            ],
            [
              -72.6676,
              6.6165
            ],
            [
              -72.6572,
              6.6481
            ],
            [
              -72.6489,
              6.6539
            ],
            [
              -72.6308,
              6.6806
            ],
            [
              -72.6237,
              6.7014
            ]
          ]
        ]
      },
      "properties": {
        "OBJECTID": 876,
        "DPTO_CCDGO": "27",
        "MPIO_CCDGO": "266",
        "name": "27079",
        "MPIO_CRSLC": "1773",
        "MPIO_NANO_": 1993,
        "MPIO_NAREA": 73.99904047,
        "MPIO_CSMBL": "4",
        "MPIO_CCNCT": "68266",
        "MPIO_NANO": 2012,
        "SHAPE_Leng": 0.422611407915,
        "SHAPE_Area": 0.00604790547608,
        "NOMBRE": "ENCISO",
        "DANE": {
          "dpto_ccdgo": "68",
          "mpio_ccdgo": "266",
          "mpio_cdpmp": "68266",
          "dpto_cnmbr": "SANTANDER",
          "mpio_cnmbr": "ENCISO",
          "mpio_crslc": "1773",
          "mpio_tipo": "MUNICIPIO",
          "mpio_narea": 74.8160322802,
          "mpio_nano": 2024,
          "shape_Leng": 0.439949811857,
          "shape_Area": 0.00611467993249
        }
      }
    },
    {
      "type": "Feature",
      "geometry": {
        "type": "Polygon",
        "coordinates": [
          [
            [
              -73.8265,
              5.7903
            ],
            [
              -73.8301,
              5.7968
            ],
            [
              -73.8588,
              5.8138
            ],
            [
              -73.86,
              5.8236
            ],
            [
              -73.8747,
              5.8185
            ],
            [
              -73.8824,
              5.8535
            ],
            [
              -73.9147,
              5.842
            ],
            [
              -73.9421,
              5.8415
            ],
            [
              -73.9702,
              5.8464
            ],
            [
              -73.9918,
              5.8367
            ],
            [
              -73.9962,
              5.8231
            ],
            [
              -74.0336,
              5.8392
            ],
            [
              -74.0436,
              5.8458
            ],
            [
              -74.0791,
              5.8328
            ],
            [
              -74.0793,
              5.8185
            ],
            [
              -74.0645,
              5.8154
            ],
            [
              -74.0558,
              5.8197
            ],
            [
              -74.0264,
              5.807
            ],
            [
              -74.0245,
              5.7831
            ],
            [
              -74.0109,
              5.7744
            ],
            [
              -73.9915,
              5.7291
            ],
            [
              -73.9814,
              5.7207
            ],
            [
              -73.9619,
              5.7395
            ],
            [
              -73.933,
              5.7609
            ],
            [
              -73.9294,
              5.7726
            ],
            [
              -73.9205,
              5.7774
            ],
            [
              -73.9148,
              5.7923
            ],
            [
              -73.9,
              5.7924
            ],
            [
              -73.8956,
              5.7832
            ],
            [
              -73.8617,
              5.781
            ],
            [
              -73.8265,
              5.7903
            ]
          ]
        ]
      },
      "properties": {
        "OBJECTID": 877,
        "DPTO_CCDGO": "27",
        "MPIO_CCDGO": "271",
        "name": "27080",
        "MPIO_CRSLC": "ordenanza 25 de Agosto 4 de 1974",
        "MPIO_NANO_": 1993,
        "MPIO_NAREA": 172.35797257,
        "MPIO_CSMBL": "4",
        "MPIO_CCNCT": "68271",
        "MPIO_NANO": 2012,
        "SHAPE_Leng": 0.857689946413,
        "SHAPE_Area": 0.0140725624407,
        "NOMBRE": "FLORIAN",
        "DANE": {
          "dpto_ccdgo": "68",
          "mpio_ccdgo": "271",
          "mpio_cdpmp": "68271",
          "dpto_cnmbr": "SANTANDER",
          "mpio_cnmbr": "FLORIÁN",
          "mpio_crslc": "ordenanza 25 de Agosto 4 de 1974",
          "mpio_tipo": "MUNICIPIO",
          "mpio_narea": 176.599655184,
          "mpio_nano": 2024,
          "shape_Leng": 0.892371054306,
          "shape_Area": 0.0144189176633
        }
      }
    },
    {
      "type": "Feature",
      "geometry": {
        "type": "Polygon",
        "coordinates": [
          [
            [
              -73.0049,
              7.0993
            ],
            [
              -73.0018,
              7.1067
            ],
            [
              -73.009,
              7.1202
            ],
            [
              -73.02,
              7.1246
            ],
            [
              -73.0244,
              7.1425
            ],
            [
              -73.0328,
              7.1481
            ],
            [
              -73.0466,
              7.1394
            ],
            [
              -73.0537,
              7.1332
            ],
            [
              -73.0625,
              7.1149
            ],
            [
              -73.0801,
              7.118
            ],
            [
              -73.0841,
              7.1059
            ],
            [
              -73.105,
              7.0938
            ],
            [
              -73.1143,
              7.0765
            ],
            [
              -73.1248,
              7.0655
            ],
            [
              -73.1335,
              7.0601
            ],
            [
              -73.1291,
              7.0496
            ],
            [
              -73.1185,
              7.0446
            ],
            [
              -73.1229,
              7.0353
            ],
            [
              -73.1177,
              7.0191
            ],
            [
              -73.0966,
              7.0228
            ],
            [
              -73.0932,
              7.0332
            ],
            [
              -73.0786,
              7.0237
            ],
            [
              -73.0768,
              7.0349
            ],
            [
              -73.0552,
              7.0414
            ],
            [
              -73.0364,
              7.0522
            ],
            [
              -73.0289,
              7.0677
            ],
            [
              -73.0267,
              7.0937
            ],
            [
              -73.0133,
              7.1021
            ],
            [
              -73.0049,
              7.0993
            ]
          ]
        ]
      },
      "properties": {
        "OBJECTID": 878,
        "DPTO_CCDGO": "27",
        "MPIO_CCDGO": "276",
        "name": "27082",
        "MPIO_CRSLC": "1817",
        "MPIO_NANO_": 1993,
        "MPIO_NAREA": 98.72405386,
        "MPIO_CSMBL": "4",
        "MPIO_CCNCT": "68276",
        "MPIO_NANO": 2012,
        "SHAPE_Leng": 0.505254093142,
        "SHAPE_Area": 0.00807791892495,
        "NOMBRE": "FLORIDABLANCA",
        "DANE": {
          "dpto_ccdgo": "68",
          "mpio_ccdgo": "276",
          "mpio_cdpmp": "68276",
          "dpto_cnmbr": "SANTANDER",
          "mpio_cnmbr": "FLORIDABLANCA",
          "mpio_crslc": "1817",
          "mpio_tipo": "MUNICIPIO",
          "mpio_narea": 100.189046441,
          "mpio_nano": 2024,
          "shape_Leng": 0.54550064994,
          "shape_Area": 0.00819779061047
        }
      }
    },
    {
      "type": "Feature",
      "geometry": {
        "type": "Polygon",
        "coordinates": [
          [
            [
              -73.2587,
              6.6946
            ],
            [
              -73.2721,
              6.6955
            ],
            [
              -73.286,
              6.7041
            ],
            [
              -73.3012,
              6.7265
            ],
            [
              -73.3044,
              6.7429
            ],
            [
              -73.3278,
              6.7505
            ],
            [
              -73.339,
              6.7574
            ],
            [
              -73.336,
              6.7726
            ],
            [
              -73.3488,
              6.782
            ],
            [
              -73.3597,
              6.7829
            ],
            [
              -73.3687,
              6.7683
            ],
            [
              -73.3694,
              6.7343
            ],
            [
              -73.3654,
              6.726
            ],
            [
              -73.3831,
              6.7018
            ],
            [
              -73.3803,
              6.6677
            ],
            [
              -73.3837,
              6.6562
            ],
            [
              -73.3993,
              6.6358
            ],
            [
              -73.3818,
              6.6304
            ],
            [
              -73.3703,
              6.6197
            ],
            [
              -73.3432,
              6.6116
            ],
            [
              -73.3381,
              6.6072
            ],
            [
              -73.3122,
              6.6002
            ],
            [
              -73.2985,
              6.5912
            ],
            [
              -73.2973,
              6.5806
            ],
            [
              -73.3037,
              6.5664
            ],
            [
              -73.2826,
              6.5653
            ],
            [
              -73.2712,
              6.5974
            ],
            [
              -73.2738,
              6.606
            ],
            [
              -73.2649,
              6.6293
            ],
            [
              -73.2614,
              6.6528
            ],
            [
              -73.266,
              6.6698
            ],
            [
              -73.2554,
              6.6754
            ],
            [
              -73.2587,
              6.6946
            ]
          ]
        ]
      },
      "properties": {
        "OBJECTID": 879,
        "DPTO_CCDGO": "27",
        "MPIO_CCDGO": "296",
        "name": "27085",
        "MPIO_CRSLC": "1887",
        "MPIO_NANO_": 1993,
        "MPIO_NAREA": 202.77867052,
        "MPIO_CSMBL": "4",
        "MPIO_CCNCT": "68296",
        "MPIO_NANO": 2012,
        "SHAPE_Leng": 0.655403090634,
        "SHAPE_Area": 0.016580414384,
        "NOMBRE": "GALAN",
        "DANE": {
          "dpto_ccdgo": "68",
          "mpio_ccdgo": "296",
          "mpio_cdpmp": "68296",
          "dpto_cnmbr": "SANTANDER",
          "mpio_cnmbr": "GALÁN",
          "mpio_crslc": "1887",
          "mpio_tipo": "MUNICIPIO",
          "mpio_narea": 201.731575544,
          "mpio_nano": 2024,
          "shape_Leng": 0.659890319332,
          "shape_Area": 0.0164947861783
        }
      }
    },
    {
      "type": "Feature",
      "geometry": {
        "type": "Polygon",
        "coordinates": [
          [
            [
              -73.2404,
              6.0537
            ],
            [
              -73.2497,
              6.0509
            ],
            [
              -73.2636,
              6.057
            ],
            [
              -73.2826,
              6.0749
            ],
            [
              -73.2921,
              6.0742
            ],
            [
              -73.3199,
              6.0815
            ],
            [
              -73.3302,
              6.0773
            ],
            [
              -73.3302,
              6.0658
            ],
            [
              -73.3377,
              6.052
            ],
            [
              -73.3675,
              6.0592
            ],
            [
              -73.3809,
              6.0572
            ],
            [
              -73.3906,
              6.0477
            ],
            [
              -73.4035,
              6.0557
            ],
            [
              -73.3891,
              6.0309
            ],
            [
              -73.3876,
              6.0231
            ],
            [
              -73.3714,
              6.0062
            ],
            [
              -73.3763,
              5.9626
            ],
            [
              -73.3892,
              5.9427
            ],
            [
              -73.3863,
              5.9359
            ],
            [
              -73.3974,
              5.9209
            ],
            [
              -73.4016,
              5.9013
            ],
            [
              -73.4205,
              5.8894
            ],
            [
              -73.4338,
              5.8983
            ],
            [
              -73.4445,
              5.902
            ],
            [
              -73.4567,
              5.8899
            ],
            [
              -73.4489,
              5.8798
            ],
            [
              -73.4512,
              5.8667
            ],
            [
              -73.4637,
              5.8484
            ],
            [
              -73.4622,
              5.8425
            ],
            [
              -73.4716,
              5.8216
            ],
            [
              -73.4498,
              5.8039
            ],
            [
              -73.4315,
              5.793
            ],
            [
              -73.4273,
              5.7752
            ],
            [
              -73.3905,
              5.7511
            ],
            [
              -73.3817,
              5.7605
            ],
            [
              -73.3696,
              5.788
            ],
            [
              -73.3593,
              5.7983
            ],
            [
              -73.3534,
              5.8314
            ],
            [
              -73.3457,
              5.8422
            ],
            [
              -73.3505,
              5.8517
            ],
            [
              -73.3426,
              5.8617
            ],
            [
              -73.3302,
              5.852
            ],
            [
              -73.3163,
              5.855
            ],
            [
              -73.2901,
              5.8504
            ],
            [
              -73.2822,
              5.859
            ],
            [
              -73.2689,
              5.8525
            ],
            [
              -73.2588,
              5.8313
            ],
            [
              -73.2464,
              5.816
            ],
            [
              -73.229,
              5.8249
            ],
            [
              -73.2064,
              5.8261
            ],
            [
              -73.1951,
              5.8351
            ],
            [
              -73.184,
              5.8504
            ],
            [
              -73.2095,
              5.8906
            ],
            [
              -73.221,
              5.8907
            ],
            [
              -73.2193,
              5.9127
            ],
            [
              -73.2087,
              5.921
            ],
            [
              -73.2243,
              5.9402
            ],
            [
              -73.2193,
              5.9601
            ],
            [
              -73.2184,
              5.9813
            ],
            [
              -73.1993,
              6.0031
            ],
            [
              -73.1755,
              5.9945
            ],
            [
              -73.1853,
              6.0122
            ],
            [
              -73.2041,
              6.0221
            ],
            [
              -73.2121,
              6.0373
            ],
            [
              -73.2214,
              6.0461
            ],
            [
              -73.2404,
              6.0537
            ]
          ]
        ]
      },
      "properties": {
        "OBJECTID": 880,
        "DPTO_CCDGO": "27",
        "MPIO_CCDGO": "298",
        "name": "27088",
        "MPIO_CRSLC": "1799",
        "MPIO_NANO_": 1993,
        "MPIO_NAREA": 537.5638398,
        "MPIO_CSMBL": "4",
        "MPIO_CCNCT": "68298",
        "MPIO_NANO": 2012,
        "SHAPE_Leng": 1.26749886708,
        "SHAPE_Area": 0.0438935340018,
        "NOMBRE": "GAMBITA",
        "DANE": {
          "dpto_ccdgo": "68",
          "mpio_ccdgo": "298",
          "mpio_cdpmp": "68298",
          "dpto_cnmbr": "SANTANDER",
          "mpio_cnmbr": "GÁMBITA",
          "mpio_crslc": "1799",
          "mpio_tipo": "MUNICIPIO",
          "mpio_narea": 608.233066167,
          "mpio_nano": 2024,
          "shape_Leng": 1.45819740744,
          "shape_Area": 0.0496629624066
        }
      }
    },
    {
      "type": "Feature",
      "geometry": {
        "type": "Polygon",
        "coordinates": [
          [
            [
              -73.1248,
              7.0655
            ],
            [
              -73.1254,
              7.0812
            ],
            [
              -73.1408,
              7.074
            ],
            [
              -73.1563,
              7.0763
            ],
            [
              -73.1645,
              7.087
            ],
            [
              -73.1648,
              7.1171
            ],
            [
              -73.1544,
              7.1459
            ],
            [
              -73.1447,
              7.1548
            ],
            [
              -73.1441,
              7.1678
            ],
            [
              -73.1524,
              7.1799
            ],
            [
              -73.1524,
              7.2
            ],
            [
              -73.1576,
              7.2163
            ],
            [
              -73.1636,
              7.2106
            ],
            [
              -73.1563,
              7.1868
            ],
            [
              -73.1613,
              7.1777
            ],
            [
              -73.1588,
              7.1631
            ],
            [
              -73.1645,
              7.1535
            ],
            [
              -73.1834,
              7.1379
            ],
            [
              -73.1806,
              7.1121
            ],
            [
              -73.1972,
              7.0794
            ],
            [
              -73.1977,
              7.0539
            ],
            [
              -73.2064,
              7.0429
            ],
            [
              -73.2294,
              7.0413
            ],
            [
              -73.2376,
              7.05
            ],
            [
              -73.2605,
              7.0538
            ],
            [
              -73.2614,
              7.083
            ],
            [
              -73.2774,
              7.0942
            ],
            [
              -73.3058,
              7.1209
            ],
            [
              -73.3171,
              7.1116
            ],
            [
              -73.347,
              7.1258
            ],
            [
              -73.3512,
              7.1397
            ],
            [
              -73.386,
              7.1489
            ],
            [
              -73.3895,
              7.1568
            ],
            [
              -73.4172,
              7.1503
            ],
            [
              -73.4305,
              7.1789
            ],
            [
              -73.437,
              7.181
            ],
            [
              -73.4477,
              7.1655
            ],
            [
              -73.4584,
              7.1589
            ],
            [
              -73.4763,
              7.1644
            ],
            [
              -73.5182,
              7.1699
            ],
            [
              -73.5292,
              7.1593
            ],
            [
              -73.5514,
              7.1637
            ],
            [
              -73.5403,
              7.154
            ],
            [
              -73.5296,
              7.1533
            ],
            [
              -73.5134,
              7.143
            ],
            [
              -73.4936,
              7.1509
            ],
            [
              -73.4509,
              7.1388
            ],
            [
              -73.4373,
              7.1296
            ],
            [
              -73.4335,
              7.117
            ],
            [
              -73.4117,
              7.1027
            ],
            [
              -73.4016,
              7.0996
            ],
            [
              -73.3802,
              7.0679
            ],
            [
              -73.3445,
              7.0609
            ],
            [
              -73.3473,
              7.0506
            ],
            [
              -73.3415,
              7.0392
            ],
            [
              -73.3264,
              7.031
            ],
            [
              -73.2972,
              7.0205
            ],
            [
              -73.2876,
              7.0106
            ],
            [
              -73.2776,
              6.9864
            ],
            [
              -73.2608,
              6.9667
            ],
            [
              -73.2394,
              6.9583
            ],
            [
              -73.2298,
              6.948
            ],
            [
              -73.2171,
              6.9262
            ],
            [
              -73.2011,
              6.9052
            ],
            [
              -73.186,
              6.9019
            ],
            [
              -73.1762,
              6.8843
            ],
            [
              -73.1505,
              6.8947
            ],
            [
              -73.1302,
              6.8993
            ],
            [
              -73.1057,
              6.9105
            ],
            [
              -73.0991,
              6.9183
            ],
            [
              -73.0992,
              6.9349
            ],
            [
              -73.1085,
              6.9634
            ],
            [
              -73.1158,
              6.9696
            ],
            [
              -73.1138,
              6.9827
            ],
            [
              -73.1177,
              7.0191
            ],
            [
              -73.1229,
              7.0353
            ],
            [
              -73.1185,
              7.0446
            ],
            [
              -73.1291,
              7.0496
            ],
            [
              -73.1335,
              7.0601
            ],
            [
              -73.1248,
              7.0655
            ]
          ]
        ]
      },
      "properties": {
        "OBJECTID": 881,
        "DPTO_CCDGO": "27",
        "MPIO_CCDGO": "307",
        "name": "27091",
        "MPIO_CRSLC": "1631",
        "MPIO_NANO_": 1993,
        "MPIO_NAREA": 499.57534324,
        "MPIO_CSMBL": "4",
        "MPIO_CCNCT": "68307",
        "MPIO_NANO": 2012,
        "SHAPE_Leng": 1.92860636494,
        "SHAPE_Area": 0.0408772273609,
        "NOMBRE": "GIRON",
        "DANE": {
          "dpto_ccdgo": "68",
          "mpio_ccdgo": "307",
          "mpio_cdpmp": "68307",
          "dpto_cnmbr": "SANTANDER",
          "mpio_cnmbr": "GIRÓN",
          "mpio_crslc": "1631",
          "mpio_tipo": "MUNICIPIO",
          "mpio_narea": 492.13476282,
          "mpio_nano": 2024,
          "shape_Leng": 2.0297981663,
          "shape_Area": 0.0402683466084
        }
      }
    },
    {
      "type": "Feature",
      "geometry": {
        "type": "Polygon",
        "coordinates": [
          [
            [
              -72.7499,
              7.0591
            ],
            [
              -72.7723,
              7.0602
            ],
            [
              -72.7869,
              7.0488
            ],
            [
              -72.8004,
              7.0732
            ],
            [
              -72.8183,
              7.0719
            ],
            [
              -72.8228,
              7.0514
            ],
            [
              -72.847,
              7.0426
            ],
            [
              -72.8469,
              7.0258
            ],
            [
              -72.8568,
              7.0162
            ],
            [
              -72.8515,
              6.9997
            ],
            [
              -72.8561,
              6.9817
            ],
            [
              -72.8707,
              6.9627
            ],
            [
              -72.8707,
              6.9293
            ],
            [
              -72.8841,
              6.9166
            ],
            [
              -72.881,
              6.906
            ],
            [
              -72.8901,
              6.8917
            ],
            [
              -72.9086,
              6.8756
            ],
            [
              -72.9055,
              6.8638
            ],
            [
              -72.9182,
              6.8473
            ],
            [
              -72.932,
              6.8259
            ],
            [
              -72.9379,
              6.8066
            ],
            [
              -72.9204,
              6.8045
            ],
            [
              -72.9134,
              6.7963
            ],
            [
              -72.8893,
              6.8174
            ],
            [
              -72.8848,
              6.8145
            ],
            [
              -72.8894,
              6.8315
            ],
            [
              -72.8863,
              6.8391
            ],
            [
              -72.8572,
              6.8331
            ],
            [
              -72.8353,
              6.841
            ],
            [
              -72.8296,
              6.8552
            ],
            [
              -72.8257,
              6.8794
            ],
            [
              -72.8014,
              6.8974
            ],
            [
              -72.7667,
              6.9014
            ],
            [
              -72.7555,
              6.9117
            ],
            [
              -72.7431,
              6.931
            ],
            [
              -72.7469,
              6.9576
            ],
            [
              -72.7449,
              6.9757
            ],
            [
              -72.734,
              6.9868
            ],
            [
              -72.7412,
              6.9963
            ],
            [
              -72.7436,
              7.0119
            ],
            [
              -72.7518,
              7.0251
            ],
            [
              -72.7508,
              7.0354
            ],
            [
              -72.757,
              7.0483
            ],
            [
              -72.7499,
              7.0591
            ]
          ]
        ]
      },
      "properties": {
        "OBJECTID": 882,
        "DPTO_CCDGO": "27",
        "MPIO_CCDGO": "318",
        "name": "27094",
        "MPIO_CRSLC": "1799",
        "MPIO_NANO_": 1993,
        "MPIO_NAREA": 305.54214835,
        "MPIO_CSMBL": "4",
        "MPIO_CCNCT": "68318",
        "MPIO_NANO": 2012,
        "SHAPE_Leng": 0.893758569716,
        "SHAPE_Area": 0.0249891028559,
        "NOMBRE": "GUACA",
        "DANE": {
          "dpto_ccdgo": "68",
          "mpio_ccdgo": "318",
          "mpio_cdpmp": "68318",
          "dpto_cnmbr": "SANTANDER",
          "mpio_cnmbr": "GUACA",
          "mpio_crslc": "1799",
          "mpio_tipo": "MUNICIPIO",
          "mpio_narea": 302.398263712,
          "mpio_nano": 2024,
          "shape_Leng": 0.912537845219,
          "shape_Area": 0.0247320186432
        }
      }
    },
    {
      "type": "Feature",
      "geometry": {
        "type": "Polygon",
        "coordinates": [
          [
            [
              -73.3777,
              6.3109
            ],
            [
              -73.4019,
              6.3177
            ],
            [
              -73.408,
              6.3106
            ],
            [
              -73.4237,
              6.2981
            ],
            [
              -73.4404,
              6.2731
            ],
            [
              -73.4461,
              6.2569
            ],
            [
              -73.4433,
              6.2372
            ],
            [
              -73.4508,
              6.2319
            ],
            [
              -73.4809,
              6.186
            ],
            [
              -73.4817,
              6.1636
            ],
            [
              -73.4738,
              6.1558
            ],
            [
              -73.4635,
              6.1598
            ],
            [
              -73.4587,
              6.1712
            ],
            [
              -73.4422,
              6.1772
            ],
            [
              -73.4118,
              6.1779
            ],
            [
              -73.3899,
              6.2031
            ],
            [
              -73.3733,
              6.1842
            ],
            [
              -73.3608,
              6.1777
            ],
            [
              -73.3508,
              6.1963
            ],
            [
              -73.3551,
              6.2092
            ],
            [
              -73.3446,
              6.2348
            ],
            [
              -73.3657,
              6.2497
            ],
            [
              -73.3595,
              6.2762
            ],
            [
              -73.3673,
              6.2887
            ],
            [
              -73.3837,
              6.296
            ],
            [
              -73.3777,
              6.3109
            ]
          ]
        ]
      },
      "properties": {
        "OBJECTID": 883,
        "DPTO_CCDGO": "27",
        "MPIO_CCDGO": "320",
        "name": "27097",
        "MPIO_CRSLC": "1799",
        "MPIO_NANO_": 1993,
        "MPIO_NAREA": 140.85115049,
        "MPIO_CSMBL": "4",
        "MPIO_CCNCT": "68320",
        "MPIO_NANO": 2012,
        "SHAPE_Leng": 0.589080901803,
        "SHAPE_Area": 0.0115075706802,
        "NOMBRE": "GUADALUPE",
        "DANE": {
          "dpto_ccdgo": "68",
          "mpio_ccdgo": "320",
          "mpio_cdpmp": "68320",
          "dpto_cnmbr": "SANTANDER",
          "mpio_cnmbr": "GUADALUPE",
          "mpio_crslc": "1799",
          "mpio_tipo": "MUNICIPIO",
          "mpio_narea": 146.330709129,
          "mpio_nano": 2024,
          "shape_Leng": 0.581718851968,
          "shape_Area": 0.0119552325353
        }
      }
    },
    {
      "type": "Feature",
      "geometry": {
        "type": "Polygon",
        "coordinates": [
          [
            [
              -73.3052,
              6.3482
            ],
            [
              -73.3088,
              6.3579
            ],
            [
              -73.3244,
              6.3632
            ],
            [
              -73.3315,
              6.3706
            ],
            [
              -73.3517,
              6.3523
            ],
            [
              -73.3637,
              6.3319
            ],
            [
              -73.3619,
              6.3145
            ],
            [
              -73.3777,
              6.3109
            ],
            [
              -73.3837,
              6.296
            ],
            [
              -73.3673,
              6.2887
            ],
            [
              -73.3595,
              6.2762
            ],
            [
              -73.3516,
              6.2736
            ],
            [
              -73.3267,
              6.2782
            ],
            [
              -73.3257,
              6.298
            ],
            [
              -73.3125,
              6.2919
            ],
            [
              -73.2989,
              6.3069
            ],
            [
              -73.2849,
              6.3108
            ],
            [
              -73.2779,
              6.3347
            ],
            [
              -73.2834,
              6.3342
            ],
            [
              -73.3052,
              6.3482
            ]
          ]
        ]
      },
      "properties": {
        "OBJECTID": 884,
        "DPTO_CCDGO": "27",
        "MPIO_CCDGO": "322",
        "name": "27100",
        "MPIO_CRSLC": "1810",
        "MPIO_NANO_": 1993,
        "MPIO_NAREA": 65.28874981,
        "MPIO_CSMBL": "4",
        "MPIO_CCNCT": "68322",
        "MPIO_NANO": 2012,
        "SHAPE_Leng": 0.36815706461,
        "SHAPE_Area": 0.00533475993546,
        "NOMBRE": "GUAPOTA",
        "DANE": {
          "dpto_ccdgo": "68",
          "mpio_ccdgo": "322",
          "mpio_cdpmp": "68322",
          "dpto_cnmbr": "SANTANDER",
          "mpio_cnmbr": "GUAPOTÁ",
          "mpio_crslc": "1810",
          "mpio_tipo": "MUNICIPIO",
          "mpio_narea": 67.3003638584,
          "mpio_nano": 2024,
          "shape_Leng": 0.363707673648,
          "shape_Area": 0.00549914506918
        }
      }
    },
    {
      "type": "Feature",
      "geometry": {
        "type": "Polygon",
        "coordinates": [
          [
            [
              -73.6631,
              5.9273
            ],
            [
              -73.6703,
              5.9325
            ],
            [
              -73.6705,
              5.9476
            ],
            [
              -73.6859,
              5.9654
            ],
            [
              -73.6881,
              5.975
            ],
            [
              -73.7177,
              5.9814
            ],
            [
              -73.7274,
              5.9905
            ],
            [
              -73.7512,
              6.0014
            ],
            [
              -73.7587,
              5.9968
            ],
            [
              -73.7605,
              5.9783
            ],
            [
              -73.7528,
              5.9592
            ],
            [
              -73.7677,
              5.9376
            ],
            [
              -73.7566,
              5.914
            ],
            [
              -73.7575,
              5.9045
            ],
            [
              -73.7508,
              5.8931
            ],
            [
              -73.7428,
              5.8954
            ],
            [
              -73.7343,
              5.9107
            ],
            [
              -73.7111,
              5.9009
            ],
            [
              -73.7008,
              5.9001
            ],
            [
              -73.6904,
              5.9135
            ],
            [
              -73.6714,
              5.9183
            ],
            [
              -73.6631,
              5.9273
            ]
          ]
        ]
      },
      "properties": {
        "OBJECTID": 885,
        "DPTO_CCDGO": "27",
        "MPIO_CCDGO": "324",
        "name": "27103",
        "MPIO_CRSLC": "1899",
        "MPIO_NANO_": 1993,
        "MPIO_NAREA": 80.3784687,
        "MPIO_CSMBL": "4",
        "MPIO_CCNCT": "68324",
        "MPIO_NANO": 2012,
        "SHAPE_Leng": 0.437295678023,
        "SHAPE_Area": 0.0065641171512,
        "NOMBRE": "GUAVATA",
        "DANE": {
          "dpto_ccdgo": "68",
          "mpio_ccdgo": "324",
          "mpio_cdpmp": "68324",
          "dpto_cnmbr": "SANTANDER",
          "mpio_cnmbr": "GUAVATÁ",
          "mpio_crslc": "1899",
          "mpio_tipo": "MUNICIPIO",
          "mpio_narea": 83.7954550634,
          "mpio_nano": 2024,
          "shape_Leng": 0.4614816956,
          "shape_Area": 0.00684318068214
        }
      }
    },
    {
      "type": "Feature",
      "geometry": {
        "type": "Polygon",
        "coordinates": [
          [
            [
              -73.5371,
              6.042
            ],
            [
              -73.5497,
              6.046
            ],
            [
              -73.5711,
              6.0606
            ],
            [
              -73.5786,
              6.0803
            ],
            [
              -73.5929,
              6.0547
            ],
            [
              -73.5944,
              6.0406
            ],
            [
              -73.5893,
              6.0291
            ],
            [
              -73.5962,
              6.0193
            ],
            [
              -73.6194,
              6.0003
            ],
            [
              -73.6199,
              5.9927
            ],
            [
              -73.5882,
              5.9977
            ],
            [
              -73.582,
              6.012
            ],
            [
              -73.5655,
              6.0183
            ],
            [
              -73.5595,
              6.029
            ],
            [
              -73.5478,
              6.0319
            ],
            [
              -73.5371,
              6.042
            ]
          ]
        ]
      },
      "properties": {
        "OBJECTID": 886,
        "DPTO_CCDGO": "27",
        "MPIO_CCDGO": "327",
        "name": "27106",
        "MPIO_CRSLC": "1886",
        "MPIO_NANO_": 1993,
        "MPIO_NAREA": 32.89061385,
        "MPIO_CSMBL": "4",
        "MPIO_CCNCT": "68327",
        "MPIO_NANO": 2012,
        "SHAPE_Leng": 0.325370850808,
        "SHAPE_Area": 0.00268634597604,
        "NOMBRE": "GUEPSA",
        "DANE": {
          "dpto_ccdgo": "68",
          "mpio_ccdgo": "327",
          "mpio_cdpmp": "68327",
          "dpto_cnmbr": "SANTANDER",
          "mpio_cnmbr": "GÜEPSA",
          "mpio_crslc": "1886",
          "mpio_tipo": "MUNICIPIO",
          "mpio_narea": 30.1567486296,
          "mpio_nano": 2024,
          "shape_Leng": 0.325106519549,
          "shape_Area": 0.00246305740816
        }
      }
    },
    {
      "type": "Feature",
      "geometry": {
        "type": "Polygon",
        "coordinates": [
          [
            [
              -73.3037,
              6.5664
            ],
            [
              -73.2973,
              6.5806
            ],
            [
              -73.2985,
              6.5912
            ],
            [
              -73.3122,
              6.6002
            ],
            [
              -73.3381,
              6.6072
            ],
            [
              -73.3432,
              6.6116
            ],
            [
              -73.3703,
              6.6197
            ],
            [
              -73.3818,
              6.6304
            ],
            [
              -73.3993,
              6.6358
            ],
            [
              -73.4178,
              6.604
            ],
            [
              -73.4183,
              6.5926
            ],
            [
              -73.4306,
              6.58
            ],
            [
              -73.4288,
              6.5602
            ],
            [
              -73.4414,
              6.5412
            ],
            [
              -73.4381,
              6.5254
            ],
            [
              -73.4344,
              6.5104
            ],
            [
              -73.4135,
              6.5313
            ],
            [
              -73.4004,
              6.5339
            ],
            [
              -73.3502,
              6.5003
            ],
            [
              -73.3269,
              6.4874
            ],
            [
              -73.306,
              6.4908
            ],
            [
              -73.3104,
              6.5026
            ],
            [
              -73.2881,
              6.5122
            ],
            [
              -73.3037,
              6.5664
            ]
          ]
        ]
      },
      "properties": {
        "OBJECTID": 887,
        "DPTO_CCDGO": "27",
        "MPIO_CCDGO": "344",
        "name": "27109",
        "MPIO_CRSLC": "1899",
        "MPIO_NANO_": 1993,
        "MPIO_NAREA": 170.52510763,
        "MPIO_CSMBL": "4",
        "MPIO_CCNCT": "68344",
        "MPIO_NANO": 2012,
        "SHAPE_Leng": 0.600117557041,
        "SHAPE_Area": 0.0139403017776,
        "NOMBRE": "HATO",
        "DANE": {
          "dpto_ccdgo": "68",
          "mpio_ccdgo": "344",
          "mpio_cdpmp": "68344",
          "dpto_cnmbr": "SANTANDER",
          "mpio_cnmbr": "HATO",
          "mpio_crslc": "1899",
          "mpio_tipo": "MUNICIPIO",
          "mpio_narea": 169.017572273,
          "mpio_nano": 2024,
          "shape_Leng": 0.611205786283,
          "shape_Area": 0.0138170673327
        }
      }
    },
    {
      "type": "Feature",
      "geometry": {
        "type": "Polygon",
        "coordinates": [
          [
            [
              -73.7575,
              5.9045
            ],
            [
              -73.7762,
              5.911
            ],
            [
              -73.8018,
              5.8913
            ],
            [
              -73.8023,
              5.8751
            ],
            [
              -73.814,
              5.8705
            ],
            [
              -73.8189,
              5.8595
            ],
            [
              -73.8355,
              5.8475
            ],
            [
              -73.8429,
              5.8468
            ],
            [
              -73.8789,
              5.8676
            ],
            [
              -73.8984,
              5.8687
            ],
            [
              -73.9095,
              5.861
            ],
            [
              -73.9241,
              5.869
            ],
            [
              -73.9377,
              5.8591
            ],
            [
              -73.9184,
              5.8507
            ],
            [
              -73.9147,
              5.842
            ],
            [
              -73.8824,
              5.8535
            ],
            [
              -73.8747,
              5.8185
            ],
            [
              -73.86,
              5.8236
            ],
            [
              -73.8588,
              5.8138
            ],
            [
              -73.8301,
              5.7968
            ],
            [
              -73.8265,
              5.7903
            ],
            [
              -73.8223,
              5.807
            ],
            [
              -73.8147,
              5.8185
            ],
            [
              -73.8057,
              5.8198
            ],
            [
              -73.7995,
              5.8419
            ],
            [
              -73.7631,
              5.8573
            ],
            [
              -73.7439,
              5.8705
            ],
            [
              -73.7429,
              5.8799
            ],
            [
              -73.7508,
              5.8931
            ],
            [
              -73.7575,
              5.9045
            ]
          ]
        ]
      },
      "properties": {
        "OBJECTID": 888,
        "DPTO_CCDGO": "27",
        "MPIO_CCDGO": "368",
        "name": "27112",
        "MPIO_CRSLC": "1743",
        "MPIO_NANO_": 1993,
        "MPIO_NAREA": 69.60678058,
        "MPIO_CSMBL": "4",
        "MPIO_CCNCT": "68368",
        "MPIO_NANO": 2012,
        "SHAPE_Leng": 0.579019465186,
        "SHAPE_Area": 0.00568365005955,
        "NOMBRE": "JESUS MARIA",
        "DANE": {
          "dpto_ccdgo": "68",
          "mpio_ccdgo": "368",
          "mpio_cdpmp": "68368",
          "dpto_cnmbr": "SANTANDER",
          "mpio_cnmbr": "JESÚS MARÍA",
          "mpio_crslc": "1743",
          "mpio_tipo": "MUNICIPIO",
          "mpio_narea": 89.5930851604,
          "mpio_nano": 2024,
          "shape_Leng": 0.739158998411,
          "shape_Area": 0.00731561631846
        }
      }
    },
    {
      "type": "Feature",
      "geometry": {
        "type": "Polygon",
        "coordinates": [
          [
            [
              -73.0807,
              6.6869
            ],
            [
              -73.1035,
              6.7026
            ],
            [
              -73.0755,
              6.7088
            ],
            [
              -73.0527,
              6.7095
            ],
            [
              -73.0391,
              6.7024
            ],
            [
              -73.0368,
              6.7151
            ],
            [
              -73.0676,
              6.7372
            ],
            [
              -73.076,
              6.7322
            ],
            [
              -73.0969,
              6.7338
            ],
            [
              -73.1071,
              6.7249
            ],
            [
              -73.1135,
              6.7295
            ],
            [
              -73.1453,
              6.7302
            ],
            [
              -73.1497,
              6.7131
            ],
            [
              -73.136,
              6.6907
            ],
            [
              -73.1259,
              6.6957
            ],
            [
              -73.1181,
              6.6864
            ],
            [
              -73.1019,
              6.6913
            ],
            [
              -73.0807,
              6.6869
            ]
          ]
        ]
      },
      "properties": {
        "OBJECTID": 889,
        "DPTO_CCDGO": "27",
        "MPIO_CCDGO": "370",
        "name": "27115",
        "MPIO_CRSLC": "1899",
        "MPIO_NANO_": 1993,
        "MPIO_NAREA": 40.75860919,
        "MPIO_CSMBL": "4",
        "MPIO_CCNCT": "68370",
        "MPIO_NANO": 2012,
        "SHAPE_Leng": 0.355744239033,
        "SHAPE_Area": 0.00333255338968,
        "NOMBRE": "JORDAN",
        "DANE": {
          "dpto_ccdgo": "68",
          "mpio_ccdgo": "370",
          "mpio_cdpmp": "68370",
          "dpto_cnmbr": "SANTANDER",
          "mpio_cnmbr": "JORDÁN",
          "mpio_crslc": "1899",
          "mpio_tipo": "MUNICIPIO",
          "mpio_narea": 39.8991774994,
          "mpio_nano": 2024,
          "shape_Leng": 0.376286885889,
          "shape_Area": 0.00326228450764
        }
      }
    },
    {
      "type": "Feature",
      "geometry": {
        "type": "Polygon",
        "coordinates": [
          [
            [
              -73.9241,
              5.869
            ],
            [
              -73.916,
              5.8739
            ],
            [
              -73.9082,
              5.8933
            ],
            [
              -73.9165,
              5.8982
            ],
            [
              -73.9195,
              5.9184
            ],
            [
              -73.9304,
              5.9291
            ],
            [
              -73.9502,
              5.93
            ],
            [
              -73.9687,
              5.9223
            ],
            [
              -73.9867,
              5.9307
            ],
            [
              -73.9855,
              5.9582
            ],
            [
              -73.9963,
              5.97
            ],
            [
              -74.0309,
              5.9797
            ],
            [
              -74.0402,
              5.9559
            ],
            [
              -74.0594,
              5.9308
            ],
            [
              -74.0764,
              5.9331
            ],
            [
              -74.0903,
              5.9295
            ],
            [
              -74.1076,
              5.9437
            ],
            [
              -74.1086,
              5.9511
            ],
            [
              -74.0961,
              5.9822
            ],
            [
              -74.0998,
              5.9947
            ],
            [
              -74.1094,
              6.004
            ],
            [
              -74.1176,
              6.0293
            ],
            [
              -74.1273,
              6.0337
            ],
            [
              -74.1322,
              6.0278
            ],
            [
              -74.1274,
              6.0153
            ],
            [
              -74.139,
              6.0101
            ],
            [
              -74.1553,
              5.9952
            ],
            [
              -74.1688,
              5.9614
            ],
            [
              -74.1741,
              5.9397
            ],
            [
              -74.1829,
              5.9339
            ],
            [
              -74.1743,
              5.9225
            ],
            [
              -74.1804,
              5.9111
            ],
            [
              -74.1662,
              5.8979
            ],
            [
              -74.1477,
              5.8899
            ],
            [
              -74.1333,
              5.8759
            ],
            [
              -74.1,
              5.8722
            ],
            [
              -74.0893,
              5.8498
            ],
            [
              -74.089,
              5.8415
            ],
            [
              -74.0791,
              5.8328
            ],
            [
              -74.0436,
              5.8458
            ],
            [
              -74.0336,
              5.8392
            ],
            [
              -73.9962,
              5.8231
            ],
            [
              -73.9918,
              5.8367
            ],
            [
              -73.9702,
              5.8464
            ],
            [
              -73.9421,
              5.8415
            ],
            [
              -73.9147,
              5.842
            ],
            [
              -73.9184,
              5.8507
            ],
            [
              -73.9377,
              5.8591
            ],
            [
              -73.9241,
              5.869
            ]
          ]
        ]
      },
      "properties": {
        "OBJECTID": 890,
        "DPTO_CCDGO": "27",
        "MPIO_CCDGO": "377",
        "name": "27119",
        "MPIO_CRSLC": "Ordenanza 25 de Agosto 4 de 1974",
        "MPIO_NANO_": 1993,
        "MPIO_NAREA": 341.54570065,
        "MPIO_CSMBL": "4",
        "MPIO_CCNCT": "68377",
        "MPIO_NANO": 2012,
        "SHAPE_Leng": 1.21993634232,
        "SHAPE_Area": 0.0278916274017,
        "NOMBRE": "LA BELLEZA",
        "DANE": {
          "dpto_ccdgo": "68",
          "mpio_ccdgo": "377",
          "mpio_cdpmp": "68377",
          "dpto_cnmbr": "SANTANDER",
          "mpio_cnmbr": "LA BELLEZA",
          "mpio_crslc": "Ordenanza 25 de Agosto 4 de 1974",
          "mpio_tipo": "MUNICIPIO",
          "mpio_narea": 335.201581553,
          "mpio_nano": 2024,
          "shape_Leng": 1.1748848854,
          "shape_Area": 0.02737367647
        }
      }
    },
    {
      "type": "Feature",
      "geometry": {
        "type": "Polygon",
        "coordinates": [
          [
            [
              -73.781,
              6.5523
            ],
            [
              -73.7978,
              6.5625
            ],
            [
              -73.8103,
              6.5585
            ],
            [
              -73.8126,
              6.5486
            ],
            [
              -73.8299,
              6.5323
            ],
            [
              -73.8445,
              6.5128
            ],
            [
              -73.8603,
              6.5212
            ],
            [
              -73.8708,
              6.513
            ],
            [
              -73.8069,
              6.4609
            ],
            [
              -73.8449,
              6.3779
            ],
            [
              -73.8581,
              6.331
            ],
            [
              -73.9852,
              6.2231
            ],
            [
              -73.9936,
              6.2171
            ],
            [
              -74.0107,
              6.2188
            ],
            [
              -74.0359,
              6.2152
            ],
            [
              -74.062,
              6.2161
            ],
            [
              -74.0844,
              6.2216
            ],
            [
              -74.1011,
              6.2214
            ],
            [
              -74.0977,
              6.2067
            ],
            [
              -74.0885,
              6.1941
            ],
            [
              -74.073,
              6.1945
            ],
            [
              -74.0617,
              6.1846
            ],
            [
              -74.0499,
              6.1996
            ],
            [
              -74.0246,
              6.208
            ],
            [
              -74.0101,
              6.2003
            ],
            [
              -73.9765,
              6.2238
            ],
            [
              -73.9668,
              6.2247
            ],
            [
              -73.9521,
              6.2183
            ],
            [
              -73.9352,
              6.2308
            ],
            [
              -73.917,
              6.2314
            ],
            [
              -73.9076,
              6.2255
            ],
            [
              -73.9003,
              6.1973
            ],
            [
              -73.8712,
              6.1832
            ],
            [
              -73.8702,
              6.1715
            ],
            [
              -73.8458,
              6.179
            ],
            [
              -73.8396,
              6.1868
            ],
            [
              -73.813,
              6.2071
            ],
            [
              -73.7903,
              6.2136
            ],
            [
              -73.771,
              6.2075
            ],
            [
              -73.7684,
              6.1949
            ],
            [
              -73.7411,
              6.2107
            ],
            [
              -73.726,
              6.238
            ],
            [
              -73.7311,
              6.2547
            ],
            [
              -73.7421,
              6.2628
            ],
            [
              -73.7418,
              6.2874
            ],
            [
              -73.7486,
              6.2977
            ],
            [
              -73.7436,
              6.3176
            ],
            [
              -73.7335,
              6.3346
            ],
            [
              -73.7123,
              6.3613
            ],
            [
              -73.7014,
              6.3856
            ],
            [
              -73.6836,
              6.41
            ],
            [
              -73.693,
              6.4223
            ],
            [
              -73.7263,
              6.4427
            ],
            [
              -73.7331,
              6.4522
            ],
            [
              -73.7474,
              6.4616
            ],
            [
              -73.7616,
              6.4968
            ],
            [
              -73.7814,
              6.4895
            ],
            [
              -73.7852,
              6.5039
            ],
            [
              -73.7795,
              6.5376
            ],
            [
              -73.781,
              6.5523
            ]
          ]
        ]
      },
      "properties": {
        "OBJECTID": 891,
        "DPTO_CCDGO": "27",
        "MPIO_CCDGO": "385",
        "name": "27120",
        "MPIO_CRSLC": "Ordenanza 10 del 13 de Diciembre de 1974",
        "MPIO_NANO_": 1993,
        "MPIO_NAREA": 611.8833573,
        "MPIO_CSMBL": "4",
        "MPIO_CCNCT": "68385",
        "MPIO_NANO": 2012,
        "SHAPE_Leng": 1.77884770456,
        "SHAPE_Area": 0.0500054891895,
        "NOMBRE": "LANDAZURI",
        "DANE": {
          "dpto_ccdgo": "68",
          "mpio_ccdgo": "385",
          "mpio_cdpmp": "68385",
          "dpto_cnmbr": "SANTANDER",
          "mpio_cnmbr": "LANDÁZURI",
          "mpio_crslc": "Ordenanza 10 del 13 de Diciembre de 1974",
          "mpio_tipo": "MUNICIPIO",
          "mpio_narea": 590.177486743,
          "mpio_nano": 2024,
          "shape_Leng": 1.81949003463,
          "shape_Area": 0.04823192875
        }
      }
    },
    {
      "type": "Feature",
      "geometry": {
        "type": "Polygon",
        "coordinates": [
          [
            [
              -73.6367,
              6.2905
            ],
            [
              -73.6581,
              6.2887
            ],
            [
              -73.6556,
              6.3008
            ],
            [
              -73.6701,
              6.3111
            ],
            [
              -73.6694,
              6.3202
            ],
            [
              -73.6584,
              6.3453
            ],
            [
              -73.6648,
              6.3534
            ],
            [
              -73.661,
              6.3682
            ],
            [
              -73.6688,
              6.3846
            ],
            [
              -73.6823,
              6.3669
            ],
            [
              -73.6886,
              6.3646
            ],
            [
              -73.7179,
              6.3112
            ],
            [
              -73.72,
              6.2953
            ],
            [
              -73.699,
              6.2748
            ],
            [
              -73.69,
              6.2548
            ],
            [
              -73.6819,
              6.2526
            ],
            [
              -73.679,
              6.2183
            ],
            [
              -73.6867,
              6.1954
            ],
            [
              -73.6856,
              6.1723
            ],
            [
              -73.6563,
              6.1449
            ],
            [
              -73.6364,
              6.1307
            ],
            [
              -73.6239,
              6.1211
            ],
            [
              -73.6067,
              6.1159
            ],
            [
              -73.6023,
              6.1059
            ],
            [
              -73.5904,
              6.1018
            ],
            [
              -73.5792,
              6.0866
            ],
            [
              -73.5637,
              6.0891
            ],
            [
              -73.5635,
              6.096
            ],
            [
              -73.5428,
              6.1104
            ],
            [
              -73.5539,
              6.1279
            ],
            [
              -73.5551,
              6.1505
            ],
            [
              -73.561,
              6.1577
            ],
            [
              -73.5507,
              6.184
            ],
            [
              -73.5605,
              6.1965
            ],
            [
              -73.5563,
              6.2216
            ],
            [
              -73.5729,
              6.2297
            ],
            [
              -73.5787,
              6.2415
            ],
            [
              -73.5771,
              6.2535
            ],
            [
              -73.5938,
              6.2612
            ],
            [
              -73.6218,
              6.2842
            ],
            [
              -73.6367,
              6.2905
            ]
          ]
        ]
      },
      "properties": {
        "OBJECTID": 892,
        "DPTO_CCDGO": "27",
        "MPIO_CCDGO": "397",
        "name": "27118",
        "MPIO_CRSLC": "1799",
        "MPIO_NANO_": 1993,
        "MPIO_NAREA": 284.48634529,
        "MPIO_CSMBL": "4",
        "MPIO_CCNCT": "68397",
        "MPIO_NANO": 2012,
        "SHAPE_Leng": 0.947629293028,
        "SHAPE_Area": 0.0232435777333,
        "NOMBRE": "LA PAZ",
        "DANE": {
          "dpto_ccdgo": "68",
          "mpio_ccdgo": "397",
          "mpio_cdpmp": "68397",
          "dpto_cnmbr": "SANTANDER",
          "mpio_cnmbr": "LA PAZ",
          "mpio_crslc": "1799",
          "mpio_tipo": "MUNICIPIO",
          "mpio_narea": 284.346971785,
          "mpio_nano": 2024,
          "shape_Leng": 0.98840179103,
          "shape_Area": 0.0232322216669
        }
      }
    },
    {
      "type": "Feature",
      "geometry": {
        "type": "Polygon",
        "coordinates": [
          [
            [
              -73.1636,
              7.2106
            ],
            [
              -73.1776,
              7.208
            ],
            [
              -73.2031,
              7.2199
            ],
            [
              -73.226,
              7.2233
            ],
            [
              -73.2395,
              7.2376
            ],
            [
              -73.2505,
              7.2416
            ],
            [
              -73.2496,
              7.2567
            ],
            [
              -73.2563,
              7.2832
            ],
            [
              -73.2738,
              7.3
            ],
            [
              -73.2794,
              7.3213
            ],
            [
              -73.2786,
              7.3336
            ],
            [
              -73.2879,
              7.3361
            ],
            [
              -73.287,
              7.3512
            ],
            [
              -73.3136,
              7.3507
            ],
            [
              -73.3289,
              7.335
            ],
            [
              -73.3464,
              7.3379
            ],
            [
              -73.3402,
              7.3528
            ],
            [
              -73.3487,
              7.3729
            ],
            [
              -73.3432,
              7.381
            ],
            [
              -73.3476,
              7.3989
            ],
            [
              -73.3473,
              7.4174
            ],
            [
              -73.3552,
              7.4242
            ],
            [
              -73.3711,
              7.4211
            ],
            [
              -73.3758,
              7.4071
            ],
            [
              -73.3966,
              7.4035
            ],
            [
              -73.3844,
              7.4039
            ],
            [
              -73.3719,
              7.3964
            ],
            [
              -73.382,
              7.3787
            ],
            [
              -73.3691,
              7.3555
            ],
            [
              -73.3664,
              7.3384
            ],
            [
              -73.3705,
              7.3122
            ],
            [
              -73.3664,
              7.2959
            ],
            [
              -73.3557,
              7.2848
            ],
            [
              -73.3635,
              7.2652
            ],
            [
              -73.3822,
              7.2389
            ],
            [
              -73.3996,
              7.2054
            ],
            [
              -73.4086,
              7.204
            ],
            [
              -73.4321,
              7.1902
            ],
            [
              -73.437,
              7.181
            ],
            [
              -73.4305,
              7.1789
            ],
            [
              -73.4172,
              7.1503
            ],
            [
              -73.3895,
              7.1568
            ],
            [
              -73.386,
              7.1489
            ],
            [
              -73.3512,
              7.1397
            ],
            [
              -73.347,
              7.1258
            ],
            [
              -73.3171,
              7.1116
            ],
            [
              -73.3058,
              7.1209
            ],
            [
              -73.2774,
              7.0942
            ],
            [
              -73.2614,
              7.083
            ],
            [
              -73.2605,
              7.0538
            ],
            [
              -73.2376,
              7.05
            ],
            [
              -73.2294,
              7.0413
            ],
            [
              -73.2064,
              7.0429
            ],
            [
              -73.1977,
              7.0539
            ],
            [
              -73.1972,
              7.0794
            ],
            [
              -73.1806,
              7.1121
            ],
            [
              -73.1834,
              7.1379
            ],
            [
              -73.1645,
              7.1535
            ],
            [
              -73.1588,
              7.1631
            ],
            [
              -73.1613,
              7.1777
            ],
            [
              -73.1563,
              7.1868
            ],
            [
              -73.1636,
              7.2106
            ]
          ]
        ]
      },
      "properties": {
        "OBJECTID": 893,
        "DPTO_CCDGO": "27",
        "MPIO_CCDGO": "406",
        "name": "27121",
        "MPIO_CRSLC": "1899",
        "MPIO_NANO_": 1993,
        "MPIO_NAREA": 545.89242059,
        "MPIO_CSMBL": "4",
        "MPIO_CCNCT": "68406",
        "MPIO_NANO": 2012,
        "SHAPE_Leng": 1.5142257758,
        "SHAPE_Area": 0.0446839065441,
        "NOMBRE": "LEBRIJA",
        "DANE": {
          "dpto_ccdgo": "68",
          "mpio_ccdgo": "406",
          "mpio_cdpmp": "68406",
          "dpto_cnmbr": "SANTANDER",
          "mpio_cnmbr": "LEBRIJA",
          "mpio_crslc": "1899",
          "mpio_tipo": "MUNICIPIO",
          "mpio_narea": 550.458400201,
          "mpio_nano": 2024,
          "shape_Leng": 1.62260872934,
          "shape_Area": 0.0450576605395
        }
      }
    },
    {
      "type": "Feature",
      "geometry": {
        "type": "Polygon",
        "coordinates": [
          [
            [
              -73.1057,
              6.9105
            ],
            [
              -73.1302,
              6.8993
            ],
            [
              -73.1505,
              6.8947
            ],
            [
              -73.1762,
              6.8843
            ],
            [
              -73.1713,
              6.8794
            ],
            [
              -73.1671,
              6.8501
            ],
            [
              -73.1808,
              6.8258
            ],
            [
              -73.1847,
              6.8104
            ],
            [
              -73.1995,
              6.7955
            ],
            [
              -73.1984,
              6.7682
            ],
            [
              -73.1774,
              6.755
            ],
            [
              -73.1703,
              6.7368
            ],
            [
              -73.1453,
              6.7302
            ],
            [
              -73.1135,
              6.7295
            ],
            [
              -73.1071,
              6.7249
            ],
            [
              -73.0969,
              6.7338
            ],
            [
              -73.076,
              6.7322
            ],
            [
              -73.0676,
              6.7372
            ],
            [
              -73.0523,
              6.7583
            ],
            [
              -73.0446,
              6.7601
            ],
            [
              -73.0255,
              6.7799
            ],
            [
              -73.0237,
              6.7957
            ],
            [
              -73.0042,
              6.8242
            ],
            [
              -73.0037,
              6.8291
            ],
            [
              -73.02,
              6.8435
            ],
            [
              -73.043,
              6.8584
            ],
            [
              -73.0466,
              6.8669
            ],
            [
              -73.0679,
              6.8827
            ],
            [
              -73.0886,
              6.8911
            ],
            [
              -73.1057,
              6.9105
            ]
          ]
        ]
      },
      "properties": {
        "OBJECTID": 894,
        "DPTO_CCDGO": "27",
        "MPIO_CCDGO": "418",
        "name": "27124",
        "MPIO_CRSLC": "1750",
        "MPIO_NANO_": 1993,
        "MPIO_NAREA": 290.29389184,
        "MPIO_CSMBL": "4",
        "MPIO_CCNCT": "68418",
        "MPIO_NANO": 2012,
        "SHAPE_Leng": 0.667079264107,
        "SHAPE_Area": 0.0237401735629,
        "NOMBRE": "LOS SANTOS",
        "DANE": {
          "dpto_ccdgo": "68",
          "mpio_ccdgo": "418",
          "mpio_cdpmp": "68418",
          "dpto_cnmbr": "SANTANDER",
          "mpio_cnmbr": "LOS SANTOS",
          "mpio_crslc": "1750",
          "mpio_tipo": "MUNICIPIO",
          "mpio_narea": 290.121683905,
          "mpio_nano": 2024,
          "shape_Leng": 0.658883615921,
          "shape_Area": 0.0237260973557
        }
      }
    },
    {
      "type": "Feature",
      "geometry": {
        "type": "Polygon",
        "coordinates": [
          [
            [
              -72.5422,
              6.5835
            ],
            [
              -72.5603,
              6.5901
            ],
            [
              -72.5804,
              6.5678
            ],
            [
              -72.5919,
              6.5662
            ],
            [
              -72.5999,
              6.5585
            ],
            [
              -72.6081,
              6.5286
            ],
            [
              -72.6381,
              6.5079
            ],
            [
              -72.6269,
              6.5002
            ],
            [
              -72.6269,
              6.4697
            ],
            [
              -72.6351,
              6.4607
            ],
            [
              -72.6491,
              6.4364
            ],
            [
              -72.6234,
              6.4407
            ],
            [
              -72.6027,
              6.4516
            ],
            [
              -72.583,
              6.4764
            ],
            [
              -72.5681,
              6.4836
            ],
            [
              -72.5483,
              6.4871
            ],
            [
              -72.5392,
              6.488
            ],
            [
              -72.5344,
              6.4961
            ],
            [
              -72.5434,
              6.5016
            ],
            [
              -72.5495,
              6.5215
            ],
            [
              -72.5363,
              6.5404
            ],
            [
              -72.5367,
              6.5518
            ],
            [
              -72.5459,
              6.5672
            ],
            [
              -72.5422,
              6.5835
            ]
          ]
        ]
      },
      "properties": {
        "OBJECTID": 895,
        "DPTO_CCDGO": "27",
        "MPIO_CCDGO": "425",
        "name": "27127",
        "MPIO_CRSLC": "1772",
        "MPIO_NANO_": 1993,
        "MPIO_NAREA": 104.09273047,
        "MPIO_CSMBL": "4",
        "MPIO_CCNCT": "68425",
        "MPIO_NANO": 2012,
        "SHAPE_Leng": 0.507153807559,
        "SHAPE_Area": 0.00850433254941,
        "NOMBRE": "MACARAVITA",
        "DANE": {
          "dpto_ccdgo": "68",
          "mpio_ccdgo": "425",
          "mpio_cdpmp": "68425",
          "dpto_cnmbr": "SANTANDER",
          "mpio_cnmbr": "MACARAVITA",
          "mpio_crslc": "1772",
          "mpio_tipo": "MUNICIPIO",
          "mpio_narea": 102.917508101,
          "mpio_nano": 2024,
          "shape_Leng": 0.496466292374,
          "shape_Area": 0.00840831520389
        }
      }
    },
    {
      "type": "Feature",
      "geometry": {
        "type": "Polygon",
        "coordinates": [
          [
            [
              -72.7074,
              6.7177
            ],
            [
              -72.7045,
              6.7363
            ],
            [
              -72.7148,
              6.7478
            ],
            [
              -72.7507,
              6.7744
            ],
            [
              -72.7535,
              6.7837
            ],
            [
              -72.7577,
              6.7646
            ],
            [
              -72.7582,
              6.7439
            ],
            [
              -72.7753,
              6.7245
            ],
            [
              -72.77,
              6.6825
            ],
            [
              -72.733,
              6.6916
            ],
            [
              -72.7319,
              6.6792
            ],
            [
              -72.7076,
              6.6736
            ],
            [
              -72.7066,
              6.6915
            ],
            [
              -72.7101,
              6.7094
            ],
            [
              -72.7074,
              6.7177
            ]
          ]
        ]
      },
      "properties": {
        "OBJECTID": 896,
        "DPTO_CCDGO": "27",
        "MPIO_CCDGO": "432",
        "name": "27130",
        "MPIO_CRSLC": "1542",
        "MPIO_NANO_": 1993,
        "MPIO_NAREA": 57.51664621,
        "MPIO_CSMBL": "4",
        "MPIO_CCNCT": "68432",
        "MPIO_NANO": 2012,
        "SHAPE_Leng": 0.342692502436,
        "SHAPE_Area": 0.00470161469233,
        "NOMBRE": "MALAGA",
        "DANE": {
          "dpto_ccdgo": "68",
          "mpio_ccdgo": "432",
          "mpio_cdpmp": "68432",
          "dpto_cnmbr": "SANTANDER",
          "mpio_cnmbr": "MÁLAGA",
          "mpio_crslc": "1542",
          "mpio_tipo": "MUNICIPIO",
          "mpio_narea": 57.1676541631,
          "mpio_nano": 2024,
          "shape_Leng": 0.347083194038,
          "shape_Area": 0.00467308879706
        }
      }
    },
    {
      "type": "Feature",
      "geometry": {
        "type": "Polygon",
        "coordinates": [
          [
            [
              -73.0452,
              7.4589
            ],
            [
              -73.0785,
              7.4573
            ],
            [
              -73.0877,
              7.4217
            ],
            [
              -73.1104,
              7.3828
            ],
            [
              -73.0964,
              7.3686
            ],
            [
              -73.1067,
              7.3549
            ],
            [
              -73.1189,
              7.3256
            ],
            [
              -73.1087,
              7.3177
            ],
            [
              -73.1124,
              7.3054
            ],
            [
              -73.1086,
              7.2888
            ],
            [
              -73.091,
              7.2879
            ],
            [
              -73.0802,
              7.2722
            ],
            [
              -73.0816,
              7.2666
            ],
            [
              -73.0843,
              7.2295
            ],
            [
              -73.0905,
              7.2167
            ],
            [
              -73.0721,
              7.2051
            ],
            [
              -73.0707,
              7.1995
            ],
            [
              -73.057,
              7.2165
            ],
            [
              -73.053,
              7.2411
            ],
            [
              -73.0611,
              7.2517
            ],
            [
              -73.057,
              7.2686
            ],
            [
              -73.0469,
              7.2793
            ],
            [
              -73.0332,
              7.2772
            ],
            [
              -73.0196,
              7.2805
            ],
            [
              -73.0095,
              7.294
            ],
            [
              -72.9982,
              7.2944
            ],
            [
              -72.9875,
              7.3105
            ],
            [
              -72.9783,
              7.3146
            ],
            [
              -72.9807,
              7.3325
            ],
            [
              -73.0191,
              7.3599
            ],
            [
              -73.0101,
              7.3687
            ],
            [
              -73.0024,
              7.3932
            ],
            [
              -72.9985,
              7.4174
            ],
            [
              -73.0089,
              7.4236
            ],
            [
              -73.0108,
              7.4325
            ],
            [
              -73.023,
              7.4404
            ],
            [
              -73.0289,
              7.452
            ],
            [
              -73.0452,
              7.4589
            ]
          ]
        ]
      },
      "properties": {
        "OBJECTID": 897,
        "DPTO_CCDGO": "27",
        "MPIO_CCDGO": "444",
        "name": "27133",
        "MPIO_CRSLC": "1887",
        "MPIO_NANO_": 1993,
        "MPIO_NAREA": 241.50741526,
        "MPIO_CSMBL": "4",
        "MPIO_CCNCT": "68444",
        "MPIO_NANO": 2012,
        "SHAPE_Leng": 0.809577638101,
        "SHAPE_Area": 0.0197722703037,
        "NOMBRE": "MATANZA",
        "DANE": {
          "dpto_ccdgo": "68",
          "mpio_ccdgo": "444",
          "mpio_cdpmp": "68444",
          "dpto_cnmbr": "SANTANDER",
          "mpio_cnmbr": "MATANZA",
          "mpio_crslc": "1887",
          "mpio_tipo": "MUNICIPIO",
          "mpio_narea": 235.748567876,
          "mpio_nano": 2024,
          "shape_Leng": 0.801712999517,
          "shape_Area": 0.0193007265796
        }
      }
    },
    {
      "type": "Feature",
      "geometry": {
        "type": "Polygon",
        "coordinates": [
          [
            [
              -72.8728,
              6.6305
            ],
            [
              -72.8958,
              6.6312
            ],
            [
              -72.8961,
              6.6414
            ],
            [
              -72.9165,
              6.6487
            ],
            [
              -72.9158,
              6.6327
            ],
            [
              -72.9238,
              6.6187
            ],
            [
              -72.9383,
              6.6024
            ],
            [
              -72.96,
              6.6094
            ],
            [
              -72.9767,
              6.6084
            ],
            [
              -72.9842,
              6.5979
            ],
            [
              -72.9824,
              6.572
            ],
            [
              -72.9966,
              6.5531
            ],
            [
              -72.9932,
              6.5399
            ],
            [
              -73.0078,
              6.5335
            ],
            [
              -73.0298,
              6.5377
            ],
            [
              -73.0294,
              6.5296
            ],
            [
              -73.0416,
              6.5246
            ],
            [
              -73.0522,
              6.5077
            ],
            [
              -73.0611,
              6.5046
            ],
            [
              -73.0751,
              6.4818
            ],
            [
              -73.0687,
              6.4659
            ],
            [
              -73.066,
              6.4402
            ],
            [
              -73.0823,
              6.3992
            ],
            [
              -73.0717,
              6.3902
            ],
            [
              -73.0701,
              6.3829
            ],
            [
              -73.0632,
              6.3904
            ],
            [
              -73.0476,
              6.3843
            ],
            [
              -73.0307,
              6.387
            ],
            [
              -73.0179,
              6.3946
            ],
            [
              -73.0093,
              6.3812
            ],
            [
              -73.0012,
              6.3586
            ],
            [
              -72.9795,
              6.3581
            ],
            [
              -72.9661,
              6.3675
            ],
            [
              -72.9381,
              6.3748
            ],
            [
              -72.9257,
              6.3826
            ],
            [
              -72.9125,
              6.3789
            ],
            [
              -72.9139,
              6.4043
            ],
            [
              -72.9072,
              6.4198
            ],
            [
              -72.8916,
              6.4331
            ],
            [
              -72.8761,
              6.4542
            ],
            [
              -72.8735,
              6.4803
            ],
            [
              -72.8806,
              6.483
            ],
            [
              -72.8786,
              6.4978
            ],
            [
              -72.8901,
              6.5096
            ],
            [
              -72.8694,
              6.5163
            ],
            [
              -72.8664,
              6.5354
            ],
            [
              -72.8487,
              6.5658
            ],
            [
              -72.8338,
              6.5679
            ],
            [
              -72.8387,
              6.5902
            ],
            [
              -72.8651,
              6.6089
            ],
            [
              -72.8728,
              6.6305
            ]
          ]
        ]
      },
      "properties": {
        "OBJECTID": 898,
        "DPTO_CCDGO": "27",
        "MPIO_CCDGO": "464",
        "name": "27136",
        "MPIO_CRSLC": "1799",
        "MPIO_NANO_": 1993,
        "MPIO_NAREA": 484.38196192,
        "MPIO_CSMBL": "4",
        "MPIO_CCNCT": "68464",
        "MPIO_NANO": 2012,
        "SHAPE_Leng": 1.08115061697,
        "SHAPE_Area": 0.0395838175059,
        "NOMBRE": "MOGOTES",
        "DANE": {
          "dpto_ccdgo": "68",
          "mpio_ccdgo": "464",
          "mpio_cdpmp": "68464",
          "dpto_cnmbr": "SANTANDER",
          "mpio_cnmbr": "MOGOTES",
          "mpio_crslc": "1799",
          "mpio_tipo": "MUNICIPIO",
          "mpio_narea": 483.970127337,
          "mpio_nano": 2024,
          "shape_Leng": 1.10447394038,
          "shape_Area": 0.0395501723467
        }
      }
    },
    {
      "type": "Feature",
      "geometry": {
        "type": "Polygon",
        "coordinates": [
          [
            [
              -72.77,
              6.6825
            ],
            [
              -72.7753,
              6.7245
            ],
            [
              -72.7888,
              6.7299
            ],
            [
              -72.8297,
              6.7097
            ],
            [
              -72.8348,
              6.6896
            ],
            [
              -72.8685,
              6.6846
            ],
            [
              -72.8861,
              6.6959
            ],
            [
              -72.909,
              6.6828
            ],
            [
              -72.908,
              6.676
            ],
            [
              -72.8974,
              6.6725
            ],
            [
              -72.8848,
              6.6583
            ],
            [
              -72.8728,
              6.6305
            ],
            [
              -72.8651,
              6.6089
            ],
            [
              -72.8387,
              6.5902
            ],
            [
              -72.8338,
              6.5679
            ],
            [
              -72.8302,
              6.5526
            ],
            [
              -72.8191,
              6.544
            ],
            [
              -72.8109,
              6.5424
            ],
            [
              -72.8042,
              6.5606
            ],
            [
              -72.7953,
              6.5688
            ],
            [
              -72.77,
              6.58
            ],
            [
              -72.7712,
              6.5902
            ],
            [
              -72.7651,
              6.6009
            ],
            [
              -72.7704,
              6.6331
            ],
            [
              -72.7639,
              6.6583
            ],
            [
              -72.77,
              6.6825
            ]
          ]
        ]
      },
      "properties": {
        "OBJECTID": 899,
        "DPTO_CCDGO": "27",
        "MPIO_CCDGO": "468",
        "name": "27139",
        "MPIO_CRSLC": "1709",
        "MPIO_NANO_": 1993,
        "MPIO_NAREA": 179.23776521,
        "MPIO_CSMBL": "4",
        "MPIO_CCNCT": "68468",
        "MPIO_NANO": 2012,
        "SHAPE_Leng": 0.592349267549,
        "SHAPE_Area": 0.0146502158082,
        "NOMBRE": "MOLAGAVITA",
        "DANE": {
          "dpto_ccdgo": "68",
          "mpio_ccdgo": "468",
          "mpio_cdpmp": "68468",
          "dpto_cnmbr": "SANTANDER",
          "mpio_cnmbr": "MOLAGAVITA",
          "mpio_crslc": "1709",
          "mpio_tipo": "MUNICIPIO",
          "mpio_narea": 180.471701995,
          "mpio_nano": 2024,
          "shape_Leng": 0.597492951936,
          "shape_Area": 0.0147510770089
        }
      }
    },
    {
      "type": "Feature",
      "geometry": {
        "type": "Polygon",
        "coordinates": [
          [
            [
              -73.0717,
              6.3902
            ],
            [
              -73.085,
              6.3894
            ],
            [
              -73.0961,
              6.3965
            ],
            [
              -73.1148,
              6.3849
            ],
            [
              -73.1252,
              6.3881
            ],
            [
              -73.1358,
              6.4024
            ],
            [
              -73.1615,
              6.4027
            ],
            [
              -73.1642,
              6.3832
            ],
            [
              -73.1597,
              6.3556
            ],
            [
              -73.1566,
              6.3463
            ],
            [
              -73.1427,
              6.3349
            ],
            [
              -73.1401,
              6.3235
            ],
            [
              -73.1449,
              6.2937
            ],
            [
              -73.1192,
              6.2887
            ],
            [
              -73.1176,
              6.3197
            ],
            [
              -73.1014,
              6.3163
            ],
            [
              -73.0858,
              6.3467
            ],
            [
              -73.0827,
              6.3606
            ],
            [
              -73.0701,
              6.3829
            ],
            [
              -73.0717,
              6.3902
            ]
          ]
        ]
      },
      "properties": {
        "OBJECTID": 900,
        "DPTO_CCDGO": "27",
        "MPIO_CCDGO": "498",
        "name": "27142",
        "MPIO_CRSLC": "1899",
        "MPIO_NANO_": 1993,
        "MPIO_NAREA": 75.14387891,
        "MPIO_CSMBL": "4",
        "MPIO_CCNCT": "68498",
        "MPIO_NANO": 2012,
        "SHAPE_Leng": 0.408128799015,
        "SHAPE_Area": 0.00613980179922,
        "NOMBRE": "OCAMONTE",
        "DANE": {
          "dpto_ccdgo": "68",
          "mpio_ccdgo": "498",
          "mpio_cdpmp": "68498",
          "dpto_cnmbr": "SANTANDER",
          "mpio_cnmbr": "OCAMONTE",
          "mpio_crslc": "1899",
          "mpio_tipo": "MUNICIPIO",
          "mpio_narea": 75.2212790557,
          "mpio_nano": 2024,
          "shape_Leng": 0.408743298624,
          "shape_Area": 0.00614612333822
        }
      }
    },
    {
      "type": "Feature",
      "geometry": {
        "type": "Polygon",
        "coordinates": [
          [
            [
              -73.2779,
              6.3347
            ],
            [
              -73.2849,
              6.3108
            ],
            [
              -73.2989,
              6.3069
            ],
            [
              -73.3125,
              6.2919
            ],
            [
              -73.3257,
              6.298
            ],
            [
              -73.3267,
              6.2782
            ],
            [
              -73.3516,
              6.2736
            ],
            [
              -73.3595,
              6.2762
            ],
            [
              -73.3657,
              6.2497
            ],
            [
              -73.3446,
              6.2348
            ],
            [
              -73.3551,
              6.2092
            ],
            [
              -73.3508,
              6.1963
            ],
            [
              -73.3608,
              6.1777
            ],
            [
              -73.3716,
              6.1499
            ],
            [
              -73.3501,
              6.1397
            ],
            [
              -73.3348,
              6.1664
            ],
            [
              -73.3269,
              6.1716
            ],
            [
              -73.3194,
              6.1595
            ],
            [
              -73.3186,
              6.1423
            ],
            [
              -73.2995,
              6.1348
            ],
            [
              -73.2833,
              6.1433
            ],
            [
              -73.2698,
              6.1403
            ],
            [
              -73.263,
              6.1305
            ],
            [
              -73.237,
              6.1271
            ],
            [
              -73.2302,
              6.1435
            ],
            [
              -73.238,
              6.1574
            ],
            [
              -73.2246,
              6.1663
            ],
            [
              -73.2213,
              6.1831
            ],
            [
              -73.2093,
              6.1979
            ],
            [
              -73.207,
              6.2445
            ],
            [
              -73.2006,
              6.2584
            ],
            [
              -73.2005,
              6.2759
            ],
            [
              -73.2167,
              6.3067
            ],
            [
              -73.2298,
              6.3074
            ],
            [
              -73.248,
              6.3129
            ],
            [
              -73.2779,
              6.3347
            ]
          ]
        ]
      },
      "properties": {
        "OBJECTID": 901,
        "DPTO_CCDGO": "27",
        "MPIO_CCDGO": "500",
        "name": "27145",
        "MPIO_CRSLC": "1857",
        "MPIO_NANO_": 1993,
        "MPIO_NAREA": 283.72573625,
        "MPIO_CSMBL": "4",
        "MPIO_CCNCT": "68500",
        "MPIO_NANO": 2012,
        "SHAPE_Leng": 0.830333147523,
        "SHAPE_Area": 0.0231787218089,
        "NOMBRE": "OIBA",
        "DANE": {
          "dpto_ccdgo": "68",
          "mpio_ccdgo": "500",
          "mpio_cdpmp": "68500",
          "dpto_cnmbr": "SANTANDER",
          "mpio_cnmbr": "OIBA",
          "mpio_crslc": "1857",
          "mpio_tipo": "MUNICIPIO",
          "mpio_narea": 287.847232621,
          "mpio_nano": 2024,
          "shape_Leng": 0.829205234907,
          "shape_Area": 0.0235154330754
        }
      }
    },
    {
      "type": "Feature",
      "geometry": {
        "type": "Polygon",
        "coordinates": [
          [
            [
              -72.8109,
              6.5424
            ],
            [
              -72.8191,
              6.544
            ],
            [
              -72.8227,
              6.5364
            ],
            [
              -72.8114,
              6.4978
            ],
            [
              -72.8175,
              6.4859
            ],
            [
              -72.8151,
              6.4505
            ],
            [
              -72.8183,
              6.4007
            ],
            [
              -72.8288,
              6.3994
            ],
            [
              -72.8393,
              6.3865
            ],
            [
              -72.8488,
              6.3827
            ],
            [
              -72.8753,
              6.3884
            ],
            [
              -72.8931,
              6.3776
            ],
            [
              -72.9099,
              6.3736
            ],
            [
              -72.9228,
              6.3525
            ],
            [
              -72.9149,
              6.3369
            ],
            [
              -72.9063,
              6.3092
            ],
            [
              -72.8872,
              6.302
            ],
            [
              -72.8768,
              6.2715
            ],
            [
              -72.8894,
              6.2665
            ],
            [
              -72.8918,
              6.244
            ],
            [
              -72.8689,
              6.233
            ],
            [
              -72.867,
              6.2206
            ],
            [
              -72.8748,
              6.2145
            ],
            [
              -72.8716,
              6.2013
            ],
            [
              -72.8772,
              6.1788
            ],
            [
              -72.8616,
              6.1707
            ],
            [
              -72.8684,
              6.1445
            ],
            [
              -72.8487,
              6.143
            ],
            [
              -72.8285,
              6.1529
            ],
            [
              -72.8254,
              6.1581
            ],
            [
              -72.8198,
              6.1809
            ],
            [
              -72.8113,
              6.1919
            ],
            [
              -72.804,
              6.2154
            ],
            [
              -72.7934,
              6.2189
            ],
            [
              -72.7796,
              6.2104
            ],
            [
              -72.7671,
              6.2203
            ],
            [
              -72.755,
              6.2188
            ],
            [
              -72.7445,
              6.2353
            ],
            [
              -72.7497,
              6.2526
            ],
            [
              -72.7438,
              6.2593
            ],
            [
              -72.7459,
              6.2749
            ],
            [
              -72.754,
              6.2789
            ],
            [
              -72.7576,
              6.317
            ],
            [
              -72.7499,
              6.3236
            ],
            [
              -72.7484,
              6.3476
            ],
            [
              -72.7314,
              6.3569
            ],
            [
              -72.7258,
              6.3716
            ],
            [
              -72.733,
              6.3857
            ],
            [
              -72.7351,
              6.4322
            ],
            [
              -72.738,
              6.4403
            ],
            [
              -72.7253,
              6.456
            ],
            [
              -72.7368,
              6.473
            ],
            [
              -72.7359,
              6.4907
            ],
            [
              -72.7561,
              6.4939
            ],
            [
              -72.7725,
              6.5085
            ],
            [
              -72.7753,
              6.5236
            ],
            [
              -72.7879,
              6.5318
            ],
            [
              -72.7971,
              6.5301
            ],
            [
              -72.8109,
              6.5424
            ]
          ]
        ]
      },
      "properties": {
        "OBJECTID": 902,
        "DPTO_CCDGO": "27",
        "MPIO_CCDGO": "502",
        "name": "27148",
        "MPIO_CRSLC": "1887",
        "MPIO_NANO_": 1993,
        "MPIO_NAREA": 497.75813718,
        "MPIO_CSMBL": "4",
        "MPIO_CCNCT": "68502",
        "MPIO_NANO": 2012,
        "SHAPE_Leng": 1.23660070788,
        "SHAPE_Area": 0.0406603479301,
        "NOMBRE": "ONZAGA",
        "DANE": {
          "dpto_ccdgo": "68",
          "mpio_ccdgo": "502",
          "mpio_cdpmp": "68502",
          "dpto_cnmbr": "SANTANDER",
          "mpio_cnmbr": "ONZAGA",
          "mpio_crslc": "1887",
          "mpio_tipo": "MUNICIPIO",
          "mpio_narea": 489.228436958,
          "mpio_nano": 2024,
          "shape_Leng": 1.2232960465,
          "shape_Area": 0.039963672538
        }
      }
    },
    {
      "type": "Feature",
      "geometry": {
        "type": "Polygon",
        "coordinates": [
          [
            [
              -73.2826,
              6.5653
            ],
            [
              -73.3037,
              6.5664
            ],
            [
              -73.2881,
              6.5122
            ],
            [
              -73.3104,
              6.5026
            ],
            [
              -73.306,
              6.4908
            ],
            [
              -73.2924,
              6.4849
            ],
            [
              -73.2722,
              6.5108
            ],
            [
              -73.2746,
              6.5392
            ],
            [
              -73.2823,
              6.5539
            ],
            [
              -73.2826,
              6.5653
            ]
          ]
        ]
      },
      "properties": {
        "OBJECTID": 903,
        "DPTO_CCDGO": "27",
        "MPIO_CCDGO": "522",
        "name": "27151",
        "MPIO_CRSLC": "1899",
        "MPIO_NANO_": 1993,
        "MPIO_NAREA": 18.84905564,
        "MPIO_CSMBL": "4",
        "MPIO_CCNCT": "68522",
        "MPIO_NANO": 2012,
        "SHAPE_Leng": 0.255372697549,
        "SHAPE_Area": 0.00154074010116,
        "NOMBRE": "PALMAR",
        "DANE": {
          "dpto_ccdgo": "68",
          "mpio_ccdgo": "522",
          "mpio_cdpmp": "68522",
          "dpto_cnmbr": "SANTANDER",
          "mpio_cnmbr": "PALMAR",
          "mpio_crslc": "1899",
          "mpio_tipo": "MUNICIPIO",
          "mpio_narea": 19.6944416468,
          "mpio_nano": 2024,
          "shape_Leng": 0.270018179119,
          "shape_Area": 0.00160984367677
        }
      }
    },
    {
      "type": "Feature",
      "geometry": {
        "type": "Polygon",
        "coordinates": [
          [
            [
              -73.2264,
              6.409
            ],
            [
              -73.2466,
              6.4126
            ],
            [
              -73.2696,
              6.4216
            ],
            [
              -73.2954,
              6.4242
            ],
            [
              -73.3164,
              6.4166
            ],
            [
              -73.3209,
              6.4003
            ],
            [
              -73.3299,
              6.389
            ],
            [
              -73.3315,
              6.3706
            ],
            [
              -73.3244,
              6.3632
            ],
            [
              -73.3088,
              6.3579
            ],
            [
              -73.3052,
              6.3482
            ],
            [
              -73.297,
              6.3557
            ],
            [
              -73.2965,
              6.368
            ],
            [
              -73.275,
              6.3711
            ],
            [
              -73.2535,
              6.3689
            ],
            [
              -73.2418,
              6.3731
            ],
            [
              -73.2264,
              6.409
            ]
          ]
        ]
      },
      "properties": {
        "OBJECTID": 904,
        "DPTO_CCDGO": "27",
        "MPIO_CCDGO": "524",
        "name": "27154",
        "MPIO_CRSLC": "1785",
        "MPIO_NANO_": 1993,
        "MPIO_NAREA": 59.54490558,
        "MPIO_CSMBL": "4",
        "MPIO_CCNCT": "68524",
        "MPIO_NANO": 2012,
        "SHAPE_Leng": 0.31496575856,
        "SHAPE_Area": 0.00486598860008,
        "NOMBRE": "PALMAS DEL SOCORRO",
        "DANE": {
          "dpto_ccdgo": "68",
          "mpio_ccdgo": "524",
          "mpio_cdpmp": "68524",
          "dpto_cnmbr": "SANTANDER",
          "mpio_cnmbr": "PALMAS DEL SOCORRO",
          "mpio_crslc": "1785",
          "mpio_tipo": "MUNICIPIO",
          "mpio_narea": 58.5411197007,
          "mpio_nano": 2024,
          "shape_Leng": 0.316002108155,
          "shape_Area": 0.00478397064571
        }
      }
    },
    {
      "type": "Feature",
      "geometry": {
        "type": "Polygon",
        "coordinates": [
          [
            [
              -73.1156,
              6.4816
            ],
            [
              -73.1242,
              6.4991
            ],
            [
              -73.1485,
              6.4948
            ],
            [
              -73.1489,
              6.4851
            ],
            [
              -73.1613,
              6.4669
            ],
            [
              -73.1755,
              6.465
            ],
            [
              -73.1789,
              6.4544
            ],
            [
              -73.1901,
              6.4513
            ],
            [
              -73.1917,
              6.4353
            ],
            [
              -73.2016,
              6.4276
            ],
            [
              -73.2096,
              6.407
            ],
            [
              -73.1984,
              6.3949
            ],
            [
              -73.1951,
              6.3762
            ],
            [
              -73.2038,
              6.3603
            ],
            [
              -73.2048,
              6.3297
            ],
            [
              -73.1789,
              6.3457
            ],
            [
              -73.1723,
              6.3448
            ],
            [
              -73.1597,
              6.3556
            ],
            [
              -73.1642,
              6.3832
            ],
            [
              -73.1615,
              6.4027
            ],
            [
              -73.1537,
              6.4436
            ],
            [
              -73.1339,
              6.4667
            ],
            [
              -73.1156,
              6.4816
            ]
          ]
        ]
      },
      "properties": {
        "OBJECTID": 905,
        "DPTO_CCDGO": "27",
        "MPIO_CCDGO": "533",
        "name": "27157",
        "MPIO_CRSLC": "1768",
        "MPIO_NANO_": 1993,
        "MPIO_NAREA": 72.99867426,
        "MPIO_CSMBL": "4",
        "MPIO_CCNCT": "68533",
        "MPIO_NANO": 2012,
        "SHAPE_Leng": 0.488580428105,
        "SHAPE_Area": 0.00596537635853,
        "NOMBRE": "PARAMO",
        "DANE": {
          "dpto_ccdgo": "68",
          "mpio_ccdgo": "533",
          "mpio_cdpmp": "68533",
          "dpto_cnmbr": "SANTANDER",
          "mpio_cnmbr": "PÁRAMO",
          "mpio_crslc": "1768",
          "mpio_tipo": "MUNICIPIO",
          "mpio_narea": 72.9811188554,
          "mpio_nano": 2024,
          "shape_Leng": 0.495256965201,
          "shape_Area": 0.00596394828889
        }
      }
    },
    {
      "type": "Feature",
      "geometry": {
        "type": "Polygon",
        "coordinates": [
          [
            [
              -72.9105,
              7.0819
            ],
            [
              -72.9603,
              7.1079
            ],
            [
              -72.9773,
              7.1111
            ],
            [
              -72.9944,
              7.1088
            ],
            [
              -73.0049,
              7.0993
            ],
            [
              -73.0133,
              7.1021
            ],
            [
              -73.0267,
              7.0937
            ],
            [
              -73.0289,
              7.0677
            ],
            [
              -73.0364,
              7.0522
            ],
            [
              -73.0552,
              7.0414
            ],
            [
              -73.0768,
              7.0349
            ],
            [
              -73.0786,
              7.0237
            ],
            [
              -73.0932,
              7.0332
            ],
            [
              -73.0966,
              7.0228
            ],
            [
              -73.1177,
              7.0191
            ],
            [
              -73.1138,
              6.9827
            ],
            [
              -73.1158,
              6.9696
            ],
            [
              -73.1085,
              6.9634
            ],
            [
              -73.0992,
              6.9349
            ],
            [
              -73.0991,
              6.9183
            ],
            [
              -73.1057,
              6.9105
            ],
            [
              -73.0886,
              6.8911
            ],
            [
              -73.0679,
              6.8827
            ],
            [
              -73.0466,
              6.8669
            ],
            [
              -73.043,
              6.8584
            ],
            [
              -73.02,
              6.8435
            ],
            [
              -73.0037,
              6.8291
            ],
            [
              -73.0042,
              6.8242
            ],
            [
              -72.9861,
              6.8106
            ],
            [
              -72.9824,
              6.7919
            ],
            [
              -72.966,
              6.79
            ],
            [
              -72.9567,
              6.7935
            ],
            [
              -72.9493,
              6.8085
            ],
            [
              -72.9379,
              6.8066
            ],
            [
              -72.932,
              6.8259
            ],
            [
              -72.9182,
              6.8473
            ],
            [
              -72.9146,
              6.8605
            ],
            [
              -72.9184,
              6.8787
            ],
            [
              -72.9275,
              6.871
            ],
            [
              -72.9391,
              6.8719
            ],
            [
              -72.9589,
              6.8923
            ],
            [
              -72.9547,
              6.9023
            ],
            [
              -72.9668,
              6.9078
            ],
            [
              -72.972,
              6.9216
            ],
            [
              -72.9909,
              6.9369
            ],
            [
              -72.9853,
              6.9492
            ],
            [
              -72.9703,
              6.9512
            ],
            [
              -72.9592,
              6.9472
            ],
            [
              -72.9452,
              6.9529
            ],
            [
              -72.9368,
              6.9706
            ],
            [
              -72.9207,
              6.9953
            ],
            [
              -72.9223,
              7.0064
            ],
            [
              -72.9145,
              7.0236
            ],
            [
              -72.9165,
              7.0467
            ],
            [
              -72.9076,
              7.0694
            ],
            [
              -72.9105,
              7.0819
            ]
          ]
        ]
      },
      "properties": {
        "OBJECTID": 906,
        "DPTO_CCDGO": "27",
        "MPIO_CCDGO": "547",
        "name": "27160",
        "MPIO_CRSLC": "1887",
        "MPIO_NANO_": 1993,
        "MPIO_NAREA": 480.94931896,
        "MPIO_CSMBL": "4",
        "MPIO_CCNCT": "68547",
        "MPIO_NANO": 2012,
        "SHAPE_Leng": 1.25170099309,
        "SHAPE_Area": 0.0393416179416,
        "NOMBRE": "PIEDECUESTA",
        "DANE": {
          "dpto_ccdgo": "68",
          "mpio_ccdgo": "547",
          "mpio_cdpmp": "68547",
          "dpto_cnmbr": "SANTANDER",
          "mpio_cnmbr": "PIEDECUESTA",
          "mpio_crslc": "1887",
          "mpio_tipo": "MUNICIPIO",
          "mpio_narea": 484.714003933,
          "mpio_nano": 2024,
          "shape_Leng": 1.26530251571,
          "shape_Area": 0.0396495673762
        }
      }
    },
    {
      "type": "Feature",
      "geometry": {
        "type": "Polygon",
        "coordinates": [
          [
            [
              -73.1485,
              6.4948
            ],
            [
              -73.1394,
              6.5269
            ],
            [
              -73.146,
              6.5435
            ],
            [
              -73.1535,
              6.5471
            ],
            [
              -73.1541,
              6.5598
            ],
            [
              -73.1698,
              6.5505
            ],
            [
              -73.2039,
              6.5424
            ],
            [
              -73.2109,
              6.533
            ],
            [
              -73.2258,
              6.5261
            ],
            [
              -73.2157,
              6.5127
            ],
            [
              -73.1985,
              6.5001
            ],
            [
              -73.196,
              6.485
            ],
            [
              -73.1826,
              6.4804
            ],
            [
              -73.1755,
              6.465
            ],
            [
              -73.1613,
              6.4669
            ],
            [
              -73.1489,
              6.4851
            ],
            [
              -73.1485,
              6.4948
            ]
          ]
        ]
      },
      "properties": {
        "OBJECTID": 907,
        "DPTO_CCDGO": "27",
        "MPIO_CCDGO": "549",
        "name": "27163",
        "MPIO_CRSLC": "1887",
        "MPIO_NANO_": 1993,
        "MPIO_NAREA": 53.93392584,
        "MPIO_CSMBL": "4",
        "MPIO_CCNCT": "68549",
        "MPIO_NANO": 2012,
        "SHAPE_Leng": 0.314112441692,
        "SHAPE_Area": 0.00440827035037,
        "NOMBRE": "PINCHOTE",
        "DANE": {
          "dpto_ccdgo": "68",
          "mpio_ccdgo": "549",
          "mpio_cdpmp": "68549",
          "dpto_cnmbr": "SANTANDER",
          "mpio_cnmbr": "PINCHOTE",
          "mpio_crslc": "1887",
          "mpio_tipo": "MUNICIPIO",
          "mpio_narea": 55.5350473483,
          "mpio_nano": 2024,
          "shape_Leng": 0.313897237485,
          "shape_Area": 0.00453913183022
        }
      }
    },
    {
      "type": "Feature",
      "geometry": {
        "type": "Polygon",
        "coordinates": [
          [
            [
              -73.6359,
              5.9112
            ],
            [
              -73.6531,
              5.9248
            ],
            [
              -73.6631,
              5.9273
            ],
            [
              -73.6714,
              5.9183
            ],
            [
              -73.6904,
              5.9135
            ],
            [
              -73.7008,
              5.9001
            ],
            [
              -73.7111,
              5.9009
            ],
            [
              -73.7343,
              5.9107
            ],
            [
              -73.7428,
              5.8954
            ],
            [
              -73.7508,
              5.8931
            ],
            [
              -73.7429,
              5.8799
            ],
            [
              -73.7439,
              5.8705
            ],
            [
              -73.7375,
              5.8416
            ],
            [
              -73.7507,
              5.8271
            ],
            [
              -73.7556,
              5.8045
            ],
            [
              -73.7523,
              5.7886
            ],
            [
              -73.7627,
              5.7732
            ],
            [
              -73.749,
              5.7687
            ],
            [
              -73.7305,
              5.77
            ],
            [
              -73.7109,
              5.7765
            ],
            [
              -73.6937,
              5.7577
            ],
            [
              -73.6729,
              5.7483
            ],
            [
              -73.6637,
              5.7281
            ],
            [
              -73.6518,
              5.7124
            ],
            [
              -73.6388,
              5.7241
            ],
            [
              -73.6295,
              5.7475
            ],
            [
              -73.6262,
              5.7786
            ],
            [
              -73.6292,
              5.7895
            ],
            [
              -73.6189,
              5.8272
            ],
            [
              -73.6077,
              5.8487
            ],
            [
              -73.6002,
              5.8694
            ],
            [
              -73.6113,
              5.8871
            ],
            [
              -73.6303,
              5.8942
            ],
            [
              -73.6359,
              5.9112
            ]
          ]
        ]
      },
      "properties": {
        "OBJECTID": 908,
        "DPTO_CCDGO": "27",
        "MPIO_CCDGO": "572",
        "name": "27166",
        "MPIO_CRSLC": "1762",
        "MPIO_NANO_": 1993,
        "MPIO_NAREA": 252.19971313,
        "MPIO_CSMBL": "4",
        "MPIO_CCNCT": "68572",
        "MPIO_NANO": 2012,
        "SHAPE_Leng": 0.75677883888,
        "SHAPE_Area": 0.0205916434046,
        "NOMBRE": "PUENTE NACIONAL",
        "DANE": {
          "dpto_ccdgo": "68",
          "mpio_ccdgo": "572",
          "mpio_cdpmp": "68572",
          "dpto_cnmbr": "SANTANDER",
          "mpio_cnmbr": "PUENTE NACIONAL",
          "mpio_crslc": "1762",
          "mpio_tipo": "MUNICIPIO",
          "mpio_narea": 251.678548312,
          "mpio_nano": 2024,
          "shape_Leng": 0.75590868894,
          "shape_Area": 0.0205491027888
        }
      }
    },
    {
      "type": "Feature",
      "geometry": {
        "type": "Polygon",
        "coordinates": [
          [
            [
              -73.7614,
              6.5529
            ],
            [
              -73.7532,
              6.5635
            ],
            [
              -73.7622,
              6.5722
            ],
            [
              -73.7785,
              6.5724
            ],
            [
              -73.792,
              6.578
            ],
            [
              -73.8013,
              6.5973
            ],
            [
              -73.7846,
              6.6049
            ],
            [
              -73.7806,
              6.6145
            ],
            [
              -73.7893,
              6.6212
            ],
            [
              -73.7922,
              6.6325
            ],
            [
              -73.8119,
              6.634
            ],
            [
              -73.8207,
              6.6263
            ],
            [
              -73.8347,
              6.6363
            ],
            [
              -73.8388,
              6.6508
            ],
            [
              -73.8339,
              6.6574
            ],
            [
              -73.8398,
              6.669
            ],
            [
              -73.8536,
              6.6756
            ],
            [
              -73.8485,
              6.6958
            ],
            [
              -73.8634,
              6.703
            ],
            [
              -73.8802,
              6.7254
            ],
            [
              -73.8794,
              6.7387
            ],
            [
              -73.8943,
              6.7344
            ],
            [
              -73.8992,
              6.7448
            ],
            [
              -73.9176,
              6.7656
            ],
            [
              -73.9389,
              6.7732
            ],
            [
              -73.9487,
              6.782
            ],
            [
              -73.9593,
              6.8053
            ],
            [
              -73.9553,
              6.818
            ],
            [
              -73.9457,
              6.8265
            ],
            [
              -73.9377,
              6.8639
            ],
            [
              -73.9494,
              6.8889
            ],
            [
              -74.0109,
              6.85
            ],
            [
              -74.0234,
              6.8507
            ],
            [
              -74.0266,
              6.8399
            ],
            [
              -74.0387,
              6.8408
            ],
            [
              -74.0505,
              6.8332
            ],
            [
              -74.0441,
              6.8188
            ],
            [
              -74.0555,
              6.8104
            ],
            [
              -74.094,
              6.8041
            ],
            [
              -74.1096,
              6.7768
            ],
            [
              -74.1062,
              6.7736
            ],
            [
              -74.1054,
              6.7363
            ],
            [
              -74.0985,
              6.702
            ],
            [
              -74.0902,
              6.6944
            ],
            [
              -74.0944,
              6.683
            ],
            [
              -74.0885,
              6.6723
            ],
            [
              -74.097,
              6.6563
            ],
            [
              -74.0846,
              6.6516
            ],
            [
              -74.0695,
              6.6573
            ],
            [
              -74.0639,
              6.6353
            ],
            [
              -74.0688,
              6.6136
            ],
            [
              -74.0635,
              6.5998
            ],
            [
              -74.0533,
              6.6029
            ],
            [
              -74.0414,
              6.5975
            ],
            [
              -74.0192,
              6.6005
            ],
            [
              -74.0034,
              6.5962
            ],
            [
              -73.9566,
              6.5769
            ],
            [
              -73.9428,
              6.5646
            ],
            [
              -73.9413,
              6.5519
            ],
            [
              -73.9336,
              6.5443
            ],
            [
              -73.9129,
              6.551
            ],
            [
              -73.9039,
              6.5584
            ],
            [
              -73.8832,
              6.5492
            ],
            [
              -73.8738,
              6.5486
            ],
            [
              -73.8743,
              6.5159
            ],
            [
              -73.8708,
              6.513
            ],
            [
              -73.8603,
              6.5212
            ],
            [
              -73.8445,
              6.5128
            ],
            [
              -73.8299,
              6.5323
            ],
            [
              -73.8126,
              6.5486
            ],
            [
              -73.8103,
              6.5585
            ],
            [
              -73.7978,
              6.5625
            ],
            [
              -73.781,
              6.5523
            ],
            [
              -73.7614,
              6.5529
            ]
          ]
        ]
      },
      "properties": {
        "OBJECTID": 909,
        "DPTO_CCDGO": "27",
        "MPIO_CCDGO": "573",
        "name": "27167",
        "MPIO_CRSLC": "Ordenanza 20 de 1980. Decreto 0407 de 1981",
        "MPIO_NANO_": 1993,
        "MPIO_NAREA": 762.10952201,
        "MPIO_CSMBL": "4",
        "MPIO_CCNCT": "68573",
        "MPIO_NANO": 2012,
        "SHAPE_Leng": 2.05304123021,
        "SHAPE_Area": 0.0623266690956,
        "NOMBRE": "PUERTO PARRA",
        "DANE": {
          "dpto_ccdgo": "68",
          "mpio_ccdgo": "573",
          "mpio_cdpmp": "68573",
          "dpto_cnmbr": "SANTANDER",
          "mpio_cnmbr": "PUERTO PARRA",
          "mpio_crslc": "Ordenanza 20 de 1980. Decreto 0407 de 1981",
          "mpio_tipo": "MUNICIPIO",
          "mpio_narea": 762.344600576,
          "mpio_nano": 2024,
          "shape_Leng": 2.19831504523,
          "shape_Area": 0.0623459020694
        }
      }
    },
    {
      "type": "Feature",
      "geometry": {
        "type": "Polygon",
        "coordinates": [
          [
            [
              -73.7209,
              8.0092
            ],
            [
              -73.7323,
              8.0307
            ],
            [
              -73.7441,
              8.0411
            ],
            [
              -73.7441,
              8.0529
            ],
            [
              -73.7645,
              8.0636
            ],
            [
              -73.7761,
              8.0943
            ],
            [
              -73.7739,
              8.1135
            ],
            [
              -73.7753,
              8.145
            ],
            [
              -73.7863,
              8.1344
            ],
            [
              -73.8068,
              8.1304
            ],
            [
              -73.8236,
              8.1056
            ],
            [
              -73.8615,
              8.0785
            ],
            [
              -73.8676,
              8.0636
            ],
            [
              -73.8665,
              8.0531
            ],
            [
              -73.8717,
              8.0188
            ],
            [
              -73.869,
              7.9893
            ],
            [
              -73.8614,
              7.9713
            ],
            [
              -73.8392,
              7.9503
            ],
            [
              -73.8311,
              7.932
            ],
            [
              -73.8356,
              7.9033
            ],
            [
              -73.834,
              7.885
            ],
            [
              -73.8212,
              7.8649
            ],
            [
              -73.8198,
              7.8479
            ],
            [
              -73.8221,
              7.8258
            ],
            [
              -73.8107,
              7.809
            ],
            [
              -73.798,
              7.7717
            ],
            [
              -73.8182,
              7.7428
            ],
            [
              -73.8319,
              7.7298
            ],
            [
              -73.8109,
              7.7062
            ],
            [
              -73.8155,
              7.6918
            ],
            [
              -73.8089,
              7.6698
            ],
            [
              -73.7982,
              7.6569
            ],
            [
              -73.8034,
              7.6445
            ],
            [
              -73.812,
              7.6469
            ],
            [
              -73.8185,
              7.6364
            ],
            [
              -73.8108,
              7.6239
            ],
            [
              -73.8144,
              7.6102
            ],
            [
              -73.8269,
              7.6044
            ],
            [
              -73.8305,
              7.5757
            ],
            [
              -73.8398,
              7.5675
            ],
            [
              -73.8465,
              7.5416
            ],
            [
              -73.8539,
              7.5323
            ],
            [
              -73.865,
              7.5337
            ],
            [
              -73.8777,
              7.5171
            ],
            [
              -73.8797,
              7.5082
            ],
            [
              -73.91,
              7.4979
            ],
            [
              -73.9168,
              7.4718
            ],
            [
              -73.9082,
              7.4608
            ],
            [
              -73.8954,
              7.4301
            ],
            [
              -73.896,
              7.4088
            ],
            [
              -73.9009,
              7.3862
            ],
            [
              -73.9075,
              7.3814
            ],
            [
              -73.904,
              7.3591
            ],
            [
              -73.9137,
              7.3185
            ],
            [
              -73.9159,
              7.2956
            ],
            [
              -73.9247,
              7.2612
            ],
            [
              -73.92,
              7.2418
            ],
            [
              -73.9235,
              7.2135
            ],
            [
              -73.9016,
              7.1905
            ],
            [
              -73.868,
              7.2018
            ],
            [
              -73.8537,
              7.2156
            ],
            [
              -73.8179,
              7.2349
            ],
            [
              -73.8079,
              7.2289
            ],
            [
              -73.7938,
              7.2296
            ],
            [
              -73.7925,
              7.2417
            ],
            [
              -73.7776,
              7.2445
            ],
            [
              -73.7607,
              7.2424
            ],
            [
              -73.7465,
              7.2314
            ],
            [
              -73.7324,
              7.2391
            ],
            [
              -73.7194,
              7.2543
            ],
            [
              -73.6902,
              7.2513
            ],
            [
              -73.6688,
              7.244
            ],
            [
              -73.6646,
              7.2272
            ],
            [
              -73.6499,
              7.225
            ],
            [
              -73.6327,
              7.2122
            ],
            [
              -73.62,
              7.2115
            ],
            [
              -73.6131,
              7.191
            ],
            [
              -73.5762,
              7.2734
            ],
            [
              -73.6096,
              7.2988
            ],
            [
              -73.6249,
              7.297
            ],
            [
              -73.6434,
              7.3079
            ],
            [
              -73.6514,
              7.3187
            ],
            [
              -73.6474,
              7.3422
            ],
            [
              -73.6815,
              7.3651
            ],
            [
              -73.6949,
              7.3613
            ],
            [
              -73.7047,
              7.3864
            ],
            [
              -73.7115,
              7.387
            ],
            [
              -73.7265,
              7.3995
            ],
            [
              -73.7488,
              7.4026
            ],
            [
              -73.7493,
              7.4127
            ],
            [
              -73.758,
              7.4189
            ],
            [
              -73.7757,
              7.4225
            ],
            [
              -73.7768,
              7.4317
            ],
            [
              -73.7714,
              7.4515
            ],
            [
              -73.7764,
              7.4798
            ],
            [
              -73.7712,
              7.5167
            ],
            [
              -73.7748,
              7.5294
            ],
            [
              -73.7247,
              7.587
            ],
            [
              -73.7444,
              7.6058
            ],
            [
              -73.7451,
              7.6234
            ],
            [
              -73.7519,
              7.6333
            ],
            [
              -73.7647,
              7.6383
            ],
            [
              -73.7583,
              7.6625
            ],
            [
              -73.767,
              7.6718
            ],
            [
              -73.7601,
              7.6951
            ],
            [
              -73.755,
              7.7103
            ],
            [
              -73.7603,
              7.7173
            ],
            [
              -73.7539,
              7.7326
            ],
            [
              -73.7526,
              7.7507
            ],
            [
              -73.7606,
              7.7622
            ],
            [
              -73.7377,
              7.7835
            ],
            [
              -73.7415,
              7.796
            ],
            [
              -73.751,
              7.8036
            ],
            [
              -73.7511,
              7.8198
            ],
            [
              -73.7442,
              7.8302
            ],
            [
              -73.7247,
              7.8374
            ],
            [
              -73.7245,
              7.8435
            ],
            [
              -73.7099,
              7.8631
            ],
            [
              -73.7008,
              7.8657
            ],
            [
              -73.6902,
              7.8836
            ],
            [
              -73.6706,
              7.8943
            ],
            [
              -73.6776,
              7.9128
            ],
            [
              -73.6726,
              7.9273
            ],
            [
              -73.6763,
              7.9428
            ],
            [
              -73.6975,
              7.9513
            ],
            [
              -73.7093,
              7.97
            ],
            [
              -73.7235,
              7.971
            ],
            [
              -73.7209,
              8.0092
            ]
          ]
        ]
      },
      "properties": {
        "OBJECTID": 910,
        "DPTO_CCDGO": "27",
        "MPIO_CCDGO": "575",
        "name": "27169",
        "MPIO_CRSLC": "1887",
        "MPIO_NANO_": 1993,
        "MPIO_NAREA": 1491.95388542,
        "MPIO_CSMBL": "4",
        "MPIO_CCNCT": "68575",
        "MPIO_NANO": 2012,
        "SHAPE_Leng": 3.25143733186,
        "SHAPE_Area": 0.122246280767,
        "NOMBRE": "PUERTO WILCHES",
        "DANE": {
          "dpto_ccdgo": "68",
          "mpio_ccdgo": "575",
          "mpio_cdpmp": "68575",
          "dpto_cnmbr": "SANTANDER",
          "mpio_cnmbr": "PUERTO WILCHES",
          "mpio_crslc": "1887",
          "mpio_tipo": "MUNICIPIO",
          "mpio_narea": 1481.87058446,
          "mpio_nano": 2024,
          "shape_Leng": 3.28832803116,
          "shape_Area": 0.121420795745
        }
      }
    },
    {
      "type": "Feature",
      "geometry": {
        "type": "Polygon",
        "coordinates": [
          [
            [
              -73.3698,
              7.5634
            ],
            [
              -73.387,
              7.5822
            ],
            [
              -73.3992,
              7.5767
            ],
            [
              -73.3955,
              7.5679
            ],
            [
              -73.4103,
              7.5653
            ],
            [
              -73.4396,
              7.5741
            ],
            [
              -73.4626,
              7.5746
            ],
            [
              -73.4771,
              7.5854
            ],
            [
              -73.506,
              7.5996
            ],
            [
              -73.5086,
              7.6115
            ],
            [
              -73.5205,
              7.6243
            ],
            [
              -73.5169,
              7.637
            ],
            [
              -73.5271,
              7.6446
            ],
            [
              -73.5384,
              7.6635
            ],
            [
              -73.5609,
              7.677
            ],
            [
              -73.5572,
              7.6877
            ],
            [
              -73.5729,
              7.6986
            ],
            [
              -73.5819,
              7.6953
            ],
            [
              -73.5969,
              7.7013
            ],
            [
              -73.6027,
              7.7129
            ],
            [
              -73.599,
              7.724
            ],
            [
              -73.6139,
              7.7312
            ],
            [
              -73.633,
              7.7492
            ],
            [
              -73.7526,
              7.7507
            ],
            [
              -73.7539,
              7.7326
            ],
            [
              -73.7603,
              7.7173
            ],
            [
              -73.755,
              7.7103
            ],
            [
              -73.7601,
              7.6951
            ],
            [
              -73.7543,
              7.6807
            ],
            [
              -73.733,
              7.6761
            ],
            [
              -73.7194,
              7.6605
            ],
            [
              -73.7062,
              7.6705
            ],
            [
              -73.6955,
              7.6726
            ],
            [
              -73.6853,
              7.6583
            ],
            [
              -73.6669,
              7.6426
            ],
            [
              -73.653,
              7.6355
            ],
            [
              -73.6504,
              7.6037
            ],
            [
              -73.6413,
              7.6108
            ],
            [
              -73.6141,
              7.6047
            ],
            [
              -73.6095,
              7.5992
            ],
            [
              -73.5826,
              7.5912
            ],
            [
              -73.5667,
              7.5892
            ],
            [
              -73.5564,
              7.5715
            ],
            [
              -73.5534,
              7.5519
            ],
            [
              -73.5389,
              7.5474
            ],
            [
              -73.5283,
              7.5217
            ],
            [
              -73.5091,
              7.5048
            ],
            [
              -73.5015,
              7.5104
            ],
            [
              -73.4775,
              7.5015
            ],
            [
              -73.4622,
              7.483
            ],
            [
              -73.4643,
              7.4678
            ],
            [
              -73.4516,
              7.4659
            ],
            [
              -73.4538,
              7.4552
            ],
            [
              -73.421,
              7.4067
            ],
            [
              -73.3966,
              7.4035
            ],
            [
              -73.3758,
              7.4071
            ],
            [
              -73.3711,
              7.4211
            ],
            [
              -73.3552,
              7.4242
            ],
            [
              -73.3473,
              7.4174
            ],
            [
              -73.3476,
              7.3989
            ],
            [
              -73.3432,
              7.381
            ],
            [
              -73.3487,
              7.3729
            ],
            [
              -73.3402,
              7.3528
            ],
            [
              -73.3464,
              7.3379
            ],
            [
              -73.3289,
              7.335
            ],
            [
              -73.3136,
              7.3507
            ],
            [
              -73.287,
              7.3512
            ],
            [
              -73.2879,
              7.3361
            ],
            [
              -73.2786,
              7.3336
            ],
            [
              -73.2794,
              7.3213
            ],
            [
              -73.2738,
              7.3
            ],
            [
              -73.2563,
              7.2832
            ],
            [
              -73.2496,
              7.2567
            ],
            [
              -73.2505,
              7.2416
            ],
            [
              -73.2395,
              7.2376
            ],
            [
              -73.226,
              7.2233
            ],
            [
              -73.2031,
              7.2199
            ],
            [
              -73.1776,
              7.208
            ],
            [
              -73.1636,
              7.2106
            ],
            [
              -73.1576,
              7.2163
            ],
            [
              -73.1345,
              7.2133
            ],
            [
              -73.1236,
              7.2182
            ],
            [
              -73.1122,
              7.2314
            ],
            [
              -73.1068,
              7.2456
            ],
            [
              -73.0816,
              7.2666
            ],
            [
              -73.0802,
              7.2722
            ],
            [
              -73.091,
              7.2879
            ],
            [
              -73.1086,
              7.2888
            ],
            [
              -73.1124,
              7.3054
            ],
            [
              -73.1087,
              7.3177
            ],
            [
              -73.1189,
              7.3256
            ],
            [
              -73.1067,
              7.3549
            ],
            [
              -73.0964,
              7.3686
            ],
            [
              -73.1104,
              7.3828
            ],
            [
              -73.0877,
              7.4217
            ],
            [
              -73.0785,
              7.4573
            ],
            [
              -73.078,
              7.4724
            ],
            [
              -73.0974,
              7.4741
            ],
            [
              -73.1114,
              7.463
            ],
            [
              -73.1304,
              7.4396
            ],
            [
              -73.1456,
              7.4381
            ],
            [
              -73.1698,
              7.4284
            ],
            [
              -73.1713,
              7.4187
            ],
            [
              -73.1889,
              7.4155
            ],
            [
              -73.1964,
              7.4436
            ],
            [
              -73.2087,
              7.4496
            ],
            [
              -73.2161,
              7.4422
            ],
            [
              -73.2297,
              7.4506
            ],
            [
              -73.2442,
              7.4435
            ],
            [
              -73.2483,
              7.4333
            ],
            [
              -73.2715,
              7.4374
            ],
            [
              -73.2845,
              7.4308
            ],
            [
              -73.2988,
              7.4341
            ],
            [
              -73.3079,
              7.447
            ],
            [
              -73.2933,
              7.4584
            ],
            [
              -73.3008,
              7.4724
            ],
            [
              -73.3254,
              7.4977
            ],
            [
              -73.3174,
              7.5064
            ],
            [
              -73.3172,
              7.5163
            ],
            [
              -73.2938,
              7.5353
            ],
            [
              -73.2819,
              7.5482
            ],
            [
              -73.3097,
              7.5458
            ],
            [
              -73.3201,
              7.5489
            ],
            [
              -73.349,
              7.544
            ],
            [
              -73.3637,
              7.5474
            ],
            [
              -73.3698,
              7.5634
            ]
          ]
        ]
      },
      "properties": {
        "OBJECTID": 911,
        "DPTO_CCDGO": "27",
        "MPIO_CCDGO": "615",
        "name": "27172",
        "MPIO_CRSLC": "1899",
        "MPIO_NANO_": 1993,
        "MPIO_NAREA": 1278.2331653,
        "MPIO_CSMBL": "4",
        "MPIO_CCNCT": "68615",
        "MPIO_NANO": 2012,
        "SHAPE_Leng": 3.46864503308,
        "SHAPE_Area": 0.10470260836,
        "NOMBRE": "RIONEGRO",
        "DANE": {
          "dpto_ccdgo": "68",
          "mpio_ccdgo": "615",
          "mpio_cdpmp": "68615",
          "dpto_cnmbr": "SANTANDER",
          "mpio_cnmbr": "RIONEGRO",
          "mpio_crslc": "1899",
          "mpio_tipo": "MUNICIPIO",
          "mpio_narea": 1168.43222322,
          "mpio_nano": 2024,
          "shape_Leng": 3.18309110081,
          "shape_Area": 0.0957011427092
        }
      }
    },
    {
      "type": "Feature",
      "geometry": {
        "type": "Polygon",
        "coordinates": [
          [
            [
              -73.3966,
              7.4035
            ],
            [
              -73.421,
              7.4067
            ],
            [
              -73.4538,
              7.4552
            ],
            [
              -73.4516,
              7.4659
            ],
            [
              -73.4643,
              7.4678
            ],
            [
              -73.4622,
              7.483
            ],
            [
              -73.4775,
              7.5015
            ],
            [
              -73.5015,
              7.5104
            ],
            [
              -73.5091,
              7.5048
            ],
            [
              -73.5283,
              7.5217
            ],
            [
              -73.5389,
              7.5474
            ],
            [
              -73.5534,
              7.5519
            ],
            [
              -73.5564,
              7.5715
            ],
            [
              -73.5667,
              7.5892
            ],
            [
              -73.5826,
              7.5912
            ],
            [
              -73.6095,
              7.5992
            ],
            [
              -73.6141,
              7.6047
            ],
            [
              -73.6413,
              7.6108
            ],
            [
              -73.6504,
              7.6037
            ],
            [
              -73.653,
              7.6355
            ],
            [
              -73.6669,
              7.6426
            ],
            [
              -73.6853,
              7.6583
            ],
            [
              -73.6955,
              7.6726
            ],
            [
              -73.7062,
              7.6705
            ],
            [
              -73.7194,
              7.6605
            ],
            [
              -73.733,
              7.6761
            ],
            [
              -73.7543,
              7.6807
            ],
            [
              -73.7601,
              7.6951
            ],
            [
              -73.767,
              7.6718
            ],
            [
              -73.7583,
              7.6625
            ],
            [
              -73.7647,
              7.6383
            ],
            [
              -73.7519,
              7.6333
            ],
            [
              -73.7451,
              7.6234
            ],
            [
              -73.7444,
              7.6058
            ],
            [
              -73.7247,
              7.587
            ],
            [
              -73.7748,
              7.5294
            ],
            [
              -73.7712,
              7.5167
            ],
            [
              -73.7764,
              7.4798
            ],
            [
              -73.7714,
              7.4515
            ],
            [
              -73.7768,
              7.4317
            ],
            [
              -73.7757,
              7.4225
            ],
            [
              -73.758,
              7.4189
            ],
            [
              -73.7493,
              7.4127
            ],
            [
              -73.7488,
              7.4026
            ],
            [
              -73.7265,
              7.3995
            ],
            [
              -73.7115,
              7.387
            ],
            [
              -73.7047,
              7.3864
            ],
            [
              -73.6949,
              7.3613
            ],
            [
              -73.6815,
              7.3651
            ],
            [
              -73.6474,
              7.3422
            ],
            [
              -73.6514,
              7.3187
            ],
            [
              -73.6434,
              7.3079
            ],
            [
              -73.6249,
              7.297
            ],
            [
              -73.6096,
              7.2988
            ],
            [
              -73.5762,
              7.2734
            ],
            [
              -73.6131,
              7.191
            ],
            [
              -73.6018,
              7.1897
            ],
            [
              -73.5905,
              7.1809
            ],
            [
              -73.5785,
              7.1867
            ],
            [
              -73.5681,
              7.1835
            ],
            [
              -73.5688,
              7.1719
            ],
            [
              -73.5514,
              7.1637
            ],
            [
              -73.5292,
              7.1593
            ],
            [
              -73.5182,
              7.1699
            ],
            [
              -73.4763,
              7.1644
            ],
            [
              -73.4584,
              7.1589
            ],
            [
              -73.4477,
              7.1655
            ],
            [
              -73.437,
              7.181
            ],
            [
              -73.4321,
              7.1902
            ],
            [
              -73.4086,
              7.204
            ],
            [
              -73.3996,
              7.2054
            ],
            [
              -73.3822,
              7.2389
            ],
            [
              -73.3635,
              7.2652
            ],
            [
              -73.3557,
              7.2848
            ],
            [
              -73.3664,
              7.2959
            ],
            [
              -73.3705,
              7.3122
            ],
            [
              -73.3664,
              7.3384
            ],
            [
              -73.3691,
              7.3555
            ],
            [
              -73.382,
              7.3787
            ],
            [
              -73.3719,
              7.3964
            ],
            [
              -73.3844,
              7.4039
            ],
            [
              -73.3966,
              7.4035
            ]
          ]
        ]
      },
      "properties": {
        "OBJECTID": 912,
        "DPTO_CCDGO": "27",
        "MPIO_CCDGO": "655",
        "name": "27174",
        "MPIO_CRSLC": "Ordenanza 16 del 29 de Noviembre de 1973",
        "MPIO_NANO_": 1993,
        "MPIO_NAREA": 1442.7302557,
        "MPIO_CSMBL": "4",
        "MPIO_CCNCT": "68655",
        "MPIO_NANO": 2012,
        "SHAPE_Leng": 2.25734512876,
        "SHAPE_Area": 0.118159088447,
        "NOMBRE": "SABANA DE TORRES",
        "DANE": {
          "dpto_ccdgo": "68",
          "mpio_ccdgo": "655",
          "mpio_cdpmp": "68655",
          "dpto_cnmbr": "SANTANDER",
          "mpio_cnmbr": "SABANA DE TORRES",
          "mpio_crslc": "Ordenanza 16 del 29 de Noviembre de 1973",
          "mpio_tipo": "MUNICIPIO",
          "mpio_narea": 1429.00296037,
          "mpio_nano": 2024,
          "shape_Leng": 2.35718127176,
          "shape_Area": 0.117034049718
        }
      }
    },
    {
      "type": "Feature",
      "geometry": {
        "type": "Polygon",
        "coordinates": [
          [
            [
              -72.7578,
              6.8271
            ],
            [
              -72.7405,
              6.8557
            ],
            [
              -72.7443,
              6.869
            ],
            [
              -72.737,
              6.8824
            ],
            [
              -72.741,
              6.9129
            ],
            [
              -72.7332,
              6.927
            ],
            [
              -72.7312,
              6.9401
            ],
            [
              -72.7469,
              6.9576
            ],
            [
              -72.7431,
              6.931
            ],
            [
              -72.7555,
              6.9117
            ],
            [
              -72.7667,
              6.9014
            ],
            [
              -72.8014,
              6.8974
            ],
            [
              -72.8257,
              6.8794
            ],
            [
              -72.8296,
              6.8552
            ],
            [
              -72.8353,
              6.841
            ],
            [
              -72.8572,
              6.8331
            ],
            [
              -72.8863,
              6.8391
            ],
            [
              -72.8894,
              6.8315
            ],
            [
              -72.8848,
              6.8145
            ],
            [
              -72.8898,
              6.7679
            ],
            [
              -72.8949,
              6.7535
            ],
            [
              -72.8799,
              6.7177
            ],
            [
              -72.9043,
              6.7075
            ],
            [
              -72.909,
              6.6828
            ],
            [
              -72.8861,
              6.6959
            ],
            [
              -72.8685,
              6.6846
            ],
            [
              -72.8348,
              6.6896
            ],
            [
              -72.8297,
              6.7097
            ],
            [
              -72.7888,
              6.7299
            ],
            [
              -72.7753,
              6.7245
            ],
            [
              -72.7582,
              6.7439
            ],
            [
              -72.7577,
              6.7646
            ],
            [
              -72.7535,
              6.7837
            ],
            [
              -72.7578,
              6.8271
            ]
          ]
        ]
      },
      "properties": {
        "OBJECTID": 913,
        "DPTO_CCDGO": "27",
        "MPIO_CCDGO": "669",
        "name": "27175",
        "MPIO_CRSLC": "1887",
        "MPIO_NANO_": 1993,
        "MPIO_NAREA": 280.97488599,
        "MPIO_CSMBL": "4",
        "MPIO_CCNCT": "68669",
        "MPIO_NANO": 2012,
        "SHAPE_Leng": 0.873059214783,
        "SHAPE_Area": 0.022972804114,
        "NOMBRE": "SAN ANDRES",
        "DANE": {
          "dpto_ccdgo": "68",
          "mpio_ccdgo": "669",
          "mpio_cdpmp": "68669",
          "dpto_cnmbr": "SANTANDER",
          "mpio_cnmbr": "SAN ANDRÉS",
          "mpio_crslc": "1887",
          "mpio_tipo": "MUNICIPIO",
          "mpio_narea": 281.55885528,
          "mpio_nano": 2024,
          "shape_Leng": 0.882292173288,
          "shape_Area": 0.0230205740937
        }
      }
    },
    {
      "type": "Feature",
      "geometry": {
        "type": "Polygon",
        "coordinates": [
          [
            [
              -73.4817,
              6.1636
            ],
            [
              -73.4911,
              6.1644
            ],
            [
              -73.5062,
              6.1478
            ],
            [
              -73.5187,
              6.148
            ],
            [
              -73.527,
              6.1399
            ],
            [
              -73.5239,
              6.1282
            ],
            [
              -73.5428,
              6.1104
            ],
            [
              -73.5635,
              6.096
            ],
            [
              -73.5637,
              6.0891
            ],
            [
              -73.5792,
              6.0866
            ],
            [
              -73.5786,
              6.0803
            ],
            [
              -73.5711,
              6.0606
            ],
            [
              -73.5497,
              6.046
            ],
            [
              -73.5371,
              6.042
            ],
            [
              -73.5319,
              6.0492
            ],
            [
              -73.5256,
              6.0777
            ],
            [
              -73.5139,
              6.0873
            ],
            [
              -73.5132,
              6.0995
            ],
            [
              -73.4974,
              6.108
            ],
            [
              -73.491,
              6.1274
            ],
            [
              -73.4786,
              6.1416
            ],
            [
              -73.4738,
              6.1558
            ],
            [
              -73.4817,
              6.1636
            ]
          ]
        ]
      },
      "properties": {
        "OBJECTID": 914,
        "DPTO_CCDGO": "27",
        "MPIO_CCDGO": "673",
        "name": "27178",
        "MPIO_CRSLC": "1899",
        "MPIO_NANO_": 1993,
        "MPIO_NAREA": 59.07018441,
        "MPIO_CSMBL": "4",
        "MPIO_CCNCT": "68673",
        "MPIO_NANO": 2012,
        "SHAPE_Leng": 0.372285088039,
        "SHAPE_Area": 0.00482506168936,
        "NOMBRE": "SAN BENITO",
        "DANE": {
          "dpto_ccdgo": "68",
          "mpio_ccdgo": "673",
          "mpio_cdpmp": "68673",
          "dpto_cnmbr": "SANTANDER",
          "mpio_cnmbr": "SAN BENITO",
          "mpio_crslc": "1899",
          "mpio_tipo": "MUNICIPIO",
          "mpio_narea": 59.1130221456,
          "mpio_nano": 2024,
          "shape_Leng": 0.412158189701,
          "shape_Area": 0.00482858240511
        }
      }
    },
    {
      "type": "Feature",
      "geometry": {
        "type": "Polygon",
        "coordinates": [
          [
            [
              -73.2039,
              6.5424
            ],
            [
              -73.1698,
              6.5505
            ],
            [
              -73.1541,
              6.5598
            ],
            [
              -73.1535,
              6.5471
            ],
            [
              -73.146,
              6.5435
            ],
            [
              -73.1394,
              6.5269
            ],
            [
              -73.1485,
              6.4948
            ],
            [
              -73.1242,
              6.4991
            ],
            [
              -73.1156,
              6.4816
            ],
            [
              -73.0894,
              6.4837
            ],
            [
              -73.0751,
              6.4818
            ],
            [
              -73.0611,
              6.5046
            ],
            [
              -73.0522,
              6.5077
            ],
            [
              -73.0416,
              6.5246
            ],
            [
              -73.0294,
              6.5296
            ],
            [
              -73.0298,
              6.5377
            ],
            [
              -73.0533,
              6.5448
            ],
            [
              -73.0659,
              6.5555
            ],
            [
              -73.0716,
              6.5519
            ],
            [
              -73.09,
              6.568
            ],
            [
              -73.1074,
              6.5624
            ],
            [
              -73.112,
              6.5847
            ],
            [
              -73.108,
              6.61
            ],
            [
              -73.0995,
              6.6307
            ],
            [
              -73.1107,
              6.6493
            ],
            [
              -73.1204,
              6.6425
            ],
            [
              -73.1177,
              6.633
            ],
            [
              -73.1227,
              6.6206
            ],
            [
              -73.1337,
              6.6223
            ],
            [
              -73.1493,
              6.6096
            ],
            [
              -73.1544,
              6.5995
            ],
            [
              -73.1771,
              6.5954
            ],
            [
              -73.1822,
              6.5834
            ],
            [
              -73.2122,
              6.5594
            ],
            [
              -73.2039,
              6.5424
            ]
          ]
        ]
      },
      "properties": {
        "OBJECTID": 915,
        "DPTO_CCDGO": "27",
        "MPIO_CCDGO": "679",
        "name": "27181",
        "MPIO_CRSLC": "1887",
        "MPIO_NANO_": 1993,
        "MPIO_NAREA": 148.12922839,
        "MPIO_CSMBL": "4",
        "MPIO_CCNCT": "68679",
        "MPIO_NANO": 2012,
        "SHAPE_Leng": 0.726862608369,
        "SHAPE_Area": 0.0121077512909,
        "NOMBRE": "SAN GIL",
        "DANE": {
          "dpto_ccdgo": "68",
          "mpio_ccdgo": "679",
          "mpio_cdpmp": "68679",
          "dpto_cnmbr": "SANTANDER",
          "mpio_cnmbr": "SAN GIL",
          "mpio_crslc": "1887",
          "mpio_tipo": "MUNICIPIO",
          "mpio_narea": 146.862488344,
          "mpio_nano": 2024,
          "shape_Leng": 0.714726598434,
          "shape_Area": 0.0120042142003
        }
      }
    },
    {
      "type": "Feature",
      "geometry": {
        "type": "Polygon",
        "coordinates": [
          [
            [
              -72.8191,
              6.544
            ],
            [
              -72.8302,
              6.5526
            ],
            [
              -72.8338,
              6.5679
            ],
            [
              -72.8487,
              6.5658
            ],
            [
              -72.8664,
              6.5354
            ],
            [
              -72.8694,
              6.5163
            ],
            [
              -72.8901,
              6.5096
            ],
            [
              -72.8786,
              6.4978
            ],
            [
              -72.8806,
              6.483
            ],
            [
              -72.8735,
              6.4803
            ],
            [
              -72.8761,
              6.4542
            ],
            [
              -72.8916,
              6.4331
            ],
            [
              -72.9072,
              6.4198
            ],
            [
              -72.9139,
              6.4043
            ],
            [
              -72.9125,
              6.3789
            ],
            [
              -72.9099,
              6.3736
            ],
            [
              -72.8931,
              6.3776
            ],
            [
              -72.8753,
              6.3884
            ],
            [
              -72.8488,
              6.3827
            ],
            [
              -72.8393,
              6.3865
            ],
            [
              -72.8288,
              6.3994
            ],
            [
              -72.8183,
              6.4007
            ],
            [
              -72.8151,
              6.4505
            ],
            [
              -72.8175,
              6.4859
            ],
            [
              -72.8114,
              6.4978
            ],
            [
              -72.8227,
              6.5364
            ],
            [
              -72.8191,
              6.544
            ]
          ]
        ]
      },
      "properties": {
        "OBJECTID": 916,
        "DPTO_CCDGO": "27",
        "MPIO_CCDGO": "682",
        "name": "27184",
        "MPIO_CRSLC": "1899",
        "MPIO_NANO_": 1993,
        "MPIO_NAREA": 144.08316441,
        "MPIO_CSMBL": "4",
        "MPIO_CCNCT": "68682",
        "MPIO_NANO": 2012,
        "SHAPE_Leng": 0.59289681925,
        "SHAPE_Area": 0.0117729022767,
        "NOMBRE": "SAN JOAQUIN",
        "DANE": {
          "dpto_ccdgo": "68",
          "mpio_ccdgo": "682",
          "mpio_cdpmp": "68682",
          "dpto_cnmbr": "SANTANDER",
          "mpio_cnmbr": "SAN JOAQUÍN",
          "mpio_crslc": "1899",
          "mpio_tipo": "MUNICIPIO",
          "mpio_narea": 143.133427091,
          "mpio_nano": 2024,
          "shape_Leng": 0.597457190609,
          "shape_Area": 0.0116953116554
        }
      }
    },
    {
      "type": "Feature",
      "geometry": {
        "type": "Polygon",
        "coordinates": [
          [
            [
              -72.7076,
              6.6736
            ],
            [
              -72.7319,
              6.6792
            ],
            [
              -72.733,
              6.6916
            ],
            [
              -72.77,
              6.6825
            ],
            [
              -72.7639,
              6.6583
            ],
            [
              -72.7704,
              6.6331
            ],
            [
              -72.7651,
              6.6009
            ],
            [
              -72.7712,
              6.5902
            ],
            [
              -72.77,
              6.58
            ],
            [
              -72.7596,
              6.5811
            ],
            [
              -72.7433,
              6.5658
            ],
            [
              -72.7345,
              6.563
            ],
            [
              -72.7229,
              6.5791
            ],
            [
              -72.7208,
              6.5906
            ],
            [
              -72.7078,
              6.6134
            ],
            [
              -72.7101,
              6.6644
            ],
            [
              -72.7076,
              6.6736
            ]
          ]
        ]
      },
      "properties": {
        "OBJECTID": 917,
        "DPTO_CCDGO": "27",
        "MPIO_CCDGO": "684",
        "name": "27187",
        "MPIO_CRSLC": "1900",
        "MPIO_NANO_": 1993,
        "MPIO_NAREA": 75.5996196,
        "MPIO_CSMBL": "4",
        "MPIO_CCNCT": "68684",
        "MPIO_NANO": 2012,
        "SHAPE_Leng": 0.368089978765,
        "SHAPE_Area": 0.00617867700668,
        "NOMBRE": "SAN JOSE DE MIRANDA",
        "DANE": {
          "dpto_ccdgo": "68",
          "mpio_ccdgo": "684",
          "mpio_cdpmp": "68684",
          "dpto_cnmbr": "SANTANDER",
          "mpio_cnmbr": "SAN JOSÉ DE MIRANDA",
          "mpio_crslc": "1900",
          "mpio_tipo": "MUNICIPIO",
          "mpio_narea": 75.317784653,
          "mpio_nano": 2024,
          "shape_Leng": 0.377349075757,
          "shape_Area": 0.00615563964871
        }
      }
    },
    {
      "type": "Feature",
      "geometry": {
        "type": "Polygon",
        "coordinates": [
          [
            [
              -72.5999,
              6.5585
            ],
            [
              -72.6037,
              6.5679
            ],
            [
              -72.6047,
              6.592
            ],
            [
              -72.6172,
              6.5861
            ],
            [
              -72.6352,
              6.5955
            ],
            [
              -72.6417,
              6.6157
            ],
            [
              -72.6676,
              6.6165
            ],
            [
              -72.6862,
              6.5997
            ],
            [
              -72.7025,
              6.5944
            ],
            [
              -72.691,
              6.5823
            ],
            [
              -72.6629,
              6.5622
            ],
            [
              -72.6566,
              6.5348
            ],
            [
              -72.6458,
              6.5231
            ],
            [
              -72.6513,
              6.5131
            ],
            [
              -72.6381,
              6.5079
            ],
            [
              -72.6081,
              6.5286
            ],
            [
              -72.5999,
              6.5585
            ]
          ]
        ]
      },
      "properties": {
        "OBJECTID": 918,
        "DPTO_CCDGO": "27",
        "MPIO_CCDGO": "686",
        "name": "27190",
        "MPIO_CRSLC": "1799",
        "MPIO_NANO_": 1993,
        "MPIO_NAREA": 70.92517375,
        "MPIO_CSMBL": "4",
        "MPIO_CCNCT": "68686",
        "MPIO_NANO": 2012,
        "SHAPE_Leng": 0.384806963221,
        "SHAPE_Area": 0.00579546731912,
        "NOMBRE": "SAN MIGUEL",
        "DANE": {
          "dpto_ccdgo": "68",
          "mpio_ccdgo": "686",
          "mpio_cdpmp": "68686",
          "dpto_cnmbr": "SANTANDER",
          "mpio_cnmbr": "SAN MIGUEL",
          "mpio_crslc": "1799",
          "mpio_tipo": "MUNICIPIO",
          "mpio_narea": 71.2113478021,
          "mpio_nano": 2024,
          "shape_Leng": 0.385657735781,
          "shape_Area": 0.00581885107977
        }
      }
    },
    {
      "type": "Feature",
      "geometry": {
        "type": "Polygon",
        "coordinates": [
          [
            [
              -73.4524,
              6.96
            ],
            [
              -73.4632,
              6.9633
            ],
            [
              -73.4872,
              6.9815
            ],
            [
              -73.4987,
              6.9867
            ],
            [
              -73.5016,
              6.9992
            ],
            [
              -73.4998,
              7.0181
            ],
            [
              -73.493,
              7.03
            ],
            [
              -73.4927,
              7.056
            ],
            [
              -73.5152,
              7.0438
            ],
            [
              -73.5244,
              7.0503
            ],
            [
              -73.5277,
              7.0852
            ],
            [
              -73.5222,
              7.1117
            ],
            [
              -73.5255,
              7.1348
            ],
            [
              -73.5403,
              7.154
            ],
            [
              -73.7031,
              6.9455
            ],
            [
              -73.6275,
              6.8865
            ],
            [
              -73.6448,
              6.8795
            ],
            [
              -73.6654,
              6.8971
            ],
            [
              -73.6999,
              6.889
            ],
            [
              -73.7062,
              6.8975
            ],
            [
              -73.716,
              6.8957
            ],
            [
              -73.7304,
              6.9028
            ],
            [
              -73.7443,
              6.8867
            ],
            [
              -73.7412,
              6.8683
            ],
            [
              -73.7488,
              6.8604
            ],
            [
              -73.7604,
              6.8465
            ],
            [
              -73.7589,
              6.8232
            ],
            [
              -73.7527,
              6.8086
            ],
            [
              -73.7524,
              6.7947
            ],
            [
              -73.7328,
              6.7793
            ],
            [
              -73.731,
              6.7628
            ],
            [
              -73.7231,
              6.763
            ],
            [
              -73.7042,
              6.7473
            ],
            [
              -73.6816,
              6.7427
            ],
            [
              -73.6715,
              6.753
            ],
            [
              -73.6702,
              6.7786
            ],
            [
              -73.6444,
              6.7685
            ],
            [
              -73.6353,
              6.7714
            ],
            [
              -73.6387,
              6.8325
            ],
            [
              -73.6299,
              6.8293
            ],
            [
              -73.6158,
              6.833
            ],
            [
              -73.6118,
              6.8253
            ],
            [
              -73.595,
              6.817
            ],
            [
              -73.5865,
              6.8081
            ],
            [
              -73.5459,
              6.8104
            ],
            [
              -73.5491,
              6.8004
            ],
            [
              -73.5303,
              6.7944
            ],
            [
              -73.5126,
              6.7955
            ],
            [
              -73.4848,
              6.7738
            ],
            [
              -73.4688,
              6.7779
            ],
            [
              -73.46,
              6.7287
            ],
            [
              -73.449,
              6.7358
            ],
            [
              -73.4329,
              6.7302
            ],
            [
              -73.426,
              6.7127
            ],
            [
              -73.3983,
              6.7117
            ],
            [
              -73.3831,
              6.7018
            ],
            [
              -73.3654,
              6.726
            ],
            [
              -73.3694,
              6.7343
            ],
            [
              -73.3687,
              6.7683
            ],
            [
              -73.3597,
              6.7829
            ],
            [
              -73.3532,
              6.8234
            ],
            [
              -73.3335,
              6.8884
            ],
            [
              -73.3397,
              6.9154
            ],
            [
              -73.3569,
              6.9189
            ],
            [
              -73.3554,
              6.9354
            ],
            [
              -73.3591,
              6.9446
            ],
            [
              -73.3768,
              6.947
            ],
            [
              -73.3836,
              6.9595
            ],
            [
              -73.3974,
              6.9537
            ],
            [
              -73.4154,
              6.961
            ],
            [
              -73.4356,
              6.9548
            ],
            [
              -73.4524,
              6.96
            ]
          ]
        ]
      },
      "properties": {
        "OBJECTID": 919,
        "DPTO_CCDGO": "27",
        "MPIO_CCDGO": "689",
        "name": "27193",
        "MPIO_CRSLC": "1895",
        "MPIO_NANO_": 1993,
        "MPIO_NAREA": 1127.88521492,
        "MPIO_CSMBL": "4",
        "MPIO_CCNCT": "68689",
        "MPIO_NANO": 2012,
        "SHAPE_Leng": 2.2436214654,
        "SHAPE_Area": 0.0922718004137,
        "NOMBRE": "SAN VICENTE DE CHUCURI",
        "DANE": {
          "dpto_ccdgo": "68",
          "mpio_ccdgo": "689",
          "mpio_cdpmp": "68689",
          "dpto_cnmbr": "SANTANDER",
          "mpio_cnmbr": "SAN VICENTE DE CHUCURÍ",
          "mpio_crslc": "1895",
          "mpio_tipo": "MUNICIPIO",
          "mpio_narea": 1116.36060494,
          "mpio_nano": 2024,
          "shape_Leng": 2.43439193721,
          "shape_Area": 0.091328820766
        }
      }
    },
    {
      "type": "Feature",
      "geometry": {
        "type": "Polygon",
        "coordinates": [
          [
            [
              -72.8183,
              7.0719
            ],
            [
              -72.8188,
              7.0892
            ],
            [
              -72.8372,
              7.1001
            ],
            [
              -72.8332,
              7.1089
            ],
            [
              -72.8481,
              7.1372
            ],
            [
              -72.8565,
              7.1173
            ],
            [
              -72.8681,
              7.1085
            ],
            [
              -72.8839,
              7.0781
            ],
            [
              -72.9016,
              7.0778
            ],
            [
              -72.9105,
              7.0819
            ],
            [
              -72.9076,
              7.0694
            ],
            [
              -72.9165,
              7.0467
            ],
            [
              -72.9145,
              7.0236
            ],
            [
              -72.9223,
              7.0064
            ],
            [
              -72.9207,
              6.9953
            ],
            [
              -72.9368,
              6.9706
            ],
            [
              -72.9452,
              6.9529
            ],
            [
              -72.9592,
              6.9472
            ],
            [
              -72.9703,
              6.9512
            ],
            [
              -72.9853,
              6.9492
            ],
            [
              -72.9909,
              6.9369
            ],
            [
              -72.972,
              6.9216
            ],
            [
              -72.9668,
              6.9078
            ],
            [
              -72.9547,
              6.9023
            ],
            [
              -72.9589,
              6.8923
            ],
            [
              -72.9391,
              6.8719
            ],
            [
              -72.9275,
              6.871
            ],
            [
              -72.9184,
              6.8787
            ],
            [
              -72.9146,
              6.8605
            ],
            [
              -72.9182,
              6.8473
            ],
            [
              -72.9055,
              6.8638
            ],
            [
              -72.9086,
              6.8756
            ],
            [
              -72.8901,
              6.8917
            ],
            [
              -72.881,
              6.906
            ],
            [
              -72.8841,
              6.9166
            ],
            [
              -72.8707,
              6.9293
            ],
            [
              -72.8707,
              6.9627
            ],
            [
              -72.8561,
              6.9817
            ],
            [
              -72.8515,
              6.9997
            ],
            [
              -72.8568,
              7.0162
            ],
            [
              -72.8469,
              7.0258
            ],
            [
              -72.847,
              7.0426
            ],
            [
              -72.8228,
              7.0514
            ],
            [
              -72.8183,
              7.0719
            ]
          ]
        ]
      },
      "properties": {
        "OBJECTID": 920,
        "DPTO_CCDGO": "27",
        "MPIO_CCDGO": "705",
        "name": "27195",
        "MPIO_CRSLC": "Ordenanza 24 de Noviembre 29 de 1976",
        "MPIO_NANO_": 1993,
        "MPIO_NAREA": 218.64709726,
        "MPIO_CSMBL": "4",
        "MPIO_CCNCT": "68705",
        "MPIO_NANO": 2012,
        "SHAPE_Leng": 0.844878039521,
        "SHAPE_Area": 0.0178849800369,
        "NOMBRE": "SANTA BARBARA",
        "DANE": {
          "dpto_ccdgo": "68",
          "mpio_ccdgo": "705",
          "mpio_cdpmp": "68705",
          "dpto_cnmbr": "SANTANDER",
          "mpio_cnmbr": "SANTA BÁRBARA",
          "mpio_crslc": "Ordenanza 24 de Noviembre 29 de 1976",
          "mpio_tipo": "MUNICIPIO",
          "mpio_narea": 221.217094427,
          "mpio_nano": 2024,
          "shape_Leng": 0.893010907986,
          "shape_Area": 0.0180951628859
        }
      }
    },
    {
      "type": "Feature",
      "geometry": {
        "type": "Polygon",
        "coordinates": [
          [
            [
              -73.465,
              6.4553
            ],
            [
              -73.4858,
              6.4521
            ],
            [
              -73.5066,
              6.4622
            ],
            [
              -73.5121,
              6.4696
            ],
            [
              -73.5346,
              6.4806
            ],
            [
              -73.5499,
              6.4796
            ],
            [
              -73.5583,
              6.4872
            ],
            [
              -73.5593,
              6.5069
            ],
            [
              -73.573,
              6.5176
            ],
            [
              -73.5965,
              6.5234
            ],
            [
              -73.6072,
              6.514
            ],
            [
              -73.6241,
              6.5249
            ],
            [
              -73.6406,
              6.5041
            ],
            [
              -73.6482,
              6.4857
            ],
            [
              -73.6652,
              6.4866
            ],
            [
              -73.6763,
              6.4805
            ],
            [
              -73.6581,
              6.4773
            ],
            [
              -73.643,
              6.4475
            ],
            [
              -73.6514,
              6.4335
            ],
            [
              -73.6642,
              6.4219
            ],
            [
              -73.6688,
              6.3846
            ],
            [
              -73.661,
              6.3682
            ],
            [
              -73.6648,
              6.3534
            ],
            [
              -73.6584,
              6.3453
            ],
            [
              -73.6694,
              6.3202
            ],
            [
              -73.6701,
              6.3111
            ],
            [
              -73.6556,
              6.3008
            ],
            [
              -73.6581,
              6.2887
            ],
            [
              -73.6367,
              6.2905
            ],
            [
              -73.637,
              6.3064
            ],
            [
              -73.6183,
              6.3161
            ],
            [
              -73.5996,
              6.3203
            ],
            [
              -73.5797,
              6.3247
            ],
            [
              -73.5658,
              6.3121
            ],
            [
              -73.5518,
              6.3064
            ],
            [
              -73.5321,
              6.3252
            ],
            [
              -73.5183,
              6.3558
            ],
            [
              -73.5173,
              6.3664
            ],
            [
              -73.4998,
              6.376
            ],
            [
              -73.4856,
              6.3719
            ],
            [
              -73.4763,
              6.375
            ],
            [
              -73.4797,
              6.388
            ],
            [
              -73.4781,
              6.4192
            ],
            [
              -73.465,
              6.4553
            ]
          ]
        ]
      },
      "properties": {
        "OBJECTID": 921,
        "DPTO_CCDGO": "27",
        "MPIO_CCDGO": "720",
        "name": "27194",
        "MPIO_CRSLC": "Decreto Dptal 2355 del 14 de Agosto de 1975",
        "MPIO_NANO_": 1993,
        "MPIO_NAREA": 374.06624557,
        "MPIO_CSMBL": "4",
        "MPIO_CCNCT": "68720",
        "MPIO_NANO": 2012,
        "SHAPE_Leng": 0.964503580198,
        "SHAPE_Area": 0.0305731870087,
        "NOMBRE": "SANTA HELENA DEL OPON",
        "DANE": {
          "dpto_ccdgo": "68",
          "mpio_ccdgo": "720",
          "mpio_cdpmp": "68720",
          "dpto_cnmbr": "SANTANDER",
          "mpio_cnmbr": "SANTA HELENA DEL OPÓN",
          "mpio_crslc": "Decreto Dptal 2355 del 14 de Agosto de 1975",
          "mpio_tipo": "MUNICIPIO",
          "mpio_narea": 373.857262731,
          "mpio_nano": 2024,
          "shape_Leng": 0.974596226708,
          "shape_Area": 0.0305561231725
        }
      }
    },
    {
      "type": "Feature",
      "geometry": {
        "type": "Polygon",
        "coordinates": [
          [
            [
              -73.7488,
              6.8604
            ],
            [
              -73.7676,
              6.855
            ],
            [
              -73.7862,
              6.8747
            ],
            [
              -73.793,
              6.8725
            ],
            [
              -73.8117,
              6.8895
            ],
            [
              -73.8413,
              6.8851
            ],
            [
              -73.8381,
              6.8986
            ],
            [
              -73.8429,
              6.9144
            ],
            [
              -73.8519,
              6.906
            ],
            [
              -73.8553,
              6.8865
            ],
            [
              -73.8635,
              6.8721
            ],
            [
              -73.8724,
              6.8844
            ],
            [
              -73.8796,
              6.8836
            ],
            [
              -73.9494,
              6.8889
            ],
            [
              -73.9377,
              6.8639
            ],
            [
              -73.9457,
              6.8265
            ],
            [
              -73.9553,
              6.818
            ],
            [
              -73.9593,
              6.8053
            ],
            [
              -73.9487,
              6.782
            ],
            [
              -73.9389,
              6.7732
            ],
            [
              -73.9176,
              6.7656
            ],
            [
              -73.8992,
              6.7448
            ],
            [
              -73.8943,
              6.7344
            ],
            [
              -73.8794,
              6.7387
            ],
            [
              -73.8802,
              6.7254
            ],
            [
              -73.8634,
              6.703
            ],
            [
              -73.8485,
              6.6958
            ],
            [
              -73.8536,
              6.6756
            ],
            [
              -73.8398,
              6.669
            ],
            [
              -73.8339,
              6.6574
            ],
            [
              -73.8388,
              6.6508
            ],
            [
              -73.8347,
              6.6363
            ],
            [
              -73.8207,
              6.6263
            ],
            [
              -73.8119,
              6.634
            ],
            [
              -73.7922,
              6.6325
            ],
            [
              -73.7893,
              6.6212
            ],
            [
              -73.7806,
              6.6145
            ],
            [
              -73.7846,
              6.6049
            ],
            [
              -73.8013,
              6.5973
            ],
            [
              -73.792,
              6.578
            ],
            [
              -73.7785,
              6.5724
            ],
            [
              -73.7622,
              6.5722
            ],
            [
              -73.7532,
              6.5635
            ],
            [
              -73.7614,
              6.5529
            ],
            [
              -73.7656,
              6.5308
            ],
            [
              -73.7529,
              6.5329
            ],
            [
              -73.7181,
              6.5211
            ],
            [
              -73.7029,
              6.5078
            ],
            [
              -73.6836,
              6.5016
            ],
            [
              -73.6865,
              6.4927
            ],
            [
              -73.6763,
              6.4805
            ],
            [
              -73.6652,
              6.4866
            ],
            [
              -73.6482,
              6.4857
            ],
            [
              -73.6406,
              6.5041
            ],
            [
              -73.6241,
              6.5249
            ],
            [
              -73.6072,
              6.514
            ],
            [
              -73.5965,
              6.5234
            ],
            [
              -73.573,
              6.5176
            ],
            [
              -73.5593,
              6.5069
            ],
            [
              -73.5583,
              6.4872
            ],
            [
              -73.5499,
              6.4796
            ],
            [
              -73.5346,
              6.4806
            ],
            [
              -73.5121,
              6.4696
            ],
            [
              -73.5066,
              6.4622
            ],
            [
              -73.4858,
              6.4521
            ],
            [
              -73.465,
              6.4553
            ],
            [
              -73.4627,
              6.4654
            ],
            [
              -73.452,
              6.4681
            ],
            [
              -73.4398,
              6.4563
            ],
            [
              -73.4415,
              6.4413
            ],
            [
              -73.4381,
              6.4119
            ],
            [
              -73.4043,
              6.4028
            ],
            [
              -73.3911,
              6.4115
            ],
            [
              -73.3753,
              6.4068
            ],
            [
              -73.3439,
              6.404
            ],
            [
              -73.3277,
              6.4054
            ],
            [
              -73.3209,
              6.4003
            ],
            [
              -73.3164,
              6.4166
            ],
            [
              -73.3036,
              6.4581
            ],
            [
              -73.3045,
              6.4652
            ],
            [
              -73.2924,
              6.4849
            ],
            [
              -73.306,
              6.4908
            ],
            [
              -73.3269,
              6.4874
            ],
            [
              -73.3502,
              6.5003
            ],
            [
              -73.4004,
              6.5339
            ],
            [
              -73.4135,
              6.5313
            ],
            [
              -73.4344,
              6.5104
            ],
            [
              -73.4381,
              6.5254
            ],
            [
              -73.4626,
              6.524
            ],
            [
              -73.4824,
              6.5335
            ],
            [
              -73.4858,
              6.526
            ],
            [
              -73.4991,
              6.5196
            ],
            [
              -73.5278,
              6.5193
            ],
            [
              -73.5417,
              6.5093
            ],
            [
              -73.5533,
              6.513
            ],
            [
              -73.5509,
              6.523
            ],
            [
              -73.5635,
              6.5361
            ],
            [
              -73.5906,
              6.5486
            ],
            [
              -73.6163,
              6.5523
            ],
            [
              -73.6262,
              6.5435
            ],
            [
              -73.6367,
              6.5516
            ],
            [
              -73.6495,
              6.5487
            ],
            [
              -73.6774,
              6.5518
            ],
            [
              -73.6828,
              6.5613
            ],
            [
              -73.6746,
              6.5853
            ],
            [
              -73.6944,
              6.5895
            ],
            [
              -73.735,
              6.617
            ],
            [
              -73.7356,
              6.6347
            ],
            [
              -73.7234,
              6.6441
            ],
            [
              -73.7364,
              6.6569
            ],
            [
              -73.7349,
              6.6741
            ],
            [
              -73.7429,
              6.696
            ],
            [
              -73.7433,
              6.7129
            ],
            [
              -73.7293,
              6.7261
            ],
            [
              -73.7389,
              6.7525
            ],
            [
              -73.731,
              6.7628
            ],
            [
              -73.7328,
              6.7793
            ],
            [
              -73.7524,
              6.7947
            ],
            [
              -73.7527,
              6.8086
            ],
            [
              -73.7589,
              6.8232
            ],
            [
              -73.7604,
              6.8465
            ],
            [
              -73.7488,
              6.8604
            ]
          ]
        ]
      },
      "properties": {
        "OBJECTID": 922,
        "DPTO_CCDGO": "27",
        "MPIO_CCDGO": "745",
        "name": "27196",
        "MPIO_CRSLC": "1799",
        "MPIO_NANO_": 1993,
        "MPIO_NAREA": 970.88867977,
        "MPIO_CSMBL": "4",
        "MPIO_CCNCT": "68745",
        "MPIO_NANO": 2012,
        "SHAPE_Leng": 3.29280221231,
        "SHAPE_Area": 0.0793940103242,
        "NOMBRE": "SIMACOTA",
        "DANE": {
          "dpto_ccdgo": "68",
          "mpio_ccdgo": "745",
          "mpio_cdpmp": "68745",
          "dpto_cnmbr": "SANTANDER",
          "mpio_cnmbr": "SIMACOTA",
          "mpio_crslc": "1799",
          "mpio_tipo": "MUNICIPIO",
          "mpio_narea": 904.712955117,
          "mpio_nano": 2024,
          "shape_Leng": 3.11954907627,
          "shape_Area": 0.0739800660721
        }
      }
    },
    {
      "type": "Feature",
      "geometry": {
        "type": "Polygon",
        "coordinates": [
          [
            [
              -73.1755,
              6.465
            ],
            [
              -73.1826,
              6.4804
            ],
            [
              -73.196,
              6.485
            ],
            [
              -73.1985,
              6.5001
            ],
            [
              -73.2157,
              6.5127
            ],
            [
              -73.2258,
              6.5261
            ],
            [
              -73.249,
              6.5107
            ],
            [
              -73.2722,
              6.5108
            ],
            [
              -73.2924,
              6.4849
            ],
            [
              -73.3045,
              6.4652
            ],
            [
              -73.3036,
              6.4581
            ],
            [
              -73.3164,
              6.4166
            ],
            [
              -73.2954,
              6.4242
            ],
            [
              -73.2696,
              6.4216
            ],
            [
              -73.2466,
              6.4126
            ],
            [
              -73.2264,
              6.409
            ],
            [
              -73.2096,
              6.407
            ],
            [
              -73.2016,
              6.4276
            ],
            [
              -73.1917,
              6.4353
            ],
            [
              -73.1901,
              6.4513
            ],
            [
              -73.1789,
              6.4544
            ],
            [
              -73.1755,
              6.465
            ]
          ]
        ]
      },
      "properties": {
        "OBJECTID": 923,
        "DPTO_CCDGO": "27",
        "MPIO_CCDGO": "755",
        "name": "27199",
        "MPIO_CRSLC": "1683",
        "MPIO_NANO_": 1993,
        "MPIO_NAREA": 129.73093601,
        "MPIO_CSMBL": "4",
        "MPIO_CCNCT": "68755",
        "MPIO_NANO": 2012,
        "SHAPE_Leng": 0.462032998671,
        "SHAPE_Area": 0.0106028160604,
        "NOMBRE": "SOCORRO",
        "DANE": {
          "dpto_ccdgo": "68",
          "mpio_ccdgo": "755",
          "mpio_cdpmp": "68755",
          "dpto_cnmbr": "SANTANDER",
          "mpio_cnmbr": "SOCORRO",
          "mpio_crslc": "1683",
          "mpio_tipo": "MUNICIPIO",
          "mpio_narea": 127.825834948,
          "mpio_nano": 2024,
          "shape_Leng": 0.467493072248,
          "shape_Area": 0.0104471151263
        }
      }
    },
    {
      "type": "Feature",
      "geometry": {
        "type": "Polygon",
        "coordinates": [
          [
            [
              -73.3608,
              6.1777
            ],
            [
              -73.3733,
              6.1842
            ],
            [
              -73.3899,
              6.2031
            ],
            [
              -73.4118,
              6.1779
            ],
            [
              -73.4422,
              6.1772
            ],
            [
              -73.4587,
              6.1712
            ],
            [
              -73.4635,
              6.1598
            ],
            [
              -73.4738,
              6.1558
            ],
            [
              -73.4786,
              6.1416
            ],
            [
              -73.491,
              6.1274
            ],
            [
              -73.4974,
              6.108
            ],
            [
              -73.4715,
              6.0951
            ],
            [
              -73.454,
              6.0791
            ],
            [
              -73.4297,
              6.0685
            ],
            [
              -73.4217,
              6.0719
            ],
            [
              -73.4035,
              6.0557
            ],
            [
              -73.3906,
              6.0477
            ],
            [
              -73.3809,
              6.0572
            ],
            [
              -73.3675,
              6.0592
            ],
            [
              -73.3377,
              6.052
            ],
            [
              -73.3302,
              6.0658
            ],
            [
              -73.3302,
              6.0773
            ],
            [
              -73.3199,
              6.0815
            ],
            [
              -73.2921,
              6.0742
            ],
            [
              -73.2826,
              6.0749
            ],
            [
              -73.2636,
              6.057
            ],
            [
              -73.2497,
              6.0509
            ],
            [
              -73.2404,
              6.0537
            ],
            [
              -73.2357,
              6.065
            ],
            [
              -73.2355,
              6.0812
            ],
            [
              -73.2271,
              6.1163
            ],
            [
              -73.237,
              6.1271
            ],
            [
              -73.263,
              6.1305
            ],
            [
              -73.2698,
              6.1403
            ],
            [
              -73.2833,
              6.1433
            ],
            [
              -73.2995,
              6.1348
            ],
            [
              -73.3186,
              6.1423
            ],
            [
              -73.3194,
              6.1595
            ],
            [
              -73.3269,
              6.1716
            ],
            [
              -73.3348,
              6.1664
            ],
            [
              -73.3501,
              6.1397
            ],
            [
              -73.3716,
              6.1499
            ],
            [
              -73.3608,
              6.1777
            ]
          ]
        ]
      },
      "properties": {
        "OBJECTID": 924,
        "DPTO_CCDGO": "27",
        "MPIO_CCDGO": "770",
        "name": "27202",
        "MPIO_CRSLC": "1699",
        "MPIO_NANO_": 1993,
        "MPIO_NAREA": 290.04364974,
        "MPIO_CSMBL": "4",
        "MPIO_CCNCT": "68770",
        "MPIO_NANO": 2012,
        "SHAPE_Leng": 0.92777593203,
        "SHAPE_Area": 0.0236910262237,
        "NOMBRE": "SUAITA",
        "DANE": {
          "dpto_ccdgo": "68",
          "mpio_ccdgo": "770",
          "mpio_cdpmp": "68770",
          "dpto_cnmbr": "SANTANDER",
          "mpio_cnmbr": "SUAITA",
          "mpio_crslc": "1699",
          "mpio_tipo": "MUNICIPIO",
          "mpio_narea": 283.415049151,
          "mpio_nano": 2024,
          "shape_Leng": 0.930172314845,
          "shape_Area": 0.0231495351913
        }
      }
    },
    {
      "type": "Feature",
      "geometry": {
        "type": "Polygon",
        "coordinates": [
          [
            [
              -74.0772,
              6.1552
            ],
            [
              -74.0976,
              6.171
            ],
            [
              -74.1021,
              6.1444
            ],
            [
              -74.0922,
              6.1334
            ],
            [
              -74.1125,
              6.1212
            ],
            [
              -74.1062,
              6.1028
            ],
            [
              -74.1175,
              6.0884
            ],
            [
              -74.1104,
              6.065
            ],
            [
              -74.1081,
              6.0463
            ],
            [
              -74.1273,
              6.0337
            ],
            [
              -74.1176,
              6.0293
            ],
            [
              -74.1094,
              6.004
            ],
            [
              -74.0998,
              5.9947
            ],
            [
              -74.0961,
              5.9822
            ],
            [
              -74.1086,
              5.9511
            ],
            [
              -74.1076,
              5.9437
            ],
            [
              -74.0903,
              5.9295
            ],
            [
              -74.0764,
              5.9331
            ],
            [
              -74.0594,
              5.9308
            ],
            [
              -74.0402,
              5.9559
            ],
            [
              -74.0309,
              5.9797
            ],
            [
              -73.9963,
              5.97
            ],
            [
              -73.9855,
              5.9582
            ],
            [
              -73.9867,
              5.9307
            ],
            [
              -73.9687,
              5.9223
            ],
            [
              -73.9502,
              5.93
            ],
            [
              -73.9304,
              5.9291
            ],
            [
              -73.9195,
              5.9184
            ],
            [
              -73.9165,
              5.8982
            ],
            [
              -73.9082,
              5.8933
            ],
            [
              -73.916,
              5.8739
            ],
            [
              -73.9241,
              5.869
            ],
            [
              -73.9095,
              5.861
            ],
            [
              -73.8984,
              5.8687
            ],
            [
              -73.8789,
              5.8676
            ],
            [
              -73.8429,
              5.8468
            ],
            [
              -73.8355,
              5.8475
            ],
            [
              -73.8189,
              5.8595
            ],
            [
              -73.814,
              5.8705
            ],
            [
              -73.8023,
              5.8751
            ],
            [
              -73.8018,
              5.8913
            ],
            [
              -73.7762,
              5.911
            ],
            [
              -73.7575,
              5.9045
            ],
            [
              -73.7566,
              5.914
            ],
            [
              -73.7677,
              5.9376
            ],
            [
              -73.787,
              5.9395
            ],
            [
              -73.8087,
              5.9472
            ],
            [
              -73.8587,
              5.9846
            ],
            [
              -73.8526,
              5.998
            ],
            [
              -73.8514,
              6.0148
            ],
            [
              -73.8788,
              6.0005
            ],
            [
              -73.9059,
              6.013
            ],
            [
              -73.9099,
              6.0415
            ],
            [
              -73.9285,
              6.0522
            ],
            [
              -73.9308,
              6.0812
            ],
            [
              -73.9464,
              6.0853
            ],
            [
              -73.9458,
              6.071
            ],
            [
              -73.963,
              6.0725
            ],
            [
              -73.9758,
              6.0684
            ],
            [
              -73.9889,
              6.0561
            ],
            [
              -74.001,
              6.0589
            ],
            [
              -74.0148,
              6.05
            ],
            [
              -74.035,
              6.0497
            ],
            [
              -74.0645,
              6.0704
            ],
            [
              -74.0714,
              6.089
            ],
            [
              -74.0627,
              6.1052
            ],
            [
              -74.0675,
              6.1411
            ],
            [
              -74.0772,
              6.1552
            ]
          ]
        ]
      },
      "properties": {
        "OBJECTID": 925,
        "DPTO_CCDGO": "27",
        "MPIO_CCDGO": "773",
        "name": "27205",
        "MPIO_CRSLC": "1892",
        "MPIO_NANO_": 1993,
        "MPIO_NAREA": 548.72280066,
        "MPIO_CSMBL": "4",
        "MPIO_CCNCT": "68773",
        "MPIO_NANO": 2012,
        "SHAPE_Leng": 1.69495797133,
        "SHAPE_Area": 0.0448158789699,
        "NOMBRE": "SUCRE",
        "DANE": {
          "dpto_ccdgo": "68",
          "mpio_ccdgo": "773",
          "mpio_cdpmp": "68773",
          "dpto_cnmbr": "SANTANDER",
          "mpio_cnmbr": "SUCRE",
          "mpio_crslc": "1892",
          "mpio_tipo": "MUNICIPIO",
          "mpio_narea": 522.5392009,
          "mpio_nano": 2024,
          "shape_Leng": 1.73660673665,
          "shape_Area": 0.0426775918821
        }
      }
    },
    {
      "type": "Feature",
      "geometry": {
        "type": "Polygon",
        "coordinates": [
          [
            [
              -72.9824,
              7.6203
            ],
            [
              -72.9988,
              7.6171
            ],
            [
              -73.0121,
              7.6223
            ],
            [
              -73.0343,
              7.6229
            ],
            [
              -73.0486,
              7.6063
            ],
            [
              -73.0619,
              7.5727
            ],
            [
              -73.0856,
              7.5565
            ],
            [
              -73.0897,
              7.5425
            ],
            [
              -73.0887,
              7.5281
            ],
            [
              -73.0687,
              7.5074
            ],
            [
              -73.0724,
              7.4867
            ],
            [
              -73.054,
              7.4846
            ],
            [
              -73.0452,
              7.4589
            ],
            [
              -73.0289,
              7.452
            ],
            [
              -73.023,
              7.4404
            ],
            [
              -73.0108,
              7.4325
            ],
            [
              -73.0089,
              7.4236
            ],
            [
              -72.9985,
              7.4174
            ],
            [
              -73.0024,
              7.3932
            ],
            [
              -73.0101,
              7.3687
            ],
            [
              -73.0191,
              7.3599
            ],
            [
              -72.9807,
              7.3325
            ],
            [
              -72.9783,
              7.3146
            ],
            [
              -72.9691,
              7.3186
            ],
            [
              -72.9547,
              7.3077
            ],
            [
              -72.9463,
              7.3069
            ],
            [
              -72.935,
              7.2936
            ],
            [
              -72.9225,
              7.2924
            ],
            [
              -72.9775,
              7.3391
            ],
            [
              -72.9798,
              7.3513
            ],
            [
              -72.9503,
              7.3485
            ],
            [
              -72.9139,
              7.3908
            ],
            [
              -72.8941,
              7.4
            ],
            [
              -72.8859,
              7.4001
            ],
            [
              -72.8762,
              7.383
            ],
            [
              -72.8658,
              7.3771
            ],
            [
              -72.8632,
              7.3832
            ],
            [
              -72.8722,
              7.3874
            ],
            [
              -72.8772,
              7.4061
            ],
            [
              -72.8918,
              7.4198
            ],
            [
              -72.9004,
              7.4334
            ],
            [
              -72.9015,
              7.4457
            ],
            [
              -72.8955,
              7.4674
            ],
            [
              -72.9109,
              7.4894
            ],
            [
              -72.9279,
              7.4951
            ],
            [
              -72.9393,
              7.5123
            ],
            [
              -72.9678,
              7.5216
            ],
            [
              -72.9783,
              7.529
            ],
            [
              -72.9775,
              7.5391
            ],
            [
              -72.9842,
              7.5567
            ],
            [
              -72.9922,
              7.5974
            ],
            [
              -72.9799,
              7.6136
            ],
            [
              -72.9824,
              7.6203
            ]
          ]
        ]
      },
      "properties": {
        "OBJECTID": 926,
        "DPTO_CCDGO": "27",
        "MPIO_CCDGO": "780",
        "name": "27208",
        "MPIO_CRSLC": "1899",
        "MPIO_NANO_": 1993,
        "MPIO_NAREA": 362.39231904,
        "MPIO_CSMBL": "4",
        "MPIO_CCNCT": "68780",
        "MPIO_NANO": 2012,
        "SHAPE_Leng": 1.16912997612,
        "SHAPE_Area": 0.0296761229262,
        "NOMBRE": "SURATA",
        "DANE": {
          "dpto_ccdgo": "68",
          "mpio_ccdgo": "780",
          "mpio_cdpmp": "68780",
          "dpto_cnmbr": "SANTANDER",
          "mpio_cnmbr": "SURATÁ",
          "mpio_crslc": "1899",
          "mpio_tipo": "MUNICIPIO",
          "mpio_narea": 363.00877436,
          "mpio_nano": 2024,
          "shape_Leng": 1.22469603656,
          "shape_Area": 0.0297265761867
        }
      }
    },
    {
      "type": "Feature",
      "geometry": {
        "type": "Polygon",
        "coordinates": [
          [
            [
              -72.8481,
              7.1372
            ],
            [
              -72.8585,
              7.1537
            ],
            [
              -72.8437,
              7.1658
            ],
            [
              -72.841,
              7.195
            ],
            [
              -72.8347,
              7.1991
            ],
            [
              -72.8558,
              7.2163
            ],
            [
              -72.8654,
              7.2337
            ],
            [
              -72.868,
              7.2573
            ],
            [
              -72.8762,
              7.2635
            ],
            [
              -72.8819,
              7.2565
            ],
            [
              -72.8963,
              7.246
            ],
            [
              -72.91,
              7.2489
            ],
            [
              -72.9369,
              7.244
            ],
            [
              -72.9483,
              7.2371
            ],
            [
              -72.9656,
              7.2372
            ],
            [
              -72.9749,
              7.2518
            ],
            [
              -72.9831,
              7.2516
            ],
            [
              -72.996,
              7.2402
            ],
            [
              -73.005,
              7.2414
            ],
            [
              -73.0189,
              7.2252
            ],
            [
              -73.0184,
              7.2178
            ],
            [
              -73.029,
              7.1991
            ],
            [
              -73.0412,
              7.1888
            ],
            [
              -73.0569,
              7.1852
            ],
            [
              -73.0667,
              7.1595
            ],
            [
              -73.0466,
              7.1394
            ],
            [
              -73.0328,
              7.1481
            ],
            [
              -73.0244,
              7.1425
            ],
            [
              -73.02,
              7.1246
            ],
            [
              -73.009,
              7.1202
            ],
            [
              -73.0018,
              7.1067
            ],
            [
              -73.0049,
              7.0993
            ],
            [
              -72.9944,
              7.1088
            ],
            [
              -72.9773,
              7.1111
            ],
            [
              -72.9603,
              7.1079
            ],
            [
              -72.9105,
              7.0819
            ],
            [
              -72.9016,
              7.0778
            ],
            [
              -72.8839,
              7.0781
            ],
            [
              -72.8681,
              7.1085
            ],
            [
              -72.8565,
              7.1173
            ],
            [
              -72.8481,
              7.1372
            ]
          ]
        ]
      },
      "properties": {
        "OBJECTID": 927,
        "DPTO_CCDGO": "27",
        "MPIO_CCDGO": "820",
        "name": "27211",
        "MPIO_CRSLC": "1822",
        "MPIO_NANO_": 1993,
        "MPIO_NAREA": 344.03103592,
        "MPIO_CSMBL": "4",
        "MPIO_CCNCT": "68820",
        "MPIO_NANO": 2012,
        "SHAPE_Leng": 0.855524241185,
        "SHAPE_Area": 0.0281527260347,
        "NOMBRE": "TONA",
        "DANE": {
          "dpto_ccdgo": "68",
          "mpio_ccdgo": "820",
          "mpio_cdpmp": "68820",
          "dpto_cnmbr": "SANTANDER",
          "mpio_cnmbr": "TONA",
          "mpio_crslc": "1822",
          "mpio_tipo": "MUNICIPIO",
          "mpio_narea": 330.726283672,
          "mpio_nano": 2024,
          "shape_Leng": 0.890181497259,
          "shape_Area": 0.0270640683747
        }
      }
    },
    {
      "type": "Feature",
      "geometry": {
        "type": "Polygon",
        "coordinates": [
          [
            [
              -73.0751,
              6.4818
            ],
            [
              -73.0894,
              6.4837
            ],
            [
              -73.1156,
              6.4816
            ],
            [
              -73.1339,
              6.4667
            ],
            [
              -73.1537,
              6.4436
            ],
            [
              -73.1615,
              6.4027
            ],
            [
              -73.1358,
              6.4024
            ],
            [
              -73.1252,
              6.3881
            ],
            [
              -73.1148,
              6.3849
            ],
            [
              -73.0961,
              6.3965
            ],
            [
              -73.085,
              6.3894
            ],
            [
              -73.0717,
              6.3902
            ],
            [
              -73.0823,
              6.3992
            ],
            [
              -73.066,
              6.4402
            ],
            [
              -73.0687,
              6.4659
            ],
            [
              -73.0751,
              6.4818
            ]
          ]
        ]
      },
      "properties": {
        "OBJECTID": 928,
        "DPTO_CCDGO": "27",
        "MPIO_CCDGO": "855",
        "name": "27217",
        "MPIO_CRSLC": "1762",
        "MPIO_NANO_": 1993,
        "MPIO_NAREA": 79.95339452,
        "MPIO_CSMBL": "4",
        "MPIO_CCNCT": "68855",
        "MPIO_NANO": 2012,
        "SHAPE_Leng": 0.373524106429,
        "SHAPE_Area": 0.00653371599039,
        "NOMBRE": "VALLE DE SAN JOSE",
        "DANE": {
          "dpto_ccdgo": "68",
          "mpio_ccdgo": "855",
          "mpio_cdpmp": "68855",
          "dpto_cnmbr": "SANTANDER",
          "mpio_cnmbr": "VALLE DE SAN JOSÉ",
          "mpio_crslc": "1762",
          "mpio_tipo": "MUNICIPIO",
          "mpio_narea": 81.1149389295,
          "mpio_nano": 2024,
          "shape_Leng": 0.370377371524,
          "shape_Area": 0.00662863136315
        }
      }
    },
    {
      "type": "Feature",
      "geometry": {
        "type": "Polygon",
        "coordinates": [
          [
            [
              -73.7614,
              6.5529
            ],
            [
              -73.781,
              6.5523
            ],
            [
              -73.7795,
              6.5376
            ],
            [
              -73.7852,
              6.5039
            ],
            [
              -73.7814,
              6.4895
            ],
            [
              -73.7616,
              6.4968
            ],
            [
              -73.7474,
              6.4616
            ],
            [
              -73.7331,
              6.4522
            ],
            [
              -73.7263,
              6.4427
            ],
            [
              -73.693,
              6.4223
            ],
            [
              -73.6836,
              6.41
            ],
            [
              -73.7014,
              6.3856
            ],
            [
              -73.7123,
              6.3613
            ],
            [
              -73.7335,
              6.3346
            ],
            [
              -73.7436,
              6.3176
            ],
            [
              -73.7486,
              6.2977
            ],
            [
              -73.7418,
              6.2874
            ],
            [
              -73.7421,
              6.2628
            ],
            [
              -73.7311,
              6.2547
            ],
            [
              -73.726,
              6.238
            ],
            [
              -73.7411,
              6.2107
            ],
            [
              -73.7684,
              6.1949
            ],
            [
              -73.7713,
              6.1837
            ],
            [
              -73.7549,
              6.1665
            ],
            [
              -73.7505,
              6.1552
            ],
            [
              -73.7369,
              6.1545
            ],
            [
              -73.7288,
              6.1461
            ],
            [
              -73.7323,
              6.1244
            ],
            [
              -73.7443,
              6.1105
            ],
            [
              -73.7503,
              6.0907
            ],
            [
              -73.7407,
              6.0731
            ],
            [
              -73.7351,
              6.0382
            ],
            [
              -73.7216,
              6.0368
            ],
            [
              -73.7179,
              6.0295
            ],
            [
              -73.73,
              6.013
            ],
            [
              -73.7512,
              6.0014
            ],
            [
              -73.7274,
              5.9905
            ],
            [
              -73.7177,
              5.9814
            ],
            [
              -73.6881,
              5.975
            ],
            [
              -73.6859,
              5.9654
            ],
            [
              -73.6705,
              5.9476
            ],
            [
              -73.6703,
              5.9325
            ],
            [
              -73.6631,
              5.9273
            ],
            [
              -73.6447,
              5.9718
            ],
            [
              -73.6199,
              5.9927
            ],
            [
              -73.6194,
              6.0003
            ],
            [
              -73.5962,
              6.0193
            ],
            [
              -73.6055,
              6.033
            ],
            [
              -73.6346,
              6.0186
            ],
            [
              -73.67,
              6.0284
            ],
            [
              -73.6765,
              6.0355
            ],
            [
              -73.6942,
              6.0402
            ],
            [
              -73.679,
              6.0725
            ],
            [
              -73.6602,
              6.0918
            ],
            [
              -73.6504,
              6.112
            ],
            [
              -73.6364,
              6.1307
            ],
            [
              -73.6563,
              6.1449
            ],
            [
              -73.6856,
              6.1723
            ],
            [
              -73.6867,
              6.1954
            ],
            [
              -73.679,
              6.2183
            ],
            [
              -73.6819,
              6.2526
            ],
            [
              -73.69,
              6.2548
            ],
            [
              -73.699,
              6.2748
            ],
            [
              -73.72,
              6.2953
            ],
            [
              -73.7179,
              6.3112
            ],
            [
              -73.6886,
              6.3646
            ],
            [
              -73.6823,
              6.3669
            ],
            [
              -73.6688,
              6.3846
            ],
            [
              -73.6642,
              6.4219
            ],
            [
              -73.6514,
              6.4335
            ],
            [
              -73.643,
              6.4475
            ],
            [
              -73.6581,
              6.4773
            ],
            [
              -73.6763,
              6.4805
            ],
            [
              -73.6865,
              6.4927
            ],
            [
              -73.6836,
              6.5016
            ],
            [
              -73.7029,
              6.5078
            ],
            [
              -73.7181,
              6.5211
            ],
            [
              -73.7529,
              6.5329
            ],
            [
              -73.7656,
              6.5308
            ],
            [
              -73.7614,
              6.5529
            ]
          ]
        ]
      },
      "properties": {
        "OBJECTID": 929,
        "DPTO_CCDGO": "27",
        "MPIO_CCDGO": "861",
        "name": "27220",
        "MPIO_CRSLC": "1539",
        "MPIO_NANO_": 1993,
        "MPIO_NAREA": 442.96685434,
        "MPIO_CSMBL": "4",
        "MPIO_CCNCT": "68861",
        "MPIO_NANO": 2012,
        "SHAPE_Leng": 2.14921700763,
        "SHAPE_Area": 0.0361930099692,
        "NOMBRE": "VELEZ",
        "DANE": {
          "dpto_ccdgo": "68",
          "mpio_ccdgo": "861",
          "mpio_cdpmp": "68861",
          "dpto_cnmbr": "SANTANDER",
          "mpio_cnmbr": "VÉLEZ",
          "mpio_crslc": "1539",
          "mpio_tipo": "MUNICIPIO",
          "mpio_narea": 447.715807503,
          "mpio_nano": 2024,
          "shape_Leng": 2.18361989798,
          "shape_Area": 0.0365811100848
        }
      }
    },
    {
      "type": "Feature",
      "geometry": {
        "type": "Polygon",
        "coordinates": [
          [
            [
              -72.838,
              7.3592
            ],
            [
              -72.856,
              7.3628
            ],
            [
              -72.8504,
              7.3736
            ],
            [
              -72.8632,
              7.3832
            ],
            [
              -72.8658,
              7.3771
            ],
            [
              -72.8877,
              7.3761
            ],
            [
              -72.9017,
              7.3577
            ],
            [
              -72.9231,
              7.3474
            ],
            [
              -72.9312,
              7.3374
            ],
            [
              -72.9317,
              7.3155
            ],
            [
              -72.9176,
              7.3061
            ],
            [
              -72.9225,
              7.2924
            ],
            [
              -72.9153,
              7.2898
            ],
            [
              -72.9043,
              7.2736
            ],
            [
              -72.8819,
              7.2565
            ],
            [
              -72.8762,
              7.2635
            ],
            [
              -72.8701,
              7.2778
            ],
            [
              -72.8559,
              7.2843
            ],
            [
              -72.8341,
              7.3042
            ],
            [
              -72.8432,
              7.3154
            ],
            [
              -72.8396,
              7.3215
            ],
            [
              -72.838,
              7.3592
            ]
          ]
        ]
      },
      "properties": {
        "OBJECTID": 930,
        "DPTO_CCDGO": "27",
        "MPIO_CCDGO": "867",
        "name": "27219",
        "MPIO_CRSLC": "Ordenanza 02 de 1983. Decreto 2404 de 1983",
        "MPIO_NANO_": 1993,
        "MPIO_NAREA": 93.24234316,
        "MPIO_CSMBL": "4",
        "MPIO_CCNCT": "68867",
        "MPIO_NANO": 2012,
        "SHAPE_Leng": 0.396781405026,
        "SHAPE_Area": 0.00763242312823,
        "NOMBRE": "VETAS",
        "DANE": {
          "dpto_ccdgo": "68",
          "mpio_ccdgo": "867",
          "mpio_cdpmp": "68867",
          "dpto_cnmbr": "SANTANDER",
          "mpio_cnmbr": "VETAS",
          "mpio_crslc": "Ordenanza 02 de 1983. Decreto 2404 de 1983",
          "mpio_tipo": "MUNICIPIO",
          "mpio_narea": 92.4223863941,
          "mpio_nano": 2024,
          "shape_Leng": 0.410861323762,
          "shape_Area": 0.00756529995239
        }
      }
    },
    {
      "type": "Feature",
      "geometry": {
        "type": "Polygon",
        "coordinates": [
          [
            [
              -73.1984,
              6.7682
            ],
            [
              -73.2101,
              6.7694
            ],
            [
              -73.2238,
              6.7338
            ],
            [
              -73.189,
              6.7167
            ],
            [
              -73.1794,
              6.708
            ],
            [
              -73.1826,
              6.6835
            ],
            [
              -73.1965,
              6.6666
            ],
            [
              -73.1889,
              6.6579
            ],
            [
              -73.193,
              6.6467
            ],
            [
              -73.1763,
              6.6374
            ],
            [
              -73.1658,
              6.6362
            ],
            [
              -73.163,
              6.6231
            ],
            [
              -73.1522,
              6.6174
            ],
            [
              -73.1544,
              6.5995
            ],
            [
              -73.1493,
              6.6096
            ],
            [
              -73.1337,
              6.6223
            ],
            [
              -73.1227,
              6.6206
            ],
            [
              -73.1177,
              6.633
            ],
            [
              -73.1204,
              6.6425
            ],
            [
              -73.1107,
              6.6493
            ],
            [
              -73.1182,
              6.6536
            ],
            [
              -73.1205,
              6.6765
            ],
            [
              -73.1181,
              6.6864
            ],
            [
              -73.1259,
              6.6957
            ],
            [
              -73.136,
              6.6907
            ],
            [
              -73.1497,
              6.7131
            ],
            [
              -73.1453,
              6.7302
            ],
            [
              -73.1703,
              6.7368
            ],
            [
              -73.1774,
              6.755
            ],
            [
              -73.1984,
              6.7682
            ]
          ]
        ]
      },
      "properties": {
        "OBJECTID": 931,
        "DPTO_CCDGO": "27",
        "MPIO_CCDGO": "872",
        "name": "27221",
        "MPIO_CRSLC": "Ordenanza 26 de 1966",
        "MPIO_NANO_": 1993,
        "MPIO_NAREA": 102.16227678,
        "MPIO_CSMBL": "4",
        "MPIO_CCNCT": "68872",
        "MPIO_NANO": 2012,
        "SHAPE_Leng": 0.529454735335,
        "SHAPE_Area": 0.00835298738457,
        "NOMBRE": "VILLANUEVA",
        "DANE": {
          "dpto_ccdgo": "68",
          "mpio_ccdgo": "872",
          "mpio_cdpmp": "68872",
          "dpto_cnmbr": "SANTANDER",
          "mpio_cnmbr": "VILLANUEVA",
          "mpio_crslc": "Ordenanza 26 de 1966",
          "mpio_tipo": "MUNICIPIO",
          "mpio_narea": 97.6069133282,
          "mpio_nano": 2024,
          "shape_Leng": 0.55752895897,
          "shape_Area": 0.00798050513808
        }
      }
    },
    {
      "type": "Feature",
      "geometry": {
        "type": "Polygon",
        "coordinates": [
          [
            [
              -73.2171,
              6.9262
            ],
            [
              -73.2315,
              6.9054
            ],
            [
              -73.2396,
              6.903
            ],
            [
              -73.2542,
              6.8804
            ],
            [
              -73.2628,
              6.8581
            ],
            [
              -73.2745,
              6.8581
            ],
            [
              -73.2874,
              6.8682
            ],
            [
              -73.2963,
              6.8677
            ],
            [
              -73.3042,
              6.8809
            ],
            [
              -73.3184,
              6.8808
            ],
            [
              -73.3187,
              6.8961
            ],
            [
              -73.3245,
              6.9115
            ],
            [
              -73.332,
              6.9149
            ],
            [
              -73.3381,
              6.9331
            ],
            [
              -73.3549,
              6.9372
            ],
            [
              -73.3513,
              6.9523
            ],
            [
              -73.342,
              6.9651
            ],
            [
              -73.3385,
              6.9798
            ],
            [
              -73.3513,
              6.9929
            ],
            [
              -73.372,
              6.9996
            ],
            [
              -73.3837,
              6.999
            ],
            [
              -73.3968,
              6.9914
            ],
            [
              -73.4336,
              6.9846
            ],
            [
              -73.4433,
              6.9658
            ],
            [
              -73.4524,
              6.96
            ],
            [
              -73.4356,
              6.9548
            ],
            [
              -73.4154,
              6.961
            ],
            [
              -73.3974,
              6.9537
            ],
            [
              -73.3836,
              6.9595
            ],
            [
              -73.3768,
              6.947
            ],
            [
              -73.3591,
              6.9446
            ],
            [
              -73.3554,
              6.9354
            ],
            [
              -73.3569,
              6.9189
            ],
            [
              -73.3397,
              6.9154
            ],
            [
              -73.3335,
              6.8884
            ],
            [
              -73.3532,
              6.8234
            ],
            [
              -73.3597,
              6.7829
            ],
            [
              -73.3488,
              6.782
            ],
            [
              -73.336,
              6.7726
            ],
            [
              -73.339,
              6.7574
            ],
            [
              -73.3278,
              6.7505
            ],
            [
              -73.3044,
              6.7429
            ],
            [
              -73.3012,
              6.7265
            ],
            [
              -73.286,
              6.7041
            ],
            [
              -73.2721,
              6.6955
            ],
            [
              -73.2587,
              6.6946
            ],
            [
              -73.2528,
              6.7119
            ],
            [
              -73.2388,
              6.7164
            ],
            [
              -73.2238,
              6.7338
            ],
            [
              -73.2101,
              6.7694
            ],
            [
              -73.1984,
              6.7682
            ],
            [
              -73.1995,
              6.7955
            ],
            [
              -73.1847,
              6.8104
            ],
            [
              -73.1808,
              6.8258
            ],
            [
              -73.1671,
              6.8501
            ],
            [
              -73.1713,
              6.8794
            ],
            [
              -73.1762,
              6.8843
            ],
            [
              -73.186,
              6.9019
            ],
            [
              -73.2011,
              6.9052
            ],
            [
              -73.2171,
              6.9262
            ]
          ]
        ]
      },
      "properties": {
        "OBJECTID": 932,
        "DPTO_CCDGO": "27",
        "MPIO_CCDGO": "895",
        "name": "27223",
        "MPIO_CRSLC": "1743",
        "MPIO_NANO_": 1993,
        "MPIO_NAREA": 364.38330579,
        "MPIO_CSMBL": "4",
        "MPIO_CCNCT": "68895",
        "MPIO_NANO": 2012,
        "SHAPE_Leng": 1.29033814603,
        "SHAPE_Area": 0.0298033056237,
        "NOMBRE": "ZAPATOCA",
        "DANE": {
          "dpto_ccdgo": "68",
          "mpio_ccdgo": "895",
          "mpio_cdpmp": "68895",
          "dpto_cnmbr": "SANTANDER",
          "mpio_cnmbr": "ZAPATOCA",
          "mpio_crslc": "1743",
          "mpio_tipo": "MUNICIPIO",
          "mpio_narea": 364.418550932,
          "mpio_nano": 2024,
          "shape_Leng": 1.30742948506,
          "shape_Area": 0.0298061793896
        }
      }
    }
  ],
  "name": "27"
}