{
  "type": "FeatureCollection",
  "crs": {
    "type": "name",
    "properties": {
      "name": "urn:ogc:def:crs:OGC:1.3:CRS84"
    }
  },
  "features": [
    {
      "type": "Feature",
      "geometry": {
        "type": "Polygon",
        "coordinates": [
          [
            [
              -75.3988,
              9.3954
            ],
            [
              -75.4083,
              9.3979
            ],
            [
              -75.4213,
              9.3755
            ],
            [
              -75.4619,
              9.3785
            ],
            [
              -75.4665,
              9.3933
            ],
            [
              -75.4887,
              9.3889
            ],
            [
              -75.4977,
              9.393
            ],
            [
              -75.4997,
              9.4046
            ],
            [
              -75.5221,
              9.4302
            ],
            [
              -75.5273,
              9.4271
            ],
            [
              -75.542,
              9.4191
            ],
            [
              -75.5467,
              9.4084
            ],
            [
              -75.5412,
              9.3937
            ],
            [
              -75.5352,
              9.3921
            ],
            [
              -75.5246,
              9.3738
            ],
            [
              -75.5138,
              9.3718
            ],
            [
              -75.52,
              9.358
            ],
            [
              -75.5101,
              9.3553
            ],
            [
              -75.4918,
              9.3386
            ],
            [
              -75.4893,
              9.3171
            ],
            [
              -75.5008,
              9.3031
            ],
            [
              -75.4967,
              9.2846
            ],
            [
              -75.4962,
              9.2619
            ],
            [
              -75.4813,
              9.2549
            ],
            [
              -75.4777,
              9.2472
            ],
            [
              -75.4575,
              9.2378
            ],
            [
              -75.4541,
              9.2431
            ],
            [
              -75.4205,
              9.2349
            ],
            [
              -75.3965,
              9.2346
            ],
            [
              -75.3946,
              9.2423
            ],
            [
              -75.3788,
              9.2452
            ],
            [
              -75.3708,
              9.236
            ],
            [
              -75.3492,
              9.2255
            ],
            [
              -75.3494,
              9.2351
            ],
            [
              -75.3329,
              9.2612
            ],
            [
              -75.3416,
              9.2717
            ],
            [
              -75.3396,
              9.2939
            ],
            [
              -75.3302,
              9.2974
            ],
            [
              -75.3376,
              9.3145
            ],
            [
              -75.3533,
              9.3057
            ],
            [
              -75.3563,
              9.323
            ],
            [
              -75.367,
              9.3313
            ],
            [
              -75.3648,
              9.3447
            ],
            [
              -75.3797,
              9.3686
            ],
            [
              -75.3788,
              9.3774
            ],
            [
              -75.386,
              9.3932
            ],
            [
              -75.3988,
              9.3954
            ]
          ]
        ]
      },
      "properties": {
        "OBJECTID": 933,
        "DPTO_CCDGO": "28",
        "MPIO_CCDGO": "001",
        "name": "28001",
        "MPIO_CRSLC": "Ley 47 de Agosto 30 de 1966",
        "MPIO_NANO_": 1993,
        "MPIO_NAREA": 280.64430669,
        "MPIO_CSMBL": "4",
        "MPIO_CCNCT": "70001",
        "MPIO_NANO": 2012,
        "SHAPE_Leng": 1.07511757651,
        "SHAPE_Area": 0.0230836552648,
        "NOMBRE": "SINCELEJO",
        "DANE": {
          "dpto_ccdgo": "70",
          "mpio_ccdgo": "001",
          "mpio_cdpmp": "70001",
          "dpto_cnmbr": "SUCRE",
          "mpio_cnmbr": "SINCELEJO",
          "mpio_crslc": "Ley 47 de Agosto 30 de 1966",
          "mpio_tipo": "MUNICIPIO",
          "mpio_narea": 279.733734118,
          "mpio_nano": 2024,
          "shape_Leng": 1.14318895905,
          "shape_Area": 0.0230089181961
        }
      }
    },
    {
      "type": "Feature",
      "geometry": {
        "type": "Polygon",
        "coordinates": [
          [
            [
              -74.9223,
              9.3885
            ],
            [
              -74.922,
              9.3997
            ],
            [
              -74.9124,
              9.4158
            ],
            [
              -74.8865,
              9.4251
            ],
            [
              -74.9139,
              9.4404
            ],
            [
              -74.9356,
              9.4478
            ],
            [
              -74.9458,
              9.4371
            ],
            [
              -74.9599,
              9.4338
            ],
            [
              -74.962,
              9.4241
            ],
            [
              -74.9548,
              9.4088
            ],
            [
              -74.9576,
              9.3969
            ],
            [
              -74.9541,
              9.3828
            ],
            [
              -74.957,
              9.368
            ],
            [
              -74.9667,
              9.3599
            ],
            [
              -74.9799,
              9.3644
            ],
            [
              -74.9823,
              9.3515
            ],
            [
              -74.9952,
              9.3505
            ],
            [
              -74.99,
              9.3327
            ],
            [
              -75.0071,
              9.3247
            ],
            [
              -74.9982,
              9.3117
            ],
            [
              -74.9977,
              9.3015
            ],
            [
              -75.0049,
              9.2724
            ],
            [
              -74.9847,
              9.2705
            ],
            [
              -74.9836,
              9.2585
            ],
            [
              -74.9736,
              9.2549
            ],
            [
              -74.9607,
              9.2276
            ],
            [
              -74.9369,
              9.2103
            ],
            [
              -74.9083,
              9.205
            ],
            [
              -74.9051,
              9.2199
            ],
            [
              -74.9102,
              9.2446
            ],
            [
              -74.9279,
              9.2509
            ],
            [
              -74.9312,
              9.2602
            ],
            [
              -74.924,
              9.2685
            ],
            [
              -74.9312,
              9.2917
            ],
            [
              -74.9412,
              9.2922
            ],
            [
              -74.9426,
              9.3035
            ],
            [
              -74.9329,
              9.3284
            ],
            [
              -74.9433,
              9.3349
            ],
            [
              -74.9421,
              9.3514
            ],
            [
              -74.9223,
              9.3885
            ]
          ]
        ]
      },
      "properties": {
        "OBJECTID": 934,
        "DPTO_CCDGO": "28",
        "MPIO_CCDGO": "110",
        "name": "28010",
        "MPIO_CRSLC": "Ordenanza 9 del 5 de Noviembre de 1968",
        "MPIO_NANO_": 1993,
        "MPIO_NAREA": 119.48164327,
        "MPIO_CSMBL": "4",
        "MPIO_CCNCT": "70110",
        "MPIO_NANO": 2012,
        "SHAPE_Leng": 0.740594185302,
        "SHAPE_Area": 0.00983131243586,
        "NOMBRE": "BUENAVISTA",
        "DANE": {
          "dpto_ccdgo": "70",
          "mpio_ccdgo": "110",
          "mpio_cdpmp": "70110",
          "dpto_cnmbr": "SUCRE",
          "mpio_cnmbr": "BUENAVISTA",
          "mpio_crslc": "Ordenanza 9 del 5 de Noviembre de 1968",
          "mpio_tipo": "MUNICIPIO",
          "mpio_narea": 146.475663595,
          "mpio_nano": 2024,
          "shape_Leng": 0.880555256607,
          "shape_Area": 0.0120520218299
        }
      }
    },
    {
      "type": "Feature",
      "geometry": {
        "type": "Polygon",
        "coordinates": [
          [
            [
              -75.1863,
              8.9143
            ],
            [
              -75.1924,
              8.9201
            ],
            [
              -75.2036,
              8.9154
            ],
            [
              -75.1974,
              8.9059
            ],
            [
              -75.1967,
              8.8885
            ],
            [
              -75.2098,
              8.8716
            ],
            [
              -75.2239,
              8.8742
            ],
            [
              -75.2261,
              8.8664
            ],
            [
              -75.2441,
              8.8619
            ],
            [
              -75.2428,
              8.8414
            ],
            [
              -75.2332,
              8.8433
            ],
            [
              -75.2272,
              8.8331
            ],
            [
              -75.2145,
              8.8265
            ],
            [
              -75.2351,
              8.818
            ],
            [
              -75.22,
              8.8033
            ],
            [
              -75.239,
              8.7808
            ],
            [
              -75.2591,
              8.761
            ],
            [
              -75.2425,
              8.7543
            ],
            [
              -75.2166,
              8.7373
            ],
            [
              -75.2174,
              8.7338
            ],
            [
              -75.1777,
              8.7231
            ],
            [
              -75.1422,
              8.7113
            ],
            [
              -75.1086,
              8.7141
            ],
            [
              -75.0881,
              8.7077
            ],
            [
              -75.072,
              8.7125
            ],
            [
              -75.0583,
              8.6921
            ],
            [
              -75.0634,
              8.6769
            ],
            [
              -75.0616,
              8.6673
            ],
            [
              -75.0387,
              8.6618
            ],
            [
              -75.0315,
              8.6538
            ],
            [
              -75.0281,
              8.6842
            ],
            [
              -75.0365,
              8.705
            ],
            [
              -75.0316,
              8.7119
            ],
            [
              -75.0362,
              8.7375
            ],
            [
              -75.0227,
              8.7439
            ],
            [
              -75.0109,
              8.7647
            ],
            [
              -75.0111,
              8.7817
            ],
            [
              -75.0186,
              8.7814
            ],
            [
              -75.0133,
              8.8045
            ],
            [
              -75.0267,
              8.8112
            ],
            [
              -75.0601,
              8.8194
            ],
            [
              -75.0679,
              8.8271
            ],
            [
              -75.069,
              8.8418
            ],
            [
              -75.0954,
              8.8683
            ],
            [
              -75.1008,
              8.8766
            ],
            [
              -75.1253,
              8.8814
            ],
            [
              -75.1402,
              8.8914
            ],
            [
              -75.1525,
              8.9045
            ],
            [
              -75.1752,
              8.9041
            ],
            [
              -75.1863,
              8.9143
            ]
          ]
        ]
      },
      "properties": {
        "OBJECTID": 935,
        "DPTO_CCDGO": "28",
        "MPIO_CCDGO": "124",
        "name": "28020",
        "MPIO_CRSLC": "Ordenanza 58 de Abril 28 de 1914",
        "MPIO_NANO_": 1993,
        "MPIO_NAREA": 483.53441439,
        "MPIO_CSMBL": "4",
        "MPIO_CCNCT": "70124",
        "MPIO_NANO": 2012,
        "SHAPE_Leng": 1.43162559355,
        "SHAPE_Area": 0.0397231264135,
        "NOMBRE": "CAIMITO",
        "DANE": {
          "dpto_ccdgo": "70",
          "mpio_ccdgo": "124",
          "mpio_cdpmp": "70124",
          "dpto_cnmbr": "SUCRE",
          "mpio_cnmbr": "CAIMITO",
          "mpio_crslc": "Ordenanza 58 de Abril 28 de 1914",
          "mpio_tipo": "MUNICIPIO",
          "mpio_narea": 412.469807282,
          "mpio_nano": 2024,
          "shape_Leng": 1.17949007119,
          "shape_Area": 0.0338859589059
        }
      }
    },
    {
      "type": "Feature",
      "geometry": {
        "type": "Polygon",
        "coordinates": [
          [
            [
              -75.3732,
              9.6294
            ],
            [
              -75.3877,
              9.6396
            ],
            [
              -75.4005,
              9.629
            ],
            [
              -75.401,
              9.5674
            ],
            [
              -75.3913,
              9.5569
            ],
            [
              -75.3945,
              9.5164
            ],
            [
              -75.4049,
              9.5039
            ],
            [
              -75.3878,
              9.4949
            ],
            [
              -75.4081,
              9.4766
            ],
            [
              -75.3905,
              9.469
            ],
            [
              -75.3722,
              9.4424
            ],
            [
              -75.3638,
              9.4441
            ],
            [
              -75.3569,
              9.4524
            ],
            [
              -75.3427,
              9.4553
            ],
            [
              -75.3325,
              9.4669
            ],
            [
              -75.3245,
              9.465
            ],
            [
              -75.3097,
              9.4754
            ],
            [
              -75.3001,
              9.4726
            ],
            [
              -75.2993,
              9.4959
            ],
            [
              -75.2862,
              9.5005
            ],
            [
              -75.2859,
              9.5036
            ],
            [
              -75.3015,
              9.4985
            ],
            [
              -75.3141,
              9.5041
            ],
            [
              -75.3322,
              9.5216
            ],
            [
              -75.3299,
              9.5277
            ],
            [
              -75.3501,
              9.5364
            ],
            [
              -75.3505,
              9.558
            ],
            [
              -75.3588,
              9.5656
            ],
            [
              -75.3547,
              9.5849
            ],
            [
              -75.3457,
              9.5969
            ],
            [
              -75.3499,
              9.6069
            ],
            [
              -75.366,
              9.6117
            ],
            [
              -75.3732,
              9.6294
            ]
          ]
        ]
      },
      "properties": {
        "OBJECTID": 936,
        "DPTO_CCDGO": "28",
        "MPIO_CCDGO": "204",
        "name": "28030",
        "MPIO_CRSLC": "1907",
        "MPIO_NANO_": 1993,
        "MPIO_NAREA": 133.23861304,
        "MPIO_CSMBL": "4",
        "MPIO_CCNCT": "70204",
        "MPIO_NANO": 2012,
        "SHAPE_Leng": 0.760310674317,
        "SHAPE_Area": 0.0109663403787,
        "NOMBRE": "COLOSO (RICAURTE)",
        "DANE": {
          "dpto_ccdgo": "70",
          "mpio_ccdgo": "204",
          "mpio_cdpmp": "70204",
          "dpto_cnmbr": "SUCRE",
          "mpio_cnmbr": "COLOSÓ",
          "mpio_crslc": "1907",
          "mpio_tipo": "MUNICIPIO",
          "mpio_narea": 131.162692304,
          "mpio_nano": 2024,
          "shape_Leng": 0.788267663331,
          "shape_Area": 0.0107955319833
        }
      }
    },
    {
      "type": "Feature",
      "geometry": {
        "type": "Polygon",
        "coordinates": [
          [
            [
              -75.2363,
              9.3398
            ],
            [
              -75.2614,
              9.3444
            ],
            [
              -75.2854,
              9.3524
            ],
            [
              -75.3012,
              9.3266
            ],
            [
              -75.3376,
              9.3145
            ],
            [
              -75.3302,
              9.2974
            ],
            [
              -75.3396,
              9.2939
            ],
            [
              -75.3416,
              9.2717
            ],
            [
              -75.3329,
              9.2612
            ],
            [
              -75.3494,
              9.2351
            ],
            [
              -75.3492,
              9.2255
            ],
            [
              -75.3563,
              9.2124
            ],
            [
              -75.3402,
              9.2095
            ],
            [
              -75.3376,
              9.1912
            ],
            [
              -75.3263,
              9.1891
            ],
            [
              -75.3033,
              9.1767
            ],
            [
              -75.2724,
              9.138
            ],
            [
              -75.2519,
              9.1416
            ],
            [
              -75.2437,
              9.1286
            ],
            [
              -75.227,
              9.1143
            ],
            [
              -75.2246,
              9.1056
            ],
            [
              -75.2058,
              9.1088
            ],
            [
              -75.2053,
              9.1162
            ],
            [
              -75.1829,
              9.1106
            ],
            [
              -75.1785,
              9.1035
            ],
            [
              -75.1618,
              9.1011
            ],
            [
              -75.1608,
              9.0695
            ],
            [
              -75.1447,
              9.0688
            ],
            [
              -75.1272,
              9.0823
            ],
            [
              -75.1381,
              9.092
            ],
            [
              -75.1212,
              9.0992
            ],
            [
              -75.1324,
              9.1178
            ],
            [
              -75.1484,
              9.1348
            ],
            [
              -75.1556,
              9.1236
            ],
            [
              -75.1636,
              9.1304
            ],
            [
              -75.1549,
              9.1392
            ],
            [
              -75.1588,
              9.1527
            ],
            [
              -75.1422,
              9.1596
            ],
            [
              -75.1556,
              9.1872
            ],
            [
              -75.1666,
              9.187
            ],
            [
              -75.1918,
              9.1986
            ],
            [
              -75.1998,
              9.1909
            ],
            [
              -75.205,
              9.2111
            ],
            [
              -75.2451,
              9.1929
            ],
            [
              -75.2636,
              9.2015
            ],
            [
              -75.2711,
              9.2098
            ],
            [
              -75.2684,
              9.235
            ],
            [
              -75.2739,
              9.2428
            ],
            [
              -75.2693,
              9.2636
            ],
            [
              -75.2726,
              9.2686
            ],
            [
              -75.2617,
              9.304
            ],
            [
              -75.2501,
              9.2987
            ],
            [
              -75.2476,
              9.3284
            ],
            [
              -75.2363,
              9.3398
            ]
          ]
        ]
      },
      "properties": {
        "OBJECTID": 937,
        "DPTO_CCDGO": "28",
        "MPIO_CCDGO": "215",
        "name": "28040",
        "MPIO_CRSLC": "Ley 44 de 1876",
        "MPIO_NANO_": 1993,
        "MPIO_NAREA": 292.80763999,
        "MPIO_CSMBL": "4",
        "MPIO_CCNCT": "70215",
        "MPIO_NANO": 2012,
        "SHAPE_Leng": 1.67077106135,
        "SHAPE_Area": 0.0240796512894,
        "NOMBRE": "COROZAL",
        "DANE": {
          "dpto_ccdgo": "70",
          "mpio_ccdgo": "215",
          "mpio_cdpmp": "70215",
          "dpto_cnmbr": "SUCRE",
          "mpio_cnmbr": "COROZAL",
          "mpio_crslc": "Ley 44 de 1876",
          "mpio_tipo": "MUNICIPIO",
          "mpio_narea": 286.112574762,
          "mpio_nano": 2024,
          "shape_Leng": 1.41197199623,
          "shape_Area": 0.0235294639468
        }
      }
    },
    {
      "type": "Feature",
      "geometry": {
        "type": "Polygon",
        "coordinates": [
          [
            [
              -75.6171,
              9.406
            ],
            [
              -75.6148,
              9.4318
            ],
            [
              -75.6061,
              9.4631
            ],
            [
              -75.6076,
              9.469
            ],
            [
              -75.6182,
              9.451
            ],
            [
              -75.6359,
              9.428
            ],
            [
              -75.6524,
              9.4206
            ],
            [
              -75.6763,
              9.4035
            ],
            [
              -75.7001,
              9.4117
            ],
            [
              -75.7044,
              9.3722
            ],
            [
              -75.6892,
              9.3646
            ],
            [
              -75.6876,
              9.356
            ],
            [
              -75.6715,
              9.3431
            ],
            [
              -75.6611,
              9.3576
            ],
            [
              -75.6487,
              9.3623
            ],
            [
              -75.6419,
              9.3781
            ],
            [
              -75.6313,
              9.3781
            ],
            [
              -75.6289,
              9.3908
            ],
            [
              -75.6171,
              9.406
            ]
          ]
        ]
      },
      "properties": {
        "OBJECTID": 938,
        "DPTO_CCDGO": "28",
        "MPIO_CCDGO": "221",
        "name": "28041",
        "MPIO_CRSLC": "Decreto 0063 de febrero 07 de 2002",
        "MPIO_NANO_": 2002,
        "MPIO_NAREA": 55.54696363,
        "MPIO_CSMBL": "4",
        "MPIO_CCNCT": "70221",
        "MPIO_NANO": 2012,
        "SHAPE_Leng": 0.411547258237,
        "SHAPE_Area": 0.00456964364662,
        "NOMBRE": "COVEÑAS",
        "DANE": {
          "dpto_ccdgo": "70",
          "mpio_ccdgo": "221",
          "mpio_cdpmp": "70221",
          "dpto_cnmbr": "SUCRE",
          "mpio_cnmbr": "COVEÑAS",
          "mpio_crslc": "Decreto 0063 de febrero 07 de 2002",
          "mpio_tipo": "MUNICIPIO",
          "mpio_narea": 56.6220357777,
          "mpio_nano": 2024,
          "shape_Leng": 0.426728893228,
          "shape_Area": 0.00465742367337
        }
      }
    },
    {
      "type": "Feature",
      "geometry": {
        "type": "Polygon",
        "coordinates": [
          [
            [
              -75.3273,
              9.6167
            ],
            [
              -75.3447,
              9.6436
            ],
            [
              -75.3619,
              9.6462
            ],
            [
              -75.3625,
              9.6307
            ],
            [
              -75.3732,
              9.6294
            ],
            [
              -75.366,
              9.6117
            ],
            [
              -75.3499,
              9.6069
            ],
            [
              -75.3457,
              9.5969
            ],
            [
              -75.3547,
              9.5849
            ],
            [
              -75.3588,
              9.5656
            ],
            [
              -75.3505,
              9.558
            ],
            [
              -75.3501,
              9.5364
            ],
            [
              -75.3299,
              9.5277
            ],
            [
              -75.3322,
              9.5216
            ],
            [
              -75.3141,
              9.5041
            ],
            [
              -75.3015,
              9.4985
            ],
            [
              -75.2859,
              9.5036
            ],
            [
              -75.2935,
              9.5126
            ],
            [
              -75.2858,
              9.5395
            ],
            [
              -75.2918,
              9.5495
            ],
            [
              -75.2818,
              9.5629
            ],
            [
              -75.2847,
              9.5767
            ],
            [
              -75.3048,
              9.5954
            ],
            [
              -75.3081,
              9.6029
            ],
            [
              -75.3255,
              9.6033
            ],
            [
              -75.3273,
              9.6167
            ]
          ]
        ]
      },
      "properties": {
        "OBJECTID": 939,
        "DPTO_CCDGO": "28",
        "MPIO_CCDGO": "230",
        "name": "28045",
        "MPIO_CRSLC": "Ordenanza 6 de Octubre 30 de 1968",
        "MPIO_NANO_": 1993,
        "MPIO_NAREA": 83.21736523,
        "MPIO_CSMBL": "4",
        "MPIO_CCNCT": "70230",
        "MPIO_NANO": 2012,
        "SHAPE_Leng": 0.544202256197,
        "SHAPE_Area": 0.00685034241428,
        "NOMBRE": "CHALAN",
        "DANE": {
          "dpto_ccdgo": "70",
          "mpio_ccdgo": "230",
          "mpio_cdpmp": "70230",
          "dpto_cnmbr": "SUCRE",
          "mpio_cnmbr": "CHALÁN",
          "mpio_crslc": "Ordenanza 6 de Octubre 30 de 1968",
          "mpio_tipo": "MUNICIPIO",
          "mpio_narea": 83.7100149133,
          "mpio_nano": 2024,
          "shape_Leng": 0.572024421407,
          "shape_Area": 0.00689090164819
        }
      }
    },
    {
      "type": "Feature",
      "geometry": {
        "type": "Polygon",
        "coordinates": [
          [
            [
              -75.083,
              9.1102
            ],
            [
              -75.1032,
              9.1021
            ],
            [
              -75.1112,
              9.122
            ],
            [
              -75.1208,
              9.135
            ],
            [
              -75.1358,
              9.1436
            ],
            [
              -75.1422,
              9.1596
            ],
            [
              -75.1588,
              9.1527
            ],
            [
              -75.1549,
              9.1392
            ],
            [
              -75.1636,
              9.1304
            ],
            [
              -75.1556,
              9.1236
            ],
            [
              -75.1484,
              9.1348
            ],
            [
              -75.1324,
              9.1178
            ],
            [
              -75.1212,
              9.0992
            ],
            [
              -75.1381,
              9.092
            ],
            [
              -75.1272,
              9.0823
            ],
            [
              -75.1447,
              9.0688
            ],
            [
              -75.1608,
              9.0695
            ],
            [
              -75.1618,
              9.1011
            ],
            [
              -75.1785,
              9.1035
            ],
            [
              -75.1829,
              9.1106
            ],
            [
              -75.2053,
              9.1162
            ],
            [
              -75.2058,
              9.1088
            ],
            [
              -75.2246,
              9.1056
            ],
            [
              -75.227,
              9.1143
            ],
            [
              -75.2437,
              9.1286
            ],
            [
              -75.2519,
              9.1416
            ],
            [
              -75.2724,
              9.138
            ],
            [
              -75.2661,
              9.1205
            ],
            [
              -75.2499,
              9.1117
            ],
            [
              -75.2475,
              9.0988
            ],
            [
              -75.226,
              9.094
            ],
            [
              -75.231,
              9.0836
            ],
            [
              -75.2241,
              9.0731
            ],
            [
              -75.2091,
              9.0499
            ],
            [
              -75.2083,
              9.0345
            ],
            [
              -75.1984,
              9.034
            ],
            [
              -75.1815,
              9.0221
            ],
            [
              -75.1959,
              9.0113
            ],
            [
              -75.1866,
              9.0039
            ],
            [
              -75.1651,
              9.0144
            ],
            [
              -75.1274,
              9.0104
            ],
            [
              -75.1166,
              9.0293
            ],
            [
              -75.0992,
              9.0355
            ],
            [
              -75.0884,
              9.0165
            ],
            [
              -75.0624,
              9.0212
            ],
            [
              -75.0466,
              9.043
            ],
            [
              -75.0285,
              9.0471
            ],
            [
              -75.0297,
              9.0601
            ],
            [
              -75.0218,
              9.0785
            ],
            [
              -75.035,
              9.0849
            ],
            [
              -75.0478,
              9.0746
            ],
            [
              -75.0596,
              9.0764
            ],
            [
              -75.0631,
              9.0847
            ],
            [
              -75.0558,
              9.0983
            ],
            [
              -75.0629,
              9.1079
            ],
            [
              -75.083,
              9.1102
            ]
          ]
        ]
      },
      "properties": {
        "OBJECTID": 940,
        "DPTO_CCDGO": "28",
        "MPIO_CCDGO": "233",
        "name": "28042",
        "MPIO_CRSLC": "Decreto 356 de 98, fallo 5 de Mayo de 99 y Sentencia del 17",
        "MPIO_NANO_": 1998,
        "MPIO_NAREA": 204.4258223,
        "MPIO_CSMBL": "4",
        "MPIO_CCNCT": "70233",
        "MPIO_NANO": 2012,
        "SHAPE_Leng": 1.23718165928,
        "SHAPE_Area": 0.0168067702184,
        "NOMBRE": "EL ROBLE",
        "DANE": {
          "dpto_ccdgo": "70",
          "mpio_ccdgo": "233",
          "mpio_cdpmp": "70233",
          "dpto_cnmbr": "SUCRE",
          "mpio_cnmbr": "EL ROBLE",
          "mpio_crslc": "Decreto 356 de 98, fallo 5 de Mayo de 99 y Sentencia del 17",
          "mpio_tipo": "MUNICIPIO",
          "mpio_narea": 198.434401879,
          "mpio_nano": 2024,
          "shape_Leng": 1.23421947663,
          "shape_Area": 0.0163142202571
        }
      }
    },
    {
      "type": "Feature",
      "geometry": {
        "type": "Polygon",
        "coordinates": [
          [
            [
              -74.9083,
              9.205
            ],
            [
              -74.9369,
              9.2103
            ],
            [
              -74.9615,
              9.2147
            ],
            [
              -74.9743,
              9.2054
            ],
            [
              -74.998,
              9.2067
            ],
            [
              -75.0051,
              9.2019
            ],
            [
              -75.0204,
              9.2039
            ],
            [
              -75.0329,
              9.1959
            ],
            [
              -75.0748,
              9.2008
            ],
            [
              -75.0734,
              9.192
            ],
            [
              -75.0876,
              9.1781
            ],
            [
              -75.0879,
              9.1518
            ],
            [
              -75.0949,
              9.1476
            ],
            [
              -75.0949,
              9.133
            ],
            [
              -75.0761,
              9.1318
            ],
            [
              -75.0748,
              9.1212
            ],
            [
              -75.083,
              9.1102
            ],
            [
              -75.0629,
              9.1079
            ],
            [
              -75.0558,
              9.0983
            ],
            [
              -75.0631,
              9.0847
            ],
            [
              -75.0596,
              9.0764
            ],
            [
              -75.0478,
              9.0746
            ],
            [
              -75.035,
              9.0849
            ],
            [
              -75.0218,
              9.0785
            ],
            [
              -75.0297,
              9.0601
            ],
            [
              -75.0285,
              9.0471
            ],
            [
              -75.0217,
              9.0286
            ],
            [
              -75.0149,
              9.0341
            ],
            [
              -74.9987,
              9.0294
            ],
            [
              -74.9782,
              9.0307
            ],
            [
              -74.9879,
              9.0537
            ],
            [
              -74.9781,
              9.0759
            ],
            [
              -74.9546,
              9.0742
            ],
            [
              -74.9425,
              9.0858
            ],
            [
              -74.9305,
              9.0832
            ],
            [
              -74.9266,
              9.0922
            ],
            [
              -74.9114,
              9.1089
            ],
            [
              -74.8889,
              9.1044
            ],
            [
              -74.8844,
              9.0963
            ],
            [
              -74.8675,
              9.0954
            ],
            [
              -74.8623,
              9.1023
            ],
            [
              -74.8435,
              9.1072
            ],
            [
              -74.8466,
              9.1218
            ],
            [
              -74.8573,
              9.1325
            ],
            [
              -74.8644,
              9.1485
            ],
            [
              -74.8806,
              9.1603
            ],
            [
              -74.9028,
              9.1633
            ],
            [
              -74.9064,
              9.1742
            ],
            [
              -74.9024,
              9.1936
            ],
            [
              -74.9083,
              9.205
            ]
          ]
        ]
      },
      "properties": {
        "OBJECTID": 941,
        "DPTO_CCDGO": "28",
        "MPIO_CCDGO": "235",
        "name": "28048",
        "MPIO_CRSLC": "Ordenanza 4 de Octubre 15 de 1968",
        "MPIO_NANO_": 1993,
        "MPIO_NAREA": 297.14392646,
        "MPIO_CSMBL": "4",
        "MPIO_CCNCT": "70235",
        "MPIO_NANO": 2012,
        "SHAPE_Leng": 0.949028882805,
        "SHAPE_Area": 0.0244362745067,
        "NOMBRE": "GALERAS (NUEVA GRANADA)",
        "DANE": {
          "dpto_ccdgo": "70",
          "mpio_ccdgo": "235",
          "mpio_cdpmp": "70235",
          "dpto_cnmbr": "SUCRE",
          "mpio_cnmbr": "GALERAS",
          "mpio_crslc": "Ordenanza 4 de Octubre 15 de 1968",
          "mpio_tipo": "MUNICIPIO",
          "mpio_narea": 321.856425977,
          "mpio_nano": 2024,
          "shape_Leng": 1.12379500585,
          "shape_Area": 0.0264683881232
        }
      }
    },
    {
      "type": "Feature",
      "geometry": {
        "type": "Polygon",
        "coordinates": [
          [
            [
              -74.539,
              8.428
            ],
            [
              -74.5375,
              8.4466
            ],
            [
              -74.5327,
              8.4582
            ],
            [
              -74.5343,
              8.4766
            ],
            [
              -74.546,
              8.4956
            ],
            [
              -74.5695,
              8.51
            ],
            [
              -74.5918,
              8.5065
            ],
            [
              -74.6113,
              8.4891
            ],
            [
              -74.6052,
              8.4692
            ],
            [
              -74.6285,
              8.4637
            ],
            [
              -74.6344,
              8.4695
            ],
            [
              -74.655,
              8.4572
            ],
            [
              -74.6461,
              8.443
            ],
            [
              -74.6689,
              8.4318
            ],
            [
              -74.6637,
              8.4251
            ],
            [
              -74.6723,
              8.4046
            ],
            [
              -74.6646,
              8.3825
            ],
            [
              -74.7385,
              8.3772
            ],
            [
              -74.753,
              8.3662
            ],
            [
              -74.7567,
              8.3825
            ],
            [
              -74.767,
              8.4054
            ],
            [
              -74.7782,
              8.4164
            ],
            [
              -74.7784,
              8.4249
            ],
            [
              -74.812,
              8.4227
            ],
            [
              -74.8202,
              8.4142
            ],
            [
              -74.824,
              8.3992
            ],
            [
              -74.8403,
              8.394
            ],
            [
              -74.825,
              8.3853
            ],
            [
              -74.8082,
              8.3866
            ],
            [
              -74.8037,
              8.3688
            ],
            [
              -74.8159,
              8.3714
            ],
            [
              -74.828,
              8.3597
            ],
            [
              -74.8101,
              8.3418
            ],
            [
              -74.8012,
              8.3376
            ],
            [
              -74.7888,
              8.3129
            ],
            [
              -74.7981,
              8.308
            ],
            [
              -74.8006,
              8.2962
            ],
            [
              -74.7909,
              8.2833
            ],
            [
              -74.7809,
              8.2779
            ],
            [
              -74.7712,
              8.2793
            ],
            [
              -74.7644,
              8.2945
            ],
            [
              -74.7478,
              8.2991
            ],
            [
              -74.7348,
              8.2886
            ],
            [
              -74.7244,
              8.2869
            ],
            [
              -74.7228,
              8.3011
            ],
            [
              -74.7127,
              8.3041
            ],
            [
              -74.6808,
              8.2921
            ],
            [
              -74.668,
              8.2953
            ],
            [
              -74.6596,
              8.2796
            ],
            [
              -74.6496,
              8.2833
            ],
            [
              -74.6518,
              8.2986
            ],
            [
              -74.6486,
              8.3136
            ],
            [
              -74.6294,
              8.3294
            ],
            [
              -74.6159,
              8.3467
            ],
            [
              -74.6181,
              8.3579
            ],
            [
              -74.6109,
              8.3758
            ],
            [
              -74.616,
              8.3858
            ],
            [
              -74.6108,
              8.3968
            ],
            [
              -74.5968,
              8.4033
            ],
            [
              -74.5856,
              8.3842
            ],
            [
              -74.5611,
              8.3901
            ],
            [
              -74.5544,
              8.4134
            ],
            [
              -74.539,
              8.428
            ]
          ]
        ]
      },
      "properties": {
        "OBJECTID": 942,
        "DPTO_CCDGO": "28",
        "MPIO_CCDGO": "265",
        "name": "28049",
        "MPIO_CRSLC": "Ordenanza 2 de Octubre 31 de 1984",
        "MPIO_NANO_": 1993,
        "MPIO_NAREA": 345.37724697,
        "MPIO_CSMBL": "4",
        "MPIO_CCNCT": "70265",
        "MPIO_NANO": 2012,
        "SHAPE_Leng": 1.26868014089,
        "SHAPE_Area": 0.0283504970029,
        "NOMBRE": "GUARANDA",
        "DANE": {
          "dpto_ccdgo": "70",
          "mpio_ccdgo": "265",
          "mpio_cdpmp": "70265",
          "dpto_cnmbr": "SUCRE",
          "mpio_cnmbr": "GUARANDA",
          "mpio_crslc": "Ordenanza 2 de Octubre 31 de 1984",
          "mpio_tipo": "MUNICIPIO",
          "mpio_narea": 361.867637088,
          "mpio_nano": 2024,
          "shape_Leng": 1.42388687921,
          "shape_Area": 0.0297043188822
        }
      }
    },
    {
      "type": "Feature",
      "geometry": {
        "type": "Polygon",
        "coordinates": [
          [
            [
              -75.2036,
              8.9154
            ],
            [
              -75.2169,
              8.9158
            ],
            [
              -75.2446,
              8.8823
            ],
            [
              -75.2585,
              8.8956
            ],
            [
              -75.2652,
              8.8955
            ],
            [
              -75.271,
              8.912
            ],
            [
              -75.2893,
              8.897
            ],
            [
              -75.2872,
              8.89
            ],
            [
              -75.2962,
              8.8722
            ],
            [
              -75.3088,
              8.8597
            ],
            [
              -75.319,
              8.8582
            ],
            [
              -75.3316,
              8.8655
            ],
            [
              -75.3357,
              8.8534
            ],
            [
              -75.3508,
              8.8504
            ],
            [
              -75.3535,
              8.8407
            ],
            [
              -75.3716,
              8.8265
            ],
            [
              -75.3673,
              8.81
            ],
            [
              -75.3692,
              8.7919
            ],
            [
              -75.3439,
              8.7769
            ],
            [
              -75.3334,
              8.7578
            ],
            [
              -75.328,
              8.7365
            ],
            [
              -75.3359,
              8.7113
            ],
            [
              -75.3224,
              8.7294
            ],
            [
              -75.3004,
              8.7406
            ],
            [
              -75.2888,
              8.7287
            ],
            [
              -75.2881,
              8.7174
            ],
            [
              -75.2744,
              8.7103
            ],
            [
              -75.2792,
              8.7381
            ],
            [
              -75.2574,
              8.7209
            ],
            [
              -75.2371,
              8.7219
            ],
            [
              -75.2174,
              8.7338
            ],
            [
              -75.2166,
              8.7373
            ],
            [
              -75.2425,
              8.7543
            ],
            [
              -75.2591,
              8.761
            ],
            [
              -75.239,
              8.7808
            ],
            [
              -75.22,
              8.8033
            ],
            [
              -75.2351,
              8.818
            ],
            [
              -75.2145,
              8.8265
            ],
            [
              -75.2272,
              8.8331
            ],
            [
              -75.2332,
              8.8433
            ],
            [
              -75.2428,
              8.8414
            ],
            [
              -75.2441,
              8.8619
            ],
            [
              -75.2261,
              8.8664
            ],
            [
              -75.2239,
              8.8742
            ],
            [
              -75.2098,
              8.8716
            ],
            [
              -75.1967,
              8.8885
            ],
            [
              -75.1974,
              8.9059
            ],
            [
              -75.2036,
              8.9154
            ]
          ]
        ]
      },
      "properties": {
        "OBJECTID": 943,
        "DPTO_CCDGO": "28",
        "MPIO_CCDGO": "400",
        "name": "28050",
        "MPIO_CRSLC": "Ordenanza 19 de Diciembre 14 de 1968",
        "MPIO_NANO_": 1993,
        "MPIO_NAREA": 225.57418779,
        "MPIO_CSMBL": "4",
        "MPIO_CCNCT": "70400",
        "MPIO_NANO": 2012,
        "SHAPE_Leng": 1.05708727479,
        "SHAPE_Area": 0.0185306733387,
        "NOMBRE": "LA UNION",
        "DANE": {
          "dpto_ccdgo": "70",
          "mpio_ccdgo": "400",
          "mpio_cdpmp": "70400",
          "dpto_cnmbr": "SUCRE",
          "mpio_cnmbr": "LA UNIÓN",
          "mpio_crslc": "Ordenanza 19 de Diciembre 14 de 1968",
          "mpio_tipo": "MUNICIPIO",
          "mpio_narea": 232.350395177,
          "mpio_nano": 2024,
          "shape_Leng": 1.07762608197,
          "shape_Area": 0.0190875106334
        }
      }
    },
    {
      "type": "Feature",
      "geometry": {
        "type": "Polygon",
        "coordinates": [
          [
            [
              -75.1108,
              9.4406
            ],
            [
              -75.1236,
              9.4506
            ],
            [
              -75.1339,
              9.4435
            ],
            [
              -75.1448,
              9.4612
            ],
            [
              -75.1587,
              9.4573
            ],
            [
              -75.1654,
              9.4685
            ],
            [
              -75.1771,
              9.4648
            ],
            [
              -75.1857,
              9.475
            ],
            [
              -75.1995,
              9.4668
            ],
            [
              -75.2089,
              9.4786
            ],
            [
              -75.23,
              9.4913
            ],
            [
              -75.2405,
              9.4787
            ],
            [
              -75.2595,
              9.4631
            ],
            [
              -75.2862,
              9.5005
            ],
            [
              -75.2993,
              9.4959
            ],
            [
              -75.3001,
              9.4726
            ],
            [
              -75.2992,
              9.4544
            ],
            [
              -75.2899,
              9.4442
            ],
            [
              -75.2823,
              9.4451
            ],
            [
              -75.2712,
              9.4236
            ],
            [
              -75.2593,
              9.4109
            ],
            [
              -75.2705,
              9.3836
            ],
            [
              -75.28,
              9.3672
            ],
            [
              -75.2714,
              9.3602
            ],
            [
              -75.2854,
              9.3524
            ],
            [
              -75.2614,
              9.3444
            ],
            [
              -75.2363,
              9.3398
            ],
            [
              -75.2294,
              9.35
            ],
            [
              -75.2024,
              9.3666
            ],
            [
              -75.1755,
              9.3894
            ],
            [
              -75.1476,
              9.4003
            ],
            [
              -75.1133,
              9.4008
            ],
            [
              -75.1002,
              9.4264
            ],
            [
              -75.1108,
              9.4406
            ]
          ]
        ]
      },
      "properties": {
        "OBJECTID": 944,
        "DPTO_CCDGO": "28",
        "MPIO_CCDGO": "418",
        "name": "28055",
        "MPIO_CRSLC": "Ordenanza 27 de Noviembre 28 de 1968",
        "MPIO_NANO_": 1993,
        "MPIO_NAREA": 206.46165128,
        "MPIO_CSMBL": "4",
        "MPIO_CCNCT": "70418",
        "MPIO_NANO": 2012,
        "SHAPE_Leng": 0.815472732458,
        "SHAPE_Area": 0.0169900812461,
        "NOMBRE": "LOS PALMITOS",
        "DANE": {
          "dpto_ccdgo": "70",
          "mpio_ccdgo": "418",
          "mpio_cdpmp": "70418",
          "dpto_cnmbr": "SUCRE",
          "mpio_cnmbr": "LOS PALMITOS",
          "mpio_crslc": "Ordenanza 27 de Noviembre 28 de 1968",
          "mpio_tipo": "MUNICIPIO",
          "mpio_narea": 198.884827684,
          "mpio_nano": 2024,
          "shape_Leng": 0.853204120328,
          "shape_Area": 0.0163663725816
        }
      }
    },
    {
      "type": "Feature",
      "geometry": {
        "type": "Polygon",
        "coordinates": [
          [
            [
              -74.6083,
              8.7304
            ],
            [
              -74.6258,
              8.7307
            ],
            [
              -74.6381,
              8.7441
            ],
            [
              -74.669,
              8.743
            ],
            [
              -74.696,
              8.7267
            ],
            [
              -74.7034,
              8.7285
            ],
            [
              -74.7189,
              8.7196
            ],
            [
              -74.7356,
              8.7408
            ],
            [
              -74.7456,
              8.7412
            ],
            [
              -74.7452,
              8.7183
            ],
            [
              -74.726,
              8.7004
            ],
            [
              -74.7311,
              8.6793
            ],
            [
              -74.7413,
              8.6802
            ],
            [
              -74.7479,
              8.6677
            ],
            [
              -74.7391,
              8.6464
            ],
            [
              -74.7464,
              8.6373
            ],
            [
              -74.7485,
              8.6214
            ],
            [
              -74.756,
              8.6178
            ],
            [
              -74.7873,
              8.6144
            ],
            [
              -74.7918,
              8.6026
            ],
            [
              -74.7883,
              8.5911
            ],
            [
              -74.778,
              8.5805
            ],
            [
              -74.7912,
              8.5752
            ],
            [
              -74.8101,
              8.5746
            ],
            [
              -74.8262,
              8.5495
            ],
            [
              -74.8285,
              8.5207
            ],
            [
              -74.8456,
              8.531
            ],
            [
              -74.8408,
              8.5179
            ],
            [
              -74.8457,
              8.4948
            ],
            [
              -74.8607,
              8.4878
            ],
            [
              -74.8783,
              8.4611
            ],
            [
              -74.8963,
              8.4557
            ],
            [
              -74.8988,
              8.4466
            ],
            [
              -74.8865,
              8.4323
            ],
            [
              -74.8742,
              8.403
            ],
            [
              -74.8496,
              8.3909
            ],
            [
              -74.8403,
              8.394
            ],
            [
              -74.824,
              8.3992
            ],
            [
              -74.8202,
              8.4142
            ],
            [
              -74.812,
              8.4227
            ],
            [
              -74.7784,
              8.4249
            ],
            [
              -74.7782,
              8.4164
            ],
            [
              -74.767,
              8.4054
            ],
            [
              -74.7567,
              8.3825
            ],
            [
              -74.753,
              8.3662
            ],
            [
              -74.7385,
              8.3772
            ],
            [
              -74.6646,
              8.3825
            ],
            [
              -74.6723,
              8.4046
            ],
            [
              -74.6637,
              8.4251
            ],
            [
              -74.6689,
              8.4318
            ],
            [
              -74.6461,
              8.443
            ],
            [
              -74.655,
              8.4572
            ],
            [
              -74.6344,
              8.4695
            ],
            [
              -74.6285,
              8.4637
            ],
            [
              -74.6052,
              8.4692
            ],
            [
              -74.6113,
              8.4891
            ],
            [
              -74.5918,
              8.5065
            ],
            [
              -74.5695,
              8.51
            ],
            [
              -74.5741,
              8.5301
            ],
            [
              -74.5726,
              8.5474
            ],
            [
              -74.5639,
              8.5492
            ],
            [
              -74.5638,
              8.5718
            ],
            [
              -74.5732,
              8.5814
            ],
            [
              -74.594,
              8.591
            ],
            [
              -74.5953,
              8.6004
            ],
            [
              -74.5878,
              8.6106
            ],
            [
              -74.5867,
              8.6308
            ],
            [
              -74.5985,
              8.6513
            ],
            [
              -74.5919,
              8.6655
            ],
            [
              -74.5971,
              8.6779
            ],
            [
              -74.5945,
              8.6884
            ],
            [
              -74.6083,
              8.7304
            ]
          ]
        ]
      },
      "properties": {
        "OBJECTID": 945,
        "DPTO_CCDGO": "28",
        "MPIO_CCDGO": "429",
        "name": "28060",
        "MPIO_CRSLC": "Ordenanzas 27 y 42 de 1938",
        "MPIO_NANO_": 1993,
        "MPIO_NAREA": 893.2781135,
        "MPIO_CSMBL": "4",
        "MPIO_CCNCT": "70429",
        "MPIO_NANO": 2012,
        "SHAPE_Leng": 1.69392473245,
        "SHAPE_Area": 0.0733548879256,
        "NOMBRE": "MAJAGUAL",
        "DANE": {
          "dpto_ccdgo": "70",
          "mpio_ccdgo": "429",
          "mpio_cdpmp": "70429",
          "dpto_cnmbr": "SUCRE",
          "mpio_cnmbr": "MAJAGUAL",
          "mpio_crslc": "Ordenanzas 27 y 42 de 1938",
          "mpio_tipo": "MUNICIPIO",
          "mpio_narea": 845.071891215,
          "mpio_nano": 2024,
          "shape_Leng": 1.79025273235,
          "shape_Area": 0.0693963680887
        }
      }
    },
    {
      "type": "Feature",
      "geometry": {
        "type": "Polygon",
        "coordinates": [
          [
            [
              -75.3001,
              9.4726
            ],
            [
              -75.3097,
              9.4754
            ],
            [
              -75.3245,
              9.465
            ],
            [
              -75.3325,
              9.4669
            ],
            [
              -75.3427,
              9.4553
            ],
            [
              -75.3569,
              9.4524
            ],
            [
              -75.3638,
              9.4441
            ],
            [
              -75.3725,
              9.439
            ],
            [
              -75.3758,
              9.4253
            ],
            [
              -75.3926,
              9.424
            ],
            [
              -75.3923,
              9.4092
            ],
            [
              -75.3988,
              9.3954
            ],
            [
              -75.386,
              9.3932
            ],
            [
              -75.3788,
              9.3774
            ],
            [
              -75.3797,
              9.3686
            ],
            [
              -75.3648,
              9.3447
            ],
            [
              -75.367,
              9.3313
            ],
            [
              -75.3563,
              9.323
            ],
            [
              -75.3533,
              9.3057
            ],
            [
              -75.3376,
              9.3145
            ],
            [
              -75.3012,
              9.3266
            ],
            [
              -75.2854,
              9.3524
            ],
            [
              -75.2714,
              9.3602
            ],
            [
              -75.28,
              9.3672
            ],
            [
              -75.2705,
              9.3836
            ],
            [
              -75.2593,
              9.4109
            ],
            [
              -75.2712,
              9.4236
            ],
            [
              -75.2823,
              9.4451
            ],
            [
              -75.2899,
              9.4442
            ],
            [
              -75.2992,
              9.4544
            ],
            [
              -75.3001,
              9.4726
            ]
          ]
        ]
      },
      "properties": {
        "OBJECTID": 946,
        "DPTO_CCDGO": "28",
        "MPIO_CCDGO": "473",
        "name": "28080",
        "MPIO_CRSLC": "1855",
        "MPIO_NANO_": 1993,
        "MPIO_NAREA": 175.41446722,
        "MPIO_CSMBL": "4",
        "MPIO_CCNCT": "70473",
        "MPIO_NANO": 2012,
        "SHAPE_Leng": 0.685311465766,
        "SHAPE_Area": 0.014432563392,
        "NOMBRE": "MORROA",
        "DANE": {
          "dpto_ccdgo": "70",
          "mpio_ccdgo": "473",
          "mpio_cdpmp": "70473",
          "dpto_cnmbr": "SUCRE",
          "mpio_cnmbr": "MORROA",
          "mpio_crslc": "1855",
          "mpio_tipo": "MUNICIPIO",
          "mpio_narea": 170.013954794,
          "mpio_nano": 2024,
          "shape_Leng": 0.67611768108,
          "shape_Area": 0.013988258358
        }
      }
    },
    {
      "type": "Feature",
      "geometry": {
        "type": "Polygon",
        "coordinates": [
          [
            [
              -75.0124,
              9.5283
            ],
            [
              -75.027,
              9.529
            ],
            [
              -75.0423,
              9.5404
            ],
            [
              -75.0564,
              9.5325
            ],
            [
              -75.0773,
              9.5327
            ],
            [
              -75.0848,
              9.5453
            ],
            [
              -75.1186,
              9.5741
            ],
            [
              -75.1323,
              9.5807
            ],
            [
              -75.133,
              9.5959
            ],
            [
              -75.1542,
              9.6004
            ],
            [
              -75.1676,
              9.6134
            ],
            [
              -75.1778,
              9.6028
            ],
            [
              -75.1856,
              9.611
            ],
            [
              -75.188,
              9.6244
            ],
            [
              -75.1801,
              9.639
            ],
            [
              -75.2002,
              9.652
            ],
            [
              -75.2288,
              9.6505
            ],
            [
              -75.2474,
              9.6608
            ],
            [
              -75.2544,
              9.6602
            ],
            [
              -75.2697,
              9.6698
            ],
            [
              -75.2795,
              9.6855
            ],
            [
              -75.2998,
              9.67
            ],
            [
              -75.3003,
              9.6579
            ],
            [
              -75.3147,
              9.6528
            ],
            [
              -75.3273,
              9.6167
            ],
            [
              -75.3255,
              9.6033
            ],
            [
              -75.3081,
              9.6029
            ],
            [
              -75.3048,
              9.5954
            ],
            [
              -75.2847,
              9.5767
            ],
            [
              -75.2818,
              9.5629
            ],
            [
              -75.2918,
              9.5495
            ],
            [
              -75.2858,
              9.5395
            ],
            [
              -75.2935,
              9.5126
            ],
            [
              -75.2859,
              9.5036
            ],
            [
              -75.2862,
              9.5005
            ],
            [
              -75.2595,
              9.4631
            ],
            [
              -75.2405,
              9.4787
            ],
            [
              -75.23,
              9.4913
            ],
            [
              -75.2089,
              9.4786
            ],
            [
              -75.1995,
              9.4668
            ],
            [
              -75.1857,
              9.475
            ],
            [
              -75.1771,
              9.4648
            ],
            [
              -75.1654,
              9.4685
            ],
            [
              -75.1587,
              9.4573
            ],
            [
              -75.1448,
              9.4612
            ],
            [
              -75.1339,
              9.4435
            ],
            [
              -75.1236,
              9.4506
            ],
            [
              -75.1108,
              9.4406
            ],
            [
              -75.1049,
              9.4534
            ],
            [
              -75.0862,
              9.4507
            ],
            [
              -75.0843,
              9.4602
            ],
            [
              -75.0714,
              9.4565
            ],
            [
              -75.0669,
              9.4692
            ],
            [
              -75.0551,
              9.474
            ],
            [
              -75.0358,
              9.4736
            ],
            [
              -75.027,
              9.4964
            ],
            [
              -75.0289,
              9.51
            ],
            [
              -75.0206,
              9.525
            ],
            [
              -75.0124,
              9.5283
            ]
          ]
        ]
      },
      "properties": {
        "OBJECTID": 947,
        "DPTO_CCDGO": "28",
        "MPIO_CCDGO": "508",
        "name": "28100",
        "MPIO_CRSLC": "1899",
        "MPIO_NANO_": 1993,
        "MPIO_NAREA": 448.3711048,
        "MPIO_CSMBL": "4",
        "MPIO_CCNCT": "70508",
        "MPIO_NANO": 2012,
        "SHAPE_Leng": 1.25405165176,
        "SHAPE_Area": 0.0369107860196,
        "NOMBRE": "OVEJAS",
        "DANE": {
          "dpto_ccdgo": "70",
          "mpio_ccdgo": "508",
          "mpio_cdpmp": "70508",
          "dpto_cnmbr": "SUCRE",
          "mpio_cnmbr": "OVEJAS",
          "mpio_crslc": "1899",
          "mpio_tipo": "MUNICIPIO",
          "mpio_narea": 460.048361957,
          "mpio_nano": 2024,
          "shape_Leng": 1.37848902452,
          "shape_Area": 0.0378719991455
        }
      }
    },
    {
      "type": "Feature",
      "geometry": {
        "type": "Polygon",
        "coordinates": [
          [
            [
              -75.5412,
              9.3937
            ],
            [
              -75.5587,
              9.3974
            ],
            [
              -75.5748,
              9.3957
            ],
            [
              -75.5919,
              9.4015
            ],
            [
              -75.5958,
              9.4076
            ],
            [
              -75.6171,
              9.406
            ],
            [
              -75.6289,
              9.3908
            ],
            [
              -75.6313,
              9.3781
            ],
            [
              -75.6419,
              9.3781
            ],
            [
              -75.6487,
              9.3623
            ],
            [
              -75.641,
              9.3489
            ],
            [
              -75.6281,
              9.3523
            ],
            [
              -75.6137,
              9.3313
            ],
            [
              -75.5997,
              9.3254
            ],
            [
              -75.5941,
              9.2963
            ],
            [
              -75.603,
              9.2994
            ],
            [
              -75.6094,
              9.281
            ],
            [
              -75.5892,
              9.2787
            ],
            [
              -75.5842,
              9.273
            ],
            [
              -75.5693,
              9.2797
            ],
            [
              -75.5483,
              9.2598
            ],
            [
              -75.512,
              9.2588
            ],
            [
              -75.5079,
              9.2734
            ],
            [
              -75.4967,
              9.2846
            ],
            [
              -75.5008,
              9.3031
            ],
            [
              -75.4893,
              9.3171
            ],
            [
              -75.4918,
              9.3386
            ],
            [
              -75.5101,
              9.3553
            ],
            [
              -75.52,
              9.358
            ],
            [
              -75.5138,
              9.3718
            ],
            [
              -75.5246,
              9.3738
            ],
            [
              -75.5352,
              9.3921
            ],
            [
              -75.5412,
              9.3937
            ]
          ]
        ]
      },
      "properties": {
        "OBJECTID": 948,
        "DPTO_CCDGO": "28",
        "MPIO_CCDGO": "523",
        "name": "28120",
        "MPIO_CRSLC": "1840",
        "MPIO_NANO_": 1993,
        "MPIO_NAREA": 175.24659664,
        "MPIO_CSMBL": "4",
        "MPIO_CCNCT": "70523",
        "MPIO_NANO": 2012,
        "SHAPE_Leng": 0.672248615436,
        "SHAPE_Area": 0.0144137629028,
        "NOMBRE": "PALMITO",
        "DANE": {
          "dpto_ccdgo": "70",
          "mpio_ccdgo": "523",
          "mpio_cdpmp": "70523",
          "dpto_cnmbr": "SUCRE",
          "mpio_cnmbr": "PALMITO",
          "mpio_crslc": "1840",
          "mpio_tipo": "MUNICIPIO",
          "mpio_narea": 174.703445196,
          "mpio_nano": 2024,
          "shape_Leng": 0.676109530447,
          "shape_Area": 0.014369017702
        }
      }
    },
    {
      "type": "Feature",
      "geometry": {
        "type": "Polygon",
        "coordinates": [
          [
            [
              -75.3492,
              9.2255
            ],
            [
              -75.3708,
              9.236
            ],
            [
              -75.3788,
              9.2452
            ],
            [
              -75.3946,
              9.2423
            ],
            [
              -75.3965,
              9.2346
            ],
            [
              -75.4205,
              9.2349
            ],
            [
              -75.4541,
              9.2431
            ],
            [
              -75.4575,
              9.2378
            ],
            [
              -75.4662,
              9.2132
            ],
            [
              -75.4593,
              9.192
            ],
            [
              -75.4582,
              9.1747
            ],
            [
              -75.4663,
              9.158
            ],
            [
              -75.4578,
              9.1553
            ],
            [
              -75.4489,
              9.1401
            ],
            [
              -75.4336,
              9.1409
            ],
            [
              -75.4229,
              9.1506
            ],
            [
              -75.4105,
              9.1448
            ],
            [
              -75.392,
              9.1597
            ],
            [
              -75.3788,
              9.1485
            ],
            [
              -75.3794,
              9.1368
            ],
            [
              -75.3651,
              9.1393
            ],
            [
              -75.3465,
              9.1237
            ],
            [
              -75.3281,
              9.1265
            ],
            [
              -75.321,
              9.1156
            ],
            [
              -75.3104,
              9.1177
            ],
            [
              -75.3112,
              9.0963
            ],
            [
              -75.2811,
              9.0729
            ],
            [
              -75.2714,
              9.0768
            ],
            [
              -75.2362,
              9.0671
            ],
            [
              -75.2241,
              9.0731
            ],
            [
              -75.231,
              9.0836
            ],
            [
              -75.226,
              9.094
            ],
            [
              -75.2475,
              9.0988
            ],
            [
              -75.2499,
              9.1117
            ],
            [
              -75.2661,
              9.1205
            ],
            [
              -75.2724,
              9.138
            ],
            [
              -75.3033,
              9.1767
            ],
            [
              -75.3263,
              9.1891
            ],
            [
              -75.3376,
              9.1912
            ],
            [
              -75.3402,
              9.2095
            ],
            [
              -75.3563,
              9.2124
            ],
            [
              -75.3492,
              9.2255
            ]
          ]
        ]
      },
      "properties": {
        "OBJECTID": 949,
        "DPTO_CCDGO": "28",
        "MPIO_CCDGO": "670",
        "name": "28160",
        "MPIO_CRSLC": "Ordenanza 29 de 1931",
        "MPIO_NANO_": 1993,
        "MPIO_NAREA": 202.13734814,
        "MPIO_CSMBL": "4",
        "MPIO_CCNCT": "70670",
        "MPIO_NANO": 2012,
        "SHAPE_Leng": 0.960331961685,
        "SHAPE_Area": 0.0166205677943,
        "NOMBRE": "SAMPUES",
        "DANE": {
          "dpto_ccdgo": "70",
          "mpio_ccdgo": "670",
          "mpio_cdpmp": "70670",
          "dpto_cnmbr": "SUCRE",
          "mpio_cnmbr": "SAMPUÉS",
          "mpio_crslc": "Ordenanza 29 de 1931",
          "mpio_tipo": "MUNICIPIO",
          "mpio_narea": 213.857287244,
          "mpio_nano": 2024,
          "shape_Leng": 1.00694162834,
          "shape_Area": 0.0175839915363
        }
      }
    },
    {
      "type": "Feature",
      "geometry": {
        "type": "Polygon",
        "coordinates": [
          [
            [
              -74.8435,
              9.1072
            ],
            [
              -74.8623,
              9.1023
            ],
            [
              -74.8675,
              9.0954
            ],
            [
              -74.8844,
              9.0963
            ],
            [
              -74.8889,
              9.1044
            ],
            [
              -74.9114,
              9.1089
            ],
            [
              -74.9266,
              9.0922
            ],
            [
              -74.9305,
              9.0832
            ],
            [
              -74.9425,
              9.0858
            ],
            [
              -74.9546,
              9.0742
            ],
            [
              -74.9781,
              9.0759
            ],
            [
              -74.9879,
              9.0537
            ],
            [
              -74.9782,
              9.0307
            ],
            [
              -74.9987,
              9.0294
            ],
            [
              -75.0149,
              9.0341
            ],
            [
              -75.0217,
              9.0286
            ],
            [
              -75.0285,
              9.0471
            ],
            [
              -75.0466,
              9.043
            ],
            [
              -75.0624,
              9.0212
            ],
            [
              -75.0884,
              9.0165
            ],
            [
              -75.0992,
              9.0355
            ],
            [
              -75.1166,
              9.0293
            ],
            [
              -75.1274,
              9.0104
            ],
            [
              -75.1651,
              9.0144
            ],
            [
              -75.1866,
              9.0039
            ],
            [
              -75.1959,
              9.0113
            ],
            [
              -75.1815,
              9.0221
            ],
            [
              -75.1984,
              9.034
            ],
            [
              -75.2083,
              9.0345
            ],
            [
              -75.2076,
              9.0067
            ],
            [
              -75.1864,
              8.9864
            ],
            [
              -75.1878,
              8.9675
            ],
            [
              -75.1804,
              8.9672
            ],
            [
              -75.1684,
              8.9524
            ],
            [
              -75.1719,
              8.9283
            ],
            [
              -75.188,
              8.9442
            ],
            [
              -75.192,
              8.936
            ],
            [
              -75.1805,
              8.9297
            ],
            [
              -75.1863,
              8.9143
            ],
            [
              -75.1752,
              8.9041
            ],
            [
              -75.1525,
              8.9045
            ],
            [
              -75.1402,
              8.8914
            ],
            [
              -75.1253,
              8.8814
            ],
            [
              -75.1008,
              8.8766
            ],
            [
              -75.0954,
              8.8683
            ],
            [
              -75.069,
              8.8418
            ],
            [
              -75.0679,
              8.8271
            ],
            [
              -75.0601,
              8.8194
            ],
            [
              -75.0267,
              8.8112
            ],
            [
              -75.0133,
              8.8045
            ],
            [
              -75.0186,
              8.7814
            ],
            [
              -75.0111,
              8.7817
            ],
            [
              -75.0109,
              8.7647
            ],
            [
              -75.0227,
              8.7439
            ],
            [
              -75.0362,
              8.7375
            ],
            [
              -75.0316,
              8.7119
            ],
            [
              -75.0365,
              8.705
            ],
            [
              -75.0281,
              8.6842
            ],
            [
              -75.0315,
              8.6538
            ],
            [
              -75.038,
              8.6458
            ],
            [
              -75.0295,
              8.6236
            ],
            [
              -75.0215,
              8.6187
            ],
            [
              -75.0122,
              8.6258
            ],
            [
              -74.9814,
              8.5996
            ],
            [
              -74.9834,
              8.573
            ],
            [
              -74.9937,
              8.5601
            ],
            [
              -74.9917,
              8.5488
            ],
            [
              -75.003,
              8.5226
            ],
            [
              -74.9938,
              8.5095
            ],
            [
              -74.926,
              8.4996
            ],
            [
              -74.9275,
              8.4533
            ],
            [
              -74.9008,
              8.4545
            ],
            [
              -74.8988,
              8.4466
            ],
            [
              -74.8963,
              8.4557
            ],
            [
              -74.8783,
              8.4611
            ],
            [
              -74.8607,
              8.4878
            ],
            [
              -74.8457,
              8.4948
            ],
            [
              -74.8408,
              8.5179
            ],
            [
              -74.8456,
              8.531
            ],
            [
              -74.857,
              8.5407
            ],
            [
              -74.8578,
              8.5535
            ],
            [
              -74.8676,
              8.5741
            ],
            [
              -74.877,
              8.5748
            ],
            [
              -74.8934,
              8.5905
            ],
            [
              -74.8968,
              8.603
            ],
            [
              -74.9098,
              8.616
            ],
            [
              -74.917,
              8.6304
            ],
            [
              -74.9136,
              8.6439
            ],
            [
              -74.9024,
              8.6532
            ],
            [
              -74.8956,
              8.6408
            ],
            [
              -74.8736,
              8.6339
            ],
            [
              -74.8651,
              8.6384
            ],
            [
              -74.852,
              8.6356
            ],
            [
              -74.8504,
              8.648
            ],
            [
              -74.8624,
              8.649
            ],
            [
              -74.8631,
              8.6705
            ],
            [
              -74.8497,
              8.6758
            ],
            [
              -74.8476,
              8.709
            ],
            [
              -74.8607,
              8.7181
            ],
            [
              -74.8731,
              8.7151
            ],
            [
              -74.8796,
              8.7376
            ],
            [
              -74.868,
              8.7505
            ],
            [
              -74.8761,
              8.7682
            ],
            [
              -74.8752,
              8.7869
            ],
            [
              -74.8522,
              8.7935
            ],
            [
              -74.8527,
              8.8157
            ],
            [
              -74.8604,
              8.8212
            ],
            [
              -74.853,
              8.8369
            ],
            [
              -74.8647,
              8.8481
            ],
            [
              -74.8621,
              8.8597
            ],
            [
              -74.871,
              8.8799
            ],
            [
              -74.87,
              8.9002
            ],
            [
              -74.8597,
              8.9003
            ],
            [
              -74.8589,
              8.9141
            ],
            [
              -74.8506,
              8.9388
            ],
            [
              -74.8401,
              8.9456
            ],
            [
              -74.842,
              8.9587
            ],
            [
              -74.8372,
              8.974
            ],
            [
              -74.8253,
              8.9757
            ],
            [
              -74.8192,
              8.9934
            ],
            [
              -74.7988,
              9.0224
            ],
            [
              -74.7756,
              9.0377
            ],
            [
              -74.7856,
              9.0468
            ],
            [
              -74.8134,
              9.0505
            ],
            [
              -74.8282,
              9.0619
            ],
            [
              -74.8291,
              9.0853
            ],
            [
              -74.8385,
              9.0945
            ],
            [
              -74.8435,
              9.1072
            ]
          ]
        ]
      },
      "properties": {
        "OBJECTID": 950,
        "DPTO_CCDGO": "28",
        "MPIO_CCDGO": "678",
        "name": "28180",
        "MPIO_CRSLC": "1799",
        "MPIO_NANO_": 1993,
        "MPIO_NAREA": 1479.66741417,
        "MPIO_CSMBL": "4",
        "MPIO_CCNCT": "70678",
        "MPIO_NANO": 2012,
        "SHAPE_Leng": 2.98588852982,
        "SHAPE_Area": 0.121586712189,
        "NOMBRE": "SAN BENITO ABAD",
        "DANE": {
          "dpto_ccdgo": "70",
          "mpio_ccdgo": "678",
          "mpio_cdpmp": "70678",
          "dpto_cnmbr": "SUCRE",
          "mpio_cnmbr": "SAN BENITO ABAD",
          "mpio_crslc": "1799",
          "mpio_tipo": "MUNICIPIO",
          "mpio_narea": 1494.16295565,
          "mpio_nano": 2024,
          "shape_Leng": 2.98497230439,
          "shape_Area": 0.122777446081
        }
      }
    },
    {
      "type": "Feature",
      "geometry": {
        "type": "Polygon",
        "coordinates": [
          [
            [
              -75.205,
              9.2111
            ],
            [
              -75.1885,
              9.2174
            ],
            [
              -75.1883,
              9.2433
            ],
            [
              -75.1972,
              9.2718
            ],
            [
              -75.1806,
              9.2875
            ],
            [
              -75.1754,
              9.3219
            ],
            [
              -75.1838,
              9.3389
            ],
            [
              -75.1578,
              9.3337
            ],
            [
              -75.1591,
              9.3433
            ],
            [
              -75.1512,
              9.3537
            ],
            [
              -75.1412,
              9.3834
            ],
            [
              -75.1476,
              9.4003
            ],
            [
              -75.1755,
              9.3894
            ],
            [
              -75.2024,
              9.3666
            ],
            [
              -75.2294,
              9.35
            ],
            [
              -75.2363,
              9.3398
            ],
            [
              -75.2476,
              9.3284
            ],
            [
              -75.2501,
              9.2987
            ],
            [
              -75.2617,
              9.304
            ],
            [
              -75.2726,
              9.2686
            ],
            [
              -75.2693,
              9.2636
            ],
            [
              -75.2739,
              9.2428
            ],
            [
              -75.2684,
              9.235
            ],
            [
              -75.2711,
              9.2098
            ],
            [
              -75.2636,
              9.2015
            ],
            [
              -75.2451,
              9.1929
            ],
            [
              -75.205,
              9.2111
            ]
          ]
        ]
      },
      "properties": {
        "OBJECTID": 951,
        "DPTO_CCDGO": "28",
        "MPIO_CCDGO": "702",
        "name": "28190",
        "MPIO_CRSLC": "Ordenanza 28 de Noviembre 28 de 1968",
        "MPIO_NANO_": 1993,
        "MPIO_NAREA": 167.2048833,
        "MPIO_CSMBL": "4",
        "MPIO_CCNCT": "70702",
        "MPIO_NANO": 2012,
        "SHAPE_Leng": 0.767100863563,
        "SHAPE_Area": 0.0137543662932,
        "NOMBRE": "SAN JUAN DE BETULIA (BETULIA)",
        "DANE": {
          "dpto_ccdgo": "70",
          "mpio_ccdgo": "702",
          "mpio_cdpmp": "70702",
          "dpto_cnmbr": "SUCRE",
          "mpio_cnmbr": "SAN JUAN DE BETULIA",
          "mpio_crslc": "Ordenanza 28 de Noviembre 28 de 1968",
          "mpio_tipo": "MUNICIPIO",
          "mpio_narea": 168.111944081,
          "mpio_nano": 2024,
          "shape_Leng": 0.846859004701,
          "shape_Area": 0.0138289994787
        }
      }
    },
    {
      "type": "Feature",
      "geometry": {
        "type": "Polygon",
        "coordinates": [
          [
            [
              -75.2174,
              8.7338
            ],
            [
              -75.2371,
              8.7219
            ],
            [
              -75.2574,
              8.7209
            ],
            [
              -75.2792,
              8.7381
            ],
            [
              -75.2744,
              8.7103
            ],
            [
              -75.2881,
              8.7174
            ],
            [
              -75.2888,
              8.7287
            ],
            [
              -75.3004,
              8.7406
            ],
            [
              -75.3224,
              8.7294
            ],
            [
              -75.3359,
              8.7113
            ],
            [
              -75.3543,
              8.6793
            ],
            [
              -75.3515,
              8.658
            ],
            [
              -75.339,
              8.646
            ],
            [
              -75.341,
              8.6381
            ],
            [
              -75.3181,
              8.5882
            ],
            [
              -75.3178,
              8.5742
            ],
            [
              -75.3283,
              8.5624
            ],
            [
              -75.3225,
              8.5472
            ],
            [
              -75.3043,
              8.5178
            ],
            [
              -75.3144,
              8.5024
            ],
            [
              -75.3069,
              8.4966
            ],
            [
              -75.2889,
              8.4999
            ],
            [
              -75.2675,
              8.4876
            ],
            [
              -75.2428,
              8.4871
            ],
            [
              -75.2241,
              8.4815
            ],
            [
              -75.2135,
              8.474
            ],
            [
              -75.2018,
              8.4531
            ],
            [
              -75.1925,
              8.4434
            ],
            [
              -75.2094,
              8.4324
            ],
            [
              -75.2087,
              8.4218
            ],
            [
              -75.1965,
              8.4214
            ],
            [
              -75.1959,
              8.4085
            ],
            [
              -75.1851,
              8.3966
            ],
            [
              -75.1773,
              8.3998
            ],
            [
              -75.1654,
              8.4158
            ],
            [
              -75.1566,
              8.419
            ],
            [
              -75.1565,
              8.4333
            ],
            [
              -75.1448,
              8.4302
            ],
            [
              -75.1298,
              8.4502
            ],
            [
              -75.1348,
              8.4599
            ],
            [
              -75.128,
              8.4683
            ],
            [
              -75.0853,
              8.4658
            ],
            [
              -75.0624,
              8.4533
            ],
            [
              -75.0558,
              8.466
            ],
            [
              -75.0415,
              8.4581
            ],
            [
              -75.0328,
              8.4709
            ],
            [
              -75.0335,
              8.4989
            ],
            [
              -75.0241,
              8.497
            ],
            [
              -75.0076,
              8.511
            ],
            [
              -75.003,
              8.5226
            ],
            [
              -74.9917,
              8.5488
            ],
            [
              -74.9937,
              8.5601
            ],
            [
              -74.9834,
              8.573
            ],
            [
              -74.9814,
              8.5996
            ],
            [
              -75.0122,
              8.6258
            ],
            [
              -75.0215,
              8.6187
            ],
            [
              -75.0295,
              8.6236
            ],
            [
              -75.038,
              8.6458
            ],
            [
              -75.0315,
              8.6538
            ],
            [
              -75.0387,
              8.6618
            ],
            [
              -75.0616,
              8.6673
            ],
            [
              -75.0634,
              8.6769
            ],
            [
              -75.0583,
              8.6921
            ],
            [
              -75.072,
              8.7125
            ],
            [
              -75.0881,
              8.7077
            ],
            [
              -75.1086,
              8.7141
            ],
            [
              -75.1422,
              8.7113
            ],
            [
              -75.1777,
              8.7231
            ],
            [
              -75.2174,
              8.7338
            ]
          ]
        ]
      },
      "properties": {
        "OBJECTID": 952,
        "DPTO_CCDGO": "28",
        "MPIO_CCDGO": "708",
        "name": "28200",
        "MPIO_CRSLC": "1865",
        "MPIO_NANO_": 1993,
        "MPIO_NAREA": 1009.66838785,
        "MPIO_CSMBL": "4",
        "MPIO_CCNCT": "70708",
        "MPIO_NANO": 2012,
        "SHAPE_Leng": 1.72771519713,
        "SHAPE_Area": 0.0829002385969,
        "NOMBRE": "SAN MARCOS",
        "DANE": {
          "dpto_ccdgo": "70",
          "mpio_ccdgo": "708",
          "mpio_cdpmp": "70708",
          "dpto_cnmbr": "SUCRE",
          "mpio_cnmbr": "SAN MARCOS",
          "mpio_crslc": "1865",
          "mpio_tipo": "MUNICIPIO",
          "mpio_narea": 970.354812386,
          "mpio_nano": 2024,
          "shape_Leng": 1.63351436228,
          "shape_Area": 0.0796740898106
        }
      }
    },
    {
      "type": "Feature",
      "geometry": {
        "type": "Polygon",
        "coordinates": [
          [
            [
              -75.4873,
              10.0368
            ],
            [
              -75.5017,
              10.0353
            ],
            [
              -75.5093,
              10.0258
            ],
            [
              -75.5206,
              10.0258
            ],
            [
              -75.5448,
              10.0464
            ],
            [
              -75.4975,
              10.1455
            ],
            [
              -75.5736,
              10.0864
            ],
            [
              -75.5702,
              10.0701
            ],
            [
              -75.5763,
              10.0536
            ],
            [
              -75.5712,
              10.023
            ],
            [
              -75.5744,
              10.0074
            ],
            [
              -75.5839,
              9.9981
            ],
            [
              -75.5754,
              9.9864
            ],
            [
              -75.5814,
              9.9516
            ],
            [
              -75.5952,
              9.937
            ],
            [
              -75.5929,
              9.9224
            ],
            [
              -75.6058,
              9.8919
            ],
            [
              -75.6209,
              9.8764
            ],
            [
              -75.6137,
              9.8512
            ],
            [
              -75.622,
              9.8268
            ],
            [
              -75.6231,
              9.8054
            ],
            [
              -75.6297,
              9.7891
            ],
            [
              -75.6443,
              9.7752
            ],
            [
              -75.6442,
              9.757
            ],
            [
              -75.6702,
              9.7374
            ],
            [
              -75.6788,
              9.7339
            ],
            [
              -75.6917,
              9.7109
            ],
            [
              -75.6769,
              9.7044
            ],
            [
              -75.6552,
              9.7073
            ],
            [
              -75.6457,
              9.7046
            ],
            [
              -75.631,
              9.692
            ],
            [
              -75.618,
              9.6959
            ],
            [
              -75.6095,
              9.6901
            ],
            [
              -75.5958,
              9.6591
            ],
            [
              -75.5786,
              9.6377
            ],
            [
              -75.562,
              9.6412
            ],
            [
              -75.5527,
              9.6333
            ],
            [
              -75.5318,
              9.6398
            ],
            [
              -75.53,
              9.6492
            ],
            [
              -75.5091,
              9.6543
            ],
            [
              -75.497,
              9.6612
            ],
            [
              -75.4795,
              9.6624
            ],
            [
              -75.473,
              9.6684
            ],
            [
              -75.4569,
              9.6355
            ],
            [
              -75.4424,
              9.6394
            ],
            [
              -75.4005,
              9.629
            ],
            [
              -75.3877,
              9.6396
            ],
            [
              -75.3732,
              9.6294
            ],
            [
              -75.3759,
              9.6464
            ],
            [
              -75.3717,
              9.6755
            ],
            [
              -75.3719,
              9.7113
            ],
            [
              -75.377,
              9.7157
            ],
            [
              -75.36,
              9.7375
            ],
            [
              -75.3543,
              9.7592
            ],
            [
              -75.347,
              9.7734
            ],
            [
              -75.3356,
              9.8119
            ],
            [
              -75.3387,
              9.8284
            ],
            [
              -75.3524,
              9.8384
            ],
            [
              -75.3768,
              9.8494
            ],
            [
              -75.379,
              9.8601
            ],
            [
              -75.3936,
              9.8808
            ],
            [
              -75.4171,
              9.8852
            ],
            [
              -75.4331,
              9.8971
            ],
            [
              -75.4307,
              9.9095
            ],
            [
              -75.4433,
              9.9141
            ],
            [
              -75.4538,
              9.8994
            ],
            [
              -75.4655,
              9.8918
            ],
            [
              -75.4662,
              9.9088
            ],
            [
              -75.4778,
              9.9351
            ],
            [
              -75.4642,
              9.9611
            ],
            [
              -75.4773,
              9.9736
            ],
            [
              -75.4773,
              9.9927
            ],
            [
              -75.4706,
              10.0025
            ],
            [
              -75.4844,
              10.0069
            ],
            [
              -75.4761,
              10.0186
            ],
            [
              -75.4873,
              10.0368
            ]
          ]
        ]
      },
      "properties": {
        "OBJECTID": 953,
        "DPTO_CCDGO": "28",
        "MPIO_CCDGO": "713",
        "name": "28220",
        "MPIO_CRSLC": "1899",
        "MPIO_NANO_": 1993,
        "MPIO_NAREA": 1056.95937993,
        "MPIO_CSMBL": "4",
        "MPIO_CCNCT": "70713",
        "MPIO_NANO": 2012,
        "SHAPE_Leng": 1.96976701854,
        "SHAPE_Area": 0.0870574593381,
        "NOMBRE": "SAN ONOFRE",
        "DANE": {
          "dpto_ccdgo": "70",
          "mpio_ccdgo": "713",
          "mpio_cdpmp": "70713",
          "dpto_cnmbr": "SUCRE",
          "mpio_cnmbr": "SAN ONOFRE",
          "mpio_crslc": "1899",
          "mpio_tipo": "MUNICIPIO",
          "mpio_narea": 1035.07898236,
          "mpio_nano": 2024,
          "shape_Leng": 2.08051367047,
          "shape_Area": 0.085254800759
        }
      }
    },
    {
      "type": "Feature",
      "geometry": {
        "type": "Polygon",
        "coordinates": [
          [
            [
              -75.0358,
              9.4736
            ],
            [
              -75.0551,
              9.474
            ],
            [
              -75.0669,
              9.4692
            ],
            [
              -75.0714,
              9.4565
            ],
            [
              -75.0843,
              9.4602
            ],
            [
              -75.0862,
              9.4507
            ],
            [
              -75.1049,
              9.4534
            ],
            [
              -75.1108,
              9.4406
            ],
            [
              -75.1002,
              9.4264
            ],
            [
              -75.1133,
              9.4008
            ],
            [
              -75.1067,
              9.3827
            ],
            [
              -75.1067,
              9.3687
            ],
            [
              -75.0968,
              9.3611
            ],
            [
              -75.1068,
              9.3494
            ],
            [
              -75.1006,
              9.3388
            ],
            [
              -75.1086,
              9.3318
            ],
            [
              -75.1059,
              9.3209
            ],
            [
              -75.0892,
              9.3411
            ],
            [
              -75.0323,
              9.3318
            ],
            [
              -75.0291,
              9.3191
            ],
            [
              -75.0071,
              9.3247
            ],
            [
              -74.99,
              9.3327
            ],
            [
              -74.9952,
              9.3505
            ],
            [
              -74.9823,
              9.3515
            ],
            [
              -74.9799,
              9.3644
            ],
            [
              -74.9667,
              9.3599
            ],
            [
              -74.957,
              9.368
            ],
            [
              -74.9541,
              9.3828
            ],
            [
              -74.9576,
              9.3969
            ],
            [
              -74.9548,
              9.4088
            ],
            [
              -74.962,
              9.4241
            ],
            [
              -74.9599,
              9.4338
            ],
            [
              -74.9696,
              9.4353
            ],
            [
              -74.9809,
              9.4455
            ],
            [
              -74.9964,
              9.4466
            ],
            [
              -75.0322,
              9.4666
            ],
            [
              -75.0358,
              9.4736
            ]
          ]
        ]
      },
      "properties": {
        "OBJECTID": 954,
        "DPTO_CCDGO": "28",
        "MPIO_CCDGO": "717",
        "name": "28240",
        "MPIO_CRSLC": "Ordenanza 14 de 1939",
        "MPIO_NANO_": 1993,
        "MPIO_NAREA": 216.04292127,
        "MPIO_CSMBL": "4",
        "MPIO_CCNCT": "70717",
        "MPIO_NANO": 2012,
        "SHAPE_Leng": 0.824605376043,
        "SHAPE_Area": 0.0177791268916,
        "NOMBRE": "SAN PEDRO",
        "DANE": {
          "dpto_ccdgo": "70",
          "mpio_ccdgo": "717",
          "mpio_cdpmp": "70717",
          "dpto_cnmbr": "SUCRE",
          "mpio_cnmbr": "SAN PEDRO",
          "mpio_crslc": "Ordenanza 14 de 1939",
          "mpio_tipo": "MUNICIPIO",
          "mpio_narea": 212.992762242,
          "mpio_nano": 2024,
          "shape_Leng": 0.856429951942,
          "shape_Area": 0.0175279904387
        }
      }
    },
    {
      "type": "Feature",
      "geometry": {
        "type": "Polygon",
        "coordinates": [
          [
            [
              -75.1133,
              9.4008
            ],
            [
              -75.1476,
              9.4003
            ],
            [
              -75.1412,
              9.3834
            ],
            [
              -75.1512,
              9.3537
            ],
            [
              -75.1591,
              9.3433
            ],
            [
              -75.1578,
              9.3337
            ],
            [
              -75.1838,
              9.3389
            ],
            [
              -75.1754,
              9.3219
            ],
            [
              -75.1806,
              9.2875
            ],
            [
              -75.1972,
              9.2718
            ],
            [
              -75.1883,
              9.2433
            ],
            [
              -75.1885,
              9.2174
            ],
            [
              -75.205,
              9.2111
            ],
            [
              -75.1998,
              9.1909
            ],
            [
              -75.1918,
              9.1986
            ],
            [
              -75.1666,
              9.187
            ],
            [
              -75.1556,
              9.1872
            ],
            [
              -75.1422,
              9.1596
            ],
            [
              -75.1358,
              9.1436
            ],
            [
              -75.1208,
              9.135
            ],
            [
              -75.1112,
              9.122
            ],
            [
              -75.1032,
              9.1021
            ],
            [
              -75.083,
              9.1102
            ],
            [
              -75.0748,
              9.1212
            ],
            [
              -75.0761,
              9.1318
            ],
            [
              -75.0949,
              9.133
            ],
            [
              -75.0949,
              9.1476
            ],
            [
              -75.0879,
              9.1518
            ],
            [
              -75.0876,
              9.1781
            ],
            [
              -75.0734,
              9.192
            ],
            [
              -75.0748,
              9.2008
            ],
            [
              -75.0329,
              9.1959
            ],
            [
              -75.0204,
              9.2039
            ],
            [
              -75.0051,
              9.2019
            ],
            [
              -74.998,
              9.2067
            ],
            [
              -74.9743,
              9.2054
            ],
            [
              -74.9615,
              9.2147
            ],
            [
              -74.9369,
              9.2103
            ],
            [
              -74.9607,
              9.2276
            ],
            [
              -74.9736,
              9.2549
            ],
            [
              -74.9836,
              9.2585
            ],
            [
              -74.9847,
              9.2705
            ],
            [
              -75.0049,
              9.2724
            ],
            [
              -74.9977,
              9.3015
            ],
            [
              -74.9982,
              9.3117
            ],
            [
              -75.0071,
              9.3247
            ],
            [
              -75.0291,
              9.3191
            ],
            [
              -75.0323,
              9.3318
            ],
            [
              -75.0892,
              9.3411
            ],
            [
              -75.1059,
              9.3209
            ],
            [
              -75.1086,
              9.3318
            ],
            [
              -75.1006,
              9.3388
            ],
            [
              -75.1068,
              9.3494
            ],
            [
              -75.0968,
              9.3611
            ],
            [
              -75.1067,
              9.3687
            ],
            [
              -75.1067,
              9.3827
            ],
            [
              -75.1133,
              9.4008
            ]
          ]
        ]
      },
      "properties": {
        "OBJECTID": 955,
        "DPTO_CCDGO": "28",
        "MPIO_CCDGO": "742",
        "name": "28260",
        "MPIO_CRSLC": "1899",
        "MPIO_NANO_": 1993,
        "MPIO_NAREA": 462.29758017,
        "MPIO_CSMBL": "4",
        "MPIO_CCNCT": "70742",
        "MPIO_NANO": 2012,
        "SHAPE_Leng": 1.4408088927,
        "SHAPE_Area": 0.038028111131,
        "NOMBRE": "SINCE",
        "DANE": {
          "dpto_ccdgo": "70",
          "mpio_ccdgo": "742",
          "mpio_cdpmp": "70742",
          "dpto_cnmbr": "SUCRE",
          "mpio_cnmbr": "SAN LUIS DE SINCÉ",
          "mpio_crslc": "1899",
          "mpio_tipo": "MUNICIPIO",
          "mpio_narea": 418.979769915,
          "mpio_nano": 2024,
          "shape_Leng": 1.62328469737,
          "shape_Area": 0.0344647628293
        }
      }
    },
    {
      "type": "Feature",
      "geometry": {
        "type": "Polygon",
        "coordinates": [
          [
            [
              -74.5647,
              8.837
            ],
            [
              -74.586,
              8.8412
            ],
            [
              -74.5792,
              8.8688
            ],
            [
              -74.5894,
              8.8715
            ],
            [
              -74.5947,
              8.901
            ],
            [
              -74.6086,
              8.9195
            ],
            [
              -74.6066,
              8.9316
            ],
            [
              -74.6234,
              8.9305
            ],
            [
              -74.6234,
              8.939
            ],
            [
              -74.639,
              8.9771
            ],
            [
              -74.652,
              8.9888
            ],
            [
              -74.67,
              8.9981
            ],
            [
              -74.6691,
              9.0048
            ],
            [
              -74.6851,
              9.0115
            ],
            [
              -74.7049,
              9.0078
            ],
            [
              -74.7263,
              9.0154
            ],
            [
              -74.7369,
              9.0158
            ],
            [
              -74.7476,
              9.0277
            ],
            [
              -74.7473,
              9.0389
            ],
            [
              -74.7553,
              9.0444
            ],
            [
              -74.7756,
              9.0377
            ],
            [
              -74.7988,
              9.0224
            ],
            [
              -74.8192,
              8.9934
            ],
            [
              -74.8253,
              8.9757
            ],
            [
              -74.8372,
              8.974
            ],
            [
              -74.842,
              8.9587
            ],
            [
              -74.8401,
              8.9456
            ],
            [
              -74.8506,
              8.9388
            ],
            [
              -74.8589,
              8.9141
            ],
            [
              -74.8597,
              8.9003
            ],
            [
              -74.87,
              8.9002
            ],
            [
              -74.871,
              8.8799
            ],
            [
              -74.8621,
              8.8597
            ],
            [
              -74.8647,
              8.8481
            ],
            [
              -74.853,
              8.8369
            ],
            [
              -74.8604,
              8.8212
            ],
            [
              -74.8527,
              8.8157
            ],
            [
              -74.8522,
              8.7935
            ],
            [
              -74.8752,
              8.7869
            ],
            [
              -74.8761,
              8.7682
            ],
            [
              -74.868,
              8.7505
            ],
            [
              -74.8796,
              8.7376
            ],
            [
              -74.8731,
              8.7151
            ],
            [
              -74.8607,
              8.7181
            ],
            [
              -74.8476,
              8.709
            ],
            [
              -74.8497,
              8.6758
            ],
            [
              -74.8631,
              8.6705
            ],
            [
              -74.8624,
              8.649
            ],
            [
              -74.8504,
              8.648
            ],
            [
              -74.852,
              8.6356
            ],
            [
              -74.8651,
              8.6384
            ],
            [
              -74.8736,
              8.6339
            ],
            [
              -74.8956,
              8.6408
            ],
            [
              -74.9024,
              8.6532
            ],
            [
              -74.9136,
              8.6439
            ],
            [
              -74.917,
              8.6304
            ],
            [
              -74.9098,
              8.616
            ],
            [
              -74.8968,
              8.603
            ],
            [
              -74.8934,
              8.5905
            ],
            [
              -74.877,
              8.5748
            ],
            [
              -74.8676,
              8.5741
            ],
            [
              -74.8578,
              8.5535
            ],
            [
              -74.857,
              8.5407
            ],
            [
              -74.8456,
              8.531
            ],
            [
              -74.8285,
              8.5207
            ],
            [
              -74.8262,
              8.5495
            ],
            [
              -74.8101,
              8.5746
            ],
            [
              -74.7912,
              8.5752
            ],
            [
              -74.778,
              8.5805
            ],
            [
              -74.7883,
              8.5911
            ],
            [
              -74.7918,
              8.6026
            ],
            [
              -74.7873,
              8.6144
            ],
            [
              -74.756,
              8.6178
            ],
            [
              -74.7485,
              8.6214
            ],
            [
              -74.7464,
              8.6373
            ],
            [
              -74.7391,
              8.6464
            ],
            [
              -74.7479,
              8.6677
            ],
            [
              -74.7413,
              8.6802
            ],
            [
              -74.7311,
              8.6793
            ],
            [
              -74.726,
              8.7004
            ],
            [
              -74.7452,
              8.7183
            ],
            [
              -74.7456,
              8.7412
            ],
            [
              -74.7356,
              8.7408
            ],
            [
              -74.7189,
              8.7196
            ],
            [
              -74.7034,
              8.7285
            ],
            [
              -74.696,
              8.7267
            ],
            [
              -74.669,
              8.743
            ],
            [
              -74.6381,
              8.7441
            ],
            [
              -74.6258,
              8.7307
            ],
            [
              -74.6083,
              8.7304
            ],
            [
              -74.6002,
              8.7452
            ],
            [
              -74.6099,
              8.7537
            ],
            [
              -74.6066,
              8.7629
            ],
            [
              -74.5873,
              8.7625
            ],
            [
              -74.576,
              8.7747
            ],
            [
              -74.5752,
              8.7855
            ],
            [
              -74.5642,
              8.7955
            ],
            [
              -74.5397,
              8.8053
            ],
            [
              -74.5647,
              8.837
            ]
          ]
        ]
      },
      "properties": {
        "OBJECTID": 956,
        "DPTO_CCDGO": "28",
        "MPIO_CCDGO": "771",
        "name": "28280",
        "MPIO_CRSLC": "1849",
        "MPIO_NANO_": 1993,
        "MPIO_NAREA": 1105.61101182,
        "MPIO_CSMBL": "4",
        "MPIO_CCNCT": "70771",
        "MPIO_NANO": 2012,
        "SHAPE_Leng": 1.95281632153,
        "SHAPE_Area": 0.0908557430236,
        "NOMBRE": "SUCRE",
        "DANE": {
          "dpto_ccdgo": "70",
          "mpio_ccdgo": "771",
          "mpio_cdpmp": "70771",
          "dpto_cnmbr": "SUCRE",
          "mpio_cnmbr": "SUCRE",
          "mpio_crslc": "1849",
          "mpio_tipo": "MUNICIPIO",
          "mpio_narea": 1131.26629683,
          "mpio_nano": 2024,
          "shape_Leng": 2.14560103045,
          "shape_Area": 0.0929617203961
        }
      }
    },
    {
      "type": "Feature",
      "geometry": {
        "type": "Polygon",
        "coordinates": [
          [
            [
              -75.4569,
              9.6355
            ],
            [
              -75.473,
              9.6684
            ],
            [
              -75.4795,
              9.6624
            ],
            [
              -75.497,
              9.6612
            ],
            [
              -75.5091,
              9.6543
            ],
            [
              -75.53,
              9.6492
            ],
            [
              -75.5318,
              9.6398
            ],
            [
              -75.5527,
              9.6333
            ],
            [
              -75.562,
              9.6412
            ],
            [
              -75.5786,
              9.6377
            ],
            [
              -75.5724,
              9.6099
            ],
            [
              -75.572,
              9.5792
            ],
            [
              -75.5759,
              9.5552
            ],
            [
              -75.5971,
              9.49
            ],
            [
              -75.6076,
              9.469
            ],
            [
              -75.6061,
              9.4631
            ],
            [
              -75.6148,
              9.4318
            ],
            [
              -75.6171,
              9.406
            ],
            [
              -75.5958,
              9.4076
            ],
            [
              -75.5919,
              9.4015
            ],
            [
              -75.5748,
              9.3957
            ],
            [
              -75.5587,
              9.3974
            ],
            [
              -75.5412,
              9.3937
            ],
            [
              -75.5467,
              9.4084
            ],
            [
              -75.542,
              9.4191
            ],
            [
              -75.5273,
              9.4271
            ],
            [
              -75.5299,
              9.4409
            ],
            [
              -75.517,
              9.4526
            ],
            [
              -75.5173,
              9.4638
            ],
            [
              -75.4982,
              9.49
            ],
            [
              -75.4942,
              9.5045
            ],
            [
              -75.4799,
              9.5202
            ],
            [
              -75.4735,
              9.5359
            ],
            [
              -75.4859,
              9.5505
            ],
            [
              -75.4735,
              9.5613
            ],
            [
              -75.4463,
              9.5625
            ],
            [
              -75.4498,
              9.5779
            ],
            [
              -75.464,
              9.5894
            ],
            [
              -75.467,
              9.6045
            ],
            [
              -75.4526,
              9.6066
            ],
            [
              -75.4695,
              9.6204
            ],
            [
              -75.4741,
              9.6346
            ],
            [
              -75.4569,
              9.6355
            ]
          ]
        ]
      },
      "properties": {
        "OBJECTID": 957,
        "DPTO_CCDGO": "28",
        "MPIO_CCDGO": "820",
        "name": "28300",
        "MPIO_CRSLC": "1899",
        "MPIO_NANO_": 1993,
        "MPIO_NAREA": 306.99436427,
        "MPIO_CSMBL": "4",
        "MPIO_CCNCT": "70820",
        "MPIO_NANO": 2012,
        "SHAPE_Leng": 0.982080666667,
        "SHAPE_Area": 0.0252643714122,
        "NOMBRE": "TOLU",
        "DANE": {
          "dpto_ccdgo": "70",
          "mpio_ccdgo": "820",
          "mpio_cdpmp": "70820",
          "dpto_cnmbr": "SUCRE",
          "mpio_cnmbr": "SANTIAGO DE TOLÚ",
          "mpio_crslc": "1899",
          "mpio_tipo": "MUNICIPIO",
          "mpio_narea": 302.535448111,
          "mpio_nano": 2024,
          "shape_Leng": 0.981271193842,
          "shape_Area": 0.0248975453674
        }
      }
    },
    {
      "type": "Feature",
      "geometry": {
        "type": "Polygon",
        "coordinates": [
          [
            [
              -75.4005,
              9.629
            ],
            [
              -75.4424,
              9.6394
            ],
            [
              -75.4569,
              9.6355
            ],
            [
              -75.4741,
              9.6346
            ],
            [
              -75.4695,
              9.6204
            ],
            [
              -75.4526,
              9.6066
            ],
            [
              -75.467,
              9.6045
            ],
            [
              -75.464,
              9.5894
            ],
            [
              -75.4498,
              9.5779
            ],
            [
              -75.4463,
              9.5625
            ],
            [
              -75.4735,
              9.5613
            ],
            [
              -75.4859,
              9.5505
            ],
            [
              -75.4735,
              9.5359
            ],
            [
              -75.4799,
              9.5202
            ],
            [
              -75.4942,
              9.5045
            ],
            [
              -75.4982,
              9.49
            ],
            [
              -75.5173,
              9.4638
            ],
            [
              -75.517,
              9.4526
            ],
            [
              -75.5299,
              9.4409
            ],
            [
              -75.5273,
              9.4271
            ],
            [
              -75.5221,
              9.4302
            ],
            [
              -75.4997,
              9.4046
            ],
            [
              -75.4977,
              9.393
            ],
            [
              -75.4887,
              9.3889
            ],
            [
              -75.4665,
              9.3933
            ],
            [
              -75.4619,
              9.3785
            ],
            [
              -75.4213,
              9.3755
            ],
            [
              -75.4083,
              9.3979
            ],
            [
              -75.3988,
              9.3954
            ],
            [
              -75.3923,
              9.4092
            ],
            [
              -75.3926,
              9.424
            ],
            [
              -75.3758,
              9.4253
            ],
            [
              -75.3725,
              9.439
            ],
            [
              -75.3638,
              9.4441
            ],
            [
              -75.3722,
              9.4424
            ],
            [
              -75.3905,
              9.469
            ],
            [
              -75.4081,
              9.4766
            ],
            [
              -75.3878,
              9.4949
            ],
            [
              -75.4049,
              9.5039
            ],
            [
              -75.3945,
              9.5164
            ],
            [
              -75.3913,
              9.5569
            ],
            [
              -75.401,
              9.5674
            ],
            [
              -75.4005,
              9.629
            ]
          ]
        ]
      },
      "properties": {
        "OBJECTID": 958,
        "DPTO_CCDGO": "28",
        "MPIO_CCDGO": "823",
        "name": "28320",
        "MPIO_CRSLC": "1899",
        "MPIO_NANO_": 1993,
        "MPIO_NAREA": 282.21470381,
        "MPIO_CSMBL": "4",
        "MPIO_CCNCT": "70823",
        "MPIO_NANO": 2012,
        "SHAPE_Leng": 1.06690294478,
        "SHAPE_Area": 0.0232242365224,
        "NOMBRE": "TOLUVIEJO",
        "DANE": {
          "dpto_ccdgo": "70",
          "mpio_ccdgo": "823",
          "mpio_cdpmp": "70823",
          "dpto_cnmbr": "SUCRE",
          "mpio_cnmbr": "SAN JOSÉ DE TOLUVIEJO",
          "mpio_crslc": "1899",
          "mpio_tipo": "MUNICIPIO",
          "mpio_narea": 285.014292223,
          "mpio_nano": 2024,
          "shape_Leng": 1.21009446774,
          "shape_Area": 0.0234545061585
        }
      }
    }
  ],
  "name": "28"
}