{
  "type": "FeatureCollection",
  "crs": {
    "type": "name",
    "properties": {
      "name": "urn:ogc:def:crs:OGC:1.3:CRS84"
    }
  },
  "features": [
    {
      "type": "Feature",
      "geometry": {
        "type": "Polygon",
        "coordinates": [
          [
            [
              -76.4912,
              3.5061
            ],
            [
              -76.51,
              3.4905
            ],
            [
              -76.5338,
              3.4999
            ],
            [
              -76.5481,
              3.5002
            ],
            [
              -76.5526,
              3.5115
            ],
            [
              -76.5633,
              3.5138
            ],
            [
              -76.5863,
              3.5305
            ],
            [
              -76.592,
              3.547
            ],
            [
              -76.5951,
              3.5479
            ],
            [
              -76.6068,
              3.5424
            ],
            [
              -76.6179,
              3.5291
            ],
            [
              -76.6231,
              3.4997
            ],
            [
              -76.6511,
              3.4667
            ],
            [
              -76.6651,
              3.4687
            ],
            [
              -76.675,
              3.4619
            ],
            [
              -76.6904,
              3.4609
            ],
            [
              -76.6929,
              3.4499
            ],
            [
              -76.7056,
              3.442
            ],
            [
              -76.7069,
              3.428
            ],
            [
              -76.699,
              3.4163
            ],
            [
              -76.6973,
              3.4035
            ],
            [
              -76.6879,
              3.3969
            ],
            [
              -76.6936,
              3.3711
            ],
            [
              -76.7016,
              3.3566
            ],
            [
              -76.695,
              3.3432
            ],
            [
              -76.696,
              3.3112
            ],
            [
              -76.6805,
              3.3154
            ],
            [
              -76.6619,
              3.314
            ],
            [
              -76.6486,
              3.2977
            ],
            [
              -76.6307,
              3.3066
            ],
            [
              -76.6219,
              3.3049
            ],
            [
              -76.6032,
              3.3095
            ],
            [
              -76.5723,
              3.3024
            ],
            [
              -76.559,
              3.2827
            ],
            [
              -76.5517,
              3.2866
            ],
            [
              -76.5399,
              3.2802
            ],
            [
              -76.5292,
              3.2871
            ],
            [
              -76.5173,
              3.2791
            ],
            [
              -76.4997,
              3.2767
            ],
            [
              -76.4927,
              3.2895
            ],
            [
              -76.4733,
              3.3043
            ],
            [
              -76.4759,
              3.3141
            ],
            [
              -76.4611,
              3.3168
            ],
            [
              -76.4604,
              3.3289
            ],
            [
              -76.4629,
              3.3577
            ],
            [
              -76.4714,
              3.378
            ],
            [
              -76.4634,
              3.3863
            ],
            [
              -76.4669,
              3.4035
            ],
            [
              -76.4608,
              3.4171
            ],
            [
              -76.4614,
              3.4364
            ],
            [
              -76.4753,
              3.4443
            ],
            [
              -76.4758,
              3.4519
            ],
            [
              -76.4756,
              3.474
            ],
            [
              -76.4912,
              3.5061
            ]
          ]
        ]
      },
      "properties": {
        "OBJECTID": 1006,
        "DPTO_CCDGO": "31",
        "MPIO_CCDGO": "001",
        "name": "31001",
        "MPIO_CRSLC": "1536",
        "MPIO_NANO_": 1993,
        "MPIO_NAREA": 552.89055554,
        "MPIO_CSMBL": "4",
        "MPIO_CCNCT": "76001",
        "MPIO_NANO": 2012,
        "SHAPE_Leng": 1.0641294888,
        "SHAPE_Area": 0.0449908957484,
        "NOMBRE": "CALI",
        "DANE": {
          "dpto_ccdgo": "76",
          "mpio_ccdgo": "001",
          "mpio_cdpmp": "76001",
          "dpto_cnmbr": "VALLE DEL CAUCA",
          "mpio_cnmbr": "CALI",
          "mpio_crslc": "1536",
          "mpio_tipo": "MUNICIPIO",
          "mpio_narea": 563.040919732,
          "mpio_nano": 2024,
          "shape_Leng": 1.16441090002,
          "shape_Area": 0.0457329833391
        }
      }
    },
    {
      "type": "Feature",
      "geometry": {
        "type": "Polygon",
        "coordinates": [
          [
            [
              -75.7097,
              4.6792
            ],
            [
              -75.7241,
              4.6796
            ],
            [
              -75.7696,
              4.6929
            ],
            [
              -75.7739,
              4.6978
            ],
            [
              -75.8277,
              4.705
            ],
            [
              -75.8339,
              4.7194
            ],
            [
              -75.8566,
              4.7132
            ],
            [
              -75.8497,
              4.6825
            ],
            [
              -75.8351,
              4.6883
            ],
            [
              -75.8223,
              4.6725
            ],
            [
              -75.8274,
              4.6605
            ],
            [
              -75.7838,
              4.6587
            ],
            [
              -75.7579,
              4.6507
            ],
            [
              -75.7407,
              4.6547
            ],
            [
              -75.7248,
              4.652
            ],
            [
              -75.7072,
              4.6571
            ],
            [
              -75.7097,
              4.6792
            ]
          ]
        ]
      },
      "properties": {
        "OBJECTID": 1007,
        "DPTO_CCDGO": "31",
        "MPIO_CCDGO": "020",
        "name": "31004",
        "MPIO_CRSLC": "Ordenanza 12 de Marzo 31 de 1919",
        "MPIO_NANO_": 1993,
        "MPIO_NAREA": 62.58892935,
        "MPIO_CSMBL": "4",
        "MPIO_CCNCT": "76020",
        "MPIO_NANO": 2012,
        "SHAPE_Leng": 0.498573763927,
        "SHAPE_Area": 0.00509871795609,
        "NOMBRE": "ALCALA",
        "DANE": {
          "dpto_ccdgo": "76",
          "mpio_ccdgo": "020",
          "mpio_cdpmp": "76020",
          "dpto_cnmbr": "VALLE DEL CAUCA",
          "mpio_cnmbr": "ALCALÁ",
          "mpio_crslc": "Ordenanza 12 de Marzo 31 de 1919",
          "mpio_tipo": "MUNICIPIO",
          "mpio_narea": 62.3569465931,
          "mpio_nano": 2024,
          "shape_Leng": 0.489555088745,
          "shape_Area": 0.00507791584711
        }
      }
    },
    {
      "type": "Feature",
      "geometry": {
        "type": "Polygon",
        "coordinates": [
          [
            [
              -76.0709,
              4.0882
            ],
            [
              -76.0833,
              4.1004
            ],
            [
              -76.0838,
              4.1071
            ],
            [
              -76.1111,
              4.1235
            ],
            [
              -76.1153,
              4.1348
            ],
            [
              -76.1388,
              4.1564
            ],
            [
              -76.1392,
              4.1682
            ],
            [
              -76.1506,
              4.1824
            ],
            [
              -76.1668,
              4.1899
            ],
            [
              -76.208,
              4.1956
            ],
            [
              -76.2207,
              4.2045
            ],
            [
              -76.2268,
              4.2174
            ],
            [
              -76.235,
              4.214
            ],
            [
              -76.2356,
              4.2014
            ],
            [
              -76.2486,
              4.184
            ],
            [
              -76.2457,
              4.1676
            ],
            [
              -76.2324,
              4.1616
            ],
            [
              -76.2277,
              4.1464
            ],
            [
              -76.1881,
              4.1319
            ],
            [
              -76.1782,
              4.1346
            ],
            [
              -76.1718,
              4.1193
            ],
            [
              -76.1487,
              4.1216
            ],
            [
              -76.1291,
              4.11
            ],
            [
              -76.12,
              4.0783
            ],
            [
              -76.1115,
              4.0668
            ],
            [
              -76.0959,
              4.0722
            ],
            [
              -76.0836,
              4.0664
            ],
            [
              -76.0709,
              4.0882
            ]
          ]
        ]
      },
      "properties": {
        "OBJECTID": 1008,
        "DPTO_CCDGO": "31",
        "MPIO_CCDGO": "036",
        "name": "31007",
        "MPIO_CRSLC": "Ordenanza 38 de Abril 25 de 1921",
        "MPIO_NANO_": 1993,
        "MPIO_NAREA": 109.64751058,
        "MPIO_CSMBL": "4",
        "MPIO_CCNCT": "76036",
        "MPIO_NANO": 2012,
        "SHAPE_Leng": 0.668559450299,
        "SHAPE_Area": 0.00892832652222,
        "NOMBRE": "ANDALUCIA",
        "DANE": {
          "dpto_ccdgo": "76",
          "mpio_ccdgo": "036",
          "mpio_cdpmp": "76036",
          "dpto_cnmbr": "VALLE DEL CAUCA",
          "mpio_cnmbr": "ANDALUCÍA",
          "mpio_crslc": "Ordenanza 38 de Abril 25 de 1921",
          "mpio_tipo": "MUNICIPIO",
          "mpio_narea": 110.460417975,
          "mpio_nano": 2024,
          "shape_Leng": 0.66510043573,
          "shape_Area": 0.00898485117616
        }
      }
    },
    {
      "type": "Feature",
      "geometry": {
        "type": "Polygon",
        "coordinates": [
          [
            [
              -75.9891,
              4.8811
            ],
            [
              -76.0185,
              4.888
            ],
            [
              -76.0145,
              4.8563
            ],
            [
              -76.0495,
              4.8525
            ],
            [
              -76.0719,
              4.8375
            ],
            [
              -76.0937,
              4.8453
            ],
            [
              -76.129,
              4.8323
            ],
            [
              -76.1378,
              4.8436
            ],
            [
              -76.1394,
              4.8412
            ],
            [
              -76.1329,
              4.8339
            ],
            [
              -76.1278,
              4.8171
            ],
            [
              -76.1382,
              4.8058
            ],
            [
              -76.1347,
              4.7934
            ],
            [
              -76.1472,
              4.785
            ],
            [
              -76.1348,
              4.7617
            ],
            [
              -76.1285,
              4.7596
            ],
            [
              -76.1166,
              4.7406
            ],
            [
              -76.1038,
              4.7411
            ],
            [
              -76.0882,
              4.7355
            ],
            [
              -76.0749,
              4.727
            ],
            [
              -76.0726,
              4.7148
            ],
            [
              -76.0546,
              4.7168
            ],
            [
              -76.0424,
              4.702
            ],
            [
              -76.0158,
              4.6927
            ],
            [
              -76.007,
              4.7152
            ],
            [
              -75.9945,
              4.7238
            ],
            [
              -75.996,
              4.7367
            ],
            [
              -75.9792,
              4.7484
            ],
            [
              -75.9843,
              4.7598
            ],
            [
              -75.9687,
              4.7639
            ],
            [
              -75.967,
              4.7746
            ],
            [
              -75.9542,
              4.7842
            ],
            [
              -75.9624,
              4.7962
            ],
            [
              -75.9525,
              4.8072
            ],
            [
              -75.9442,
              4.7958
            ],
            [
              -75.9359,
              4.807
            ],
            [
              -75.9105,
              4.8174
            ],
            [
              -75.9027,
              4.8372
            ],
            [
              -75.9142,
              4.8735
            ],
            [
              -75.9272,
              4.8627
            ],
            [
              -75.943,
              4.8568
            ],
            [
              -75.9582,
              4.8645
            ],
            [
              -75.9752,
              4.8614
            ],
            [
              -75.9891,
              4.8811
            ]
          ]
        ]
      },
      "properties": {
        "OBJECTID": 1009,
        "DPTO_CCDGO": "31",
        "MPIO_CCDGO": "041",
        "name": "31010",
        "MPIO_CRSLC": "Ordenanza 29 de 1925",
        "MPIO_NANO_": 1993,
        "MPIO_NAREA": 303.57257808,
        "MPIO_CSMBL": "4",
        "MPIO_CCNCT": "76041",
        "MPIO_NANO": 2012,
        "SHAPE_Leng": 0.924417945096,
        "SHAPE_Area": 0.0247385438473,
        "NOMBRE": "ANSERMANUEVO",
        "DANE": {
          "dpto_ccdgo": "76",
          "mpio_ccdgo": "041",
          "mpio_cdpmp": "76041",
          "dpto_cnmbr": "VALLE DEL CAUCA",
          "mpio_cnmbr": "ANSERMANUEVO",
          "mpio_crslc": "Ordenanza 29 de 1925",
          "mpio_tipo": "MUNICIPIO",
          "mpio_narea": 305.451674207,
          "mpio_nano": 2024,
          "shape_Leng": 0.945939579153,
          "shape_Area": 0.0248711207777
        }
      }
    },
    {
      "type": "Feature",
      "geometry": {
        "type": "Polygon",
        "coordinates": [
          [
            [
              -76.0882,
              4.7355
            ],
            [
              -76.1038,
              4.7411
            ],
            [
              -76.1166,
              4.7406
            ],
            [
              -76.1285,
              4.7596
            ],
            [
              -76.1348,
              4.7617
            ],
            [
              -76.1472,
              4.785
            ],
            [
              -76.1513,
              4.7709
            ],
            [
              -76.1476,
              4.7515
            ],
            [
              -76.1524,
              4.7433
            ],
            [
              -76.1788,
              4.722
            ],
            [
              -76.1786,
              4.7083
            ],
            [
              -76.1945,
              4.6818
            ],
            [
              -76.1921,
              4.6548
            ],
            [
              -76.1809,
              4.6564
            ],
            [
              -76.1626,
              4.6661
            ],
            [
              -76.1435,
              4.6544
            ],
            [
              -76.1227,
              4.6512
            ],
            [
              -76.1167,
              4.6599
            ],
            [
              -76.1109,
              4.6849
            ],
            [
              -76.0921,
              4.7027
            ],
            [
              -76.0965,
              4.7181
            ],
            [
              -76.0882,
              4.7355
            ]
          ]
        ]
      },
      "properties": {
        "OBJECTID": 1010,
        "DPTO_CCDGO": "31",
        "MPIO_CCDGO": "054",
        "name": "31013",
        "MPIO_CRSLC": "Ordenanza 15 de 1956",
        "MPIO_NANO_": 1993,
        "MPIO_NAREA": 89.76083341,
        "MPIO_CSMBL": "4",
        "MPIO_CCNCT": "76054",
        "MPIO_NANO": 2012,
        "SHAPE_Leng": 0.447172107643,
        "SHAPE_Area": 0.00731430310125,
        "NOMBRE": "ARGELIA",
        "DANE": {
          "dpto_ccdgo": "76",
          "mpio_ccdgo": "054",
          "mpio_cdpmp": "76054",
          "dpto_cnmbr": "VALLE DEL CAUCA",
          "mpio_cnmbr": "ARGELIA",
          "mpio_crslc": "Ordenanza 15 de 1956",
          "mpio_tipo": "MUNICIPIO",
          "mpio_narea": 90.7960436237,
          "mpio_nano": 2024,
          "shape_Leng": 0.453826064548,
          "shape_Area": 0.00739101748617
        }
      }
    },
    {
      "type": "Feature",
      "geometry": {
        "type": "Polygon",
        "coordinates": [
          [
            [
              -76.455,
              4.2295
            ],
            [
              -76.4377,
              4.2513
            ],
            [
              -76.441,
              4.264
            ],
            [
              -76.4285,
              4.273
            ],
            [
              -76.4109,
              4.278
            ],
            [
              -76.407,
              4.2997
            ],
            [
              -76.3625,
              4.3025
            ],
            [
              -76.3487,
              4.2966
            ],
            [
              -76.3295,
              4.2938
            ],
            [
              -76.3261,
              4.3024
            ],
            [
              -76.2969,
              4.2938
            ],
            [
              -76.2907,
              4.278
            ],
            [
              -76.2754,
              4.2751
            ],
            [
              -76.2658,
              4.2897
            ],
            [
              -76.2465,
              4.306
            ],
            [
              -76.2411,
              4.2999
            ],
            [
              -76.2387,
              4.2755
            ],
            [
              -76.2313,
              4.2738
            ],
            [
              -76.2126,
              4.2597
            ],
            [
              -76.2026,
              4.2728
            ],
            [
              -76.1968,
              4.2909
            ],
            [
              -76.1879,
              4.3049
            ],
            [
              -76.1714,
              4.3174
            ],
            [
              -76.1621,
              4.3275
            ],
            [
              -76.1643,
              4.3371
            ],
            [
              -76.1431,
              4.3467
            ],
            [
              -76.1516,
              4.3576
            ],
            [
              -76.1485,
              4.3725
            ],
            [
              -76.1634,
              4.368
            ],
            [
              -76.1961,
              4.3807
            ],
            [
              -76.2096,
              4.383
            ],
            [
              -76.216,
              4.3924
            ],
            [
              -76.2275,
              4.397
            ],
            [
              -76.2396,
              4.3937
            ],
            [
              -76.2563,
              4.4026
            ],
            [
              -76.2461,
              4.4232
            ],
            [
              -76.2559,
              4.4406
            ],
            [
              -76.2658,
              4.4433
            ],
            [
              -76.2697,
              4.4535
            ],
            [
              -76.281,
              4.4604
            ],
            [
              -76.2754,
              4.4755
            ],
            [
              -76.268,
              4.4809
            ],
            [
              -76.2791,
              4.4978
            ],
            [
              -76.3107,
              4.483
            ],
            [
              -76.3428,
              4.4839
            ],
            [
              -76.3484,
              4.4897
            ],
            [
              -76.3649,
              4.4925
            ],
            [
              -76.3825,
              4.493
            ],
            [
              -76.3863,
              4.4812
            ],
            [
              -76.4017,
              4.4742
            ],
            [
              -76.4086,
              4.4601
            ],
            [
              -76.4309,
              4.4486
            ],
            [
              -76.4345,
              4.4419
            ],
            [
              -76.4488,
              4.4403
            ],
            [
              -76.4536,
              4.4332
            ],
            [
              -76.4741,
              4.4228
            ],
            [
              -76.4812,
              4.4146
            ],
            [
              -76.502,
              4.4132
            ],
            [
              -76.5155,
              4.4032
            ],
            [
              -76.5528,
              4.4018
            ],
            [
              -76.562,
              4.3705
            ],
            [
              -76.5479,
              4.3489
            ],
            [
              -76.5493,
              4.3371
            ],
            [
              -76.5296,
              4.3247
            ],
            [
              -76.5254,
              4.3112
            ],
            [
              -76.5296,
              4.3013
            ],
            [
              -76.5266,
              4.2886
            ],
            [
              -76.5152,
              4.2709
            ],
            [
              -76.509,
              4.2679
            ],
            [
              -76.5059,
              4.2519
            ],
            [
              -76.4909,
              4.2442
            ],
            [
              -76.4874,
              4.2359
            ],
            [
              -76.4712,
              4.2304
            ],
            [
              -76.455,
              4.2295
            ]
          ]
        ]
      },
      "properties": {
        "OBJECTID": 1011,
        "DPTO_CCDGO": "31",
        "MPIO_CCDGO": "100",
        "name": "31016",
        "MPIO_CRSLC": "Ordenanza 2 de 1884",
        "MPIO_NANO_": 1993,
        "MPIO_NAREA": 727.56338091,
        "MPIO_CSMBL": "4",
        "MPIO_CCNCT": "76100",
        "MPIO_NANO": 2012,
        "SHAPE_Leng": 1.46156143227,
        "SHAPE_Area": 0.0592656847035,
        "NOMBRE": "BOLIVAR",
        "DANE": {
          "dpto_ccdgo": "76",
          "mpio_ccdgo": "100",
          "mpio_cdpmp": "76100",
          "dpto_cnmbr": "VALLE DEL CAUCA",
          "mpio_cnmbr": "BOLÍVAR",
          "mpio_crslc": "Ordenanza 2 de 1884",
          "mpio_tipo": "MUNICIPIO",
          "mpio_narea": 743.571537322,
          "mpio_nano": 2024,
          "shape_Leng": 1.5389637722,
          "shape_Area": 0.0604826045617
        }
      }
    },
    {
      "type": "Feature",
      "geometry": {
        "type": "Polygon",
        "coordinates": [
          [
            [
              -76.8595,
              4.0298
            ],
            [
              -76.8674,
              4.0324
            ],
            [
              -76.8828,
              4.061
            ],
            [
              -76.9011,
              4.0822
            ],
            [
              -76.9123,
              4.0814
            ],
            [
              -76.9183,
              4.097
            ],
            [
              -76.9292,
              4.106
            ],
            [
              -76.9491,
              4.114
            ],
            [
              -76.9544,
              4.1207
            ],
            [
              -76.9757,
              4.1221
            ],
            [
              -76.9842,
              4.1147
            ],
            [
              -76.9944,
              4.1205
            ],
            [
              -77.0042,
              4.0997
            ],
            [
              -77.0194,
              4.1012
            ],
            [
              -77.0265,
              4.0946
            ],
            [
              -77.049,
              4.0952
            ],
            [
              -77.0603,
              4.1025
            ],
            [
              -77.0825,
              4.1102
            ],
            [
              -77.0865,
              4.1225
            ],
            [
              -77.1043,
              4.1077
            ],
            [
              -77.12,
              4.1166
            ],
            [
              -77.1163,
              4.1331
            ],
            [
              -77.1293,
              4.1446
            ],
            [
              -77.1337,
              4.1573
            ],
            [
              -77.1432,
              4.1608
            ],
            [
              -77.1534,
              4.1783
            ],
            [
              -77.163,
              4.1844
            ],
            [
              -77.1889,
              4.1726
            ],
            [
              -77.205,
              4.1727
            ],
            [
              -77.215,
              4.156
            ],
            [
              -77.2218,
              4.1563
            ],
            [
              -77.2484,
              4.1844
            ],
            [
              -77.2505,
              4.2
            ],
            [
              -77.2484,
              4.2195
            ],
            [
              -77.2511,
              4.2329
            ],
            [
              -77.2633,
              4.2336
            ],
            [
              -77.2803,
              4.221
            ],
            [
              -77.2874,
              4.2058
            ],
            [
              -77.2851,
              4.1928
            ],
            [
              -77.2897,
              4.1787
            ],
            [
              -77.3068,
              4.166
            ],
            [
              -77.3134,
              4.1685
            ],
            [
              -77.335,
              4.1925
            ],
            [
              -77.3503,
              4.1977
            ],
            [
              -77.3631,
              4.1923
            ],
            [
              -77.3748,
              4.1801
            ],
            [
              -77.3772,
              4.1704
            ],
            [
              -77.3893,
              4.1621
            ],
            [
              -77.3892,
              4.1492
            ],
            [
              -77.4211,
              4.1431
            ],
            [
              -77.4358,
              4.1458
            ],
            [
              -77.4421,
              4.1367
            ],
            [
              -77.4411,
              4.1207
            ],
            [
              -77.4289,
              4.1014
            ],
            [
              -77.4292,
              4.091
            ],
            [
              -77.4447,
              4.056
            ],
            [
              -77.4496,
              4.0385
            ],
            [
              -77.44,
              4.0261
            ],
            [
              -77.434,
              4.0102
            ],
            [
              -77.3903,
              3.9731
            ],
            [
              -77.3735,
              3.9548
            ],
            [
              -77.3593,
              3.9267
            ],
            [
              -77.3475,
              3.9324
            ],
            [
              -77.3351,
              3.9725
            ],
            [
              -77.3262,
              3.9796
            ],
            [
              -77.3143,
              4.0291
            ],
            [
              -77.307,
              4.0402
            ],
            [
              -77.2841,
              4.0549
            ],
            [
              -77.2735,
              4.0714
            ],
            [
              -77.2614,
              4.0606
            ],
            [
              -77.2474,
              4.0714
            ],
            [
              -77.2426,
              4.0831
            ],
            [
              -77.2268,
              4.073
            ],
            [
              -77.2287,
              4.0591
            ],
            [
              -77.2123,
              4.0611
            ],
            [
              -77.1969,
              4.0558
            ],
            [
              -77.1997,
              4.029
            ],
            [
              -77.2138,
              4.0155
            ],
            [
              -77.2125,
              4.0094
            ],
            [
              -77.244,
              3.9891
            ],
            [
              -77.2539,
              3.98
            ],
            [
              -77.2749,
              3.9861
            ],
            [
              -77.2903,
              3.9736
            ],
            [
              -77.3017,
              3.9591
            ],
            [
              -77.3175,
              3.9503
            ],
            [
              -77.3115,
              3.9307
            ],
            [
              -77.3222,
              3.9091
            ],
            [
              -77.3109,
              3.9083
            ],
            [
              -77.2863,
              3.8953
            ],
            [
              -77.2941,
              3.8763
            ],
            [
              -77.3029,
              3.8747
            ],
            [
              -77.302,
              3.8613
            ],
            [
              -77.2935,
              3.8585
            ],
            [
              -77.2817,
              3.8396
            ],
            [
              -77.274,
              3.8406
            ],
            [
              -77.2478,
              3.8286
            ],
            [
              -77.2348,
              3.8358
            ],
            [
              -77.2043,
              3.834
            ],
            [
              -77.1947,
              3.8389
            ],
            [
              -77.1802,
              3.8324
            ],
            [
              -77.1714,
              3.8483
            ],
            [
              -77.1486,
              3.858
            ],
            [
              -77.1322,
              3.8725
            ],
            [
              -77.1162,
              3.8757
            ],
            [
              -77.1087,
              3.8715
            ],
            [
              -77.0943,
              3.8798
            ],
            [
              -77.0949,
              3.9006
            ],
            [
              -77.0806,
              3.9014
            ],
            [
              -77.079,
              3.8873
            ],
            [
              -77.0637,
              3.8734
            ],
            [
              -77.061,
              3.8615
            ],
            [
              -77.0868,
              3.8582
            ],
            [
              -77.1061,
              3.849
            ],
            [
              -77.1178,
              3.8189
            ],
            [
              -77.1261,
              3.8184
            ],
            [
              -77.138,
              3.8057
            ],
            [
              -77.168,
              3.8041
            ],
            [
              -77.182,
              3.8087
            ],
            [
              -77.1722,
              3.7704
            ],
            [
              -77.166,
              3.7575
            ],
            [
              -77.1713,
              3.7505
            ],
            [
              -77.1983,
              3.747
            ],
            [
              -77.197,
              3.7208
            ],
            [
              -77.1935,
              3.7128
            ],
            [
              -77.1888,
              3.6811
            ],
            [
              -77.1778,
              3.6928
            ],
            [
              -77.1654,
              3.6848
            ],
            [
              -77.1656,
              3.6447
            ],
            [
              -77.1837,
              3.6551
            ],
            [
              -77.1925,
              3.6348
            ],
            [
              -77.1957,
              3.6107
            ],
            [
              -77.2064,
              3.6078
            ],
            [
              -77.2282,
              3.5825
            ],
            [
              -77.2379,
              3.5853
            ],
            [
              -77.2709,
              3.5728
            ],
            [
              -77.3004,
              3.57
            ],
            [
              -77.3307,
              3.5307
            ],
            [
              -77.3334,
              3.5172
            ],
            [
              -77.3668,
              3.4836
            ],
            [
              -77.3709,
              3.4724
            ],
            [
              -77.3645,
              3.4654
            ],
            [
              -77.3368,
              3.4482
            ],
            [
              -77.3331,
              3.4257
            ],
            [
              -77.3498,
              3.417
            ],
            [
              -77.3638,
              3.4203
            ],
            [
              -77.3716,
              3.4379
            ],
            [
              -77.3895,
              3.402
            ],
            [
              -77.4067,
              3.3833
            ],
            [
              -77.4063,
              3.3723
            ],
            [
              -77.4141,
              3.3592
            ],
            [
              -77.4236,
              3.3693
            ],
            [
              -77.4312,
              3.3656
            ],
            [
              -77.4619,
              3.3336
            ],
            [
              -77.4799,
              3.3231
            ],
            [
              -77.4841,
              3.3086
            ],
            [
              -77.4944,
              3.3062
            ],
            [
              -77.5287,
              3.2614
            ],
            [
              -77.5498,
              3.2305
            ],
            [
              -77.5393,
              3.2268
            ],
            [
              -77.526,
              3.2342
            ],
            [
              -77.5102,
              3.2365
            ],
            [
              -77.4977,
              3.2164
            ],
            [
              -77.4808,
              3.209
            ],
            [
              -77.4665,
              3.2165
            ],
            [
              -77.4697,
              3.2231
            ],
            [
              -77.4648,
              3.2383
            ],
            [
              -77.4303,
              3.2541
            ],
            [
              -77.4177,
              3.2444
            ],
            [
              -77.4038,
              3.2137
            ],
            [
              -77.3928,
              3.214
            ],
            [
              -77.3827,
              3.2043
            ],
            [
              -77.3828,
              3.1756
            ],
            [
              -77.3645,
              3.1634
            ],
            [
              -77.3658,
              3.1465
            ],
            [
              -77.3473,
              3.1401
            ],
            [
              -77.3202,
              3.1645
            ],
            [
              -77.3161,
              3.1739
            ],
            [
              -77.2889,
              3.1564
            ],
            [
              -77.2906,
              3.1424
            ],
            [
              -77.2785,
              3.1321
            ],
            [
              -77.2616,
              3.1351
            ],
            [
              -77.2531,
              3.1207
            ],
            [
              -77.2345,
              3.1081
            ],
            [
              -77.2196,
              3.1195
            ],
            [
              -77.2173,
              3.1356
            ],
            [
              -77.2035,
              3.1337
            ],
            [
              -77.1802,
              3.1551
            ],
            [
              -77.1621,
              3.1664
            ],
            [
              -77.1402,
              3.1722
            ],
            [
              -77.1287,
              3.1615
            ],
            [
              -77.1004,
              3.1856
            ],
            [
              -77.0795,
              3.18
            ],
            [
              -77.0639,
              3.1692
            ],
            [
              -77.0537,
              3.1699
            ],
            [
              -77.0369,
              3.164
            ],
            [
              -77.0303,
              3.167
            ],
            [
              -77.0114,
              3.1532
            ],
            [
              -76.9976,
              3.1551
            ],
            [
              -76.9883,
              3.1391
            ],
            [
              -76.9802,
              3.1362
            ],
            [
              -76.972,
              3.1188
            ],
            [
              -76.9398,
              3.1138
            ],
            [
              -76.9251,
              3.1305
            ],
            [
              -76.9274,
              3.1396
            ],
            [
              -76.9132,
              3.1576
            ],
            [
              -76.9133,
              3.1767
            ],
            [
              -76.909,
              3.2005
            ],
            [
              -76.8641,
              3.2126
            ],
            [
              -76.8454,
              3.2077
            ],
            [
              -76.8308,
              3.2114
            ],
            [
              -76.8111,
              3.2074
            ],
            [
              -76.7885,
              3.2182
            ],
            [
              -76.7831,
              3.2307
            ],
            [
              -76.7834,
              3.2474
            ],
            [
              -76.7643,
              3.2559
            ],
            [
              -76.7514,
              3.2733
            ],
            [
              -76.7473,
              3.2961
            ],
            [
              -76.7371,
              3.3096
            ],
            [
              -76.7395,
              3.3221
            ],
            [
              -76.7278,
              3.3385
            ],
            [
              -76.7212,
              3.3375
            ],
            [
              -76.7111,
              3.3533
            ],
            [
              -76.7016,
              3.3566
            ],
            [
              -76.6936,
              3.3711
            ],
            [
              -76.6879,
              3.3969
            ],
            [
              -76.6973,
              3.4035
            ],
            [
              -76.699,
              3.4163
            ],
            [
              -76.7069,
              3.428
            ],
            [
              -76.7205,
              3.428
            ],
            [
              -76.7484,
              3.4343
            ],
            [
              -76.7592,
              3.4557
            ],
            [
              -76.7601,
              3.4654
            ],
            [
              -76.7769,
              3.4667
            ],
            [
              -76.7863,
              3.4992
            ],
            [
              -76.7973,
              3.5163
            ],
            [
              -76.8075,
              3.5217
            ],
            [
              -76.8157,
              3.536
            ],
            [
              -76.8452,
              3.5501
            ],
            [
              -76.855,
              3.5493
            ],
            [
              -76.8549,
              3.5637
            ],
            [
              -76.8467,
              3.5784
            ],
            [
              -76.8518,
              3.5901
            ],
            [
              -76.869,
              3.6014
            ],
            [
              -76.8847,
              3.5973
            ],
            [
              -76.8864,
              3.6103
            ],
            [
              -76.8717,
              3.6281
            ],
            [
              -76.8472,
              3.6328
            ],
            [
              -76.8269,
              3.626
            ],
            [
              -76.8097,
              3.6368
            ],
            [
              -76.7989,
              3.6507
            ],
            [
              -76.7932,
              3.6646
            ],
            [
              -76.7929,
              3.6786
            ],
            [
              -76.8024,
              3.6971
            ],
            [
              -76.8148,
              3.698
            ],
            [
              -76.8217,
              3.7059
            ],
            [
              -76.8218,
              3.7243
            ],
            [
              -76.813,
              3.735
            ],
            [
              -76.8163,
              3.747
            ],
            [
              -76.797,
              3.7497
            ],
            [
              -76.7758,
              3.763
            ],
            [
              -76.7675,
              3.7791
            ],
            [
              -76.7748,
              3.792
            ],
            [
              -76.7779,
              3.8088
            ],
            [
              -76.7943,
              3.8446
            ],
            [
              -76.815,
              3.8754
            ],
            [
              -76.8884,
              3.9929
            ],
            [
              -76.86,
              4.0153
            ],
            [
              -76.8595,
              4.0298
            ]
          ]
        ]
      },
      "properties": {
        "OBJECTID": 1012,
        "DPTO_CCDGO": "31",
        "MPIO_CCDGO": "109",
        "name": "31019",
        "MPIO_CRSLC": "1872",
        "MPIO_NANO_": 1993,
        "MPIO_NAREA": 6808.18723739,
        "MPIO_CSMBL": "4",
        "MPIO_CCNCT": "76109",
        "MPIO_NANO": 2012,
        "SHAPE_Leng": 5.99962894191,
        "SHAPE_Area": 0.554165740829,
        "NOMBRE": "BUENAVENTURA",
        "DANE": {
          "dpto_ccdgo": "76",
          "mpio_ccdgo": "109",
          "mpio_cdpmp": "76109",
          "dpto_cnmbr": "VALLE DEL CAUCA",
          "mpio_cnmbr": "BUENAVENTURA",
          "mpio_crslc": "1872",
          "mpio_tipo": "MUNICIPIO",
          "mpio_narea": 6292.04789806,
          "mpio_nano": 2024,
          "shape_Leng": 6.61812597744,
          "shape_Area": 0.510748888128
        }
      }
    },
    {
      "type": "Feature",
      "geometry": {
        "type": "Polygon",
        "coordinates": [
          [
            [
              -76.3127,
              3.9931
            ],
            [
              -76.3106,
              3.9853
            ],
            [
              -76.3232,
              3.9724
            ],
            [
              -76.3244,
              3.958
            ],
            [
              -76.335,
              3.9309
            ],
            [
              -76.3285,
              3.9197
            ],
            [
              -76.3474,
              3.9146
            ],
            [
              -76.3498,
              3.8838
            ],
            [
              -76.3638,
              3.8771
            ],
            [
              -76.3682,
              3.8543
            ],
            [
              -76.3789,
              3.844
            ],
            [
              -76.3779,
              3.8295
            ],
            [
              -76.3824,
              3.8205
            ],
            [
              -76.3724,
              3.8117
            ],
            [
              -76.3652,
              3.799
            ],
            [
              -76.3383,
              3.796
            ],
            [
              -76.3137,
              3.799
            ],
            [
              -76.3079,
              3.8045
            ],
            [
              -76.2949,
              3.8023
            ],
            [
              -76.2877,
              3.8085
            ],
            [
              -76.2793,
              3.8344
            ],
            [
              -76.2582,
              3.8509
            ],
            [
              -76.2547,
              3.8396
            ],
            [
              -76.2452,
              3.8353
            ],
            [
              -76.223,
              3.8409
            ],
            [
              -76.2104,
              3.8351
            ],
            [
              -76.178,
              3.8049
            ],
            [
              -76.1657,
              3.8108
            ],
            [
              -76.1563,
              3.822
            ],
            [
              -76.1404,
              3.8323
            ],
            [
              -76.1314,
              3.8237
            ],
            [
              -76.1048,
              3.8195
            ],
            [
              -76.0924,
              3.8074
            ],
            [
              -76.083,
              3.7877
            ],
            [
              -76.0824,
              3.7704
            ],
            [
              -76.061,
              3.7584
            ],
            [
              -76.0444,
              3.7591
            ],
            [
              -76.032,
              3.746
            ],
            [
              -76.0174,
              3.7472
            ],
            [
              -75.9993,
              3.7562
            ],
            [
              -75.9881,
              3.7503
            ],
            [
              -75.9743,
              3.7222
            ],
            [
              -75.9556,
              3.7136
            ],
            [
              -75.9455,
              3.7159
            ],
            [
              -75.9446,
              3.7279
            ],
            [
              -75.917,
              3.7484
            ],
            [
              -75.9161,
              3.7588
            ],
            [
              -75.9066,
              3.7812
            ],
            [
              -75.9033,
              3.7966
            ],
            [
              -75.8718,
              3.8243
            ],
            [
              -75.8611,
              3.849
            ],
            [
              -75.8616,
              3.8739
            ],
            [
              -75.8498,
              3.8892
            ],
            [
              -75.855,
              3.8934
            ],
            [
              -75.8565,
              3.9099
            ],
            [
              -75.8734,
              3.9265
            ],
            [
              -75.8897,
              3.9267
            ],
            [
              -75.9127,
              3.917
            ],
            [
              -75.9226,
              3.9056
            ],
            [
              -75.9386,
              3.9032
            ],
            [
              -75.9603,
              3.9074
            ],
            [
              -75.9782,
              3.9071
            ],
            [
              -75.9981,
              3.8941
            ],
            [
              -76.015,
              3.8946
            ],
            [
              -76.0222,
              3.9002
            ],
            [
              -76.0518,
              3.8997
            ],
            [
              -76.0837,
              3.9067
            ],
            [
              -76.0892,
              3.9506
            ],
            [
              -76.1004,
              3.9566
            ],
            [
              -76.1149,
              3.9291
            ],
            [
              -76.1411,
              3.904
            ],
            [
              -76.1487,
              3.9058
            ],
            [
              -76.1546,
              3.9257
            ],
            [
              -76.1722,
              3.9258
            ],
            [
              -76.1859,
              3.9206
            ],
            [
              -76.2018,
              3.9325
            ],
            [
              -76.2178,
              3.9384
            ],
            [
              -76.2241,
              3.9336
            ],
            [
              -76.2406,
              3.9447
            ],
            [
              -76.2488,
              3.9589
            ],
            [
              -76.2716,
              3.9586
            ],
            [
              -76.2816,
              3.9633
            ],
            [
              -76.2965,
              3.9839
            ],
            [
              -76.3127,
              3.9931
            ]
          ]
        ]
      },
      "properties": {
        "OBJECTID": 1013,
        "DPTO_CCDGO": "31",
        "MPIO_CCDGO": "111",
        "name": "31022",
        "MPIO_CRSLC": "1555",
        "MPIO_NANO_": 1993,
        "MPIO_NAREA": 833.51625899,
        "MPIO_CSMBL": "4",
        "MPIO_CCNCT": "76111",
        "MPIO_NANO": 2012,
        "SHAPE_Leng": 2.02661881483,
        "SHAPE_Area": 0.0678449443847,
        "NOMBRE": "BUGA",
        "DANE": {
          "dpto_ccdgo": "76",
          "mpio_ccdgo": "111",
          "mpio_cdpmp": "76111",
          "dpto_cnmbr": "VALLE DEL CAUCA",
          "mpio_cnmbr": "GUADALAJARA DE BUGA",
          "mpio_crslc": "1555",
          "mpio_tipo": "MUNICIPIO",
          "mpio_narea": 825.877594911,
          "mpio_nano": 2024,
          "shape_Leng": 2.00653600147,
          "shape_Area": 0.0671583507288
        }
      }
    },
    {
      "type": "Feature",
      "geometry": {
        "type": "Polygon",
        "coordinates": [
          [
            [
              -76.0371,
              4.2563
            ],
            [
              -76.0645,
              4.2531
            ],
            [
              -76.084,
              4.244
            ],
            [
              -76.1053,
              4.2549
            ],
            [
              -76.1126,
              4.2678
            ],
            [
              -76.1394,
              4.2888
            ],
            [
              -76.1441,
              4.2994
            ],
            [
              -76.1714,
              4.3174
            ],
            [
              -76.1879,
              4.3049
            ],
            [
              -76.1968,
              4.2909
            ],
            [
              -76.2026,
              4.2728
            ],
            [
              -76.2126,
              4.2597
            ],
            [
              -76.2101,
              4.2479
            ],
            [
              -76.2264,
              4.2481
            ],
            [
              -76.236,
              4.2305
            ],
            [
              -76.235,
              4.214
            ],
            [
              -76.2268,
              4.2174
            ],
            [
              -76.2207,
              4.2045
            ],
            [
              -76.208,
              4.1956
            ],
            [
              -76.1668,
              4.1899
            ],
            [
              -76.1506,
              4.1824
            ],
            [
              -76.1392,
              4.1682
            ],
            [
              -76.1388,
              4.1564
            ],
            [
              -76.1153,
              4.1348
            ],
            [
              -76.1111,
              4.1235
            ],
            [
              -76.0838,
              4.1071
            ],
            [
              -76.0833,
              4.1004
            ],
            [
              -76.0709,
              4.0882
            ],
            [
              -76.0313,
              4.0955
            ],
            [
              -76.0113,
              4.1042
            ],
            [
              -76.0016,
              4.1019
            ],
            [
              -75.9869,
              4.1157
            ],
            [
              -75.9833,
              4.1314
            ],
            [
              -75.9693,
              4.157
            ],
            [
              -75.9544,
              4.1764
            ],
            [
              -75.9709,
              4.2038
            ],
            [
              -75.9759,
              4.2205
            ],
            [
              -76.0029,
              4.2294
            ],
            [
              -76.0234,
              4.2463
            ],
            [
              -76.0339,
              4.2472
            ],
            [
              -76.0371,
              4.2563
            ]
          ]
        ]
      },
      "properties": {
        "OBJECTID": 1014,
        "DPTO_CCDGO": "31",
        "MPIO_CCDGO": "113",
        "name": "31025",
        "MPIO_CRSLC": "1791",
        "MPIO_NANO_": 1993,
        "MPIO_NAREA": 395.8810672,
        "MPIO_CSMBL": "4",
        "MPIO_CCNCT": "76113",
        "MPIO_NANO": 2012,
        "SHAPE_Leng": 1.03215481424,
        "SHAPE_Area": 0.032236268109,
        "NOMBRE": "BUGALAGRANDE",
        "DANE": {
          "dpto_ccdgo": "76",
          "mpio_ccdgo": "113",
          "mpio_cdpmp": "76113",
          "dpto_cnmbr": "VALLE DEL CAUCA",
          "mpio_cnmbr": "BUGALAGRANDE",
          "mpio_crslc": "1791",
          "mpio_tipo": "MUNICIPIO",
          "mpio_narea": 396.781323137,
          "mpio_nano": 2024,
          "shape_Leng": 1.03360629871,
          "shape_Area": 0.032279293936
        }
      }
    },
    {
      "type": "Feature",
      "geometry": {
        "type": "Polygon",
        "coordinates": [
          [
            [
              -75.8031,
              4.3961
            ],
            [
              -75.8286,
              4.4073
            ],
            [
              -75.8349,
              4.4004
            ],
            [
              -75.8675,
              4.4106
            ],
            [
              -75.8687,
              4.4012
            ],
            [
              -75.8573,
              4.3881
            ],
            [
              -75.859,
              4.3751
            ],
            [
              -75.8548,
              4.3637
            ],
            [
              -75.8655,
              4.3493
            ],
            [
              -75.8691,
              4.3332
            ],
            [
              -75.8845,
              4.3066
            ],
            [
              -75.8933,
              4.2989
            ],
            [
              -75.8867,
              4.2709
            ],
            [
              -75.8791,
              4.2669
            ],
            [
              -75.8606,
              4.2458
            ],
            [
              -75.8584,
              4.2369
            ],
            [
              -75.8639,
              4.2187
            ],
            [
              -75.8606,
              4.2085
            ],
            [
              -75.8422,
              4.1994
            ],
            [
              -75.8249,
              4.2148
            ],
            [
              -75.8225,
              4.2287
            ],
            [
              -75.8082,
              4.2551
            ],
            [
              -75.7964,
              4.2689
            ],
            [
              -75.7873,
              4.2946
            ],
            [
              -75.7947,
              4.31
            ],
            [
              -75.7966,
              4.3219
            ],
            [
              -75.7923,
              4.3372
            ],
            [
              -75.7901,
              4.3533
            ],
            [
              -75.8013,
              4.3675
            ],
            [
              -75.8031,
              4.3961
            ]
          ]
        ]
      },
      "properties": {
        "OBJECTID": 1015,
        "DPTO_CCDGO": "31",
        "MPIO_CCDGO": "122",
        "name": "31028",
        "MPIO_CRSLC": "Ordenanza 21 del 20 de Abril de 1923",
        "MPIO_NANO_": 1993,
        "MPIO_NAREA": 167.14668645,
        "MPIO_CSMBL": "4",
        "MPIO_CCNCT": "76122",
        "MPIO_NANO": 2012,
        "SHAPE_Leng": 0.638034238162,
        "SHAPE_Area": 0.0136102133515,
        "NOMBRE": "CAICEDONIA",
        "DANE": {
          "dpto_ccdgo": "76",
          "mpio_ccdgo": "122",
          "mpio_cdpmp": "76122",
          "dpto_cnmbr": "VALLE DEL CAUCA",
          "mpio_cnmbr": "CAICEDONIA",
          "mpio_crslc": "Ordenanza 21 del 20 de Abril de 1923",
          "mpio_tipo": "MUNICIPIO",
          "mpio_narea": 166.983686544,
          "mpio_nano": 2024,
          "shape_Leng": 0.646589989542,
          "shape_Area": 0.0135904999131
        }
      }
    },
    {
      "type": "Feature",
      "geometry": {
        "type": "Polygon",
        "coordinates": [
          [
            [
              -76.4989,
              4.0638
            ],
            [
              -76.5244,
              4.0673
            ],
            [
              -76.5415,
              4.0437
            ],
            [
              -76.5417,
              4.0238
            ],
            [
              -76.5381,
              4.0151
            ],
            [
              -76.5601,
              4.0063
            ],
            [
              -76.5577,
              3.9963
            ],
            [
              -76.5863,
              3.9728
            ],
            [
              -76.5889,
              3.9926
            ],
            [
              -76.6246,
              4.0149
            ],
            [
              -76.65,
              3.9967
            ],
            [
              -76.6624,
              3.9775
            ],
            [
              -76.6816,
              3.9649
            ],
            [
              -76.7002,
              3.9781
            ],
            [
              -76.7358,
              3.9818
            ],
            [
              -76.7595,
              3.9935
            ],
            [
              -76.7687,
              3.9892
            ],
            [
              -76.7939,
              4.0111
            ],
            [
              -76.8092,
              4.0052
            ],
            [
              -76.8204,
              4.0111
            ],
            [
              -76.8288,
              4.0352
            ],
            [
              -76.8501,
              4.0374
            ],
            [
              -76.8595,
              4.0298
            ],
            [
              -76.86,
              4.0153
            ],
            [
              -76.8884,
              3.9929
            ],
            [
              -76.815,
              3.8754
            ],
            [
              -76.7931,
              3.8757
            ],
            [
              -76.7864,
              3.8646
            ],
            [
              -76.7461,
              3.8576
            ],
            [
              -76.7138,
              3.8422
            ],
            [
              -76.6909,
              3.8616
            ],
            [
              -76.6665,
              3.8616
            ],
            [
              -76.644,
              3.8439
            ],
            [
              -76.6201,
              3.8601
            ],
            [
              -76.5927,
              3.863
            ],
            [
              -76.576,
              3.8478
            ],
            [
              -76.561,
              3.8482
            ],
            [
              -76.5352,
              3.863
            ],
            [
              -76.5238,
              3.8657
            ],
            [
              -76.5092,
              3.8774
            ],
            [
              -76.4778,
              3.8654
            ],
            [
              -76.4595,
              3.8667
            ],
            [
              -76.4614,
              3.8768
            ],
            [
              -76.4477,
              3.9032
            ],
            [
              -76.4468,
              3.9173
            ],
            [
              -76.4236,
              3.9428
            ],
            [
              -76.4251,
              3.9491
            ],
            [
              -76.4115,
              3.969
            ],
            [
              -76.4022,
              3.9756
            ],
            [
              -76.4138,
              3.9846
            ],
            [
              -76.4157,
              4.0098
            ],
            [
              -76.408,
              4.0332
            ],
            [
              -76.408,
              4.0538
            ],
            [
              -76.4215,
              4.0466
            ],
            [
              -76.435,
              4.0527
            ],
            [
              -76.4463,
              4.0447
            ],
            [
              -76.4699,
              4.0536
            ],
            [
              -76.4931,
              4.0561
            ],
            [
              -76.4989,
              4.0638
            ]
          ]
        ]
      },
      "properties": {
        "OBJECTID": 1016,
        "DPTO_CCDGO": "31",
        "MPIO_CCDGO": "126",
        "name": "31040",
        "MPIO_CRSLC": "Ordenanza 49 de Junio 23 de 1939",
        "MPIO_NANO_": 1993,
        "MPIO_NAREA": 847.50057291,
        "MPIO_CSMBL": "4",
        "MPIO_CCNCT": "76126",
        "MPIO_NANO": 2012,
        "SHAPE_Leng": 1.46531041654,
        "SHAPE_Area": 0.0690067597384,
        "NOMBRE": "CALIMA (DARIEN)",
        "DANE": {
          "dpto_ccdgo": "76",
          "mpio_ccdgo": "126",
          "mpio_cdpmp": "76126",
          "dpto_cnmbr": "VALLE DEL CAUCA",
          "mpio_cnmbr": "CALIMA",
          "mpio_crslc": "Ordenanza 49 de Junio 23 de 1939",
          "mpio_tipo": "MUNICIPIO",
          "mpio_narea": 793.497981718,
          "mpio_nano": 2024,
          "shape_Leng": 1.54419773837,
          "shape_Area": 0.0644849809864
        }
      }
    },
    {
      "type": "Feature",
      "geometry": {
        "type": "Polygon",
        "coordinates": [
          [
            [
              -76.2908,
              3.4715
            ],
            [
              -76.3061,
              3.4722
            ],
            [
              -76.3193,
              3.4605
            ],
            [
              -76.3325,
              3.457
            ],
            [
              -76.3492,
              3.464
            ],
            [
              -76.3747,
              3.4504
            ],
            [
              -76.4205,
              3.4593
            ],
            [
              -76.4349,
              3.4521
            ],
            [
              -76.4496,
              3.4507
            ],
            [
              -76.457,
              3.4568
            ],
            [
              -76.4758,
              3.4519
            ],
            [
              -76.4753,
              3.4443
            ],
            [
              -76.4614,
              3.4364
            ],
            [
              -76.4608,
              3.4171
            ],
            [
              -76.4669,
              3.4035
            ],
            [
              -76.4634,
              3.3863
            ],
            [
              -76.4714,
              3.378
            ],
            [
              -76.4629,
              3.3577
            ],
            [
              -76.4604,
              3.3289
            ],
            [
              -76.448,
              3.3172
            ],
            [
              -76.4214,
              3.3124
            ],
            [
              -76.4063,
              3.2988
            ],
            [
              -76.3731,
              3.2881
            ],
            [
              -76.3512,
              3.2862
            ],
            [
              -76.3435,
              3.2815
            ],
            [
              -76.348,
              3.291
            ],
            [
              -76.3368,
              3.309
            ],
            [
              -76.3177,
              3.3025
            ],
            [
              -76.3137,
              3.3148
            ],
            [
              -76.3137,
              3.3405
            ],
            [
              -76.3001,
              3.3662
            ],
            [
              -76.3111,
              3.3689
            ],
            [
              -76.3299,
              3.3837
            ],
            [
              -76.3183,
              3.393
            ],
            [
              -76.3163,
              3.408
            ],
            [
              -76.2814,
              3.4698
            ],
            [
              -76.2908,
              3.4715
            ]
          ]
        ]
      },
      "properties": {
        "OBJECTID": 1017,
        "DPTO_CCDGO": "31",
        "MPIO_CCDGO": "130",
        "name": "31031",
        "MPIO_CRSLC": "1797",
        "MPIO_NANO_": 1993,
        "MPIO_NAREA": 283.22282728,
        "MPIO_CSMBL": "4",
        "MPIO_CCNCT": "76130",
        "MPIO_NANO": 2012,
        "SHAPE_Leng": 0.809881077757,
        "SHAPE_Area": 0.0230449963626,
        "NOMBRE": "CANDELARIA",
        "DANE": {
          "dpto_ccdgo": "76",
          "mpio_ccdgo": "130",
          "mpio_cdpmp": "76130",
          "dpto_cnmbr": "VALLE DEL CAUCA",
          "mpio_cnmbr": "CANDELARIA",
          "mpio_crslc": "1797",
          "mpio_tipo": "MUNICIPIO",
          "mpio_narea": 296.476940619,
          "mpio_nano": 2024,
          "shape_Leng": 0.872171542382,
          "shape_Area": 0.0240877682492
        }
      }
    },
    {
      "type": "Feature",
      "geometry": {
        "type": "Polygon",
        "coordinates": [
          [
            [
              -75.9359,
              4.807
            ],
            [
              -75.9442,
              4.7958
            ],
            [
              -75.9525,
              4.8072
            ],
            [
              -75.9624,
              4.7962
            ],
            [
              -75.9542,
              4.7842
            ],
            [
              -75.967,
              4.7746
            ],
            [
              -75.9687,
              4.7639
            ],
            [
              -75.9843,
              4.7598
            ],
            [
              -75.9792,
              4.7484
            ],
            [
              -75.996,
              4.7367
            ],
            [
              -75.9945,
              4.7238
            ],
            [
              -76.007,
              4.7152
            ],
            [
              -76.0158,
              4.6927
            ],
            [
              -76.0166,
              4.666
            ],
            [
              -75.9724,
              4.6675
            ],
            [
              -75.9661,
              4.6613
            ],
            [
              -75.9465,
              4.6546
            ],
            [
              -75.9348,
              4.6547
            ],
            [
              -75.9115,
              4.6398
            ],
            [
              -75.8862,
              4.6366
            ],
            [
              -75.8708,
              4.6253
            ],
            [
              -75.8656,
              4.6128
            ],
            [
              -75.8517,
              4.6246
            ],
            [
              -75.8477,
              4.6385
            ],
            [
              -75.8367,
              4.644
            ],
            [
              -75.8274,
              4.6605
            ],
            [
              -75.8223,
              4.6725
            ],
            [
              -75.8351,
              4.6883
            ],
            [
              -75.8497,
              4.6825
            ],
            [
              -75.8566,
              4.7132
            ],
            [
              -75.8561,
              4.7278
            ],
            [
              -75.8486,
              4.7385
            ],
            [
              -75.8452,
              4.7663
            ],
            [
              -75.8528,
              4.7788
            ],
            [
              -75.8738,
              4.7715
            ],
            [
              -75.8888,
              4.7546
            ],
            [
              -75.8968,
              4.7588
            ],
            [
              -75.9091,
              4.7524
            ],
            [
              -75.9243,
              4.7631
            ],
            [
              -75.9277,
              4.7739
            ],
            [
              -75.9232,
              4.8024
            ],
            [
              -75.9359,
              4.807
            ]
          ]
        ]
      },
      "properties": {
        "OBJECTID": 1018,
        "DPTO_CCDGO": "31",
        "MPIO_CCDGO": "147",
        "name": "31034",
        "MPIO_CRSLC": "1541",
        "MPIO_NANO_": 1993,
        "MPIO_NAREA": 243.77644912,
        "MPIO_CSMBL": "4",
        "MPIO_CCNCT": "76147",
        "MPIO_NANO": 2012,
        "SHAPE_Leng": 0.889649609045,
        "SHAPE_Area": 0.0198617074229,
        "NOMBRE": "CARTAGO",
        "DANE": {
          "dpto_ccdgo": "76",
          "mpio_ccdgo": "147",
          "mpio_cdpmp": "76147",
          "dpto_cnmbr": "VALLE DEL CAUCA",
          "mpio_cnmbr": "CARTAGO",
          "mpio_crslc": "1863",
          "mpio_tipo": "MUNICIPIO",
          "mpio_narea": 248.224034893,
          "mpio_nano": 2024,
          "shape_Leng": 0.895208047438,
          "shape_Area": 0.0202114865066
        }
      }
    },
    {
      "type": "Feature",
      "geometry": {
        "type": "Polygon",
        "coordinates": [
          [
            [
              -76.5927,
              3.863
            ],
            [
              -76.6201,
              3.8601
            ],
            [
              -76.644,
              3.8439
            ],
            [
              -76.6665,
              3.8616
            ],
            [
              -76.6909,
              3.8616
            ],
            [
              -76.7138,
              3.8422
            ],
            [
              -76.7461,
              3.8576
            ],
            [
              -76.7864,
              3.8646
            ],
            [
              -76.7931,
              3.8757
            ],
            [
              -76.815,
              3.8754
            ],
            [
              -76.7943,
              3.8446
            ],
            [
              -76.7779,
              3.8088
            ],
            [
              -76.7748,
              3.792
            ],
            [
              -76.7675,
              3.7791
            ],
            [
              -76.7758,
              3.763
            ],
            [
              -76.797,
              3.7497
            ],
            [
              -76.8163,
              3.747
            ],
            [
              -76.813,
              3.735
            ],
            [
              -76.8218,
              3.7243
            ],
            [
              -76.8217,
              3.7059
            ],
            [
              -76.8148,
              3.698
            ],
            [
              -76.8024,
              3.6971
            ],
            [
              -76.7929,
              3.6786
            ],
            [
              -76.7932,
              3.6646
            ],
            [
              -76.7989,
              3.6507
            ],
            [
              -76.8097,
              3.6368
            ],
            [
              -76.8269,
              3.626
            ],
            [
              -76.8472,
              3.6328
            ],
            [
              -76.8717,
              3.6281
            ],
            [
              -76.8864,
              3.6103
            ],
            [
              -76.8847,
              3.5973
            ],
            [
              -76.869,
              3.6014
            ],
            [
              -76.8518,
              3.5901
            ],
            [
              -76.8467,
              3.5784
            ],
            [
              -76.8549,
              3.5637
            ],
            [
              -76.855,
              3.5493
            ],
            [
              -76.8452,
              3.5501
            ],
            [
              -76.8157,
              3.536
            ],
            [
              -76.8075,
              3.5217
            ],
            [
              -76.7973,
              3.5163
            ],
            [
              -76.7863,
              3.4992
            ],
            [
              -76.7769,
              3.4667
            ],
            [
              -76.7601,
              3.4654
            ],
            [
              -76.7592,
              3.4557
            ],
            [
              -76.7484,
              3.4343
            ],
            [
              -76.7205,
              3.428
            ],
            [
              -76.7069,
              3.428
            ],
            [
              -76.7056,
              3.442
            ],
            [
              -76.6929,
              3.4499
            ],
            [
              -76.6904,
              3.4609
            ],
            [
              -76.675,
              3.4619
            ],
            [
              -76.6651,
              3.4687
            ],
            [
              -76.6511,
              3.4667
            ],
            [
              -76.6231,
              3.4997
            ],
            [
              -76.6179,
              3.5291
            ],
            [
              -76.6068,
              3.5424
            ],
            [
              -76.5951,
              3.5479
            ],
            [
              -76.5953,
              3.5657
            ],
            [
              -76.604,
              3.5784
            ],
            [
              -76.6129,
              3.5821
            ],
            [
              -76.6187,
              3.6348
            ],
            [
              -76.649,
              3.6324
            ],
            [
              -76.6497,
              3.6456
            ],
            [
              -76.6447,
              3.6611
            ],
            [
              -76.6521,
              3.6728
            ],
            [
              -76.6412,
              3.6901
            ],
            [
              -76.6425,
              3.7202
            ],
            [
              -76.6466,
              3.7255
            ],
            [
              -76.6414,
              3.7445
            ],
            [
              -76.6419,
              3.7586
            ],
            [
              -76.648,
              3.7644
            ],
            [
              -76.6447,
              3.7846
            ],
            [
              -76.6305,
              3.8021
            ],
            [
              -76.615,
              3.8137
            ],
            [
              -76.6067,
              3.8135
            ],
            [
              -76.5946,
              3.8233
            ],
            [
              -76.5826,
              3.8429
            ],
            [
              -76.5927,
              3.863
            ]
          ]
        ]
      },
      "properties": {
        "OBJECTID": 1019,
        "DPTO_CCDGO": "31",
        "MPIO_CCDGO": "233",
        "name": "31037",
        "MPIO_CRSLC": "Ordenanza 23 de 1918",
        "MPIO_NANO_": 1993,
        "MPIO_NAREA": 856.58621661,
        "MPIO_CSMBL": "4",
        "MPIO_CCNCT": "76233",
        "MPIO_NANO": 2012,
        "SHAPE_Leng": 1.60328749557,
        "SHAPE_Area": 0.0697236777773,
        "NOMBRE": "DAGUA",
        "DANE": {
          "dpto_ccdgo": "76",
          "mpio_ccdgo": "233",
          "mpio_cdpmp": "76233",
          "dpto_cnmbr": "VALLE DEL CAUCA",
          "mpio_cnmbr": "DAGUA",
          "mpio_crslc": "Ordenanza 23 de 1918",
          "mpio_tipo": "MUNICIPIO",
          "mpio_narea": 916.607613543,
          "mpio_nano": 2024,
          "shape_Leng": 1.70758662925,
          "shape_Area": 0.0744543216994
        }
      }
    },
    {
      "type": "Feature",
      "geometry": {
        "type": "Polygon",
        "coordinates": [
          [
            [
              -75.9902,
              4.9131
            ],
            [
              -76.0091,
              4.924
            ],
            [
              -76.0276,
              4.9385
            ],
            [
              -76.0327,
              4.9622
            ],
            [
              -76.0479,
              4.9981
            ],
            [
              -76.0491,
              5.0072
            ],
            [
              -76.0642,
              5.0154
            ],
            [
              -76.0797,
              5.0407
            ],
            [
              -76.077,
              5.0472
            ],
            [
              -76.0914,
              5.0427
            ],
            [
              -76.0968,
              5.031
            ],
            [
              -76.0945,
              5.0099
            ],
            [
              -76.0985,
              4.9983
            ],
            [
              -76.0902,
              4.9798
            ],
            [
              -76.0888,
              4.9465
            ],
            [
              -76.1023,
              4.9153
            ],
            [
              -76.13,
              4.9072
            ],
            [
              -76.1141,
              4.8942
            ],
            [
              -76.1168,
              4.8815
            ],
            [
              -76.131,
              4.8628
            ],
            [
              -76.1378,
              4.8436
            ],
            [
              -76.129,
              4.8323
            ],
            [
              -76.0937,
              4.8453
            ],
            [
              -76.0719,
              4.8375
            ],
            [
              -76.0495,
              4.8525
            ],
            [
              -76.0145,
              4.8563
            ],
            [
              -76.0185,
              4.888
            ],
            [
              -75.9891,
              4.8811
            ],
            [
              -75.9859,
              4.9049
            ],
            [
              -75.9902,
              4.9131
            ]
          ]
        ]
      },
      "properties": {
        "OBJECTID": 1020,
        "DPTO_CCDGO": "31",
        "MPIO_CCDGO": "243",
        "name": "31043",
        "MPIO_CRSLC": "1950",
        "MPIO_NANO_": 1993,
        "MPIO_NAREA": 173.61961654,
        "MPIO_CSMBL": "4",
        "MPIO_CCNCT": "76243",
        "MPIO_NANO": 2012,
        "SHAPE_Leng": 0.688260036014,
        "SHAPE_Area": 0.0141511728051,
        "NOMBRE": "EL AGUILA",
        "DANE": {
          "dpto_ccdgo": "76",
          "mpio_ccdgo": "243",
          "mpio_cdpmp": "76243",
          "dpto_cnmbr": "VALLE DEL CAUCA",
          "mpio_cnmbr": "EL ÁGUILA",
          "mpio_crslc": "1950",
          "mpio_tipo": "MUNICIPIO",
          "mpio_narea": 187.813135681,
          "mpio_nano": 2024,
          "shape_Leng": 0.740303707336,
          "shape_Area": 0.0152945509292
        }
      }
    },
    {
      "type": "Feature",
      "geometry": {
        "type": "Polygon",
        "coordinates": [
          [
            [
              -76.1472,
              4.785
            ],
            [
              -76.1347,
              4.7934
            ],
            [
              -76.1382,
              4.8058
            ],
            [
              -76.1278,
              4.8171
            ],
            [
              -76.1329,
              4.8339
            ],
            [
              -76.1394,
              4.8412
            ],
            [
              -76.1921,
              4.8286
            ],
            [
              -76.2115,
              4.8294
            ],
            [
              -76.2207,
              4.8211
            ],
            [
              -76.2294,
              4.8031
            ],
            [
              -76.2475,
              4.794
            ],
            [
              -76.2607,
              4.795
            ],
            [
              -76.2762,
              4.771
            ],
            [
              -76.3123,
              4.75
            ],
            [
              -76.2986,
              4.7346
            ],
            [
              -76.2857,
              4.7124
            ],
            [
              -76.2975,
              4.6986
            ],
            [
              -76.2742,
              4.6935
            ],
            [
              -76.2439,
              4.6829
            ],
            [
              -76.2315,
              4.6751
            ],
            [
              -76.2096,
              4.677
            ],
            [
              -76.1945,
              4.6818
            ],
            [
              -76.1786,
              4.7083
            ],
            [
              -76.1788,
              4.722
            ],
            [
              -76.1524,
              4.7433
            ],
            [
              -76.1476,
              4.7515
            ],
            [
              -76.1513,
              4.7709
            ],
            [
              -76.1472,
              4.785
            ]
          ]
        ]
      },
      "properties": {
        "OBJECTID": 1021,
        "DPTO_CCDGO": "31",
        "MPIO_CCDGO": "246",
        "name": "31046",
        "MPIO_CRSLC": "1947",
        "MPIO_NANO_": 1993,
        "MPIO_NAREA": 206.85013411,
        "MPIO_CSMBL": "4",
        "MPIO_CCNCT": "76246",
        "MPIO_NANO": 2012,
        "SHAPE_Leng": 0.603554476127,
        "SHAPE_Area": 0.0168573335087,
        "NOMBRE": "EL CAIRO",
        "DANE": {
          "dpto_ccdgo": "76",
          "mpio_ccdgo": "246",
          "mpio_cdpmp": "76246",
          "dpto_cnmbr": "VALLE DEL CAUCA",
          "mpio_cnmbr": "EL CAIRO",
          "mpio_crslc": "1947",
          "mpio_tipo": "MUNICIPIO",
          "mpio_narea": 214.203355241,
          "mpio_nano": 2024,
          "shape_Leng": 0.617222923216,
          "shape_Area": 0.0174363017597
        }
      }
    },
    {
      "type": "Feature",
      "geometry": {
        "type": "Polygon",
        "coordinates": [
          [
            [
              -75.9556,
              3.7136
            ],
            [
              -75.9743,
              3.7222
            ],
            [
              -75.9881,
              3.7503
            ],
            [
              -75.9993,
              3.7562
            ],
            [
              -76.0174,
              3.7472
            ],
            [
              -76.032,
              3.746
            ],
            [
              -76.0444,
              3.7591
            ],
            [
              -76.061,
              3.7584
            ],
            [
              -76.0824,
              3.7704
            ],
            [
              -76.1002,
              3.7459
            ],
            [
              -76.1142,
              3.7179
            ],
            [
              -76.1151,
              3.6947
            ],
            [
              -76.124,
              3.6878
            ],
            [
              -76.1459,
              3.6986
            ],
            [
              -76.1597,
              3.7007
            ],
            [
              -76.1868,
              3.6911
            ],
            [
              -76.1884,
              3.6769
            ],
            [
              -76.2012,
              3.6625
            ],
            [
              -76.2189,
              3.6691
            ],
            [
              -76.2209,
              3.6801
            ],
            [
              -76.2348,
              3.6886
            ],
            [
              -76.2501,
              3.6856
            ],
            [
              -76.2645,
              3.6908
            ],
            [
              -76.2784,
              3.6901
            ],
            [
              -76.3207,
              3.7074
            ],
            [
              -76.3572,
              3.7288
            ],
            [
              -76.3828,
              3.7397
            ],
            [
              -76.3902,
              3.7563
            ],
            [
              -76.3975,
              3.7622
            ],
            [
              -76.4027,
              3.7592
            ],
            [
              -76.4009,
              3.7403
            ],
            [
              -76.4127,
              3.7193
            ],
            [
              -76.4123,
              3.7083
            ],
            [
              -76.426,
              3.6949
            ],
            [
              -76.4229,
              3.6813
            ],
            [
              -76.4083,
              3.6648
            ],
            [
              -76.3939,
              3.6536
            ],
            [
              -76.379,
              3.6491
            ],
            [
              -76.3682,
              3.628
            ],
            [
              -76.341,
              3.6137
            ],
            [
              -76.3258,
              3.6085
            ],
            [
              -76.3159,
              3.6109
            ],
            [
              -76.2932,
              3.603
            ],
            [
              -76.2809,
              3.6032
            ],
            [
              -76.2552,
              3.6146
            ],
            [
              -76.2504,
              3.6202
            ],
            [
              -76.2237,
              3.6214
            ],
            [
              -76.1834,
              3.6164
            ],
            [
              -76.1716,
              3.6091
            ],
            [
              -76.1309,
              3.6172
            ],
            [
              -76.1136,
              3.6157
            ],
            [
              -76.0872,
              3.6222
            ],
            [
              -76.0743,
              3.6454
            ],
            [
              -76.0537,
              3.6709
            ],
            [
              -76.0061,
              3.7167
            ],
            [
              -75.9816,
              3.718
            ],
            [
              -75.9598,
              3.7044
            ],
            [
              -75.9556,
              3.7136
            ]
          ]
        ]
      },
      "properties": {
        "OBJECTID": 1022,
        "DPTO_CCDGO": "31",
        "MPIO_CCDGO": "248",
        "name": "31049",
        "MPIO_CRSLC": "Ordenanza 01 del 30 de Agosto de 1864",
        "MPIO_NANO_": 1993,
        "MPIO_NAREA": 441.43669571,
        "MPIO_CSMBL": "4",
        "MPIO_CCNCT": "76248",
        "MPIO_NANO": 2012,
        "SHAPE_Leng": 1.49159749204,
        "SHAPE_Area": 0.035926243898,
        "NOMBRE": "EL CERRITO",
        "DANE": {
          "dpto_ccdgo": "76",
          "mpio_ccdgo": "248",
          "mpio_cdpmp": "76248",
          "dpto_cnmbr": "VALLE DEL CAUCA",
          "mpio_cnmbr": "EL CERRITO",
          "mpio_crslc": "Ordenanza 01 del 30 de Agosto de 1864",
          "mpio_tipo": "MUNICIPIO",
          "mpio_narea": 441.888583014,
          "mpio_nano": 2024,
          "shape_Leng": 1.52869531418,
          "shape_Area": 0.0359213986295
        }
      }
    },
    {
      "type": "Feature",
      "geometry": {
        "type": "Polygon",
        "coordinates": [
          [
            [
              -76.1853,
              4.5455
            ],
            [
              -76.2016,
              4.5316
            ],
            [
              -76.2138,
              4.5291
            ],
            [
              -76.2253,
              4.5642
            ],
            [
              -76.2399,
              4.56
            ],
            [
              -76.2452,
              4.5653
            ],
            [
              -76.2216,
              4.6028
            ],
            [
              -76.2445,
              4.6143
            ],
            [
              -76.2653,
              4.5973
            ],
            [
              -76.2732,
              4.5868
            ],
            [
              -76.2831,
              4.5945
            ],
            [
              -76.296,
              4.6321
            ],
            [
              -76.3037,
              4.6354
            ],
            [
              -76.301,
              4.6542
            ],
            [
              -76.3202,
              4.6192
            ],
            [
              -76.3182,
              4.6127
            ],
            [
              -76.3342,
              4.586
            ],
            [
              -76.3436,
              4.5815
            ],
            [
              -76.3446,
              4.5618
            ],
            [
              -76.3573,
              4.5585
            ],
            [
              -76.3813,
              4.5596
            ],
            [
              -76.3844,
              4.5476
            ],
            [
              -76.4035,
              4.5355
            ],
            [
              -76.3942,
              4.5287
            ],
            [
              -76.3724,
              4.4971
            ],
            [
              -76.3649,
              4.4925
            ],
            [
              -76.3484,
              4.4897
            ],
            [
              -76.3428,
              4.4839
            ],
            [
              -76.3107,
              4.483
            ],
            [
              -76.2791,
              4.4978
            ],
            [
              -76.268,
              4.4809
            ],
            [
              -76.2519,
              4.4798
            ],
            [
              -76.2424,
              4.4713
            ],
            [
              -76.2278,
              4.4687
            ],
            [
              -76.2134,
              4.4772
            ],
            [
              -76.2143,
              4.4935
            ],
            [
              -76.2049,
              4.5157
            ],
            [
              -76.1759,
              4.5037
            ],
            [
              -76.1663,
              4.5128
            ],
            [
              -76.1758,
              4.5389
            ],
            [
              -76.1853,
              4.5455
            ]
          ]
        ]
      },
      "properties": {
        "OBJECTID": 1023,
        "DPTO_CCDGO": "31",
        "MPIO_CCDGO": "250",
        "name": "31052",
        "MPIO_CRSLC": "Ordenanza 14 Diciembre 19 de 1956",
        "MPIO_NANO_": 1993,
        "MPIO_NAREA": 205.68252253,
        "MPIO_CSMBL": "4",
        "MPIO_CCNCT": "76250",
        "MPIO_NANO": 2012,
        "SHAPE_Leng": 0.901159660775,
        "SHAPE_Area": 0.0167575647122,
        "NOMBRE": "EL DOVIO",
        "DANE": {
          "dpto_ccdgo": "76",
          "mpio_ccdgo": "250",
          "mpio_cdpmp": "76250",
          "dpto_cnmbr": "VALLE DEL CAUCA",
          "mpio_cnmbr": "EL DOVIO",
          "mpio_crslc": "Ordenanza 14 Diciembre 19 de 1956",
          "mpio_tipo": "MUNICIPIO",
          "mpio_narea": 236.188128489,
          "mpio_nano": 2024,
          "shape_Leng": 0.97425853957,
          "shape_Area": 0.0192182696527
        }
      }
    },
    {
      "type": "Feature",
      "geometry": {
        "type": "Polygon",
        "coordinates": [
          [
            [
              -76.0612,
              3.3545
            ],
            [
              -76.0703,
              3.3558
            ],
            [
              -76.0761,
              3.366
            ],
            [
              -76.0859,
              3.3666
            ],
            [
              -76.0838,
              3.3806
            ],
            [
              -76.0884,
              3.3879
            ],
            [
              -76.1097,
              3.388
            ],
            [
              -76.1229,
              3.3824
            ],
            [
              -76.1476,
              3.3859
            ],
            [
              -76.1525,
              3.378
            ],
            [
              -76.1816,
              3.3579
            ],
            [
              -76.2075,
              3.3564
            ],
            [
              -76.2336,
              3.3737
            ],
            [
              -76.2465,
              3.368
            ],
            [
              -76.2623,
              3.3534
            ],
            [
              -76.2905,
              3.3566
            ],
            [
              -76.3001,
              3.3662
            ],
            [
              -76.3137,
              3.3405
            ],
            [
              -76.3137,
              3.3148
            ],
            [
              -76.3177,
              3.3025
            ],
            [
              -76.3368,
              3.309
            ],
            [
              -76.348,
              3.291
            ],
            [
              -76.3435,
              3.2815
            ],
            [
              -76.312,
              3.2805
            ],
            [
              -76.2925,
              3.2867
            ],
            [
              -76.2769,
              3.2777
            ],
            [
              -76.2512,
              3.2793
            ],
            [
              -76.2293,
              3.2768
            ],
            [
              -76.2065,
              3.2583
            ],
            [
              -76.2027,
              3.2426
            ],
            [
              -76.1917,
              3.2273
            ],
            [
              -76.1564,
              3.236
            ],
            [
              -76.146,
              3.2227
            ],
            [
              -76.1169,
              3.2227
            ],
            [
              -76.1125,
              3.2267
            ],
            [
              -76.0879,
              3.2194
            ],
            [
              -76.0678,
              3.2105
            ],
            [
              -76.0554,
              3.2234
            ],
            [
              -76.055,
              3.2371
            ],
            [
              -76.0398,
              3.248
            ],
            [
              -76.048,
              3.2651
            ],
            [
              -76.0505,
              3.282
            ],
            [
              -76.0378,
              3.301
            ],
            [
              -76.0449,
              3.3191
            ],
            [
              -76.056,
              3.3285
            ],
            [
              -76.052,
              3.3363
            ],
            [
              -76.0612,
              3.3545
            ]
          ]
        ]
      },
      "properties": {
        "OBJECTID": 1024,
        "DPTO_CCDGO": "31",
        "MPIO_CCDGO": "275",
        "name": "31055",
        "MPIO_CRSLC": "1630",
        "MPIO_NANO_": 1993,
        "MPIO_NAREA": 411.5393481,
        "MPIO_CSMBL": "4",
        "MPIO_CCNCT": "76275",
        "MPIO_NANO": 2012,
        "SHAPE_Leng": 1.05192655254,
        "SHAPE_Area": 0.0334795216084,
        "NOMBRE": "FLORIDA",
        "DANE": {
          "dpto_ccdgo": "76",
          "mpio_ccdgo": "275",
          "mpio_cdpmp": "76275",
          "dpto_cnmbr": "VALLE DEL CAUCA",
          "mpio_cnmbr": "FLORIDA",
          "mpio_crslc": "1630",
          "mpio_tipo": "MUNICIPIO",
          "mpio_narea": 401.555631651,
          "mpio_nano": 2024,
          "shape_Leng": 1.08094940149,
          "shape_Area": 0.0326320641105
        }
      }
    },
    {
      "type": "Feature",
      "geometry": {
        "type": "Polygon",
        "coordinates": [
          [
            [
              -76.0824,
              3.7704
            ],
            [
              -76.083,
              3.7877
            ],
            [
              -76.0924,
              3.8074
            ],
            [
              -76.1048,
              3.8195
            ],
            [
              -76.1314,
              3.8237
            ],
            [
              -76.1404,
              3.8323
            ],
            [
              -76.1563,
              3.822
            ],
            [
              -76.1657,
              3.8108
            ],
            [
              -76.178,
              3.8049
            ],
            [
              -76.1843,
              3.7986
            ],
            [
              -76.2069,
              3.7918
            ],
            [
              -76.2175,
              3.7806
            ],
            [
              -76.2203,
              3.7685
            ],
            [
              -76.2432,
              3.7634
            ],
            [
              -76.2566,
              3.7654
            ],
            [
              -76.2711,
              3.7607
            ],
            [
              -76.3023,
              3.7597
            ],
            [
              -76.309,
              3.7455
            ],
            [
              -76.3237,
              3.7348
            ],
            [
              -76.3207,
              3.7074
            ],
            [
              -76.2784,
              3.6901
            ],
            [
              -76.2645,
              3.6908
            ],
            [
              -76.2501,
              3.6856
            ],
            [
              -76.2348,
              3.6886
            ],
            [
              -76.2209,
              3.6801
            ],
            [
              -76.2189,
              3.6691
            ],
            [
              -76.2012,
              3.6625
            ],
            [
              -76.1884,
              3.6769
            ],
            [
              -76.1868,
              3.6911
            ],
            [
              -76.1597,
              3.7007
            ],
            [
              -76.1459,
              3.6986
            ],
            [
              -76.124,
              3.6878
            ],
            [
              -76.1151,
              3.6947
            ],
            [
              -76.1142,
              3.7179
            ],
            [
              -76.1002,
              3.7459
            ],
            [
              -76.0824,
              3.7704
            ]
          ]
        ]
      },
      "properties": {
        "OBJECTID": 1025,
        "DPTO_CCDGO": "31",
        "MPIO_CCDGO": "306",
        "name": "31058",
        "MPIO_CRSLC": "Ordenanza 9 de Diciembre 1954",
        "MPIO_NANO_": 1993,
        "MPIO_NAREA": 269.45254048,
        "MPIO_CSMBL": "4",
        "MPIO_CCNCT": "76306",
        "MPIO_NANO": 2012,
        "SHAPE_Leng": 0.744025780377,
        "SHAPE_Area": 0.0219308606924,
        "NOMBRE": "GINEBRA",
        "DANE": {
          "dpto_ccdgo": "76",
          "mpio_ccdgo": "306",
          "mpio_cdpmp": "76306",
          "dpto_cnmbr": "VALLE DEL CAUCA",
          "mpio_cnmbr": "GINEBRA",
          "mpio_crslc": "Ordenanza 9 de Diciembre 1954",
          "mpio_tipo": "MUNICIPIO",
          "mpio_narea": 268.744306328,
          "mpio_nano": 2024,
          "shape_Leng": 0.757864349304,
          "shape_Area": 0.0218486339957
        }
      }
    },
    {
      "type": "Feature",
      "geometry": {
        "type": "Polygon",
        "coordinates": [
          [
            [
              -76.178,
              3.8049
            ],
            [
              -76.2104,
              3.8351
            ],
            [
              -76.223,
              3.8409
            ],
            [
              -76.2452,
              3.8353
            ],
            [
              -76.2547,
              3.8396
            ],
            [
              -76.2582,
              3.8509
            ],
            [
              -76.2793,
              3.8344
            ],
            [
              -76.2877,
              3.8085
            ],
            [
              -76.2949,
              3.8023
            ],
            [
              -76.3079,
              3.8045
            ],
            [
              -76.3137,
              3.799
            ],
            [
              -76.3383,
              3.796
            ],
            [
              -76.3652,
              3.799
            ],
            [
              -76.3724,
              3.8117
            ],
            [
              -76.3833,
              3.7999
            ],
            [
              -76.3835,
              3.782
            ],
            [
              -76.4006,
              3.7846
            ],
            [
              -76.3929,
              3.7709
            ],
            [
              -76.3975,
              3.7622
            ],
            [
              -76.3902,
              3.7563
            ],
            [
              -76.3828,
              3.7397
            ],
            [
              -76.3572,
              3.7288
            ],
            [
              -76.3207,
              3.7074
            ],
            [
              -76.3237,
              3.7348
            ],
            [
              -76.309,
              3.7455
            ],
            [
              -76.3023,
              3.7597
            ],
            [
              -76.2711,
              3.7607
            ],
            [
              -76.2566,
              3.7654
            ],
            [
              -76.2432,
              3.7634
            ],
            [
              -76.2203,
              3.7685
            ],
            [
              -76.2175,
              3.7806
            ],
            [
              -76.2069,
              3.7918
            ],
            [
              -76.1843,
              3.7986
            ],
            [
              -76.178,
              3.8049
            ]
          ]
        ]
      },
      "properties": {
        "OBJECTID": 1026,
        "DPTO_CCDGO": "31",
        "MPIO_CCDGO": "318",
        "name": "31061",
        "MPIO_CRSLC": "1864",
        "MPIO_NANO_": 1993,
        "MPIO_NAREA": 162.39322606,
        "MPIO_CSMBL": "4",
        "MPIO_CCNCT": "76318",
        "MPIO_NANO": 2012,
        "SHAPE_Leng": 0.727943612275,
        "SHAPE_Area": 0.0132185358063,
        "NOMBRE": "GUACARI",
        "DANE": {
          "dpto_ccdgo": "76",
          "mpio_ccdgo": "318",
          "mpio_cdpmp": "76318",
          "dpto_cnmbr": "VALLE DEL CAUCA",
          "mpio_cnmbr": "GUACARÍ",
          "mpio_crslc": "1864",
          "mpio_tipo": "MUNICIPIO",
          "mpio_narea": 162.487145859,
          "mpio_nano": 2024,
          "shape_Leng": 0.733726943286,
          "shape_Area": 0.0132088136702
        }
      }
    },
    {
      "type": "Feature",
      "geometry": {
        "type": "Polygon",
        "coordinates": [
          [
            [
              -76.4608,
              3.2592
            ],
            [
              -76.4839,
              3.2785
            ],
            [
              -76.4927,
              3.2895
            ],
            [
              -76.4997,
              3.2767
            ],
            [
              -76.5173,
              3.2791
            ],
            [
              -76.5292,
              3.2871
            ],
            [
              -76.5399,
              3.2802
            ],
            [
              -76.5517,
              3.2866
            ],
            [
              -76.559,
              3.2827
            ],
            [
              -76.5723,
              3.3024
            ],
            [
              -76.6032,
              3.3095
            ],
            [
              -76.6219,
              3.3049
            ],
            [
              -76.6307,
              3.3066
            ],
            [
              -76.6486,
              3.2977
            ],
            [
              -76.6619,
              3.314
            ],
            [
              -76.6805,
              3.3154
            ],
            [
              -76.696,
              3.3112
            ],
            [
              -76.695,
              3.3432
            ],
            [
              -76.7016,
              3.3566
            ],
            [
              -76.7111,
              3.3533
            ],
            [
              -76.7212,
              3.3375
            ],
            [
              -76.7278,
              3.3385
            ],
            [
              -76.7395,
              3.3221
            ],
            [
              -76.7371,
              3.3096
            ],
            [
              -76.7473,
              3.2961
            ],
            [
              -76.7514,
              3.2733
            ],
            [
              -76.7643,
              3.2559
            ],
            [
              -76.7834,
              3.2474
            ],
            [
              -76.7831,
              3.2307
            ],
            [
              -76.7729,
              3.2337
            ],
            [
              -76.7529,
              3.2099
            ],
            [
              -76.7515,
              3.1988
            ],
            [
              -76.7392,
              3.1861
            ],
            [
              -76.7402,
              3.1708
            ],
            [
              -76.7498,
              3.1462
            ],
            [
              -76.7442,
              3.1356
            ],
            [
              -76.7227,
              3.1177
            ],
            [
              -76.6997,
              3.1202
            ],
            [
              -76.6768,
              3.0996
            ],
            [
              -76.6519,
              3.1015
            ],
            [
              -76.6418,
              3.1178
            ],
            [
              -76.6261,
              3.124
            ],
            [
              -76.6249,
              3.104
            ],
            [
              -76.6101,
              3.0912
            ],
            [
              -76.593,
              3.0936
            ],
            [
              -76.5994,
              3.1037
            ],
            [
              -76.5875,
              3.1077
            ],
            [
              -76.585,
              3.1165
            ],
            [
              -76.5703,
              3.1201
            ],
            [
              -76.5577,
              3.1024
            ],
            [
              -76.5461,
              3.1059
            ],
            [
              -76.53,
              3.1239
            ],
            [
              -76.5184,
              3.15
            ],
            [
              -76.5031,
              3.1441
            ],
            [
              -76.5078,
              3.1559
            ],
            [
              -76.496,
              3.1657
            ],
            [
              -76.4908,
              3.1959
            ],
            [
              -76.4927,
              3.2065
            ],
            [
              -76.4699,
              3.2272
            ],
            [
              -76.4653,
              3.2412
            ],
            [
              -76.469,
              3.2584
            ],
            [
              -76.4608,
              3.2592
            ]
          ]
        ]
      },
      "properties": {
        "OBJECTID": 1027,
        "DPTO_CCDGO": "31",
        "MPIO_CCDGO": "364",
        "name": "31064",
        "MPIO_CRSLC": "1536",
        "MPIO_NANO_": 1993,
        "MPIO_NAREA": 559.10624527,
        "MPIO_CSMBL": "4",
        "MPIO_CCNCT": "76364",
        "MPIO_NANO": 2012,
        "SHAPE_Leng": 1.4626267138,
        "SHAPE_Area": 0.0454883852408,
        "NOMBRE": "JAMUNDI",
        "DANE": {
          "dpto_ccdgo": "76",
          "mpio_ccdgo": "364",
          "mpio_cdpmp": "76364",
          "dpto_cnmbr": "VALLE DEL CAUCA",
          "mpio_cnmbr": "JAMUNDÍ",
          "mpio_crslc": "1536",
          "mpio_tipo": "MUNICIPIO",
          "mpio_narea": 629.081407543,
          "mpio_nano": 2024,
          "shape_Leng": 1.66896883106,
          "shape_Area": 0.0510837327956
        }
      }
    },
    {
      "type": "Feature",
      "geometry": {
        "type": "Polygon",
        "coordinates": [
          [
            [
              -76.561,
              3.8482
            ],
            [
              -76.576,
              3.8478
            ],
            [
              -76.5927,
              3.863
            ],
            [
              -76.5826,
              3.8429
            ],
            [
              -76.5946,
              3.8233
            ],
            [
              -76.6067,
              3.8135
            ],
            [
              -76.615,
              3.8137
            ],
            [
              -76.6305,
              3.8021
            ],
            [
              -76.6447,
              3.7846
            ],
            [
              -76.648,
              3.7644
            ],
            [
              -76.6419,
              3.7586
            ],
            [
              -76.6414,
              3.7445
            ],
            [
              -76.6466,
              3.7255
            ],
            [
              -76.6425,
              3.7202
            ],
            [
              -76.6412,
              3.6901
            ],
            [
              -76.6521,
              3.6728
            ],
            [
              -76.6447,
              3.6611
            ],
            [
              -76.6497,
              3.6456
            ],
            [
              -76.649,
              3.6324
            ],
            [
              -76.6187,
              3.6348
            ],
            [
              -76.6129,
              3.5821
            ],
            [
              -76.604,
              3.5784
            ],
            [
              -76.5953,
              3.5657
            ],
            [
              -76.5951,
              3.5479
            ],
            [
              -76.592,
              3.547
            ],
            [
              -76.5684,
              3.5874
            ],
            [
              -76.5653,
              3.61
            ],
            [
              -76.5559,
              3.6165
            ],
            [
              -76.5543,
              3.6353
            ],
            [
              -76.5434,
              3.6335
            ],
            [
              -76.5214,
              3.6728
            ],
            [
              -76.5236,
              3.678
            ],
            [
              -76.5145,
              3.6955
            ],
            [
              -76.5062,
              3.6992
            ],
            [
              -76.523,
              3.7193
            ],
            [
              -76.5294,
              3.7394
            ],
            [
              -76.5369,
              3.7489
            ],
            [
              -76.5558,
              3.7446
            ],
            [
              -76.5633,
              3.7508
            ],
            [
              -76.5802,
              3.7494
            ],
            [
              -76.5839,
              3.7547
            ],
            [
              -76.6026,
              3.7509
            ],
            [
              -76.5977,
              3.788
            ],
            [
              -76.5803,
              3.8091
            ],
            [
              -76.5742,
              3.8216
            ],
            [
              -76.5773,
              3.8335
            ],
            [
              -76.561,
              3.8482
            ]
          ]
        ]
      },
      "properties": {
        "OBJECTID": 1028,
        "DPTO_CCDGO": "31",
        "MPIO_CCDGO": "377",
        "name": "31067",
        "MPIO_CRSLC": "1913",
        "MPIO_NANO_": 1993,
        "MPIO_NAREA": 222.19207589,
        "MPIO_CSMBL": "4",
        "MPIO_CCNCT": "76377",
        "MPIO_NANO": 2012,
        "SHAPE_Leng": 0.770153666377,
        "SHAPE_Area": 0.0180860001307,
        "NOMBRE": "LA CUMBRE",
        "DANE": {
          "dpto_ccdgo": "76",
          "mpio_ccdgo": "377",
          "mpio_cdpmp": "76377",
          "dpto_cnmbr": "VALLE DEL CAUCA",
          "mpio_cnmbr": "LA CUMBRE",
          "mpio_crslc": "1913",
          "mpio_tipo": "MUNICIPIO",
          "mpio_narea": 255.382640527,
          "mpio_nano": 2024,
          "shape_Leng": 1.03503423685,
          "shape_Area": 0.0207495161901
        }
      }
    },
    {
      "type": "Feature",
      "geometry": {
        "type": "Polygon",
        "coordinates": [
          [
            [
              -76.039,
              4.5831
            ],
            [
              -76.0718,
              4.5951
            ],
            [
              -76.1017,
              4.5703
            ],
            [
              -76.1207,
              4.5696
            ],
            [
              -76.1371,
              4.5574
            ],
            [
              -76.1464,
              4.5637
            ],
            [
              -76.151,
              4.5751
            ],
            [
              -76.1526,
              4.5638
            ],
            [
              -76.1678,
              4.5501
            ],
            [
              -76.1853,
              4.5455
            ],
            [
              -76.1758,
              4.5389
            ],
            [
              -76.1663,
              4.5128
            ],
            [
              -76.157,
              4.4807
            ],
            [
              -76.1443,
              4.4876
            ],
            [
              -76.1356,
              4.486
            ],
            [
              -76.1254,
              4.5002
            ],
            [
              -76.1189,
              4.4989
            ],
            [
              -76.0994,
              4.5069
            ],
            [
              -76.0656,
              4.4928
            ],
            [
              -76.0593,
              4.51
            ],
            [
              -76.0401,
              4.5306
            ],
            [
              -76.0443,
              4.551
            ],
            [
              -76.031,
              4.5691
            ],
            [
              -76.039,
              4.5831
            ]
          ]
        ]
      },
      "properties": {
        "OBJECTID": 1029,
        "DPTO_CCDGO": "31",
        "MPIO_CCDGO": "400",
        "name": "31070",
        "MPIO_CRSLC": "Ordenanza 15 de 1890",
        "MPIO_NANO_": 1993,
        "MPIO_NAREA": 116.58738633,
        "MPIO_CSMBL": "4",
        "MPIO_CCNCT": "76400",
        "MPIO_NANO": 2012,
        "SHAPE_Leng": 0.525503637125,
        "SHAPE_Area": 0.00949789545409,
        "NOMBRE": "LA UNION",
        "DANE": {
          "dpto_ccdgo": "76",
          "mpio_ccdgo": "400",
          "mpio_cdpmp": "76400",
          "dpto_cnmbr": "VALLE DEL CAUCA",
          "mpio_cnmbr": "LA UNIÓN",
          "mpio_crslc": "Ordenanza 15 de 1890",
          "mpio_tipo": "MUNICIPIO",
          "mpio_narea": 120.874949064,
          "mpio_nano": 2024,
          "shape_Leng": 0.538919235624,
          "shape_Area": 0.0098377275824
        }
      }
    },
    {
      "type": "Feature",
      "geometry": {
        "type": "Polygon",
        "coordinates": [
          [
            [
              -75.8803,
              4.5316
            ],
            [
              -75.8912,
              4.5377
            ],
            [
              -75.9049,
              4.5334
            ],
            [
              -75.9262,
              4.5347
            ],
            [
              -75.9497,
              4.5417
            ],
            [
              -75.9642,
              4.5312
            ],
            [
              -75.9959,
              4.5499
            ],
            [
              -75.9882,
              4.5547
            ],
            [
              -76.031,
              4.5691
            ],
            [
              -76.0443,
              4.551
            ],
            [
              -76.0401,
              4.5306
            ],
            [
              -76.0593,
              4.51
            ],
            [
              -76.0656,
              4.4928
            ],
            [
              -76.083,
              4.474
            ],
            [
              -76.0696,
              4.4559
            ],
            [
              -76.0564,
              4.4628
            ],
            [
              -76.0381,
              4.4655
            ],
            [
              -76.0307,
              4.452
            ],
            [
              -76.0158,
              4.4482
            ],
            [
              -75.9996,
              4.4355
            ],
            [
              -75.9893,
              4.4105
            ],
            [
              -75.9732,
              4.412
            ],
            [
              -75.9575,
              4.4188
            ],
            [
              -75.9581,
              4.4022
            ],
            [
              -75.9414,
              4.4076
            ],
            [
              -75.9038,
              4.413
            ],
            [
              -75.8956,
              4.4261
            ],
            [
              -75.8814,
              4.4484
            ],
            [
              -75.8691,
              4.4546
            ],
            [
              -75.8789,
              4.4606
            ],
            [
              -75.8784,
              4.4849
            ],
            [
              -75.8713,
              4.5075
            ],
            [
              -75.8716,
              4.5237
            ],
            [
              -75.8803,
              4.5316
            ]
          ]
        ]
      },
      "properties": {
        "OBJECTID": 1030,
        "DPTO_CCDGO": "31",
        "MPIO_CCDGO": "403",
        "name": "31073",
        "MPIO_CRSLC": "1835",
        "MPIO_NANO_": 1993,
        "MPIO_NAREA": 258.6837962,
        "MPIO_CSMBL": "4",
        "MPIO_CCNCT": "76403",
        "MPIO_NANO": 2012,
        "SHAPE_Leng": 0.916797535972,
        "SHAPE_Area": 0.0210704893731,
        "NOMBRE": "LA VICTORIA",
        "DANE": {
          "dpto_ccdgo": "76",
          "mpio_ccdgo": "403",
          "mpio_cdpmp": "76403",
          "dpto_cnmbr": "VALLE DEL CAUCA",
          "mpio_cnmbr": "LA VICTORIA",
          "mpio_crslc": "1835",
          "mpio_tipo": "MUNICIPIO",
          "mpio_narea": 264.697798209,
          "mpio_nano": 2024,
          "shape_Leng": 0.916313964334,
          "shape_Area": 0.0215450505249
        }
      }
    },
    {
      "type": "Feature",
      "geometry": {
        "type": "Polygon",
        "coordinates": [
          [
            [
              -75.8656,
              4.6128
            ],
            [
              -75.8708,
              4.6253
            ],
            [
              -75.8862,
              4.6366
            ],
            [
              -75.9115,
              4.6398
            ],
            [
              -75.9348,
              4.6547
            ],
            [
              -75.9465,
              4.6546
            ],
            [
              -75.9661,
              4.6613
            ],
            [
              -75.9724,
              4.6675
            ],
            [
              -76.0166,
              4.666
            ],
            [
              -76.0253,
              4.6426
            ],
            [
              -76.0325,
              4.6373
            ],
            [
              -76.0304,
              4.6256
            ],
            [
              -76.0151,
              4.6133
            ],
            [
              -76.0241,
              4.5866
            ],
            [
              -76.039,
              4.5831
            ],
            [
              -76.031,
              4.5691
            ],
            [
              -75.9882,
              4.5547
            ],
            [
              -75.9959,
              4.5499
            ],
            [
              -75.9642,
              4.5312
            ],
            [
              -75.9497,
              4.5417
            ],
            [
              -75.9262,
              4.5347
            ],
            [
              -75.9049,
              4.5334
            ],
            [
              -75.8912,
              4.5377
            ],
            [
              -75.8803,
              4.5316
            ],
            [
              -75.8705,
              4.5476
            ],
            [
              -75.8673,
              4.5751
            ],
            [
              -75.8711,
              4.5863
            ],
            [
              -75.8618,
              4.5927
            ],
            [
              -75.8656,
              4.6128
            ]
          ]
        ]
      },
      "properties": {
        "OBJECTID": 1031,
        "DPTO_CCDGO": "31",
        "MPIO_CCDGO": "497",
        "name": "31076",
        "MPIO_CRSLC": "Ordenanza 21 de 1928",
        "MPIO_NANO_": 1993,
        "MPIO_NAREA": 227.06761845,
        "MPIO_CSMBL": "4",
        "MPIO_CCNCT": "76497",
        "MPIO_NANO": 2012,
        "SHAPE_Leng": 0.706544676221,
        "SHAPE_Area": 0.0184979298655,
        "NOMBRE": "OBANDO",
        "DANE": {
          "dpto_ccdgo": "76",
          "mpio_ccdgo": "497",
          "mpio_cdpmp": "76497",
          "dpto_cnmbr": "VALLE DEL CAUCA",
          "mpio_cnmbr": "OBANDO",
          "mpio_crslc": "Ordenanza 21 de 1928",
          "mpio_tipo": "MUNICIPIO",
          "mpio_narea": 214.677027506,
          "mpio_nano": 2024,
          "shape_Leng": 0.718547457291,
          "shape_Area": 0.0174766785553
        }
      }
    },
    {
      "type": "Feature",
      "geometry": {
        "type": "Polygon",
        "coordinates": [
          [
            [
              -75.9598,
              3.7044
            ],
            [
              -75.9816,
              3.718
            ],
            [
              -76.0061,
              3.7167
            ],
            [
              -76.0537,
              3.6709
            ],
            [
              -76.0743,
              3.6454
            ],
            [
              -76.0872,
              3.6222
            ],
            [
              -76.1136,
              3.6157
            ],
            [
              -76.1309,
              3.6172
            ],
            [
              -76.1716,
              3.6091
            ],
            [
              -76.1834,
              3.6164
            ],
            [
              -76.2237,
              3.6214
            ],
            [
              -76.2504,
              3.6202
            ],
            [
              -76.2552,
              3.6146
            ],
            [
              -76.2809,
              3.6032
            ],
            [
              -76.2932,
              3.603
            ],
            [
              -76.3159,
              3.6109
            ],
            [
              -76.3258,
              3.6085
            ],
            [
              -76.341,
              3.6137
            ],
            [
              -76.3682,
              3.628
            ],
            [
              -76.379,
              3.6491
            ],
            [
              -76.3939,
              3.6536
            ],
            [
              -76.4083,
              3.6648
            ],
            [
              -76.4229,
              3.6813
            ],
            [
              -76.426,
              3.6949
            ],
            [
              -76.426,
              3.681
            ],
            [
              -76.4359,
              3.6647
            ],
            [
              -76.4466,
              3.6583
            ],
            [
              -76.4503,
              3.632
            ],
            [
              -76.4603,
              3.6252
            ],
            [
              -76.4531,
              3.5998
            ],
            [
              -76.4619,
              3.5601
            ],
            [
              -76.4769,
              3.563
            ],
            [
              -76.4874,
              3.5592
            ],
            [
              -76.4845,
              3.5393
            ],
            [
              -76.4901,
              3.5317
            ],
            [
              -76.4912,
              3.5061
            ],
            [
              -76.4756,
              3.474
            ],
            [
              -76.4758,
              3.4519
            ],
            [
              -76.457,
              3.4568
            ],
            [
              -76.4496,
              3.4507
            ],
            [
              -76.4349,
              3.4521
            ],
            [
              -76.4205,
              3.4593
            ],
            [
              -76.3747,
              3.4504
            ],
            [
              -76.3492,
              3.464
            ],
            [
              -76.3325,
              3.457
            ],
            [
              -76.3193,
              3.4605
            ],
            [
              -76.3061,
              3.4722
            ],
            [
              -76.2908,
              3.4715
            ],
            [
              -76.282,
              3.4782
            ],
            [
              -76.2559,
              3.478
            ],
            [
              -76.2518,
              3.4834
            ],
            [
              -76.2353,
              3.478
            ],
            [
              -76.1962,
              3.4762
            ],
            [
              -76.1723,
              3.4825
            ],
            [
              -76.1485,
              3.4769
            ],
            [
              -76.1219,
              3.4759
            ],
            [
              -76.1088,
              3.4906
            ],
            [
              -76.0847,
              3.4791
            ],
            [
              -76.0728,
              3.4783
            ],
            [
              -76.0682,
              3.4624
            ],
            [
              -76.0517,
              3.4608
            ],
            [
              -76.0369,
              3.4527
            ],
            [
              -76.0289,
              3.4526
            ],
            [
              -76.0217,
              3.4795
            ],
            [
              -76.0274,
              3.4871
            ],
            [
              -76.0147,
              3.508
            ],
            [
              -76.0014,
              3.5201
            ],
            [
              -75.9941,
              3.5461
            ],
            [
              -75.984,
              3.5599
            ],
            [
              -75.9893,
              3.5755
            ],
            [
              -75.9846,
              3.589
            ],
            [
              -75.9937,
              3.6093
            ],
            [
              -75.9866,
              3.6236
            ],
            [
              -75.9936,
              3.6358
            ],
            [
              -75.9771,
              3.6438
            ],
            [
              -75.9754,
              3.6579
            ],
            [
              -75.958,
              3.6637
            ],
            [
              -75.9501,
              3.677
            ],
            [
              -75.9607,
              3.6965
            ],
            [
              -75.9598,
              3.7044
            ]
          ]
        ]
      },
      "properties": {
        "OBJECTID": 1032,
        "DPTO_CCDGO": "31",
        "MPIO_CCDGO": "520",
        "name": "31079",
        "MPIO_CRSLC": "1824",
        "MPIO_NANO_": 1993,
        "MPIO_NAREA": 1007.50231345,
        "MPIO_CSMBL": "4",
        "MPIO_CCNCT": "76520",
        "MPIO_NANO": 2012,
        "SHAPE_Leng": 1.9665360461,
        "SHAPE_Area": 0.0819856252445,
        "NOMBRE": "PALMIRA",
        "DANE": {
          "dpto_ccdgo": "76",
          "mpio_ccdgo": "520",
          "mpio_cdpmp": "76520",
          "dpto_cnmbr": "VALLE DEL CAUCA",
          "mpio_cnmbr": "PALMIRA",
          "mpio_crslc": "1824",
          "mpio_tipo": "MUNICIPIO",
          "mpio_narea": 1005.14483124,
          "mpio_nano": 2024,
          "shape_Leng": 2.06476961811,
          "shape_Area": 0.0816963292314
        }
      }
    },
    {
      "type": "Feature",
      "geometry": {
        "type": "Polygon",
        "coordinates": [
          [
            [
              -76.0369,
              3.4527
            ],
            [
              -76.0517,
              3.4608
            ],
            [
              -76.0682,
              3.4624
            ],
            [
              -76.0728,
              3.4783
            ],
            [
              -76.0847,
              3.4791
            ],
            [
              -76.1088,
              3.4906
            ],
            [
              -76.1219,
              3.4759
            ],
            [
              -76.1485,
              3.4769
            ],
            [
              -76.1723,
              3.4825
            ],
            [
              -76.1962,
              3.4762
            ],
            [
              -76.2353,
              3.478
            ],
            [
              -76.2518,
              3.4834
            ],
            [
              -76.2559,
              3.478
            ],
            [
              -76.282,
              3.4782
            ],
            [
              -76.2908,
              3.4715
            ],
            [
              -76.2814,
              3.4698
            ],
            [
              -76.3163,
              3.408
            ],
            [
              -76.3183,
              3.393
            ],
            [
              -76.3299,
              3.3837
            ],
            [
              -76.3111,
              3.3689
            ],
            [
              -76.3001,
              3.3662
            ],
            [
              -76.2905,
              3.3566
            ],
            [
              -76.2623,
              3.3534
            ],
            [
              -76.2465,
              3.368
            ],
            [
              -76.2336,
              3.3737
            ],
            [
              -76.2075,
              3.3564
            ],
            [
              -76.1816,
              3.3579
            ],
            [
              -76.1525,
              3.378
            ],
            [
              -76.1476,
              3.3859
            ],
            [
              -76.1229,
              3.3824
            ],
            [
              -76.1097,
              3.388
            ],
            [
              -76.0884,
              3.3879
            ],
            [
              -76.0838,
              3.3806
            ],
            [
              -76.0859,
              3.3666
            ],
            [
              -76.0761,
              3.366
            ],
            [
              -76.0703,
              3.3558
            ],
            [
              -76.0612,
              3.3545
            ],
            [
              -76.0474,
              3.3654
            ],
            [
              -76.047,
              3.3745
            ],
            [
              -76.0314,
              3.3823
            ],
            [
              -76.0291,
              3.39
            ],
            [
              -76.042,
              3.3952
            ],
            [
              -76.0386,
              3.4173
            ],
            [
              -76.0413,
              3.4383
            ],
            [
              -76.0369,
              3.4527
            ]
          ]
        ]
      },
      "properties": {
        "OBJECTID": 1033,
        "DPTO_CCDGO": "31",
        "MPIO_CCDGO": "563",
        "name": "31082",
        "MPIO_CRSLC": "1870",
        "MPIO_NANO_": 1993,
        "MPIO_NAREA": 354.48070057,
        "MPIO_CSMBL": "4",
        "MPIO_CCNCT": "76563",
        "MPIO_NANO": 2012,
        "SHAPE_Leng": 0.931635190622,
        "SHAPE_Area": 0.0288411895988,
        "NOMBRE": "PRADERA",
        "DANE": {
          "dpto_ccdgo": "76",
          "mpio_ccdgo": "563",
          "mpio_cdpmp": "76563",
          "dpto_cnmbr": "VALLE DEL CAUCA",
          "mpio_cnmbr": "PRADERA",
          "mpio_crslc": "1870",
          "mpio_tipo": "MUNICIPIO",
          "mpio_narea": 356.732011887,
          "mpio_nano": 2024,
          "shape_Leng": 0.977378330979,
          "shape_Area": 0.0289923810624
        }
      }
    },
    {
      "type": "Feature",
      "geometry": {
        "type": "Polygon",
        "coordinates": [
          [
            [
              -76.4778,
              3.8654
            ],
            [
              -76.5092,
              3.8774
            ],
            [
              -76.5238,
              3.8657
            ],
            [
              -76.5352,
              3.863
            ],
            [
              -76.561,
              3.8482
            ],
            [
              -76.5773,
              3.8335
            ],
            [
              -76.5742,
              3.8216
            ],
            [
              -76.5803,
              3.8091
            ],
            [
              -76.5977,
              3.788
            ],
            [
              -76.6026,
              3.7509
            ],
            [
              -76.5839,
              3.7547
            ],
            [
              -76.5802,
              3.7494
            ],
            [
              -76.5633,
              3.7508
            ],
            [
              -76.5558,
              3.7446
            ],
            [
              -76.5369,
              3.7489
            ],
            [
              -76.5175,
              3.7642
            ],
            [
              -76.497,
              3.7648
            ],
            [
              -76.4675,
              3.8307
            ],
            [
              -76.4817,
              3.8358
            ],
            [
              -76.4778,
              3.8654
            ]
          ]
        ]
      },
      "properties": {
        "OBJECTID": 1034,
        "DPTO_CCDGO": "31",
        "MPIO_CCDGO": "606",
        "name": "31085",
        "MPIO_CRSLC": "Ordenanza 30  del 1 de Abril de 1925",
        "MPIO_NANO_": 1993,
        "MPIO_NAREA": 200.02389703,
        "MPIO_CSMBL": "4",
        "MPIO_CCNCT": "76606",
        "MPIO_NANO": 2012,
        "SHAPE_Leng": 0.70548717156,
        "SHAPE_Area": 0.0162838261385,
        "NOMBRE": "RESTREPO",
        "DANE": {
          "dpto_ccdgo": "76",
          "mpio_ccdgo": "606",
          "mpio_cdpmp": "76606",
          "dpto_cnmbr": "VALLE DEL CAUCA",
          "mpio_cnmbr": "RESTREPO",
          "mpio_crslc": "Ordenanza 30  del 1 de Abril de 1925",
          "mpio_tipo": "MUNICIPIO",
          "mpio_narea": 137.21855525,
          "mpio_nano": 2024,
          "shape_Leng": 0.56407585345,
          "shape_Area": 0.0111511607704
        }
      }
    },
    {
      "type": "Feature",
      "geometry": {
        "type": "Polygon",
        "coordinates": [
          [
            [
              -76.2486,
              4.184
            ],
            [
              -76.2619,
              4.1793
            ],
            [
              -76.2773,
              4.1884
            ],
            [
              -76.2869,
              4.1993
            ],
            [
              -76.3259,
              4.1946
            ],
            [
              -76.3313,
              4.1751
            ],
            [
              -76.3539,
              4.1588
            ],
            [
              -76.376,
              4.1617
            ],
            [
              -76.4483,
              4.1615
            ],
            [
              -76.453,
              4.1449
            ],
            [
              -76.4623,
              4.1316
            ],
            [
              -76.4727,
              4.1036
            ],
            [
              -76.4902,
              4.0814
            ],
            [
              -76.4989,
              4.0638
            ],
            [
              -76.4931,
              4.0561
            ],
            [
              -76.4699,
              4.0536
            ],
            [
              -76.4463,
              4.0447
            ],
            [
              -76.435,
              4.0527
            ],
            [
              -76.4215,
              4.0466
            ],
            [
              -76.408,
              4.0538
            ],
            [
              -76.408,
              4.0332
            ],
            [
              -76.4157,
              4.0098
            ],
            [
              -76.4062,
              4.0045
            ],
            [
              -76.3891,
              4.0143
            ],
            [
              -76.3779,
              4.0145
            ],
            [
              -76.3583,
              4.0307
            ],
            [
              -76.3628,
              4.0459
            ],
            [
              -76.3497,
              4.0546
            ],
            [
              -76.306,
              4.0609
            ],
            [
              -76.3033,
              4.0673
            ],
            [
              -76.3129,
              4.0779
            ],
            [
              -76.3112,
              4.0916
            ],
            [
              -76.2875,
              4.1163
            ],
            [
              -76.2756,
              4.1179
            ],
            [
              -76.2484,
              4.1392
            ],
            [
              -76.2528,
              4.1557
            ],
            [
              -76.2457,
              4.1676
            ],
            [
              -76.2486,
              4.184
            ]
          ]
        ]
      },
      "properties": {
        "OBJECTID": 1035,
        "DPTO_CCDGO": "31",
        "MPIO_CCDGO": "616",
        "name": "31088",
        "MPIO_CRSLC": "Ordenanza 31 del 3 de Abril de 1923",
        "MPIO_NANO_": 1993,
        "MPIO_NAREA": 279.15479848,
        "MPIO_CSMBL": "4",
        "MPIO_CCNCT": "76616",
        "MPIO_NANO": 2012,
        "SHAPE_Leng": 1.00112371702,
        "SHAPE_Area": 0.0227322406946,
        "NOMBRE": "RIOFRIO",
        "DANE": {
          "dpto_ccdgo": "76",
          "mpio_ccdgo": "616",
          "mpio_cdpmp": "76616",
          "dpto_cnmbr": "VALLE DEL CAUCA",
          "mpio_cnmbr": "RIOFRÍO",
          "mpio_crslc": "Ordenanza 31 del 3 de Abril de 1923",
          "mpio_tipo": "MUNICIPIO",
          "mpio_narea": 308.084996995,
          "mpio_nano": 2024,
          "shape_Leng": 1.0063174382,
          "shape_Area": 0.0250516219949
        }
      }
    },
    {
      "type": "Feature",
      "geometry": {
        "type": "Polygon",
        "coordinates": [
          [
            [
              -76.1663,
              4.5128
            ],
            [
              -76.1759,
              4.5037
            ],
            [
              -76.2049,
              4.5157
            ],
            [
              -76.2143,
              4.4935
            ],
            [
              -76.2134,
              4.4772
            ],
            [
              -76.2278,
              4.4687
            ],
            [
              -76.2424,
              4.4713
            ],
            [
              -76.2519,
              4.4798
            ],
            [
              -76.268,
              4.4809
            ],
            [
              -76.2754,
              4.4755
            ],
            [
              -76.281,
              4.4604
            ],
            [
              -76.2697,
              4.4535
            ],
            [
              -76.2658,
              4.4433
            ],
            [
              -76.2559,
              4.4406
            ],
            [
              -76.2461,
              4.4232
            ],
            [
              -76.2563,
              4.4026
            ],
            [
              -76.2396,
              4.3937
            ],
            [
              -76.2275,
              4.397
            ],
            [
              -76.216,
              4.3924
            ],
            [
              -76.2096,
              4.383
            ],
            [
              -76.1961,
              4.3807
            ],
            [
              -76.1634,
              4.368
            ],
            [
              -76.1485,
              4.3725
            ],
            [
              -76.1284,
              4.3909
            ],
            [
              -76.1232,
              4.4053
            ],
            [
              -76.1042,
              4.4004
            ],
            [
              -76.0922,
              4.4148
            ],
            [
              -76.091,
              4.4287
            ],
            [
              -76.071,
              4.4361
            ],
            [
              -76.0658,
              4.4483
            ],
            [
              -76.0696,
              4.4559
            ],
            [
              -76.083,
              4.474
            ],
            [
              -76.0656,
              4.4928
            ],
            [
              -76.0994,
              4.5069
            ],
            [
              -76.1189,
              4.4989
            ],
            [
              -76.1254,
              4.5002
            ],
            [
              -76.1356,
              4.486
            ],
            [
              -76.1443,
              4.4876
            ],
            [
              -76.157,
              4.4807
            ],
            [
              -76.1663,
              4.5128
            ]
          ]
        ]
      },
      "properties": {
        "OBJECTID": 1036,
        "DPTO_CCDGO": "31",
        "MPIO_CCDGO": "622",
        "name": "31091",
        "MPIO_CRSLC": "1576",
        "MPIO_NANO_": 1993,
        "MPIO_NAREA": 227.97944191,
        "MPIO_CSMBL": "4",
        "MPIO_CCNCT": "76622",
        "MPIO_NANO": 2012,
        "SHAPE_Leng": 0.841568612998,
        "SHAPE_Area": 0.0185708527364,
        "NOMBRE": "ROLDANILLO",
        "DANE": {
          "dpto_ccdgo": "76",
          "mpio_ccdgo": "622",
          "mpio_cdpmp": "76622",
          "dpto_cnmbr": "VALLE DEL CAUCA",
          "mpio_cnmbr": "ROLDANILLO",
          "mpio_crslc": "1576",
          "mpio_tipo": "MUNICIPIO",
          "mpio_narea": 234.948640356,
          "mpio_nano": 2024,
          "shape_Leng": 0.845035927056,
          "shape_Area": 0.0191179387332
        }
      }
    },
    {
      "type": "Feature",
      "geometry": {
        "type": "Polygon",
        "coordinates": [
          [
            [
              -76.1004,
              3.9566
            ],
            [
              -76.1371,
              3.9771
            ],
            [
              -76.1426,
              3.9926
            ],
            [
              -76.1527,
              4.0031
            ],
            [
              -76.1618,
              4.0226
            ],
            [
              -76.1685,
              4.0156
            ],
            [
              -76.1772,
              4.0338
            ],
            [
              -76.1956,
              4.0333
            ],
            [
              -76.216,
              4.0388
            ],
            [
              -76.2427,
              4.0323
            ],
            [
              -76.2607,
              4.0348
            ],
            [
              -76.2752,
              4.0419
            ],
            [
              -76.3004,
              4.0492
            ],
            [
              -76.3079,
              4.0486
            ],
            [
              -76.3036,
              4.0298
            ],
            [
              -76.3127,
              3.9931
            ],
            [
              -76.2965,
              3.9839
            ],
            [
              -76.2816,
              3.9633
            ],
            [
              -76.2716,
              3.9586
            ],
            [
              -76.2488,
              3.9589
            ],
            [
              -76.2406,
              3.9447
            ],
            [
              -76.2241,
              3.9336
            ],
            [
              -76.2178,
              3.9384
            ],
            [
              -76.2018,
              3.9325
            ],
            [
              -76.1859,
              3.9206
            ],
            [
              -76.1722,
              3.9258
            ],
            [
              -76.1546,
              3.9257
            ],
            [
              -76.1487,
              3.9058
            ],
            [
              -76.1411,
              3.904
            ],
            [
              -76.1149,
              3.9291
            ],
            [
              -76.1004,
              3.9566
            ]
          ]
        ]
      },
      "properties": {
        "OBJECTID": 1037,
        "DPTO_CCDGO": "31",
        "MPIO_CCDGO": "670",
        "name": "31094",
        "MPIO_CRSLC": "Ordenanza 33 de 1988",
        "MPIO_NANO_": 1993,
        "MPIO_NAREA": 205.67206358,
        "MPIO_CSMBL": "4",
        "MPIO_CCNCT": "76670",
        "MPIO_NANO": 2012,
        "SHAPE_Leng": 0.75030522544,
        "SHAPE_Area": 0.0167444278263,
        "NOMBRE": "SAN PEDRO",
        "DANE": {
          "dpto_ccdgo": "76",
          "mpio_ccdgo": "670",
          "mpio_cdpmp": "76670",
          "dpto_cnmbr": "VALLE DEL CAUCA",
          "mpio_cnmbr": "SAN PEDRO",
          "mpio_crslc": "Ordenanza 33 de 1988",
          "mpio_tipo": "MUNICIPIO",
          "mpio_narea": 202.128604698,
          "mpio_nano": 2024,
          "shape_Leng": 0.779831619764,
          "shape_Area": 0.0164369637249
        }
      }
    },
    {
      "type": "Feature",
      "geometry": {
        "type": "Polygon",
        "coordinates": [
          [
            [
              -75.8675,
              4.4106
            ],
            [
              -75.8778,
              4.4099
            ],
            [
              -75.904,
              4.4088
            ],
            [
              -75.9151,
              4.3975
            ],
            [
              -75.9404,
              4.3867
            ],
            [
              -75.951,
              4.3721
            ],
            [
              -75.9455,
              4.3506
            ],
            [
              -75.9541,
              4.3248
            ],
            [
              -75.9685,
              4.3178
            ],
            [
              -75.9792,
              4.3274
            ],
            [
              -75.9942,
              4.3008
            ],
            [
              -76.021,
              4.3015
            ],
            [
              -76.0252,
              4.283
            ],
            [
              -76.0331,
              4.2725
            ],
            [
              -76.0371,
              4.2563
            ],
            [
              -76.0339,
              4.2472
            ],
            [
              -76.0234,
              4.2463
            ],
            [
              -76.0029,
              4.2294
            ],
            [
              -75.9759,
              4.2205
            ],
            [
              -75.9709,
              4.2038
            ],
            [
              -75.9544,
              4.1764
            ],
            [
              -75.9365,
              4.1835
            ],
            [
              -75.914,
              4.1759
            ],
            [
              -75.9103,
              4.1593
            ],
            [
              -75.8986,
              4.1499
            ],
            [
              -75.909,
              4.1311
            ],
            [
              -75.9036,
              4.12
            ],
            [
              -75.9012,
              4.0844
            ],
            [
              -75.873,
              4.0809
            ],
            [
              -75.8605,
              4.0699
            ],
            [
              -75.8543,
              4.0501
            ],
            [
              -75.8556,
              4.0258
            ],
            [
              -75.8396,
              4.0041
            ],
            [
              -75.8465,
              3.9882
            ],
            [
              -75.8339,
              3.961
            ],
            [
              -75.8191,
              3.9409
            ],
            [
              -75.8232,
              3.9045
            ],
            [
              -75.812,
              3.9211
            ],
            [
              -75.8069,
              3.9349
            ],
            [
              -75.8055,
              3.9531
            ],
            [
              -75.7915,
              3.971
            ],
            [
              -75.7953,
              4.0051
            ],
            [
              -75.7773,
              4.0035
            ],
            [
              -75.7694,
              4.0207
            ],
            [
              -75.7617,
              4.0245
            ],
            [
              -75.7455,
              4.0432
            ],
            [
              -75.7378,
              4.0557
            ],
            [
              -75.7474,
              4.0634
            ],
            [
              -75.7524,
              4.0774
            ],
            [
              -75.7744,
              4.0762
            ],
            [
              -75.7883,
              4.0879
            ],
            [
              -75.8023,
              4.0935
            ],
            [
              -75.8396,
              4.1013
            ],
            [
              -75.8339,
              4.1099
            ],
            [
              -75.841,
              4.1218
            ],
            [
              -75.8419,
              4.1561
            ],
            [
              -75.8273,
              4.1821
            ],
            [
              -75.8194,
              4.2024
            ],
            [
              -75.8249,
              4.2148
            ],
            [
              -75.8422,
              4.1994
            ],
            [
              -75.8606,
              4.2085
            ],
            [
              -75.8639,
              4.2187
            ],
            [
              -75.8584,
              4.2369
            ],
            [
              -75.8606,
              4.2458
            ],
            [
              -75.8791,
              4.2669
            ],
            [
              -75.8867,
              4.2709
            ],
            [
              -75.8933,
              4.2989
            ],
            [
              -75.8845,
              4.3066
            ],
            [
              -75.8691,
              4.3332
            ],
            [
              -75.8655,
              4.3493
            ],
            [
              -75.8548,
              4.3637
            ],
            [
              -75.859,
              4.3751
            ],
            [
              -75.8573,
              4.3881
            ],
            [
              -75.8687,
              4.4012
            ],
            [
              -75.8675,
              4.4106
            ]
          ]
        ]
      },
      "properties": {
        "OBJECTID": 1038,
        "DPTO_CCDGO": "31",
        "MPIO_CCDGO": "736",
        "name": "31097",
        "MPIO_CRSLC": "Ordenanza 26 del 2 de Abril de 1914",
        "MPIO_NANO_": 1993,
        "MPIO_NAREA": 539.88102711,
        "MPIO_CSMBL": "4",
        "MPIO_CCNCT": "76736",
        "MPIO_NANO": 2012,
        "SHAPE_Leng": 1.78525315942,
        "SHAPE_Area": 0.0439560763176,
        "NOMBRE": "SEVILLA",
        "DANE": {
          "dpto_ccdgo": "76",
          "mpio_ccdgo": "736",
          "mpio_cdpmp": "76736",
          "dpto_cnmbr": "VALLE DEL CAUCA",
          "mpio_cnmbr": "SEVILLA",
          "mpio_crslc": "Ordenanza 26 del 2 de Abril de 1914",
          "mpio_tipo": "MUNICIPIO",
          "mpio_narea": 537.174351764,
          "mpio_nano": 2024,
          "shape_Leng": 1.8074035448,
          "shape_Area": 0.0437108369797
        }
      }
    },
    {
      "type": "Feature",
      "geometry": {
        "type": "Polygon",
        "coordinates": [
          [
            [
              -76.0158,
              4.6927
            ],
            [
              -76.0424,
              4.702
            ],
            [
              -76.0546,
              4.7168
            ],
            [
              -76.0726,
              4.7148
            ],
            [
              -76.0749,
              4.727
            ],
            [
              -76.0882,
              4.7355
            ],
            [
              -76.0965,
              4.7181
            ],
            [
              -76.0921,
              4.7027
            ],
            [
              -76.1109,
              4.6849
            ],
            [
              -76.1167,
              4.6599
            ],
            [
              -76.1227,
              4.6512
            ],
            [
              -76.1334,
              4.6272
            ],
            [
              -76.1476,
              4.6119
            ],
            [
              -76.1565,
              4.6074
            ],
            [
              -76.162,
              4.5879
            ],
            [
              -76.151,
              4.5751
            ],
            [
              -76.1464,
              4.5637
            ],
            [
              -76.1371,
              4.5574
            ],
            [
              -76.1207,
              4.5696
            ],
            [
              -76.1017,
              4.5703
            ],
            [
              -76.0718,
              4.5951
            ],
            [
              -76.039,
              4.5831
            ],
            [
              -76.0241,
              4.5866
            ],
            [
              -76.0151,
              4.6133
            ],
            [
              -76.0304,
              4.6256
            ],
            [
              -76.0325,
              4.6373
            ],
            [
              -76.0253,
              4.6426
            ],
            [
              -76.0166,
              4.666
            ],
            [
              -76.0158,
              4.6927
            ]
          ]
        ]
      },
      "properties": {
        "OBJECTID": 1039,
        "DPTO_CCDGO": "31",
        "MPIO_CCDGO": "823",
        "name": "31100",
        "MPIO_CRSLC": "1632",
        "MPIO_NANO_": 1993,
        "MPIO_NAREA": 173.31995613,
        "MPIO_CSMBL": "4",
        "MPIO_CCNCT": "76823",
        "MPIO_NANO": 2012,
        "SHAPE_Leng": 0.660912657983,
        "SHAPE_Area": 0.0141214117166,
        "NOMBRE": "TORO",
        "DANE": {
          "dpto_ccdgo": "76",
          "mpio_ccdgo": "823",
          "mpio_cdpmp": "76823",
          "dpto_cnmbr": "VALLE DEL CAUCA",
          "mpio_cnmbr": "TORO",
          "mpio_crslc": "1632",
          "mpio_tipo": "MUNICIPIO",
          "mpio_narea": 175.763653412,
          "mpio_nano": 2024,
          "shape_Leng": 0.660025028369,
          "shape_Area": 0.0143073485926
        }
      }
    },
    {
      "type": "Feature",
      "geometry": {
        "type": "Polygon",
        "coordinates": [
          [
            [
              -76.2126,
              4.2597
            ],
            [
              -76.2313,
              4.2738
            ],
            [
              -76.2387,
              4.2755
            ],
            [
              -76.2411,
              4.2999
            ],
            [
              -76.2465,
              4.306
            ],
            [
              -76.2658,
              4.2897
            ],
            [
              -76.2754,
              4.2751
            ],
            [
              -76.2907,
              4.278
            ],
            [
              -76.2969,
              4.2938
            ],
            [
              -76.3261,
              4.3024
            ],
            [
              -76.3295,
              4.2938
            ],
            [
              -76.3487,
              4.2966
            ],
            [
              -76.3625,
              4.3025
            ],
            [
              -76.407,
              4.2997
            ],
            [
              -76.4109,
              4.278
            ],
            [
              -76.4285,
              4.273
            ],
            [
              -76.441,
              4.264
            ],
            [
              -76.4377,
              4.2513
            ],
            [
              -76.455,
              4.2295
            ],
            [
              -76.4514,
              4.2097
            ],
            [
              -76.4467,
              4.2045
            ],
            [
              -76.4449,
              4.1757
            ],
            [
              -76.4483,
              4.1615
            ],
            [
              -76.376,
              4.1617
            ],
            [
              -76.3539,
              4.1588
            ],
            [
              -76.3313,
              4.1751
            ],
            [
              -76.3259,
              4.1946
            ],
            [
              -76.2869,
              4.1993
            ],
            [
              -76.2773,
              4.1884
            ],
            [
              -76.2619,
              4.1793
            ],
            [
              -76.2486,
              4.184
            ],
            [
              -76.2356,
              4.2014
            ],
            [
              -76.235,
              4.214
            ],
            [
              -76.236,
              4.2305
            ],
            [
              -76.2264,
              4.2481
            ],
            [
              -76.2101,
              4.2479
            ],
            [
              -76.2126,
              4.2597
            ]
          ]
        ]
      },
      "properties": {
        "OBJECTID": 1040,
        "DPTO_CCDGO": "31",
        "MPIO_CCDGO": "828",
        "name": "31103",
        "MPIO_CRSLC": "Ordenanza 39 de Mayo 3 de 1932",
        "MPIO_NANO_": 1993,
        "MPIO_NAREA": 336.31749798,
        "MPIO_CSMBL": "4",
        "MPIO_CCNCT": "76828",
        "MPIO_NANO": 2012,
        "SHAPE_Leng": 0.937053094302,
        "SHAPE_Area": 0.0273909916303,
        "NOMBRE": "TRUJILLO",
        "DANE": {
          "dpto_ccdgo": "76",
          "mpio_ccdgo": "828",
          "mpio_cdpmp": "76828",
          "dpto_cnmbr": "VALLE DEL CAUCA",
          "mpio_cnmbr": "TRUJILLO",
          "mpio_crslc": "Ordenanza 39 de Mayo 3 de 1932",
          "mpio_tipo": "MUNICIPIO",
          "mpio_narea": 307.645427934,
          "mpio_nano": 2024,
          "shape_Leng": 0.887871519584,
          "shape_Area": 0.025020708275
        }
      }
    },
    {
      "type": "Feature",
      "geometry": {
        "type": "Polygon",
        "coordinates": [
          [
            [
              -75.8232,
              3.9045
            ],
            [
              -75.8191,
              3.9409
            ],
            [
              -75.8339,
              3.961
            ],
            [
              -75.8465,
              3.9882
            ],
            [
              -75.8396,
              4.0041
            ],
            [
              -75.8556,
              4.0258
            ],
            [
              -75.8543,
              4.0501
            ],
            [
              -75.8605,
              4.0699
            ],
            [
              -75.873,
              4.0809
            ],
            [
              -75.9012,
              4.0844
            ],
            [
              -75.9036,
              4.12
            ],
            [
              -75.909,
              4.1311
            ],
            [
              -75.8986,
              4.1499
            ],
            [
              -75.9103,
              4.1593
            ],
            [
              -75.914,
              4.1759
            ],
            [
              -75.9365,
              4.1835
            ],
            [
              -75.9544,
              4.1764
            ],
            [
              -75.9693,
              4.157
            ],
            [
              -75.9833,
              4.1314
            ],
            [
              -75.9869,
              4.1157
            ],
            [
              -76.0016,
              4.1019
            ],
            [
              -76.0113,
              4.1042
            ],
            [
              -76.0313,
              4.0955
            ],
            [
              -76.0709,
              4.0882
            ],
            [
              -76.0836,
              4.0664
            ],
            [
              -76.0959,
              4.0722
            ],
            [
              -76.1115,
              4.0668
            ],
            [
              -76.12,
              4.0783
            ],
            [
              -76.1291,
              4.11
            ],
            [
              -76.1487,
              4.1216
            ],
            [
              -76.1718,
              4.1193
            ],
            [
              -76.1782,
              4.1346
            ],
            [
              -76.1881,
              4.1319
            ],
            [
              -76.2277,
              4.1464
            ],
            [
              -76.2324,
              4.1616
            ],
            [
              -76.2457,
              4.1676
            ],
            [
              -76.2528,
              4.1557
            ],
            [
              -76.2484,
              4.1392
            ],
            [
              -76.2756,
              4.1179
            ],
            [
              -76.2875,
              4.1163
            ],
            [
              -76.3112,
              4.0916
            ],
            [
              -76.3129,
              4.0779
            ],
            [
              -76.3033,
              4.0673
            ],
            [
              -76.2964,
              4.061
            ],
            [
              -76.3004,
              4.0492
            ],
            [
              -76.2752,
              4.0419
            ],
            [
              -76.2607,
              4.0348
            ],
            [
              -76.2427,
              4.0323
            ],
            [
              -76.216,
              4.0388
            ],
            [
              -76.1956,
              4.0333
            ],
            [
              -76.1772,
              4.0338
            ],
            [
              -76.1685,
              4.0156
            ],
            [
              -76.1618,
              4.0226
            ],
            [
              -76.1527,
              4.0031
            ],
            [
              -76.1426,
              3.9926
            ],
            [
              -76.1371,
              3.9771
            ],
            [
              -76.1004,
              3.9566
            ],
            [
              -76.0892,
              3.9506
            ],
            [
              -76.0837,
              3.9067
            ],
            [
              -76.0518,
              3.8997
            ],
            [
              -76.0222,
              3.9002
            ],
            [
              -76.015,
              3.8946
            ],
            [
              -75.9981,
              3.8941
            ],
            [
              -75.9782,
              3.9071
            ],
            [
              -75.9603,
              3.9074
            ],
            [
              -75.9386,
              3.9032
            ],
            [
              -75.9226,
              3.9056
            ],
            [
              -75.9127,
              3.917
            ],
            [
              -75.8897,
              3.9267
            ],
            [
              -75.8734,
              3.9265
            ],
            [
              -75.8565,
              3.9099
            ],
            [
              -75.855,
              3.8934
            ],
            [
              -75.8498,
              3.8892
            ],
            [
              -75.8385,
              3.9055
            ],
            [
              -75.8232,
              3.9045
            ]
          ]
        ]
      },
      "properties": {
        "OBJECTID": 1041,
        "DPTO_CCDGO": "31",
        "MPIO_CCDGO": "834",
        "name": "31106",
        "MPIO_CRSLC": "1824",
        "MPIO_NANO_": 1993,
        "MPIO_NAREA": 893.91212262,
        "MPIO_CSMBL": "4",
        "MPIO_CCNCT": "76834",
        "MPIO_NANO": 2012,
        "SHAPE_Leng": 1.90515300098,
        "SHAPE_Area": 0.0727730159112,
        "NOMBRE": "TULUA",
        "DANE": {
          "dpto_ccdgo": "76",
          "mpio_ccdgo": "834",
          "mpio_cdpmp": "76834",
          "dpto_cnmbr": "VALLE DEL CAUCA",
          "mpio_cnmbr": "TULUÁ",
          "mpio_crslc": "1824",
          "mpio_tipo": "MUNICIPIO",
          "mpio_narea": 909.358972323,
          "mpio_nano": 2024,
          "shape_Leng": 1.95496636801,
          "shape_Area": 0.0739685948497
        }
      }
    },
    {
      "type": "Feature",
      "geometry": {
        "type": "Polygon",
        "coordinates": [
          [
            [
              -75.7136,
              4.7138
            ],
            [
              -75.7328,
              4.7079
            ],
            [
              -75.7602,
              4.7111
            ],
            [
              -75.7762,
              4.7217
            ],
            [
              -75.7915,
              4.7181
            ],
            [
              -75.8315,
              4.7378
            ],
            [
              -75.8437,
              4.7276
            ],
            [
              -75.8561,
              4.7278
            ],
            [
              -75.8566,
              4.7132
            ],
            [
              -75.8339,
              4.7194
            ],
            [
              -75.8277,
              4.705
            ],
            [
              -75.7739,
              4.6978
            ],
            [
              -75.7696,
              4.6929
            ],
            [
              -75.7241,
              4.6796
            ],
            [
              -75.7097,
              4.6792
            ],
            [
              -75.7136,
              4.7138
            ]
          ]
        ]
      },
      "properties": {
        "OBJECTID": 1042,
        "DPTO_CCDGO": "31",
        "MPIO_CCDGO": "845",
        "name": "31109",
        "MPIO_CRSLC": "Ordenanza 20 de Abril 26 de 1928",
        "MPIO_NANO_": 1993,
        "MPIO_NAREA": 42.45922364,
        "MPIO_CSMBL": "4",
        "MPIO_CCNCT": "76845",
        "MPIO_NANO": 2012,
        "SHAPE_Leng": 0.513715863779,
        "SHAPE_Area": 0.00345900623413,
        "NOMBRE": "ULLOA",
        "DANE": {
          "dpto_ccdgo": "76",
          "mpio_ccdgo": "845",
          "mpio_cdpmp": "76845",
          "dpto_cnmbr": "VALLE DEL CAUCA",
          "mpio_cnmbr": "ULLOA",
          "mpio_crslc": "Ordenanza 20 de Abril 26 de 1928",
          "mpio_tipo": "MUNICIPIO",
          "mpio_narea": 41.8608774999,
          "mpio_nano": 2024,
          "shape_Leng": 0.514650705952,
          "shape_Area": 0.00340901160545
        }
      }
    },
    {
      "type": "Feature",
      "geometry": {
        "type": "Polygon",
        "coordinates": [
          [
            [
              -76.1945,
              4.6818
            ],
            [
              -76.2096,
              4.677
            ],
            [
              -76.2315,
              4.6751
            ],
            [
              -76.2439,
              4.6829
            ],
            [
              -76.2742,
              4.6935
            ],
            [
              -76.2975,
              4.6986
            ],
            [
              -76.3033,
              4.6669
            ],
            [
              -76.301,
              4.6542
            ],
            [
              -76.3037,
              4.6354
            ],
            [
              -76.296,
              4.6321
            ],
            [
              -76.2831,
              4.5945
            ],
            [
              -76.2732,
              4.5868
            ],
            [
              -76.2653,
              4.5973
            ],
            [
              -76.2445,
              4.6143
            ],
            [
              -76.2216,
              4.6028
            ],
            [
              -76.2452,
              4.5653
            ],
            [
              -76.2399,
              4.56
            ],
            [
              -76.2253,
              4.5642
            ],
            [
              -76.2138,
              4.5291
            ],
            [
              -76.2016,
              4.5316
            ],
            [
              -76.1853,
              4.5455
            ],
            [
              -76.1678,
              4.5501
            ],
            [
              -76.1526,
              4.5638
            ],
            [
              -76.151,
              4.5751
            ],
            [
              -76.162,
              4.5879
            ],
            [
              -76.1565,
              4.6074
            ],
            [
              -76.1476,
              4.6119
            ],
            [
              -76.1334,
              4.6272
            ],
            [
              -76.1227,
              4.6512
            ],
            [
              -76.1435,
              4.6544
            ],
            [
              -76.1626,
              4.6661
            ],
            [
              -76.1809,
              4.6564
            ],
            [
              -76.1921,
              4.6548
            ],
            [
              -76.1945,
              4.6818
            ]
          ]
        ]
      },
      "properties": {
        "OBJECTID": 1043,
        "DPTO_CCDGO": "31",
        "MPIO_CCDGO": "863",
        "name": "31112",
        "MPIO_CRSLC": "Decreto 418 de Mayo 7 de 1909",
        "MPIO_NANO_": 1993,
        "MPIO_NAREA": 211.42374998,
        "MPIO_CSMBL": "4",
        "MPIO_CCNCT": "76863",
        "MPIO_NANO": 2012,
        "SHAPE_Leng": 0.968923309109,
        "SHAPE_Area": 0.0172268566685,
        "NOMBRE": "VERSALLES",
        "DANE": {
          "dpto_ccdgo": "76",
          "mpio_ccdgo": "863",
          "mpio_cdpmp": "76863",
          "dpto_cnmbr": "VALLE DEL CAUCA",
          "mpio_cnmbr": "VERSALLES",
          "mpio_crslc": "Decreto 418 de Mayo 7 de 1909",
          "mpio_tipo": "MUNICIPIO",
          "mpio_narea": 200.597259691,
          "mpio_nano": 2024,
          "shape_Leng": 0.814830847073,
          "shape_Area": 0.0163256479825
        }
      }
    },
    {
      "type": "Feature",
      "geometry": {
        "type": "Polygon",
        "coordinates": [
          [
            [
              -76.4009,
              3.7403
            ],
            [
              -76.4155,
              3.7307
            ],
            [
              -76.4452,
              3.7463
            ],
            [
              -76.4531,
              3.7595
            ],
            [
              -76.4557,
              3.786
            ],
            [
              -76.4431,
              3.8001
            ],
            [
              -76.4339,
              3.8237
            ],
            [
              -76.448,
              3.8218
            ],
            [
              -76.4675,
              3.8307
            ],
            [
              -76.497,
              3.7648
            ],
            [
              -76.5175,
              3.7642
            ],
            [
              -76.5369,
              3.7489
            ],
            [
              -76.5294,
              3.7394
            ],
            [
              -76.523,
              3.7193
            ],
            [
              -76.5062,
              3.6992
            ],
            [
              -76.501,
              3.6957
            ],
            [
              -76.4815,
              3.6986
            ],
            [
              -76.4565,
              3.6929
            ],
            [
              -76.4423,
              3.6813
            ],
            [
              -76.426,
              3.681
            ],
            [
              -76.426,
              3.6949
            ],
            [
              -76.4123,
              3.7083
            ],
            [
              -76.4127,
              3.7193
            ],
            [
              -76.4009,
              3.7403
            ]
          ]
        ]
      },
      "properties": {
        "OBJECTID": 1044,
        "DPTO_CCDGO": "31",
        "MPIO_CCDGO": "869",
        "name": "31115",
        "MPIO_CRSLC": "Ordenanza 30 de 1925",
        "MPIO_NANO_": 1993,
        "MPIO_NAREA": 112.62364967,
        "MPIO_CSMBL": "4",
        "MPIO_CCNCT": "76869",
        "MPIO_NANO": 2012,
        "SHAPE_Leng": 0.585451129822,
        "SHAPE_Area": 0.00916765913955,
        "NOMBRE": "VIJES",
        "DANE": {
          "dpto_ccdgo": "76",
          "mpio_ccdgo": "869",
          "mpio_cdpmp": "76869",
          "dpto_cnmbr": "VALLE DEL CAUCA",
          "mpio_cnmbr": "VIJES",
          "mpio_crslc": "Ordenanza 30 de 1925",
          "mpio_tipo": "MUNICIPIO",
          "mpio_narea": 112.933808876,
          "mpio_nano": 2024,
          "shape_Leng": 0.569992448097,
          "shape_Area": 0.00917786937022
        }
      }
    },
    {
      "type": "Feature",
      "geometry": {
        "type": "Polygon",
        "coordinates": [
          [
            [
              -76.3004,
              4.0492
            ],
            [
              -76.2964,
              4.061
            ],
            [
              -76.3033,
              4.0673
            ],
            [
              -76.306,
              4.0609
            ],
            [
              -76.3497,
              4.0546
            ],
            [
              -76.3628,
              4.0459
            ],
            [
              -76.3583,
              4.0307
            ],
            [
              -76.3779,
              4.0145
            ],
            [
              -76.3891,
              4.0143
            ],
            [
              -76.4062,
              4.0045
            ],
            [
              -76.4157,
              4.0098
            ],
            [
              -76.4138,
              3.9846
            ],
            [
              -76.4022,
              3.9756
            ],
            [
              -76.4115,
              3.969
            ],
            [
              -76.4251,
              3.9491
            ],
            [
              -76.4236,
              3.9428
            ],
            [
              -76.4468,
              3.9173
            ],
            [
              -76.4477,
              3.9032
            ],
            [
              -76.4614,
              3.8768
            ],
            [
              -76.4595,
              3.8667
            ],
            [
              -76.4778,
              3.8654
            ],
            [
              -76.4817,
              3.8358
            ],
            [
              -76.4675,
              3.8307
            ],
            [
              -76.448,
              3.8218
            ],
            [
              -76.4339,
              3.8237
            ],
            [
              -76.4431,
              3.8001
            ],
            [
              -76.4557,
              3.786
            ],
            [
              -76.4531,
              3.7595
            ],
            [
              -76.4452,
              3.7463
            ],
            [
              -76.4155,
              3.7307
            ],
            [
              -76.4009,
              3.7403
            ],
            [
              -76.4027,
              3.7592
            ],
            [
              -76.3975,
              3.7622
            ],
            [
              -76.3929,
              3.7709
            ],
            [
              -76.4006,
              3.7846
            ],
            [
              -76.3835,
              3.782
            ],
            [
              -76.3833,
              3.7999
            ],
            [
              -76.3724,
              3.8117
            ],
            [
              -76.3824,
              3.8205
            ],
            [
              -76.3779,
              3.8295
            ],
            [
              -76.3789,
              3.844
            ],
            [
              -76.3682,
              3.8543
            ],
            [
              -76.3638,
              3.8771
            ],
            [
              -76.3498,
              3.8838
            ],
            [
              -76.3474,
              3.9146
            ],
            [
              -76.3285,
              3.9197
            ],
            [
              -76.335,
              3.9309
            ],
            [
              -76.3244,
              3.958
            ],
            [
              -76.3232,
              3.9724
            ],
            [
              -76.3106,
              3.9853
            ],
            [
              -76.3127,
              3.9931
            ],
            [
              -76.3036,
              4.0298
            ],
            [
              -76.3079,
              4.0486
            ],
            [
              -76.3004,
              4.0492
            ]
          ]
        ]
      },
      "properties": {
        "OBJECTID": 1045,
        "DPTO_CCDGO": "31",
        "MPIO_CCDGO": "890",
        "name": "31118",
        "MPIO_CRSLC": "1912",
        "MPIO_NANO_": 1993,
        "MPIO_NAREA": 324.01139226,
        "MPIO_CSMBL": "4",
        "MPIO_CCNCT": "76890",
        "MPIO_NANO": 2012,
        "SHAPE_Leng": 1.36228807039,
        "SHAPE_Area": 0.0263787708919,
        "NOMBRE": "YOTOCO",
        "DANE": {
          "dpto_ccdgo": "76",
          "mpio_ccdgo": "890",
          "mpio_cdpmp": "76890",
          "dpto_cnmbr": "VALLE DEL CAUCA",
          "mpio_cnmbr": "YOTOCO",
          "mpio_crslc": "1912",
          "mpio_tipo": "MUNICIPIO",
          "mpio_narea": 327.686397394,
          "mpio_nano": 2024,
          "shape_Leng": 1.34179902383,
          "shape_Area": 0.0266382574181
        }
      }
    },
    {
      "type": "Feature",
      "geometry": {
        "type": "Polygon",
        "coordinates": [
          [
            [
              -76.426,
              3.681
            ],
            [
              -76.4423,
              3.6813
            ],
            [
              -76.4565,
              3.6929
            ],
            [
              -76.4815,
              3.6986
            ],
            [
              -76.501,
              3.6957
            ],
            [
              -76.5062,
              3.6992
            ],
            [
              -76.5145,
              3.6955
            ],
            [
              -76.5236,
              3.678
            ],
            [
              -76.5214,
              3.6728
            ],
            [
              -76.5434,
              3.6335
            ],
            [
              -76.5543,
              3.6353
            ],
            [
              -76.5559,
              3.6165
            ],
            [
              -76.5653,
              3.61
            ],
            [
              -76.5684,
              3.5874
            ],
            [
              -76.592,
              3.547
            ],
            [
              -76.5863,
              3.5305
            ],
            [
              -76.5633,
              3.5138
            ],
            [
              -76.5526,
              3.5115
            ],
            [
              -76.5481,
              3.5002
            ],
            [
              -76.5338,
              3.4999
            ],
            [
              -76.51,
              3.4905
            ],
            [
              -76.4912,
              3.5061
            ],
            [
              -76.4901,
              3.5317
            ],
            [
              -76.4845,
              3.5393
            ],
            [
              -76.4874,
              3.5592
            ],
            [
              -76.4769,
              3.563
            ],
            [
              -76.4619,
              3.5601
            ],
            [
              -76.4531,
              3.5998
            ],
            [
              -76.4603,
              3.6252
            ],
            [
              -76.4503,
              3.632
            ],
            [
              -76.4466,
              3.6583
            ],
            [
              -76.4359,
              3.6647
            ],
            [
              -76.426,
              3.681
            ]
          ]
        ]
      },
      "properties": {
        "OBJECTID": 1046,
        "DPTO_CCDGO": "31",
        "MPIO_CCDGO": "892",
        "name": "31121",
        "MPIO_CRSLC": "1864",
        "MPIO_NANO_": 1993,
        "MPIO_NAREA": 230.99820001,
        "MPIO_CSMBL": "4",
        "MPIO_CCNCT": "76892",
        "MPIO_NANO": 2012,
        "SHAPE_Leng": 0.749458775064,
        "SHAPE_Area": 0.0188006928978,
        "NOMBRE": "YUMBO",
        "DANE": {
          "dpto_ccdgo": "76",
          "mpio_ccdgo": "892",
          "mpio_cdpmp": "76892",
          "dpto_cnmbr": "VALLE DEL CAUCA",
          "mpio_cnmbr": "YUMBO",
          "mpio_crslc": "1864",
          "mpio_tipo": "MUNICIPIO",
          "mpio_narea": 230.589698947,
          "mpio_nano": 2024,
          "shape_Leng": 0.764906189754,
          "shape_Area": 0.0187353497615
        }
      }
    },
    {
      "type": "Feature",
      "geometry": {
        "type": "Polygon",
        "coordinates": [
          [
            [
              -75.8956,
              4.4261
            ],
            [
              -75.9038,
              4.413
            ],
            [
              -75.9414,
              4.4076
            ],
            [
              -75.9581,
              4.4022
            ],
            [
              -75.9575,
              4.4188
            ],
            [
              -75.9732,
              4.412
            ],
            [
              -75.9893,
              4.4105
            ],
            [
              -75.9996,
              4.4355
            ],
            [
              -76.0158,
              4.4482
            ],
            [
              -76.0307,
              4.452
            ],
            [
              -76.0381,
              4.4655
            ],
            [
              -76.0564,
              4.4628
            ],
            [
              -76.0696,
              4.4559
            ],
            [
              -76.0658,
              4.4483
            ],
            [
              -76.071,
              4.4361
            ],
            [
              -76.091,
              4.4287
            ],
            [
              -76.0922,
              4.4148
            ],
            [
              -76.1042,
              4.4004
            ],
            [
              -76.1232,
              4.4053
            ],
            [
              -76.1284,
              4.3909
            ],
            [
              -76.1485,
              4.3725
            ],
            [
              -76.1516,
              4.3576
            ],
            [
              -76.1431,
              4.3467
            ],
            [
              -76.1643,
              4.3371
            ],
            [
              -76.1621,
              4.3275
            ],
            [
              -76.1714,
              4.3174
            ],
            [
              -76.1441,
              4.2994
            ],
            [
              -76.1394,
              4.2888
            ],
            [
              -76.1126,
              4.2678
            ],
            [
              -76.1053,
              4.2549
            ],
            [
              -76.084,
              4.244
            ],
            [
              -76.0645,
              4.2531
            ],
            [
              -76.0371,
              4.2563
            ],
            [
              -76.0331,
              4.2725
            ],
            [
              -76.0252,
              4.283
            ],
            [
              -76.021,
              4.3015
            ],
            [
              -75.9942,
              4.3008
            ],
            [
              -75.9792,
              4.3274
            ],
            [
              -75.9685,
              4.3178
            ],
            [
              -75.9541,
              4.3248
            ],
            [
              -75.9455,
              4.3506
            ],
            [
              -75.951,
              4.3721
            ],
            [
              -75.9404,
              4.3867
            ],
            [
              -75.9151,
              4.3975
            ],
            [
              -75.904,
              4.4088
            ],
            [
              -75.8778,
              4.4099
            ],
            [
              -75.8846,
              4.4109
            ],
            [
              -75.8956,
              4.4261
            ]
          ]
        ]
      },
      "properties": {
        "OBJECTID": 1047,
        "DPTO_CCDGO": "31",
        "MPIO_CCDGO": "895",
        "name": "31124",
        "MPIO_CRSLC": "Decreto 155 de 1909",
        "MPIO_NANO_": 1993,
        "MPIO_NAREA": 364.69546158,
        "MPIO_CSMBL": "4",
        "MPIO_CCNCT": "76895",
        "MPIO_NANO": 2012,
        "SHAPE_Leng": 1.27966101439,
        "SHAPE_Area": 0.029702055121,
        "NOMBRE": "ZARZAL",
        "DANE": {
          "dpto_ccdgo": "76",
          "mpio_ccdgo": "895",
          "mpio_cdpmp": "76895",
          "dpto_cnmbr": "VALLE DEL CAUCA",
          "mpio_cnmbr": "ZARZAL",
          "mpio_crslc": "Decreto 155 de 1909",
          "mpio_tipo": "MUNICIPIO",
          "mpio_narea": 367.946908437,
          "mpio_nano": 2024,
          "shape_Leng": 1.26073826183,
          "shape_Area": 0.0299409382517
        }
      }
    }
  ],
  "name": "31"
}