{
  "type": "FeatureCollection",
  "crs": {
    "type": "name",
    "properties": {
      "name": "urn:ogc:def:crs:OGC:1.3:CRS84"
    }
  },
  "features": [
    {
      "type": "Feature",
      "geometry": {
        "type": "Polygon",
        "coordinates": [
          [
            [
              -75.4792,
              1.3432
            ],
            [
              -75.4763,
              1.3488
            ],
            [
              -75.479,
              1.3716
            ],
            [
              -75.4727,
              1.3801
            ],
            [
              -75.4677,
              1.4044
            ],
            [
              -75.4567,
              1.4176
            ],
            [
              -75.4603,
              1.4297
            ],
            [
              -75.4589,
              1.4449
            ],
            [
              -75.4634,
              1.4582
            ],
            [
              -75.4591,
              1.4717
            ],
            [
              -75.4645,
              1.4994
            ],
            [
              -75.4814,
              1.5247
            ],
            [
              -75.478,
              1.5448
            ],
            [
              -75.4854,
              1.5647
            ],
            [
              -75.4792,
              1.5693
            ],
            [
              -75.4856,
              1.5943
            ],
            [
              -75.471,
              1.6121
            ],
            [
              -75.4731,
              1.6249
            ],
            [
              -75.461,
              1.6339
            ],
            [
              -75.4515,
              1.6499
            ],
            [
              -75.4559,
              1.6635
            ],
            [
              -75.4391,
              1.6828
            ],
            [
              -75.4412,
              1.6919
            ],
            [
              -75.4215,
              1.6958
            ],
            [
              -75.4226,
              1.7114
            ],
            [
              -75.4336,
              1.7124
            ],
            [
              -75.4191,
              1.733
            ],
            [
              -75.4176,
              1.7414
            ],
            [
              -75.4272,
              1.7571
            ],
            [
              -75.404,
              1.7694
            ],
            [
              -75.4098,
              1.7912
            ],
            [
              -75.4084,
              1.8091
            ],
            [
              -75.3974,
              1.81
            ],
            [
              -75.3796,
              1.8302
            ],
            [
              -75.3752,
              1.829
            ],
            [
              -75.3653,
              1.8547
            ],
            [
              -75.3551,
              1.8664
            ],
            [
              -75.353,
              1.9104
            ],
            [
              -75.347,
              1.9198
            ],
            [
              -75.3527,
              1.9331
            ],
            [
              -75.3454,
              1.9583
            ],
            [
              -75.3487,
              1.9747
            ],
            [
              -75.3637,
              1.9843
            ],
            [
              -75.3812,
              1.9879
            ],
            [
              -75.3925,
              1.995
            ],
            [
              -75.3878,
              2.0254
            ],
            [
              -75.387,
              2.0477
            ],
            [
              -75.3779,
              2.0611
            ],
            [
              -75.3928,
              2.0867
            ],
            [
              -75.392,
              2.1039
            ],
            [
              -75.3839,
              2.1226
            ],
            [
              -75.3993,
              2.1376
            ],
            [
              -75.4058,
              2.1719
            ],
            [
              -75.4164,
              2.1937
            ],
            [
              -75.4263,
              2.195
            ],
            [
              -75.4279,
              2.1795
            ],
            [
              -75.4359,
              2.1675
            ],
            [
              -75.4451,
              2.1442
            ],
            [
              -75.4683,
              2.1421
            ],
            [
              -75.4881,
              2.1343
            ],
            [
              -75.5014,
              2.123
            ],
            [
              -75.5248,
              2.123
            ],
            [
              -75.535,
              2.1177
            ],
            [
              -75.5406,
              2.1039
            ],
            [
              -75.5407,
              2.0906
            ],
            [
              -75.5513,
              2.083
            ],
            [
              -75.5554,
              2.0693
            ],
            [
              -75.5716,
              2.0497
            ],
            [
              -75.5896,
              2.0213
            ],
            [
              -75.5879,
              2.0136
            ],
            [
              -75.6163,
              1.9968
            ],
            [
              -75.6162,
              1.9879
            ],
            [
              -75.6305,
              1.9658
            ],
            [
              -75.641,
              1.958
            ],
            [
              -75.6469,
              1.9375
            ],
            [
              -75.6412,
              1.9261
            ],
            [
              -75.6437,
              1.9133
            ],
            [
              -75.6585,
              1.8923
            ],
            [
              -75.6881,
              1.8807
            ],
            [
              -75.7027,
              1.8632
            ],
            [
              -75.7079,
              1.8397
            ],
            [
              -75.7254,
              1.8294
            ],
            [
              -75.7313,
              1.8215
            ],
            [
              -75.7343,
              1.7865
            ],
            [
              -75.761,
              1.7694
            ],
            [
              -75.7797,
              1.7611
            ],
            [
              -75.7857,
              1.7632
            ],
            [
              -75.7876,
              1.7468
            ],
            [
              -75.7855,
              1.724
            ],
            [
              -75.7728,
              1.7236
            ],
            [
              -75.7685,
              1.6995
            ],
            [
              -75.7582,
              1.6774
            ],
            [
              -75.7799,
              1.6504
            ],
            [
              -75.7895,
              1.6446
            ],
            [
              -75.8025,
              1.6223
            ],
            [
              -75.8053,
              1.6065
            ],
            [
              -75.7936,
              1.6052
            ],
            [
              -75.7827,
              1.5933
            ],
            [
              -75.7789,
              1.5826
            ],
            [
              -75.7703,
              1.5777
            ],
            [
              -75.7694,
              1.5603
            ],
            [
              -75.7595,
              1.5593
            ],
            [
              -75.7403,
              1.5318
            ],
            [
              -75.7304,
              1.4976
            ],
            [
              -75.7119,
              1.5
            ],
            [
              -75.686,
              1.4929
            ],
            [
              -75.6697,
              1.4926
            ],
            [
              -75.6494,
              1.4748
            ],
            [
              -75.6411,
              1.4567
            ],
            [
              -75.6135,
              1.4274
            ],
            [
              -75.6001,
              1.4219
            ],
            [
              -75.6019,
              1.4094
            ],
            [
              -75.5912,
              1.3917
            ],
            [
              -75.5925,
              1.3776
            ],
            [
              -75.6027,
              1.3616
            ],
            [
              -75.5879,
              1.3494
            ],
            [
              -75.5909,
              1.3392
            ],
            [
              -75.5679,
              1.3218
            ],
            [
              -75.4792,
              1.3432
            ]
          ]
        ]
      },
      "properties": {
        "OBJECTID": 346,
        "DPTO_CCDGO": "44",
        "MPIO_CCDGO": "001",
        "name": "44001",
        "MPIO_CRSLC": "Decreto 642 de Junio 17 de 1912",
        "MPIO_NANO_": 1993,
        "MPIO_NAREA": 2376.34801296,
        "MPIO_CSMBL": "4",
        "MPIO_CCNCT": "18001",
        "MPIO_NANO": 2012,
        "SHAPE_Leng": 2.61322037257,
        "SHAPE_Area": 0.193009437878,
        "NOMBRE": "FLORENCIA",
        "DANE": {
          "dpto_ccdgo": "18",
          "mpio_ccdgo": "001",
          "mpio_cdpmp": "18001",
          "dpto_cnmbr": "CAQUETÁ",
          "mpio_cnmbr": "FLORENCIA",
          "mpio_crslc": "Decreto 642 de Junio 17 de 1912",
          "mpio_tipo": "MUNICIPIO",
          "mpio_narea": 2547.63121094,
          "mpio_nano": 2024,
          "shape_Leng": 2.9421012536,
          "shape_Area": 0.206927255707
        }
      }
    },
    {
      "type": "Feature",
      "geometry": {
        "type": "Polygon",
        "coordinates": [
          [
            [
              -75.7567,
              1.1891
            ],
            [
              -75.7588,
              1.199
            ],
            [
              -75.7866,
              1.2069
            ],
            [
              -75.8019,
              1.2331
            ],
            [
              -75.7996,
              1.2401
            ],
            [
              -75.8186,
              1.2576
            ],
            [
              -75.8222,
              1.2869
            ],
            [
              -75.857,
              1.3361
            ],
            [
              -75.8531,
              1.3408
            ],
            [
              -75.8831,
              1.3563
            ],
            [
              -75.8908,
              1.3665
            ],
            [
              -75.9065,
              1.3593
            ],
            [
              -75.9476,
              1.3249
            ],
            [
              -75.9685,
              1.2757
            ],
            [
              -75.9811,
              1.2553
            ],
            [
              -75.9737,
              1.2362
            ],
            [
              -75.981,
              1.2242
            ],
            [
              -75.9579,
              1.1981
            ],
            [
              -75.9555,
              1.1818
            ],
            [
              -75.9356,
              1.1712
            ],
            [
              -75.9114,
              1.1511
            ],
            [
              -75.9093,
              1.1455
            ],
            [
              -75.9191,
              1.1255
            ],
            [
              -75.9221,
              1.1073
            ],
            [
              -75.9116,
              1.0944
            ],
            [
              -75.8932,
              1.1076
            ],
            [
              -75.8707,
              1.1002
            ],
            [
              -75.858,
              1.1119
            ],
            [
              -75.8147,
              1.1113
            ],
            [
              -75.8192,
              1.1386
            ],
            [
              -75.8102,
              1.1726
            ],
            [
              -75.779,
              1.1768
            ],
            [
              -75.7567,
              1.1891
            ]
          ]
        ]
      },
      "properties": {
        "OBJECTID": 347,
        "DPTO_CCDGO": "44",
        "MPIO_CCDGO": "029",
        "name": "44002",
        "MPIO_CRSLC": "Ordenanza 3 de Noviembre 12 de 1985",
        "MPIO_NANO_": 1993,
        "MPIO_NAREA": 396.26708657,
        "MPIO_CSMBL": "4",
        "MPIO_CCNCT": "18029",
        "MPIO_NANO": 2012,
        "SHAPE_Leng": 1.03841127767,
        "SHAPE_Area": 0.0321862362058,
        "NOMBRE": "ALBANIA",
        "DANE": {
          "dpto_ccdgo": "18",
          "mpio_ccdgo": "029",
          "mpio_cdpmp": "18029",
          "dpto_cnmbr": "CAQUETÁ",
          "mpio_cnmbr": "ALBANIA",
          "mpio_crslc": "Ordenanza 3 de Noviembre 12 de 1985",
          "mpio_tipo": "MUNICIPIO",
          "mpio_narea": 412.849070916,
          "mpio_nano": 2024,
          "shape_Leng": 1.1210543732,
          "shape_Area": 0.0335142396303
        }
      }
    },
    {
      "type": "Feature",
      "geometry": {
        "type": "Polygon",
        "coordinates": [
          [
            [
              -75.7789,
              1.5826
            ],
            [
              -75.7827,
              1.5933
            ],
            [
              -75.7936,
              1.6052
            ],
            [
              -75.8053,
              1.6065
            ],
            [
              -75.8025,
              1.6223
            ],
            [
              -75.7895,
              1.6446
            ],
            [
              -75.7799,
              1.6504
            ],
            [
              -75.7582,
              1.6774
            ],
            [
              -75.7685,
              1.6995
            ],
            [
              -75.7728,
              1.7236
            ],
            [
              -75.7855,
              1.724
            ],
            [
              -75.7876,
              1.7468
            ],
            [
              -75.7857,
              1.7632
            ],
            [
              -75.7997,
              1.7499
            ],
            [
              -75.8164,
              1.7536
            ],
            [
              -75.8373,
              1.7402
            ],
            [
              -75.8473,
              1.7222
            ],
            [
              -75.8535,
              1.7256
            ],
            [
              -75.8733,
              1.7142
            ],
            [
              -75.9037,
              1.7168
            ],
            [
              -75.9207,
              1.7042
            ],
            [
              -75.9385,
              1.6863
            ],
            [
              -75.9427,
              1.6754
            ],
            [
              -75.9634,
              1.6591
            ],
            [
              -75.98,
              1.6576
            ],
            [
              -75.978,
              1.6469
            ],
            [
              -75.9808,
              1.6244
            ],
            [
              -75.9953,
              1.6146
            ],
            [
              -76.0056,
              1.6151
            ],
            [
              -76.0235,
              1.5908
            ],
            [
              -76.0344,
              1.5828
            ],
            [
              -76.055,
              1.5804
            ],
            [
              -76.0651,
              1.5857
            ],
            [
              -76.0857,
              1.578
            ],
            [
              -76.099,
              1.5643
            ],
            [
              -76.0968,
              1.5363
            ],
            [
              -76.1026,
              1.5243
            ],
            [
              -76.0975,
              1.5113
            ],
            [
              -76.0886,
              1.5045
            ],
            [
              -76.0697,
              1.5082
            ],
            [
              -76.0476,
              1.5289
            ],
            [
              -76.0252,
              1.5288
            ],
            [
              -76.0158,
              1.5179
            ],
            [
              -76.0129,
              1.5063
            ],
            [
              -76.003,
              1.4929
            ],
            [
              -76.0143,
              1.4748
            ],
            [
              -75.9989,
              1.4563
            ],
            [
              -75.9936,
              1.4439
            ],
            [
              -75.9988,
              1.4362
            ],
            [
              -75.9955,
              1.4215
            ],
            [
              -75.9811,
              1.4112
            ],
            [
              -75.9815,
              1.4047
            ],
            [
              -75.9582,
              1.3928
            ],
            [
              -75.9565,
              1.3832
            ],
            [
              -75.9305,
              1.3742
            ],
            [
              -75.9065,
              1.3593
            ],
            [
              -75.8908,
              1.3665
            ],
            [
              -75.8831,
              1.3563
            ],
            [
              -75.8531,
              1.3408
            ],
            [
              -75.857,
              1.3361
            ],
            [
              -75.8222,
              1.2869
            ],
            [
              -75.8186,
              1.2576
            ],
            [
              -75.7996,
              1.2401
            ],
            [
              -75.8019,
              1.2331
            ],
            [
              -75.7866,
              1.2069
            ],
            [
              -75.7588,
              1.199
            ],
            [
              -75.7567,
              1.1891
            ],
            [
              -75.7409,
              1.1873
            ],
            [
              -75.7329,
              1.1963
            ],
            [
              -75.7213,
              1.1998
            ],
            [
              -75.7174,
              1.2249
            ],
            [
              -75.7356,
              1.243
            ],
            [
              -75.7447,
              1.2627
            ],
            [
              -75.7399,
              1.2766
            ],
            [
              -75.7536,
              1.2976
            ],
            [
              -75.7473,
              1.3239
            ],
            [
              -75.742,
              1.3228
            ],
            [
              -75.7526,
              1.3472
            ],
            [
              -75.7369,
              1.418
            ],
            [
              -75.7425,
              1.4249
            ],
            [
              -75.7587,
              1.4279
            ],
            [
              -75.768,
              1.4501
            ],
            [
              -75.7772,
              1.4563
            ],
            [
              -75.7793,
              1.4702
            ],
            [
              -75.7701,
              1.4746
            ],
            [
              -75.7712,
              1.5019
            ],
            [
              -75.7829,
              1.5259
            ],
            [
              -75.7953,
              1.5361
            ],
            [
              -75.8085,
              1.5339
            ],
            [
              -75.7789,
              1.5826
            ]
          ]
        ]
      },
      "properties": {
        "OBJECTID": 348,
        "DPTO_CCDGO": "44",
        "MPIO_CCDGO": "094",
        "name": "44004",
        "MPIO_CRSLC": "Decreto 963 de Marzo 14 de 1950",
        "MPIO_NANO_": 1993,
        "MPIO_NAREA": 1180.70388012,
        "MPIO_CSMBL": "4",
        "MPIO_CCNCT": "18094",
        "MPIO_NANO": 2012,
        "SHAPE_Leng": 1.97820576629,
        "SHAPE_Area": 0.0959106935939,
        "NOMBRE": "BELEN DE LOS ANDAQUIES",
        "DANE": {
          "dpto_ccdgo": "18",
          "mpio_ccdgo": "094",
          "mpio_cdpmp": "18094",
          "dpto_cnmbr": "CAQUETÁ",
          "mpio_cnmbr": "BELÉN DE LOS ANDAQUÍES",
          "mpio_crslc": "Decreto 963 de Marzo 14 de 1950",
          "mpio_tipo": "MUNICIPIO",
          "mpio_narea": 1191.619366,
          "mpio_nano": 2024,
          "shape_Leng": 2.2338829288,
          "shape_Area": 0.0967446681712
        }
      }
    },
    {
      "type": "Feature",
      "geometry": {
        "type": "Polygon",
        "coordinates": [
          [
            [
              -73.6729,
              0.5363
            ],
            [
              -73.6779,
              0.5453
            ],
            [
              -73.6942,
              0.5504
            ],
            [
              -73.6847,
              0.5703
            ],
            [
              -73.6995,
              0.5796
            ],
            [
              -73.7027,
              0.5962
            ],
            [
              -73.7159,
              0.597
            ],
            [
              -73.729,
              0.6221
            ],
            [
              -73.7414,
              0.605
            ],
            [
              -73.7478,
              0.608
            ],
            [
              -73.7673,
              0.5984
            ],
            [
              -73.7841,
              0.5765
            ],
            [
              -73.7959,
              0.5809
            ],
            [
              -73.8083,
              0.5647
            ],
            [
              -73.8167,
              0.5613
            ],
            [
              -73.8357,
              0.5633
            ],
            [
              -73.8352,
              0.5745
            ],
            [
              -73.8514,
              0.581
            ],
            [
              -73.8696,
              0.5743
            ],
            [
              -73.875,
              0.5913
            ],
            [
              -73.8927,
              0.5981
            ],
            [
              -73.8854,
              0.6185
            ],
            [
              -73.8954,
              0.6207
            ],
            [
              -73.9045,
              0.6316
            ],
            [
              -73.9171,
              0.6378
            ],
            [
              -73.9252,
              0.634
            ],
            [
              -73.9321,
              0.6164
            ],
            [
              -73.9438,
              0.6203
            ],
            [
              -73.9628,
              0.6157
            ],
            [
              -73.9747,
              0.6301
            ],
            [
              -73.9913,
              0.6384
            ],
            [
              -73.9887,
              0.6556
            ],
            [
              -74.0053,
              0.6594
            ],
            [
              -74.0109,
              0.6695
            ],
            [
              -74.0052,
              0.6841
            ],
            [
              -74.017,
              0.6952
            ],
            [
              -74.0196,
              0.7082
            ],
            [
              -74.0317,
              0.7326
            ],
            [
              -74.0461,
              0.7359
            ],
            [
              -74.058,
              0.7451
            ],
            [
              -74.055,
              0.7564
            ],
            [
              -74.0706,
              0.757
            ],
            [
              -74.077,
              0.7812
            ],
            [
              -74.0745,
              0.7952
            ],
            [
              -74.0847,
              0.8133
            ],
            [
              -74.0772,
              0.8288
            ],
            [
              -74.0767,
              0.8399
            ],
            [
              -74.0973,
              0.849
            ],
            [
              -74.1006,
              0.842
            ],
            [
              -74.1185,
              0.8463
            ],
            [
              -74.1337,
              0.8553
            ],
            [
              -74.1296,
              0.8653
            ],
            [
              -74.1466,
              0.8678
            ],
            [
              -74.1587,
              0.8772
            ],
            [
              -74.1755,
              0.8827
            ],
            [
              -74.18,
              0.9042
            ],
            [
              -74.1883,
              0.9005
            ],
            [
              -74.2219,
              0.9266
            ],
            [
              -74.2286,
              0.9368
            ],
            [
              -74.2379,
              0.9295
            ],
            [
              -74.2514,
              0.9576
            ],
            [
              -74.2637,
              0.9543
            ],
            [
              -74.2624,
              0.9692
            ],
            [
              -74.2809,
              0.9749
            ],
            [
              -74.2816,
              0.9858
            ],
            [
              -74.3048,
              0.9947
            ],
            [
              -74.3339,
              1.0148
            ],
            [
              -74.3441,
              1.0313
            ],
            [
              -74.3609,
              1.0461
            ],
            [
              -74.3782,
              1.07
            ],
            [
              -74.383,
              1.0992
            ],
            [
              -74.4309,
              1.1173
            ],
            [
              -74.4596,
              1.1598
            ],
            [
              -74.4732,
              1.1759
            ],
            [
              -74.5002,
              1.1943
            ],
            [
              -74.5254,
              1.1996
            ],
            [
              -74.5342,
              1.2117
            ],
            [
              -74.5557,
              1.219
            ],
            [
              -74.5727,
              1.2337
            ],
            [
              -74.5724,
              1.2479
            ],
            [
              -74.5777,
              1.2594
            ],
            [
              -74.6076,
              1.2819
            ],
            [
              -74.7156,
              1.4536
            ],
            [
              -74.7875,
              1.5678
            ],
            [
              -74.7932,
              1.5536
            ],
            [
              -74.7917,
              1.5356
            ],
            [
              -74.7972,
              1.5239
            ],
            [
              -74.7984,
              1.4935
            ],
            [
              -74.8079,
              1.4711
            ],
            [
              -74.7964,
              1.4612
            ],
            [
              -74.7947,
              1.4392
            ],
            [
              -74.8051,
              1.4334
            ],
            [
              -74.7992,
              1.4235
            ],
            [
              -74.8175,
              1.3997
            ],
            [
              -74.8373,
              1.3879
            ],
            [
              -74.8551,
              1.3944
            ],
            [
              -74.8692,
              1.3875
            ],
            [
              -74.875,
              1.3963
            ],
            [
              -74.8747,
              1.4116
            ],
            [
              -74.8862,
              1.4117
            ],
            [
              -74.9114,
              1.402
            ],
            [
              -74.9063,
              1.416
            ],
            [
              -74.9295,
              1.4255
            ],
            [
              -74.9388,
              1.4332
            ],
            [
              -74.9643,
              1.4436
            ],
            [
              -74.9771,
              1.4401
            ],
            [
              -74.9865,
              1.4264
            ],
            [
              -75.0047,
              1.416
            ],
            [
              -75.0131,
              1.403
            ],
            [
              -75.0306,
              1.3967
            ],
            [
              -75.0409,
              1.3998
            ],
            [
              -75.0613,
              1.3868
            ],
            [
              -75.0714,
              1.3375
            ],
            [
              -75.0668,
              1.3281
            ],
            [
              -75.0747,
              1.3046
            ],
            [
              -75.0688,
              1.288
            ],
            [
              -75.0814,
              1.2739
            ],
            [
              -75.0809,
              1.2584
            ],
            [
              -75.064,
              1.2429
            ],
            [
              -75.0384,
              1.2384
            ],
            [
              -75.0242,
              1.2104
            ],
            [
              -75.0209,
              1.1744
            ],
            [
              -75.0024,
              1.1572
            ],
            [
              -74.9945,
              1.1382
            ],
            [
              -74.9727,
              1.124
            ],
            [
              -74.9649,
              1.1074
            ],
            [
              -74.9569,
              1.0999
            ],
            [
              -74.9511,
              1.0787
            ],
            [
              -74.9523,
              1.0597
            ],
            [
              -74.946,
              1.0565
            ],
            [
              -74.9324,
              1.0377
            ],
            [
              -74.9317,
              1.0262
            ],
            [
              -74.9207,
              1.0244
            ],
            [
              -74.9213,
              1.0124
            ],
            [
              -74.908,
              0.9987
            ],
            [
              -74.8959,
              0.9924
            ],
            [
              -74.9001,
              0.9765
            ],
            [
              -74.8827,
              0.9417
            ],
            [
              -74.8625,
              0.9325
            ],
            [
              -74.8653,
              0.9138
            ],
            [
              -74.8395,
              0.8913
            ],
            [
              -74.8247,
              0.8685
            ],
            [
              -74.8163,
              0.8681
            ],
            [
              -74.8133,
              0.8482
            ],
            [
              -74.826,
              0.8299
            ],
            [
              -74.8252,
              0.8131
            ],
            [
              -74.8347,
              0.8017
            ],
            [
              -74.8515,
              0.7903
            ],
            [
              -74.8485,
              0.7743
            ],
            [
              -74.8338,
              0.7483
            ],
            [
              -74.8191,
              0.7379
            ],
            [
              -74.8317,
              0.7318
            ],
            [
              -74.8235,
              0.7167
            ],
            [
              -74.8265,
              0.6993
            ],
            [
              -74.815,
              0.6879
            ],
            [
              -74.8151,
              0.6665
            ],
            [
              -74.8059,
              0.6627
            ],
            [
              -74.7894,
              0.6459
            ],
            [
              -74.7738,
              0.6386
            ],
            [
              -74.7668,
              0.6429
            ],
            [
              -74.7557,
              0.6271
            ],
            [
              -74.7444,
              0.6192
            ],
            [
              -74.7304,
              0.617
            ],
            [
              -74.7219,
              0.6232
            ],
            [
              -74.7095,
              0.6187
            ],
            [
              -74.6947,
              0.5968
            ],
            [
              -74.6416,
              0.5268
            ],
            [
              -74.6466,
              0.5189
            ],
            [
              -74.6317,
              0.5034
            ],
            [
              -74.6348,
              0.4766
            ],
            [
              -74.6313,
              0.4646
            ],
            [
              -74.6207,
              0.453
            ],
            [
              -74.6176,
              0.4336
            ],
            [
              -74.5951,
              0.4091
            ],
            [
              -74.5906,
              0.3978
            ],
            [
              -74.5912,
              0.3783
            ],
            [
              -74.5968,
              0.3677
            ],
            [
              -74.5934,
              0.3517
            ],
            [
              -74.5555,
              0.3309
            ],
            [
              -74.5552,
              0.3065
            ],
            [
              -74.5461,
              0.2865
            ],
            [
              -74.5474,
              0.2773
            ],
            [
              -74.5376,
              0.2631
            ],
            [
              -74.5406,
              0.2481
            ],
            [
              -74.5287,
              0.2384
            ],
            [
              -74.5228,
              0.2233
            ],
            [
              -74.5269,
              0.2109
            ],
            [
              -74.5169,
              0.1919
            ],
            [
              -74.5198,
              0.1832
            ],
            [
              -74.5116,
              0.1691
            ],
            [
              -74.1989,
              0.1691
            ],
            [
              -74.0165,
              0.1691
            ],
            [
              -73.8616,
              0.1692
            ],
            [
              -73.8595,
              0.1611
            ],
            [
              -73.8448,
              0.1593
            ],
            [
              -73.8362,
              0.1271
            ],
            [
              -73.7895,
              0.0958
            ],
            [
              -73.7761,
              0.0932
            ],
            [
              -73.7613,
              0.0792
            ],
            [
              -73.7329,
              0.0782
            ],
            [
              -73.7094,
              0.1066
            ],
            [
              -73.6978,
              0.1049
            ],
            [
              -73.6909,
              0.0968
            ],
            [
              -73.691,
              0.0848
            ],
            [
              -73.6814,
              0.0817
            ],
            [
              -73.6612,
              0.1008
            ],
            [
              -73.656,
              0.1004
            ],
            [
              -73.6441,
              0.0726
            ],
            [
              -73.6306,
              0.0727
            ],
            [
              -73.616,
              0.0635
            ],
            [
              -73.6071,
              0.0642
            ],
            [
              -73.5854,
              0.0753
            ],
            [
              -73.5738,
              0.0728
            ],
            [
              -73.5645,
              0.0775
            ],
            [
              -73.549,
              0.0731
            ],
            [
              -73.5228,
              0.0906
            ],
            [
              -73.5109,
              0.0943
            ],
            [
              -73.5029,
              0.108
            ],
            [
              -73.4904,
              0.1045
            ],
            [
              -73.465,
              0.1146
            ],
            [
              -73.4621,
              0.0981
            ],
            [
              -73.454,
              0.0904
            ],
            [
              -73.4385,
              0.0955
            ],
            [
              -73.4351,
              0.0898
            ],
            [
              -73.4169,
              0.0901
            ],
            [
              -73.4199,
              0.0679
            ],
            [
              -73.4042,
              0.0638
            ],
            [
              -73.3817,
              0.0411
            ],
            [
              -73.3744,
              0.0485
            ],
            [
              -73.3582,
              0.0513
            ],
            [
              -73.3571,
              0.0438
            ],
            [
              -73.3358,
              0.0395
            ],
            [
              -73.3131,
              0.0413
            ],
            [
              -73.2854,
              0.0305
            ],
            [
              -73.2896,
              0.0447
            ],
            [
              -73.284,
              0.0499
            ],
            [
              -73.2681,
              0.0407
            ],
            [
              -73.2594,
              0.0582
            ],
            [
              -73.2481,
              0.0596
            ],
            [
              -73.2416,
              0.0448
            ],
            [
              -73.2331,
              0.0463
            ],
            [
              -73.2233,
              0.0369
            ],
            [
              -73.2185,
              0.053
            ],
            [
              -73.2063,
              0.0521
            ],
            [
              -73.1852,
              0.0607
            ],
            [
              -73.1737,
              0.0474
            ],
            [
              -73.1596,
              0.0516
            ],
            [
              -73.1471,
              0.0488
            ],
            [
              -73.1438,
              0.07
            ],
            [
              -73.1584,
              0.093
            ],
            [
              -73.1461,
              0.1307
            ],
            [
              -73.1541,
              0.1416
            ],
            [
              -73.165,
              0.1473
            ],
            [
              -73.1817,
              0.1382
            ],
            [
              -73.195,
              0.1442
            ],
            [
              -73.2116,
              0.1402
            ],
            [
              -73.2066,
              0.155
            ],
            [
              -73.2296,
              0.1577
            ],
            [
              -73.2387,
              0.1669
            ],
            [
              -73.2357,
              0.1785
            ],
            [
              -73.2543,
              0.1858
            ],
            [
              -73.2638,
              0.1812
            ],
            [
              -73.2767,
              0.1862
            ],
            [
              -73.2706,
              0.1956
            ],
            [
              -73.2917,
              0.1963
            ],
            [
              -73.2914,
              0.2092
            ],
            [
              -73.2716,
              0.2103
            ],
            [
              -73.3153,
              0.2275
            ],
            [
              -73.3225,
              0.2157
            ],
            [
              -73.3406,
              0.2127
            ],
            [
              -73.3557,
              0.2273
            ],
            [
              -73.3385,
              0.233
            ],
            [
              -73.3677,
              0.2622
            ],
            [
              -73.3732,
              0.2541
            ],
            [
              -73.388,
              0.2682
            ],
            [
              -73.3958,
              0.2534
            ],
            [
              -73.4045,
              0.2651
            ],
            [
              -73.4129,
              0.2653
            ],
            [
              -73.4254,
              0.2557
            ],
            [
              -73.4325,
              0.2663
            ],
            [
              -73.4321,
              0.2766
            ],
            [
              -73.4551,
              0.2828
            ],
            [
              -73.4562,
              0.2942
            ],
            [
              -73.4496,
              0.3079
            ],
            [
              -73.4495,
              0.3196
            ],
            [
              -73.4696,
              0.3377
            ],
            [
              -73.4851,
              0.3247
            ],
            [
              -73.5007,
              0.3292
            ],
            [
              -73.5091,
              0.3444
            ],
            [
              -73.5064,
              0.3602
            ],
            [
              -73.4994,
              0.3672
            ],
            [
              -73.5081,
              0.3906
            ],
            [
              -73.5224,
              0.3848
            ],
            [
              -73.5388,
              0.3928
            ],
            [
              -73.5295,
              0.4
            ],
            [
              -73.5532,
              0.4369
            ],
            [
              -73.5573,
              0.4508
            ],
            [
              -73.5563,
              0.4693
            ],
            [
              -73.5711,
              0.4837
            ],
            [
              -73.5752,
              0.4686
            ],
            [
              -73.5839,
              0.4616
            ],
            [
              -73.593,
              0.4664
            ],
            [
              -73.581,
              0.4825
            ],
            [
              -73.6154,
              0.5049
            ],
            [
              -73.6279,
              0.5054
            ],
            [
              -73.6439,
              0.4977
            ],
            [
              -73.6487,
              0.5223
            ],
            [
              -73.6729,
              0.5363
            ]
          ]
        ]
      },
      "properties": {
        "OBJECTID": 349,
        "DPTO_CCDGO": "44",
        "MPIO_CCDGO": "150",
        "name": "44003",
        "MPIO_CRSLC": "Ordenanza 3 de Noviembre 12 de 1985",
        "MPIO_NANO_": 1993,
        "MPIO_NAREA": 12866.2651602,
        "MPIO_CSMBL": "4",
        "MPIO_CCNCT": "18150",
        "MPIO_NANO": 2012,
        "SHAPE_Leng": 8.95922793331,
        "SHAPE_Area": 1.04527625776,
        "NOMBRE": "CARTAGENA DEL CHAIRA",
        "DANE": {
          "dpto_ccdgo": "18",
          "mpio_ccdgo": "150",
          "mpio_cdpmp": "18150",
          "dpto_cnmbr": "CAQUETÁ",
          "mpio_cnmbr": "CARTAGENA DEL CHAIRÁ",
          "mpio_crslc": "Ordenanza 3 de Noviembre 12 de 1985",
          "mpio_tipo": "MUNICIPIO",
          "mpio_narea": 12785.6187891,
          "mpio_nano": 2024,
          "shape_Leng": 9.66844076431,
          "shape_Area": 1.03872666259
        }
      }
    },
    {
      "type": "Feature",
      "geometry": {
        "type": "Polygon",
        "coordinates": [
          [
            [
              -76.1328,
              1.1013
            ],
            [
              -76.1236,
              1.1008
            ],
            [
              -76.1241,
              1.0876
            ],
            [
              -76.0915,
              1.0711
            ],
            [
              -76.085,
              1.0576
            ],
            [
              -76.0641,
              1.0546
            ],
            [
              -76.0471,
              1.0462
            ],
            [
              -76.0385,
              1.0528
            ],
            [
              -76.0199,
              1.0478
            ],
            [
              -76.0061,
              1.055
            ],
            [
              -76.0008,
              1.0476
            ],
            [
              -76.0006,
              1.031
            ],
            [
              -75.994,
              1.0272
            ],
            [
              -75.9857,
              1.0446
            ],
            [
              -75.9889,
              1.0556
            ],
            [
              -75.9863,
              1.0701
            ],
            [
              -75.9756,
              1.0616
            ],
            [
              -75.9516,
              1.0333
            ],
            [
              -75.9212,
              1.0291
            ],
            [
              -75.9222,
              1.019
            ],
            [
              -75.9311,
              1.0065
            ],
            [
              -75.932,
              0.9939
            ],
            [
              -75.9439,
              0.989
            ],
            [
              -75.9457,
              0.9809
            ],
            [
              -75.9207,
              0.9777
            ],
            [
              -75.9044,
              0.9657
            ],
            [
              -75.9031,
              0.9502
            ],
            [
              -75.8949,
              0.9353
            ],
            [
              -75.87,
              0.9255
            ],
            [
              -75.8655,
              0.9066
            ],
            [
              -75.8566,
              0.885
            ],
            [
              -75.8334,
              0.8741
            ],
            [
              -75.8245,
              0.8757
            ],
            [
              -75.8089,
              0.8955
            ],
            [
              -75.8111,
              0.9099
            ],
            [
              -75.8224,
              0.9129
            ],
            [
              -75.8207,
              0.934
            ],
            [
              -75.8455,
              0.9485
            ],
            [
              -75.8512,
              0.9621
            ],
            [
              -75.8632,
              0.9726
            ],
            [
              -75.863,
              0.9899
            ],
            [
              -75.8752,
              1.0267
            ],
            [
              -75.8532,
              1.052
            ],
            [
              -75.8533,
              1.0637
            ],
            [
              -75.8596,
              1.0753
            ],
            [
              -75.858,
              1.0979
            ],
            [
              -75.8147,
              1.1113
            ],
            [
              -75.858,
              1.1119
            ],
            [
              -75.8707,
              1.1002
            ],
            [
              -75.8932,
              1.1076
            ],
            [
              -75.9116,
              1.0944
            ],
            [
              -75.9221,
              1.1073
            ],
            [
              -75.9191,
              1.1255
            ],
            [
              -75.9093,
              1.1455
            ],
            [
              -75.9114,
              1.1511
            ],
            [
              -75.9356,
              1.1712
            ],
            [
              -75.995,
              1.1587
            ],
            [
              -76.0256,
              1.1587
            ],
            [
              -76.0297,
              1.1405
            ],
            [
              -76.0156,
              1.1213
            ],
            [
              -76.0294,
              1.1111
            ],
            [
              -76.0417,
              1.1198
            ],
            [
              -76.0706,
              1.1244
            ],
            [
              -76.0825,
              1.1395
            ],
            [
              -76.0999,
              1.1474
            ],
            [
              -76.119,
              1.1154
            ],
            [
              -76.1355,
              1.1098
            ],
            [
              -76.1328,
              1.1013
            ]
          ]
        ]
      },
      "properties": {
        "OBJECTID": 350,
        "DPTO_CCDGO": "44",
        "MPIO_CCDGO": "205",
        "name": "44012",
        "MPIO_CRSLC": "Ordenanza 3 de Noviembre 12 de 1985",
        "MPIO_NANO_": 1993,
        "MPIO_NAREA": 499.62633752,
        "MPIO_CSMBL": "4",
        "MPIO_CCNCT": "18205",
        "MPIO_NANO": 2012,
        "SHAPE_Leng": 1.79605047571,
        "SHAPE_Area": 0.0405816056614,
        "NOMBRE": "CURILLO",
        "DANE": {
          "dpto_ccdgo": "18",
          "mpio_ccdgo": "205",
          "mpio_cdpmp": "18205",
          "dpto_cnmbr": "CAQUETÁ",
          "mpio_cnmbr": "CURILLO",
          "mpio_crslc": "Ordenanza 3 de Noviembre 12 de 1985",
          "mpio_tipo": "MUNICIPIO",
          "mpio_narea": 399.281521754,
          "mpio_nano": 2024,
          "shape_Leng": 1.60606182149,
          "shape_Area": 0.0324083875782
        }
      }
    },
    {
      "type": "Feature",
      "geometry": {
        "type": "Polygon",
        "coordinates": [
          [
            [
              -75.3487,
              2.3235
            ],
            [
              -75.3655,
              2.3264
            ],
            [
              -75.3863,
              2.3146
            ],
            [
              -75.3387,
              2.0635
            ],
            [
              -75.3206,
              1.9696
            ],
            [
              -75.3249,
              1.9629
            ],
            [
              -75.3194,
              1.9363
            ],
            [
              -75.3121,
              1.9325
            ],
            [
              -75.3104,
              1.914
            ],
            [
              -75.3309,
              1.8728
            ],
            [
              -75.3391,
              1.867
            ],
            [
              -75.335,
              1.8289
            ],
            [
              -75.3401,
              1.8177
            ],
            [
              -75.3334,
              1.8121
            ],
            [
              -75.3408,
              1.7961
            ],
            [
              -75.3376,
              1.7841
            ],
            [
              -75.3614,
              1.7485
            ],
            [
              -75.3438,
              1.717
            ],
            [
              -75.3502,
              1.6989
            ],
            [
              -75.3409,
              1.6908
            ],
            [
              -75.3311,
              1.6586
            ],
            [
              -75.3101,
              1.6455
            ],
            [
              -75.2926,
              1.629
            ],
            [
              -75.281,
              1.6271
            ],
            [
              -75.2687,
              1.6336
            ],
            [
              -75.2285,
              1.6191
            ],
            [
              -75.2215,
              1.6103
            ],
            [
              -75.2062,
              1.613
            ],
            [
              -75.1822,
              1.6028
            ],
            [
              -75.1694,
              1.5901
            ],
            [
              -75.1469,
              1.5945
            ],
            [
              -75.1336,
              1.5886
            ],
            [
              -75.119,
              1.5758
            ],
            [
              -75.1114,
              1.5557
            ],
            [
              -75.1,
              1.5569
            ],
            [
              -75.084,
              1.5519
            ],
            [
              -75.0504,
              1.5045
            ],
            [
              -75.04,
              1.5007
            ],
            [
              -75.038,
              1.4817
            ],
            [
              -75.0294,
              1.4741
            ],
            [
              -75.0188,
              1.475
            ],
            [
              -74.9977,
              1.4568
            ],
            [
              -74.9875,
              1.4564
            ],
            [
              -74.9748,
              1.4459
            ],
            [
              -74.9643,
              1.4436
            ],
            [
              -74.9388,
              1.4332
            ],
            [
              -74.9295,
              1.4255
            ],
            [
              -74.917,
              1.4344
            ],
            [
              -74.9202,
              1.4556
            ],
            [
              -74.9311,
              1.4578
            ],
            [
              -74.9294,
              1.4704
            ],
            [
              -74.9386,
              1.4851
            ],
            [
              -74.933,
              1.5037
            ],
            [
              -74.9412,
              1.5112
            ],
            [
              -74.9429,
              1.5251
            ],
            [
              -74.9562,
              1.5313
            ],
            [
              -74.9627,
              1.5541
            ],
            [
              -74.9753,
              1.5624
            ],
            [
              -74.9797,
              1.5914
            ],
            [
              -74.9912,
              1.6104
            ],
            [
              -74.9933,
              1.6292
            ],
            [
              -75.0064,
              1.6351
            ],
            [
              -75.0107,
              1.6458
            ],
            [
              -75.024,
              1.6483
            ],
            [
              -75.0325,
              1.657
            ],
            [
              -75.0245,
              1.6641
            ],
            [
              -75.0311,
              1.6764
            ],
            [
              -75.0277,
              1.6888
            ],
            [
              -75.0355,
              1.719
            ],
            [
              -75.0544,
              1.7325
            ],
            [
              -75.0727,
              1.7201
            ],
            [
              -75.0794,
              1.7235
            ],
            [
              -75.1042,
              1.7149
            ],
            [
              -75.1174,
              1.7176
            ],
            [
              -75.1274,
              1.7103
            ],
            [
              -75.1572,
              1.7106
            ],
            [
              -75.1613,
              1.7166
            ],
            [
              -75.178,
              1.7106
            ],
            [
              -75.1943,
              1.725
            ],
            [
              -75.1952,
              1.7385
            ],
            [
              -75.2141,
              1.7488
            ],
            [
              -75.222,
              1.7624
            ],
            [
              -75.2339,
              1.7739
            ],
            [
              -75.2501,
              1.7786
            ],
            [
              -75.2605,
              1.7939
            ],
            [
              -75.2791,
              1.7913
            ],
            [
              -75.3155,
              1.8014
            ],
            [
              -75.3197,
              1.8158
            ],
            [
              -75.3178,
              1.8281
            ],
            [
              -75.3231,
              1.8391
            ],
            [
              -75.3145,
              1.8458
            ],
            [
              -75.3116,
              1.8667
            ],
            [
              -75.3066,
              1.87
            ],
            [
              -75.2985,
              1.9332
            ],
            [
              -75.3039,
              1.9524
            ],
            [
              -75.3019,
              1.9704
            ],
            [
              -75.2946,
              1.9791
            ],
            [
              -75.2966,
              1.9922
            ],
            [
              -75.2875,
              2.0057
            ],
            [
              -75.2964,
              2.0157
            ],
            [
              -75.2975,
              2.0542
            ],
            [
              -75.2769,
              2.0782
            ],
            [
              -75.2676,
              2.1063
            ],
            [
              -75.2685,
              2.1167
            ],
            [
              -75.2571,
              2.1381
            ],
            [
              -75.2622,
              2.1566
            ],
            [
              -75.2564,
              2.1639
            ],
            [
              -75.2618,
              2.1794
            ],
            [
              -75.2582,
              2.2002
            ],
            [
              -75.2613,
              2.2107
            ],
            [
              -75.2742,
              2.2184
            ],
            [
              -75.2778,
              2.2388
            ],
            [
              -75.2878,
              2.2601
            ],
            [
              -75.2871,
              2.2709
            ],
            [
              -75.3148,
              2.2726
            ],
            [
              -75.3123,
              2.2875
            ],
            [
              -75.3328,
              2.2975
            ],
            [
              -75.3327,
              2.3111
            ],
            [
              -75.3487,
              2.3235
            ]
          ]
        ]
      },
      "properties": {
        "OBJECTID": 351,
        "DPTO_CCDGO": "44",
        "MPIO_CCDGO": "247",
        "name": "44005",
        "MPIO_CRSLC": "Decreto 1678 de Septiembre 7 de 1967",
        "MPIO_NANO_": 1993,
        "MPIO_NAREA": 1063.94950049,
        "MPIO_CSMBL": "4",
        "MPIO_CCNCT": "18247",
        "MPIO_NANO": 2012,
        "SHAPE_Leng": 2.99760268676,
        "SHAPE_Area": 0.0864451499141,
        "NOMBRE": "EL DONCELLO",
        "DANE": {
          "dpto_ccdgo": "18",
          "mpio_ccdgo": "247",
          "mpio_cdpmp": "18247",
          "dpto_cnmbr": "CAQUETÁ",
          "mpio_cnmbr": "EL DONCELLO",
          "mpio_crslc": "Decreto 1678 de Septiembre 7 de 1967",
          "mpio_tipo": "MUNICIPIO",
          "mpio_narea": 1106.07615076,
          "mpio_nano": 2024,
          "shape_Leng": 3.15437032033,
          "shape_Area": 0.0898674383256
        }
      }
    },
    {
      "type": "Feature",
      "geometry": {
        "type": "Polygon",
        "coordinates": [
          [
            [
              -74.9643,
              1.4436
            ],
            [
              -74.9748,
              1.4459
            ],
            [
              -74.9875,
              1.4564
            ],
            [
              -74.9977,
              1.4568
            ],
            [
              -75.0188,
              1.475
            ],
            [
              -75.0294,
              1.4741
            ],
            [
              -75.038,
              1.4817
            ],
            [
              -75.04,
              1.5007
            ],
            [
              -75.0504,
              1.5045
            ],
            [
              -75.084,
              1.5519
            ],
            [
              -75.1,
              1.5569
            ],
            [
              -75.1114,
              1.5557
            ],
            [
              -75.119,
              1.5758
            ],
            [
              -75.1336,
              1.5886
            ],
            [
              -75.1469,
              1.5945
            ],
            [
              -75.1694,
              1.5901
            ],
            [
              -75.1822,
              1.6028
            ],
            [
              -75.2062,
              1.613
            ],
            [
              -75.2215,
              1.6103
            ],
            [
              -75.2285,
              1.6191
            ],
            [
              -75.2687,
              1.6336
            ],
            [
              -75.281,
              1.6271
            ],
            [
              -75.2926,
              1.629
            ],
            [
              -75.3101,
              1.6455
            ],
            [
              -75.3311,
              1.6586
            ],
            [
              -75.3409,
              1.6908
            ],
            [
              -75.3502,
              1.6989
            ],
            [
              -75.3438,
              1.717
            ],
            [
              -75.3614,
              1.7485
            ],
            [
              -75.3376,
              1.7841
            ],
            [
              -75.3408,
              1.7961
            ],
            [
              -75.3334,
              1.8121
            ],
            [
              -75.3401,
              1.8177
            ],
            [
              -75.335,
              1.8289
            ],
            [
              -75.3391,
              1.867
            ],
            [
              -75.3309,
              1.8728
            ],
            [
              -75.3104,
              1.914
            ],
            [
              -75.3121,
              1.9325
            ],
            [
              -75.3194,
              1.9363
            ],
            [
              -75.3249,
              1.9629
            ],
            [
              -75.3206,
              1.9696
            ],
            [
              -75.3387,
              2.0635
            ],
            [
              -75.3863,
              2.3146
            ],
            [
              -75.3945,
              2.3023
            ],
            [
              -75.3967,
              2.2877
            ],
            [
              -75.4185,
              2.2384
            ],
            [
              -75.4311,
              2.2338
            ],
            [
              -75.4397,
              2.2207
            ],
            [
              -75.4358,
              2.201
            ],
            [
              -75.4263,
              2.195
            ],
            [
              -75.4164,
              2.1937
            ],
            [
              -75.4058,
              2.1719
            ],
            [
              -75.3993,
              2.1376
            ],
            [
              -75.3839,
              2.1226
            ],
            [
              -75.392,
              2.1039
            ],
            [
              -75.3928,
              2.0867
            ],
            [
              -75.3779,
              2.0611
            ],
            [
              -75.387,
              2.0477
            ],
            [
              -75.3878,
              2.0254
            ],
            [
              -75.3925,
              1.995
            ],
            [
              -75.3812,
              1.9879
            ],
            [
              -75.3637,
              1.9843
            ],
            [
              -75.3487,
              1.9747
            ],
            [
              -75.3454,
              1.9583
            ],
            [
              -75.3527,
              1.9331
            ],
            [
              -75.347,
              1.9198
            ],
            [
              -75.353,
              1.9104
            ],
            [
              -75.3551,
              1.8664
            ],
            [
              -75.3653,
              1.8547
            ],
            [
              -75.3752,
              1.829
            ],
            [
              -75.3796,
              1.8302
            ],
            [
              -75.3974,
              1.81
            ],
            [
              -75.4084,
              1.8091
            ],
            [
              -75.4098,
              1.7912
            ],
            [
              -75.404,
              1.7694
            ],
            [
              -75.34,
              1.6612
            ],
            [
              -75.3473,
              1.6455
            ],
            [
              -75.3564,
              1.6408
            ],
            [
              -75.3547,
              1.621
            ],
            [
              -75.3604,
              1.6052
            ],
            [
              -75.3799,
              1.5912
            ],
            [
              -75.3909,
              1.5875
            ],
            [
              -75.4018,
              1.5752
            ],
            [
              -75.3802,
              1.5733
            ],
            [
              -75.3685,
              1.566
            ],
            [
              -75.358,
              1.5499
            ],
            [
              -75.3503,
              1.5269
            ],
            [
              -75.3382,
              1.5183
            ],
            [
              -75.3287,
              1.4835
            ],
            [
              -75.3202,
              1.4861
            ],
            [
              -75.2993,
              1.4684
            ],
            [
              -75.2781,
              1.4465
            ],
            [
              -75.2627,
              1.4236
            ],
            [
              -75.2605,
              1.408
            ],
            [
              -75.2663,
              1.4014
            ],
            [
              -75.2661,
              1.385
            ],
            [
              -75.2596,
              1.3714
            ],
            [
              -75.2369,
              1.3611
            ],
            [
              -75.2276,
              1.3484
            ],
            [
              -75.2134,
              1.3449
            ],
            [
              -75.1178,
              1.3405
            ],
            [
              -75.0912,
              1.2323
            ],
            [
              -75.0814,
              1.2739
            ],
            [
              -75.0688,
              1.288
            ],
            [
              -75.0747,
              1.3046
            ],
            [
              -75.0668,
              1.3281
            ],
            [
              -75.0714,
              1.3375
            ],
            [
              -75.0613,
              1.3868
            ],
            [
              -75.0409,
              1.3998
            ],
            [
              -75.0306,
              1.3967
            ],
            [
              -75.0131,
              1.403
            ],
            [
              -75.0047,
              1.416
            ],
            [
              -74.9865,
              1.4264
            ],
            [
              -74.9771,
              1.4401
            ],
            [
              -74.9643,
              1.4436
            ]
          ]
        ]
      },
      "properties": {
        "OBJECTID": 352,
        "DPTO_CCDGO": "44",
        "MPIO_CCDGO": "256",
        "name": "44006",
        "MPIO_CRSLC": "Decreto 1678 de Septiembret 7 de 1967",
        "MPIO_NANO_": 1993,
        "MPIO_NAREA": 1369.99878984,
        "MPIO_CSMBL": "4",
        "MPIO_CCNCT": "18256",
        "MPIO_NANO": 2012,
        "SHAPE_Leng": 2.92385821252,
        "SHAPE_Area": 0.111302101736,
        "NOMBRE": "EL PAUJIL",
        "DANE": {
          "dpto_ccdgo": "18",
          "mpio_ccdgo": "256",
          "mpio_cdpmp": "18256",
          "dpto_cnmbr": "CAQUETÁ",
          "mpio_cnmbr": "EL PAUJÍL",
          "mpio_crslc": "Decreto 1678 de Septiembret 7 de 1967",
          "mpio_tipo": "MUNICIPIO",
          "mpio_narea": 1234.73414476,
          "mpio_nano": 2024,
          "shape_Leng": 3.52931590442,
          "shape_Area": 0.100309283024
        }
      }
    },
    {
      "type": "Feature",
      "geometry": {
        "type": "Polygon",
        "coordinates": [
          [
            [
              -75.404,
              1.7694
            ],
            [
              -75.4272,
              1.7571
            ],
            [
              -75.4176,
              1.7414
            ],
            [
              -75.4191,
              1.733
            ],
            [
              -75.4336,
              1.7124
            ],
            [
              -75.4226,
              1.7114
            ],
            [
              -75.4215,
              1.6958
            ],
            [
              -75.4412,
              1.6919
            ],
            [
              -75.4391,
              1.6828
            ],
            [
              -75.4559,
              1.6635
            ],
            [
              -75.4515,
              1.6499
            ],
            [
              -75.461,
              1.6339
            ],
            [
              -75.4731,
              1.6249
            ],
            [
              -75.471,
              1.6121
            ],
            [
              -75.4856,
              1.5943
            ],
            [
              -75.4792,
              1.5693
            ],
            [
              -75.4854,
              1.5647
            ],
            [
              -75.478,
              1.5448
            ],
            [
              -75.4814,
              1.5247
            ],
            [
              -75.4645,
              1.4994
            ],
            [
              -75.4591,
              1.4717
            ],
            [
              -75.4634,
              1.4582
            ],
            [
              -75.4589,
              1.4449
            ],
            [
              -75.4603,
              1.4297
            ],
            [
              -75.4567,
              1.4176
            ],
            [
              -75.4677,
              1.4044
            ],
            [
              -75.4727,
              1.3801
            ],
            [
              -75.479,
              1.3716
            ],
            [
              -75.4763,
              1.3488
            ],
            [
              -75.4792,
              1.3432
            ],
            [
              -75.4636,
              1.3548
            ],
            [
              -75.4463,
              1.356
            ],
            [
              -75.434,
              1.3515
            ],
            [
              -75.4269,
              1.3558
            ],
            [
              -75.405,
              1.3547
            ],
            [
              -75.3968,
              1.36
            ],
            [
              -75.3597,
              1.3507
            ],
            [
              -75.3471,
              1.317
            ],
            [
              -75.3497,
              1.289
            ],
            [
              -75.345,
              1.2612
            ],
            [
              -75.3324,
              1.2434
            ],
            [
              -75.33,
              1.2334
            ],
            [
              -75.3147,
              1.2069
            ],
            [
              -75.3243,
              1.1959
            ],
            [
              -75.2839,
              1.1958
            ],
            [
              -75.2767,
              1.1858
            ],
            [
              -75.2812,
              1.1716
            ],
            [
              -75.2689,
              1.1683
            ],
            [
              -75.2618,
              1.1576
            ],
            [
              -75.2463,
              1.1537
            ],
            [
              -75.2413,
              1.1401
            ],
            [
              -75.2238,
              1.1253
            ],
            [
              -75.1967,
              1.1125
            ],
            [
              -75.1904,
              1.1026
            ],
            [
              -75.1967,
              1.0821
            ],
            [
              -75.1866,
              1.0751
            ],
            [
              -75.1982,
              1.0535
            ],
            [
              -75.1944,
              1.0423
            ],
            [
              -74.9001,
              0.9765
            ],
            [
              -74.8959,
              0.9924
            ],
            [
              -74.908,
              0.9987
            ],
            [
              -74.9213,
              1.0124
            ],
            [
              -74.9207,
              1.0244
            ],
            [
              -74.9317,
              1.0262
            ],
            [
              -74.9324,
              1.0377
            ],
            [
              -74.946,
              1.0565
            ],
            [
              -74.9523,
              1.0597
            ],
            [
              -74.9511,
              1.0787
            ],
            [
              -74.9569,
              1.0999
            ],
            [
              -74.9649,
              1.1074
            ],
            [
              -74.9727,
              1.124
            ],
            [
              -74.9945,
              1.1382
            ],
            [
              -75.0024,
              1.1572
            ],
            [
              -75.0209,
              1.1744
            ],
            [
              -75.0242,
              1.2104
            ],
            [
              -75.0384,
              1.2384
            ],
            [
              -75.064,
              1.2429
            ],
            [
              -75.0809,
              1.2584
            ],
            [
              -75.0814,
              1.2739
            ],
            [
              -75.0912,
              1.2323
            ],
            [
              -75.1178,
              1.3405
            ],
            [
              -75.2134,
              1.3449
            ],
            [
              -75.2276,
              1.3484
            ],
            [
              -75.2369,
              1.3611
            ],
            [
              -75.2596,
              1.3714
            ],
            [
              -75.2661,
              1.385
            ],
            [
              -75.2663,
              1.4014
            ],
            [
              -75.2605,
              1.408
            ],
            [
              -75.2627,
              1.4236
            ],
            [
              -75.2781,
              1.4465
            ],
            [
              -75.2993,
              1.4684
            ],
            [
              -75.3202,
              1.4861
            ],
            [
              -75.3287,
              1.4835
            ],
            [
              -75.3382,
              1.5183
            ],
            [
              -75.3503,
              1.5269
            ],
            [
              -75.358,
              1.5499
            ],
            [
              -75.3685,
              1.566
            ],
            [
              -75.3802,
              1.5733
            ],
            [
              -75.4018,
              1.5752
            ],
            [
              -75.3909,
              1.5875
            ],
            [
              -75.3799,
              1.5912
            ],
            [
              -75.3604,
              1.6052
            ],
            [
              -75.3547,
              1.621
            ],
            [
              -75.3564,
              1.6408
            ],
            [
              -75.3473,
              1.6455
            ],
            [
              -75.34,
              1.6612
            ],
            [
              -75.404,
              1.7694
            ]
          ]
        ]
      },
      "properties": {
        "OBJECTID": 353,
        "DPTO_CCDGO": "44",
        "MPIO_CCDGO": "410",
        "name": "44007",
        "MPIO_CRSLC": "Decreto 83 de Julio 6 de 1955",
        "MPIO_NANO_": 1993,
        "MPIO_NAREA": 1534.95564386,
        "MPIO_CSMBL": "4",
        "MPIO_CCNCT": "18410",
        "MPIO_NANO": 2012,
        "SHAPE_Leng": 4.07927912221,
        "SHAPE_Area": 0.124683686311,
        "NOMBRE": "LA MONTAÑITA",
        "DANE": {
          "dpto_ccdgo": "18",
          "mpio_ccdgo": "410",
          "mpio_cdpmp": "18410",
          "dpto_cnmbr": "CAQUETÁ",
          "mpio_cnmbr": "LA MONTAÑITA",
          "mpio_crslc": "Decreto 83 de Julio 6 de 1955",
          "mpio_tipo": "MUNICIPIO",
          "mpio_narea": 1701.06764624,
          "mpio_nano": 2024,
          "shape_Leng": 3.40274653652,
          "shape_Area": 0.138174012776
        }
      }
    },
    {
      "type": "Feature",
      "geometry": {
        "type": "Polygon",
        "coordinates": [
          [
            [
              -75.1944,
              1.0423
            ],
            [
              -75.1982,
              1.0535
            ],
            [
              -75.1866,
              1.0751
            ],
            [
              -75.1967,
              1.0821
            ],
            [
              -75.1904,
              1.1026
            ],
            [
              -75.1967,
              1.1125
            ],
            [
              -75.2238,
              1.1253
            ],
            [
              -75.2413,
              1.1401
            ],
            [
              -75.2463,
              1.1537
            ],
            [
              -75.2618,
              1.1576
            ],
            [
              -75.2689,
              1.1683
            ],
            [
              -75.2812,
              1.1716
            ],
            [
              -75.2767,
              1.1858
            ],
            [
              -75.2839,
              1.1958
            ],
            [
              -75.3243,
              1.1959
            ],
            [
              -75.3147,
              1.2069
            ],
            [
              -75.33,
              1.2334
            ],
            [
              -75.3324,
              1.2434
            ],
            [
              -75.345,
              1.2612
            ],
            [
              -75.3497,
              1.289
            ],
            [
              -75.3471,
              1.317
            ],
            [
              -75.3597,
              1.3507
            ],
            [
              -75.3968,
              1.36
            ],
            [
              -75.405,
              1.3547
            ],
            [
              -75.4269,
              1.3558
            ],
            [
              -75.434,
              1.3515
            ],
            [
              -75.4463,
              1.356
            ],
            [
              -75.4636,
              1.3548
            ],
            [
              -75.4792,
              1.3432
            ],
            [
              -75.5679,
              1.3218
            ],
            [
              -75.5686,
              1.2172
            ],
            [
              -75.547,
              1.1383
            ],
            [
              -75.5486,
              1.1102
            ],
            [
              -75.54,
              1.1002
            ],
            [
              -75.5415,
              1.0879
            ],
            [
              -75.4003,
              1.0313
            ],
            [
              -75.324,
              0.9245
            ],
            [
              -75.3013,
              0.9355
            ],
            [
              -75.2942,
              0.9423
            ],
            [
              -75.284,
              0.9358
            ],
            [
              -75.2559,
              0.9377
            ],
            [
              -75.2459,
              0.9208
            ],
            [
              -75.2432,
              0.894
            ],
            [
              -75.2391,
              0.8907
            ],
            [
              -75.2219,
              0.8987
            ],
            [
              -75.2224,
              0.9072
            ],
            [
              -75.209,
              0.9093
            ],
            [
              -75.2004,
              0.9233
            ],
            [
              -75.2089,
              0.9329
            ],
            [
              -75.2148,
              0.949
            ],
            [
              -75.2206,
              0.9506
            ],
            [
              -75.2264,
              0.9677
            ],
            [
              -75.2151,
              1.0203
            ],
            [
              -75.2071,
              1.0327
            ],
            [
              -75.1944,
              1.0423
            ]
          ]
        ]
      },
      "properties": {
        "OBJECTID": 354,
        "DPTO_CCDGO": "44",
        "MPIO_CCDGO": "460",
        "name": "44016",
        "MPIO_CRSLC": "Ordenanza 3 de Noviembre 12 de 1985",
        "MPIO_NANO_": 1993,
        "MPIO_NAREA": 1245.94875147,
        "MPIO_CSMBL": "4",
        "MPIO_CCNCT": "18460",
        "MPIO_NANO": 2012,
        "SHAPE_Leng": 1.97862963526,
        "SHAPE_Area": 0.101188470902,
        "NOMBRE": "MILAN",
        "DANE": {
          "dpto_ccdgo": "18",
          "mpio_ccdgo": "460",
          "mpio_cdpmp": "18460",
          "dpto_cnmbr": "CAQUETÁ",
          "mpio_cnmbr": "MILÁN",
          "mpio_crslc": "Ordenanza 3 de Noviembre 12 de 1985",
          "mpio_tipo": "MUNICIPIO",
          "mpio_narea": 1220.57610453,
          "mpio_nano": 2024,
          "shape_Leng": 1.86341073415,
          "shape_Area": 0.0991278272939
        }
      }
    },
    {
      "type": "Feature",
      "geometry": {
        "type": "Polygon",
        "coordinates": [
          [
            [
              -75.5679,
              1.3218
            ],
            [
              -75.5909,
              1.3392
            ],
            [
              -75.5879,
              1.3494
            ],
            [
              -75.6027,
              1.3616
            ],
            [
              -75.5925,
              1.3776
            ],
            [
              -75.5912,
              1.3917
            ],
            [
              -75.6019,
              1.4094
            ],
            [
              -75.6001,
              1.4219
            ],
            [
              -75.6135,
              1.4274
            ],
            [
              -75.6411,
              1.4567
            ],
            [
              -75.6494,
              1.4748
            ],
            [
              -75.6697,
              1.4926
            ],
            [
              -75.686,
              1.4929
            ],
            [
              -75.7119,
              1.5
            ],
            [
              -75.7304,
              1.4976
            ],
            [
              -75.7403,
              1.5318
            ],
            [
              -75.7595,
              1.5593
            ],
            [
              -75.7694,
              1.5603
            ],
            [
              -75.7703,
              1.5777
            ],
            [
              -75.7789,
              1.5826
            ],
            [
              -75.8085,
              1.5339
            ],
            [
              -75.7953,
              1.5361
            ],
            [
              -75.7829,
              1.5259
            ],
            [
              -75.7712,
              1.5019
            ],
            [
              -75.7701,
              1.4746
            ],
            [
              -75.7793,
              1.4702
            ],
            [
              -75.7772,
              1.4563
            ],
            [
              -75.768,
              1.4501
            ],
            [
              -75.7587,
              1.4279
            ],
            [
              -75.7425,
              1.4249
            ],
            [
              -75.7369,
              1.418
            ],
            [
              -75.7526,
              1.3472
            ],
            [
              -75.742,
              1.3228
            ],
            [
              -75.7282,
              1.3273
            ],
            [
              -75.7158,
              1.3204
            ],
            [
              -75.7019,
              1.3215
            ],
            [
              -75.7066,
              1.3059
            ],
            [
              -75.7046,
              1.2952
            ],
            [
              -75.6671,
              1.2949
            ],
            [
              -75.6579,
              1.2842
            ],
            [
              -75.6593,
              1.263
            ],
            [
              -75.6452,
              1.2488
            ],
            [
              -75.6477,
              1.2352
            ],
            [
              -75.622,
              1.2215
            ],
            [
              -75.609,
              1.2182
            ],
            [
              -75.5768,
              1.2272
            ],
            [
              -75.5686,
              1.2172
            ],
            [
              -75.5679,
              1.3218
            ]
          ]
        ]
      },
      "properties": {
        "OBJECTID": 355,
        "DPTO_CCDGO": "44",
        "MPIO_CCDGO": "479",
        "name": "44017",
        "MPIO_CRSLC": "Ordenanza 3 de Noviembre 12 de 1985",
        "MPIO_NANO_": 1993,
        "MPIO_NAREA": 464.38632859,
        "MPIO_CSMBL": "4",
        "MPIO_CCNCT": "18479",
        "MPIO_NANO": 2012,
        "SHAPE_Leng": 1.34490987617,
        "SHAPE_Area": 0.0377147994385,
        "NOMBRE": "MORELIA",
        "DANE": {
          "dpto_ccdgo": "18",
          "mpio_ccdgo": "479",
          "mpio_cdpmp": "18479",
          "dpto_cnmbr": "CAQUETÁ",
          "mpio_cnmbr": "MORELIA",
          "mpio_crslc": "Ordenanza 3 de Noviembre 12 de 1985",
          "mpio_tipo": "MUNICIPIO",
          "mpio_narea": 462.479590181,
          "mpio_nano": 2024,
          "shape_Leng": 1.51868830647,
          "shape_Area": 0.0375535626004
        }
      }
    },
    {
      "type": "Feature",
      "geometry": {
        "type": "Polygon",
        "coordinates": [
          [
            [
              -74.7875,
              1.5678
            ],
            [
              -74.7875,
              1.5847
            ],
            [
              -74.7988,
              1.5856
            ],
            [
              -74.8106,
              1.603
            ],
            [
              -74.8074,
              1.626
            ],
            [
              -74.7953,
              1.652
            ],
            [
              -74.7992,
              1.6598
            ],
            [
              -74.7952,
              1.6792
            ],
            [
              -74.8023,
              1.6886
            ],
            [
              -74.7998,
              1.7068
            ],
            [
              -74.8153,
              1.7201
            ],
            [
              -74.8133,
              1.7303
            ],
            [
              -74.829,
              1.735
            ],
            [
              -74.8444,
              1.7508
            ],
            [
              -74.8504,
              1.766
            ],
            [
              -74.8333,
              1.7899
            ],
            [
              -74.8457,
              1.7982
            ],
            [
              -74.8568,
              1.8156
            ],
            [
              -74.8556,
              1.8537
            ],
            [
              -74.858,
              1.8643
            ],
            [
              -74.8834,
              1.9105
            ],
            [
              -74.8785,
              1.916
            ],
            [
              -74.8974,
              1.9392
            ],
            [
              -74.9016,
              1.9533
            ],
            [
              -74.9174,
              1.9628
            ],
            [
              -74.923,
              1.9732
            ],
            [
              -74.9174,
              2.0063
            ],
            [
              -74.9227,
              2.0264
            ],
            [
              -74.9381,
              2.0403
            ],
            [
              -74.9483,
              2.0329
            ],
            [
              -74.9531,
              2.0434
            ],
            [
              -74.9414,
              2.0803
            ],
            [
              -74.947,
              2.0983
            ],
            [
              -74.961,
              2.0859
            ],
            [
              -74.9656,
              2.103
            ],
            [
              -74.998,
              2.1111
            ],
            [
              -75.0058,
              2.1252
            ],
            [
              -75.0039,
              2.1383
            ],
            [
              -75.0152,
              2.1476
            ],
            [
              -75.0261,
              2.1501
            ],
            [
              -75.024,
              2.1817
            ],
            [
              -75.018,
              2.1875
            ],
            [
              -75.0076,
              2.2127
            ],
            [
              -75.0068,
              2.2318
            ],
            [
              -75.0006,
              2.2464
            ],
            [
              -75.0068,
              2.2563
            ],
            [
              -74.9991,
              2.2759
            ],
            [
              -75.0018,
              2.2855
            ],
            [
              -74.9893,
              2.2985
            ],
            [
              -74.9952,
              2.3225
            ],
            [
              -74.9845,
              2.3339
            ],
            [
              -74.9867,
              2.3463
            ],
            [
              -75.003,
              2.3527
            ],
            [
              -74.9949,
              2.3678
            ],
            [
              -74.9929,
              2.3871
            ],
            [
              -74.9973,
              2.3942
            ],
            [
              -74.9888,
              2.4294
            ],
            [
              -74.9832,
              2.4353
            ],
            [
              -74.996,
              2.4488
            ],
            [
              -75.0124,
              2.4554
            ],
            [
              -75.0098,
              2.4699
            ],
            [
              -75.0156,
              2.4897
            ],
            [
              -75.0098,
              2.4984
            ],
            [
              -74.9962,
              2.5397
            ],
            [
              -74.9845,
              2.551
            ],
            [
              -74.9805,
              2.5649
            ],
            [
              -74.9984,
              2.587
            ],
            [
              -75.0287,
              2.5903
            ],
            [
              -75.0406,
              2.6065
            ],
            [
              -75.0482,
              2.6095
            ],
            [
              -75.0546,
              2.6285
            ],
            [
              -75.0933,
              2.6241
            ],
            [
              -75.1037,
              2.6262
            ],
            [
              -75.1202,
              2.6068
            ],
            [
              -75.1344,
              2.5991
            ],
            [
              -75.1427,
              2.5877
            ],
            [
              -75.1537,
              2.582
            ],
            [
              -75.1576,
              2.5636
            ],
            [
              -75.1697,
              2.5516
            ],
            [
              -75.1818,
              2.5292
            ],
            [
              -75.1726,
              2.5238
            ],
            [
              -75.1811,
              2.5071
            ],
            [
              -75.1945,
              2.5119
            ],
            [
              -75.207,
              2.5085
            ],
            [
              -75.2275,
              2.5113
            ],
            [
              -75.2257,
              2.5025
            ],
            [
              -75.2311,
              2.4809
            ],
            [
              -75.2533,
              2.453
            ],
            [
              -75.2595,
              2.4411
            ],
            [
              -75.2772,
              2.4245
            ],
            [
              -75.2871,
              2.4097
            ],
            [
              -75.2863,
              2.3964
            ],
            [
              -75.2927,
              2.384
            ],
            [
              -75.3011,
              2.3795
            ],
            [
              -75.3101,
              2.3616
            ],
            [
              -75.3284,
              2.3659
            ],
            [
              -75.3332,
              2.3595
            ],
            [
              -75.343,
              2.3318
            ],
            [
              -75.3487,
              2.3235
            ],
            [
              -75.3327,
              2.3111
            ],
            [
              -75.3328,
              2.2975
            ],
            [
              -75.3123,
              2.2875
            ],
            [
              -75.3148,
              2.2726
            ],
            [
              -75.2871,
              2.2709
            ],
            [
              -75.2878,
              2.2601
            ],
            [
              -75.2778,
              2.2388
            ],
            [
              -75.2742,
              2.2184
            ],
            [
              -75.2613,
              2.2107
            ],
            [
              -75.2582,
              2.2002
            ],
            [
              -75.2618,
              2.1794
            ],
            [
              -75.2564,
              2.1639
            ],
            [
              -75.2622,
              2.1566
            ],
            [
              -75.2571,
              2.1381
            ],
            [
              -75.2685,
              2.1167
            ],
            [
              -75.2676,
              2.1063
            ],
            [
              -75.2769,
              2.0782
            ],
            [
              -75.2975,
              2.0542
            ],
            [
              -75.2964,
              2.0157
            ],
            [
              -75.2875,
              2.0057
            ],
            [
              -75.2966,
              1.9922
            ],
            [
              -75.2946,
              1.9791
            ],
            [
              -75.3019,
              1.9704
            ],
            [
              -75.3039,
              1.9524
            ],
            [
              -75.2985,
              1.9332
            ],
            [
              -75.3066,
              1.87
            ],
            [
              -75.3116,
              1.8667
            ],
            [
              -75.3145,
              1.8458
            ],
            [
              -75.3231,
              1.8391
            ],
            [
              -75.3178,
              1.8281
            ],
            [
              -75.3197,
              1.8158
            ],
            [
              -75.3155,
              1.8014
            ],
            [
              -75.2791,
              1.7913
            ],
            [
              -75.2605,
              1.7939
            ],
            [
              -75.2501,
              1.7786
            ],
            [
              -75.2339,
              1.7739
            ],
            [
              -75.222,
              1.7624
            ],
            [
              -75.2141,
              1.7488
            ],
            [
              -75.1952,
              1.7385
            ],
            [
              -75.1943,
              1.725
            ],
            [
              -75.178,
              1.7106
            ],
            [
              -75.1613,
              1.7166
            ],
            [
              -75.1572,
              1.7106
            ],
            [
              -75.1274,
              1.7103
            ],
            [
              -75.1174,
              1.7176
            ],
            [
              -75.1042,
              1.7149
            ],
            [
              -75.0794,
              1.7235
            ],
            [
              -75.0727,
              1.7201
            ],
            [
              -75.0544,
              1.7325
            ],
            [
              -75.0355,
              1.719
            ],
            [
              -75.0277,
              1.6888
            ],
            [
              -75.0311,
              1.6764
            ],
            [
              -75.0245,
              1.6641
            ],
            [
              -75.0325,
              1.657
            ],
            [
              -75.024,
              1.6483
            ],
            [
              -75.0107,
              1.6458
            ],
            [
              -75.0064,
              1.6351
            ],
            [
              -74.9933,
              1.6292
            ],
            [
              -74.9912,
              1.6104
            ],
            [
              -74.9797,
              1.5914
            ],
            [
              -74.9753,
              1.5624
            ],
            [
              -74.9627,
              1.5541
            ],
            [
              -74.9562,
              1.5313
            ],
            [
              -74.9429,
              1.5251
            ],
            [
              -74.9412,
              1.5112
            ],
            [
              -74.933,
              1.5037
            ],
            [
              -74.9386,
              1.4851
            ],
            [
              -74.9294,
              1.4704
            ],
            [
              -74.9311,
              1.4578
            ],
            [
              -74.9202,
              1.4556
            ],
            [
              -74.917,
              1.4344
            ],
            [
              -74.9295,
              1.4255
            ],
            [
              -74.9063,
              1.416
            ],
            [
              -74.9114,
              1.402
            ],
            [
              -74.8862,
              1.4117
            ],
            [
              -74.8747,
              1.4116
            ],
            [
              -74.875,
              1.3963
            ],
            [
              -74.8692,
              1.3875
            ],
            [
              -74.8551,
              1.3944
            ],
            [
              -74.8373,
              1.3879
            ],
            [
              -74.8175,
              1.3997
            ],
            [
              -74.7992,
              1.4235
            ],
            [
              -74.8051,
              1.4334
            ],
            [
              -74.7947,
              1.4392
            ],
            [
              -74.7964,
              1.4612
            ],
            [
              -74.8079,
              1.4711
            ],
            [
              -74.7984,
              1.4935
            ],
            [
              -74.7972,
              1.5239
            ],
            [
              -74.7917,
              1.5356
            ],
            [
              -74.7932,
              1.5536
            ],
            [
              -74.7875,
              1.5678
            ]
          ]
        ]
      },
      "properties": {
        "OBJECTID": 356,
        "DPTO_CCDGO": "44",
        "MPIO_CCDGO": "592",
        "name": "44009",
        "MPIO_CRSLC": "Decreto 1678 de Septiembretiembre 7 de 1967",
        "MPIO_NANO_": 1993,
        "MPIO_NAREA": 2798.8880497,
        "MPIO_CSMBL": "4",
        "MPIO_CCNCT": "18592",
        "MPIO_NANO": 2012,
        "SHAPE_Leng": 4.1729679224,
        "SHAPE_Area": 0.22744364996,
        "NOMBRE": "PUERTO RICO",
        "DANE": {
          "dpto_ccdgo": "18",
          "mpio_ccdgo": "592",
          "mpio_cdpmp": "18592",
          "dpto_cnmbr": "CAQUETÁ",
          "mpio_cnmbr": "PUERTO RICO",
          "mpio_crslc": "Decreto 1678 de Septiembretiembre 7 de 1967",
          "mpio_tipo": "MUNICIPIO",
          "mpio_narea": 4146.39715962,
          "mpio_nano": 2024,
          "shape_Leng": 4.26444952024,
          "shape_Area": 0.336961096116
        }
      }
    },
    {
      "type": "Feature",
      "geometry": {
        "type": "Polygon",
        "coordinates": [
          [
            [
              -76.099,
              1.5643
            ],
            [
              -76.1206,
              1.5527
            ],
            [
              -76.1237,
              1.5649
            ],
            [
              -76.1516,
              1.5823
            ],
            [
              -76.1697,
              1.588
            ],
            [
              -76.1585,
              1.5786
            ],
            [
              -76.1494,
              1.5494
            ],
            [
              -76.1494,
              1.5359
            ],
            [
              -76.1719,
              1.5078
            ],
            [
              -76.1836,
              1.4887
            ],
            [
              -76.1861,
              1.464
            ],
            [
              -76.1758,
              1.4511
            ],
            [
              -76.1833,
              1.4428
            ],
            [
              -76.1895,
              1.4259
            ],
            [
              -76.202,
              1.4181
            ],
            [
              -76.1997,
              1.3738
            ],
            [
              -76.2039,
              1.3532
            ],
            [
              -76.223,
              1.3379
            ],
            [
              -76.2251,
              1.322
            ],
            [
              -76.2315,
              1.3089
            ],
            [
              -76.2454,
              1.2991
            ],
            [
              -76.2446,
              1.2925
            ],
            [
              -76.2685,
              1.2666
            ],
            [
              -76.2759,
              1.2649
            ],
            [
              -76.3033,
              1.236
            ],
            [
              -76.3026,
              1.227
            ],
            [
              -76.29,
              1.21
            ],
            [
              -76.2907,
              1.2
            ],
            [
              -76.3,
              1.192
            ],
            [
              -76.2853,
              1.17
            ],
            [
              -76.2871,
              1.1578
            ],
            [
              -76.2805,
              1.1379
            ],
            [
              -76.2592,
              1.1223
            ],
            [
              -76.2487,
              1.1188
            ],
            [
              -76.2323,
              1.1213
            ],
            [
              -76.2131,
              1.1095
            ],
            [
              -76.2035,
              1.1157
            ],
            [
              -76.195,
              1.1074
            ],
            [
              -76.1802,
              1.1051
            ],
            [
              -76.1727,
              1.1108
            ],
            [
              -76.1522,
              1.1092
            ],
            [
              -76.146,
              1.1002
            ],
            [
              -76.1328,
              1.1013
            ],
            [
              -76.1355,
              1.1098
            ],
            [
              -76.119,
              1.1154
            ],
            [
              -76.0999,
              1.1474
            ],
            [
              -76.0825,
              1.1395
            ],
            [
              -76.0706,
              1.1244
            ],
            [
              -76.0417,
              1.1198
            ],
            [
              -76.0294,
              1.1111
            ],
            [
              -76.0156,
              1.1213
            ],
            [
              -76.0297,
              1.1405
            ],
            [
              -76.0256,
              1.1587
            ],
            [
              -75.995,
              1.1587
            ],
            [
              -75.9356,
              1.1712
            ],
            [
              -75.9555,
              1.1818
            ],
            [
              -75.9579,
              1.1981
            ],
            [
              -75.981,
              1.2242
            ],
            [
              -75.9737,
              1.2362
            ],
            [
              -75.9811,
              1.2553
            ],
            [
              -75.9685,
              1.2757
            ],
            [
              -75.9476,
              1.3249
            ],
            [
              -75.9065,
              1.3593
            ],
            [
              -75.9305,
              1.3742
            ],
            [
              -75.9565,
              1.3832
            ],
            [
              -75.9582,
              1.3928
            ],
            [
              -75.9815,
              1.4047
            ],
            [
              -75.9811,
              1.4112
            ],
            [
              -75.9955,
              1.4215
            ],
            [
              -75.9988,
              1.4362
            ],
            [
              -75.9936,
              1.4439
            ],
            [
              -75.9989,
              1.4563
            ],
            [
              -76.0143,
              1.4748
            ],
            [
              -76.003,
              1.4929
            ],
            [
              -76.0129,
              1.5063
            ],
            [
              -76.0158,
              1.5179
            ],
            [
              -76.0252,
              1.5288
            ],
            [
              -76.0476,
              1.5289
            ],
            [
              -76.0697,
              1.5082
            ],
            [
              -76.0886,
              1.5045
            ],
            [
              -76.0975,
              1.5113
            ],
            [
              -76.1026,
              1.5243
            ],
            [
              -76.0968,
              1.5363
            ],
            [
              -76.099,
              1.5643
            ]
          ]
        ]
      },
      "properties": {
        "OBJECTID": 357,
        "DPTO_CCDGO": "44",
        "MPIO_CCDGO": "610",
        "name": "44020",
        "MPIO_CRSLC": "Ordenanza 3 de Noviembre 12 de 1985",
        "MPIO_NANO_": 1993,
        "MPIO_NAREA": 1131.93508528,
        "MPIO_CSMBL": "4",
        "MPIO_CCNCT": "18610",
        "MPIO_NANO": 2012,
        "SHAPE_Leng": 1.84039759013,
        "SHAPE_Area": 0.0919566071071,
        "NOMBRE": "SAN JOSE DEL FRAGUA",
        "DANE": {
          "dpto_ccdgo": "18",
          "mpio_ccdgo": "610",
          "mpio_cdpmp": "18610",
          "dpto_cnmbr": "CAQUETÁ",
          "mpio_cnmbr": "SAN JOSÉ DEL FRAGUA",
          "mpio_crslc": "Ordenanza 3 de Noviembre 12 de 1985",
          "mpio_tipo": "MUNICIPIO",
          "mpio_narea": 1310.11696987,
          "mpio_nano": 2024,
          "shape_Leng": 2.11954219363,
          "shape_Area": 0.106327260214
        }
      }
    },
    {
      "type": "Feature",
      "geometry": {
        "type": "Polygon",
        "coordinates": [
          [
            [
              -74.6,
              2.6363
            ],
            [
              -74.5929,
              2.6567
            ],
            [
              -74.5858,
              2.6654
            ],
            [
              -74.59,
              2.6733
            ],
            [
              -74.6067,
              2.6829
            ],
            [
              -74.6233,
              2.7
            ],
            [
              -74.6379,
              2.7083
            ],
            [
              -74.6271,
              2.7217
            ],
            [
              -74.63,
              2.7342
            ],
            [
              -74.6177,
              2.7535
            ],
            [
              -74.6433,
              2.7558
            ],
            [
              -74.6446,
              2.7717
            ],
            [
              -74.6537,
              2.7842
            ],
            [
              -74.6579,
              2.8042
            ],
            [
              -74.6667,
              2.805
            ],
            [
              -74.6658,
              2.8238
            ],
            [
              -74.6717,
              2.8317
            ],
            [
              -74.6617,
              2.8421
            ],
            [
              -74.6667,
              2.8704
            ],
            [
              -74.6733,
              2.8887
            ],
            [
              -74.6921,
              2.8933
            ],
            [
              -74.7608,
              2.8729
            ],
            [
              -74.7694,
              2.8731
            ],
            [
              -74.7792,
              2.8875
            ],
            [
              -74.7825,
              2.9054
            ],
            [
              -74.7942,
              2.915
            ],
            [
              -74.7892,
              2.9262
            ],
            [
              -74.7992,
              2.9379
            ],
            [
              -74.8175,
              2.9238
            ],
            [
              -74.8313,
              2.9175
            ],
            [
              -74.8369,
              2.9085
            ],
            [
              -74.85,
              2.9137
            ],
            [
              -74.871,
              2.9165
            ],
            [
              -74.8942,
              2.905
            ],
            [
              -74.9,
              2.8925
            ],
            [
              -74.9106,
              2.8835
            ],
            [
              -74.9204,
              2.9033
            ],
            [
              -74.9333,
              2.9094
            ],
            [
              -74.9446,
              2.8968
            ],
            [
              -74.9713,
              2.8701
            ],
            [
              -74.9754,
              2.8628
            ],
            [
              -74.989,
              2.858
            ],
            [
              -74.9917,
              2.851
            ],
            [
              -75.0225,
              2.8096
            ],
            [
              -75.0265,
              2.7932
            ],
            [
              -75.0359,
              2.7884
            ],
            [
              -75.0424,
              2.777
            ],
            [
              -75.0691,
              2.7461
            ],
            [
              -75.0768,
              2.7437
            ],
            [
              -75.0879,
              2.7303
            ],
            [
              -75.096,
              2.7376
            ],
            [
              -75.114,
              2.7248
            ],
            [
              -75.1206,
              2.7295
            ],
            [
              -75.1453,
              2.7234
            ],
            [
              -75.1527,
              2.7088
            ],
            [
              -75.1541,
              2.7041
            ],
            [
              -75.1332,
              2.6936
            ],
            [
              -75.1414,
              2.667
            ],
            [
              -75.1539,
              2.6559
            ],
            [
              -75.1556,
              2.6459
            ],
            [
              -75.1496,
              2.6211
            ],
            [
              -75.134,
              2.6049
            ],
            [
              -75.1344,
              2.5991
            ],
            [
              -75.1202,
              2.6068
            ],
            [
              -75.1037,
              2.6262
            ],
            [
              -75.0933,
              2.6241
            ],
            [
              -75.0546,
              2.6285
            ],
            [
              -75.0482,
              2.6095
            ],
            [
              -75.0406,
              2.6065
            ],
            [
              -75.0287,
              2.5903
            ],
            [
              -74.9984,
              2.587
            ],
            [
              -74.9805,
              2.5649
            ],
            [
              -74.9845,
              2.551
            ],
            [
              -74.9962,
              2.5397
            ],
            [
              -75.0098,
              2.4984
            ],
            [
              -75.0156,
              2.4897
            ],
            [
              -75.0098,
              2.4699
            ],
            [
              -75.0124,
              2.4554
            ],
            [
              -74.996,
              2.4488
            ],
            [
              -74.9832,
              2.4353
            ],
            [
              -74.9888,
              2.4294
            ],
            [
              -74.9973,
              2.3942
            ],
            [
              -74.9929,
              2.3871
            ],
            [
              -74.9949,
              2.3678
            ],
            [
              -75.003,
              2.3527
            ],
            [
              -74.9867,
              2.3463
            ],
            [
              -74.9845,
              2.3339
            ],
            [
              -74.9952,
              2.3225
            ],
            [
              -74.9893,
              2.2985
            ],
            [
              -75.0018,
              2.2855
            ],
            [
              -74.9991,
              2.2759
            ],
            [
              -75.0068,
              2.2563
            ],
            [
              -75.0006,
              2.2464
            ],
            [
              -75.0068,
              2.2318
            ],
            [
              -75.0076,
              2.2127
            ],
            [
              -75.018,
              2.1875
            ],
            [
              -75.024,
              2.1817
            ],
            [
              -75.0261,
              2.1501
            ],
            [
              -75.0152,
              2.1476
            ],
            [
              -75.0039,
              2.1383
            ],
            [
              -75.0058,
              2.1252
            ],
            [
              -74.998,
              2.1111
            ],
            [
              -74.9656,
              2.103
            ],
            [
              -74.961,
              2.0859
            ],
            [
              -74.947,
              2.0983
            ],
            [
              -74.9414,
              2.0803
            ],
            [
              -74.9531,
              2.0434
            ],
            [
              -74.9483,
              2.0329
            ],
            [
              -74.9381,
              2.0403
            ],
            [
              -74.9227,
              2.0264
            ],
            [
              -74.9174,
              2.0063
            ],
            [
              -74.923,
              1.9732
            ],
            [
              -74.9174,
              1.9628
            ],
            [
              -74.9016,
              1.9533
            ],
            [
              -74.8974,
              1.9392
            ],
            [
              -74.8785,
              1.916
            ],
            [
              -74.8834,
              1.9105
            ],
            [
              -74.858,
              1.8643
            ],
            [
              -74.8556,
              1.8537
            ],
            [
              -74.8568,
              1.8156
            ],
            [
              -74.8457,
              1.7982
            ],
            [
              -74.8333,
              1.7899
            ],
            [
              -74.8504,
              1.766
            ],
            [
              -74.8444,
              1.7508
            ],
            [
              -74.829,
              1.735
            ],
            [
              -74.8133,
              1.7303
            ],
            [
              -74.8153,
              1.7201
            ],
            [
              -74.7998,
              1.7068
            ],
            [
              -74.8023,
              1.6886
            ],
            [
              -74.7952,
              1.6792
            ],
            [
              -74.7992,
              1.6598
            ],
            [
              -74.7953,
              1.652
            ],
            [
              -74.8074,
              1.626
            ],
            [
              -74.8106,
              1.603
            ],
            [
              -74.7988,
              1.5856
            ],
            [
              -74.7875,
              1.5847
            ],
            [
              -74.7875,
              1.5678
            ],
            [
              -74.7156,
              1.4536
            ],
            [
              -74.6076,
              1.2819
            ],
            [
              -74.5777,
              1.2594
            ],
            [
              -74.5724,
              1.2479
            ],
            [
              -74.5727,
              1.2337
            ],
            [
              -74.5557,
              1.219
            ],
            [
              -74.5342,
              1.2117
            ],
            [
              -74.5254,
              1.1996
            ],
            [
              -74.5002,
              1.1943
            ],
            [
              -74.4732,
              1.1759
            ],
            [
              -74.4596,
              1.1598
            ],
            [
              -74.4309,
              1.1173
            ],
            [
              -74.383,
              1.0992
            ],
            [
              -74.3782,
              1.07
            ],
            [
              -74.3609,
              1.0461
            ],
            [
              -74.3441,
              1.0313
            ],
            [
              -74.3339,
              1.0148
            ],
            [
              -74.3048,
              0.9947
            ],
            [
              -74.2816,
              0.9858
            ],
            [
              -74.2809,
              0.9749
            ],
            [
              -74.2624,
              0.9692
            ],
            [
              -74.2637,
              0.9543
            ],
            [
              -74.2514,
              0.9576
            ],
            [
              -74.2379,
              0.9295
            ],
            [
              -74.2286,
              0.9368
            ],
            [
              -74.2219,
              0.9266
            ],
            [
              -74.1883,
              0.9005
            ],
            [
              -74.18,
              0.9042
            ],
            [
              -74.1755,
              0.8827
            ],
            [
              -74.1587,
              0.8772
            ],
            [
              -74.1466,
              0.8678
            ],
            [
              -74.1296,
              0.8653
            ],
            [
              -74.1337,
              0.8553
            ],
            [
              -74.1185,
              0.8463
            ],
            [
              -74.1006,
              0.842
            ],
            [
              -74.0973,
              0.849
            ],
            [
              -74.0767,
              0.8399
            ],
            [
              -74.0772,
              0.8288
            ],
            [
              -74.0847,
              0.8133
            ],
            [
              -74.0745,
              0.7952
            ],
            [
              -74.077,
              0.7812
            ],
            [
              -74.0706,
              0.757
            ],
            [
              -74.055,
              0.7564
            ],
            [
              -74.058,
              0.7451
            ],
            [
              -74.0461,
              0.7359
            ],
            [
              -74.0317,
              0.7326
            ],
            [
              -74.0196,
              0.7082
            ],
            [
              -74.017,
              0.6952
            ],
            [
              -74.0052,
              0.6841
            ],
            [
              -74.0109,
              0.6695
            ],
            [
              -74.0053,
              0.6594
            ],
            [
              -73.9887,
              0.6556
            ],
            [
              -73.9913,
              0.6384
            ],
            [
              -73.9747,
              0.6301
            ],
            [
              -73.9628,
              0.6157
            ],
            [
              -73.9438,
              0.6203
            ],
            [
              -73.9321,
              0.6164
            ],
            [
              -73.9252,
              0.634
            ],
            [
              -73.9171,
              0.6378
            ],
            [
              -73.9045,
              0.6316
            ],
            [
              -73.8954,
              0.6207
            ],
            [
              -73.8854,
              0.6185
            ],
            [
              -73.8927,
              0.5981
            ],
            [
              -73.875,
              0.5913
            ],
            [
              -73.8696,
              0.5743
            ],
            [
              -73.8514,
              0.581
            ],
            [
              -73.8352,
              0.5745
            ],
            [
              -73.8357,
              0.5633
            ],
            [
              -73.8167,
              0.5613
            ],
            [
              -73.8083,
              0.5647
            ],
            [
              -73.7959,
              0.5809
            ],
            [
              -73.7841,
              0.5765
            ],
            [
              -73.7673,
              0.5984
            ],
            [
              -73.7478,
              0.608
            ],
            [
              -73.7414,
              0.605
            ],
            [
              -73.729,
              0.6221
            ],
            [
              -73.7159,
              0.597
            ],
            [
              -73.7027,
              0.5962
            ],
            [
              -73.6995,
              0.5796
            ],
            [
              -73.6847,
              0.5703
            ],
            [
              -73.6942,
              0.5504
            ],
            [
              -73.6779,
              0.5453
            ],
            [
              -73.6729,
              0.5363
            ],
            [
              -73.6605,
              0.5698
            ],
            [
              -73.6482,
              0.5892
            ],
            [
              -73.6408,
              0.6128
            ],
            [
              -73.6426,
              0.6206
            ],
            [
              -73.6217,
              0.6516
            ],
            [
              -73.6085,
              0.6553
            ],
            [
              -73.5943,
              0.6736
            ],
            [
              -73.5855,
              0.6756
            ],
            [
              -73.5762,
              0.6962
            ],
            [
              -73.5811,
              0.7038
            ],
            [
              -73.5758,
              0.7188
            ],
            [
              -73.5834,
              0.7283
            ],
            [
              -73.5758,
              0.7449
            ],
            [
              -73.5847,
              0.7566
            ],
            [
              -73.5842,
              0.7697
            ],
            [
              -73.5688,
              0.782
            ],
            [
              -73.5668,
              0.8093
            ],
            [
              -73.5575,
              0.8135
            ],
            [
              -73.5505,
              0.8374
            ],
            [
              -73.5396,
              0.8468
            ],
            [
              -73.5362,
              0.8628
            ],
            [
              -73.5406,
              0.8935
            ],
            [
              -73.5311,
              0.9066
            ],
            [
              -73.5161,
              0.955
            ],
            [
              -73.5147,
              0.9841
            ],
            [
              -73.5027,
              1.006
            ],
            [
              -73.4929,
              1.0112
            ],
            [
              -73.4912,
              1.0261
            ],
            [
              -73.4718,
              1.0339
            ],
            [
              -73.4648,
              1.0438
            ],
            [
              -73.4411,
              1.0494
            ],
            [
              -73.4283,
              1.0556
            ],
            [
              -73.3787,
              1.0668
            ],
            [
              -73.375,
              1.0535
            ],
            [
              -73.3632,
              1.0434
            ],
            [
              -73.352,
              1.0455
            ],
            [
              -73.3312,
              1.0411
            ],
            [
              -73.3129,
              1.0285
            ],
            [
              -73.3086,
              1.0158
            ],
            [
              -73.2916,
              1.0128
            ],
            [
              -73.2393,
              1.0326
            ],
            [
              -73.2647,
              1.0482
            ],
            [
              -73.2773,
              1.0466
            ],
            [
              -73.2808,
              1.0598
            ],
            [
              -73.3021,
              1.0702
            ],
            [
              -73.3013,
              1.0753
            ],
            [
              -73.3226,
              1.0807
            ],
            [
              -73.3346,
              1.0941
            ],
            [
              -73.334,
              1.1103
            ],
            [
              -73.3579,
              1.1285
            ],
            [
              -73.3732,
              1.1312
            ],
            [
              -73.3746,
              1.1415
            ],
            [
              -73.3927,
              1.1471
            ],
            [
              -73.3963,
              1.1702
            ],
            [
              -73.4118,
              1.1749
            ],
            [
              -73.4182,
              1.1982
            ],
            [
              -73.4149,
              1.2118
            ],
            [
              -73.4225,
              1.2183
            ],
            [
              -73.4162,
              1.2273
            ],
            [
              -73.414,
              1.2456
            ],
            [
              -73.4253,
              1.2648
            ],
            [
              -73.424,
              1.2812
            ],
            [
              -73.4282,
              1.2958
            ],
            [
              -73.447,
              1.2908
            ],
            [
              -73.4597,
              1.3118
            ],
            [
              -73.4573,
              1.3231
            ],
            [
              -73.4701,
              1.341
            ],
            [
              -73.4766,
              1.3617
            ],
            [
              -73.5033,
              1.3702
            ],
            [
              -73.5102,
              1.3869
            ],
            [
              -73.5351,
              1.3899
            ],
            [
              -73.5481,
              1.4072
            ],
            [
              -73.5466,
              1.4365
            ],
            [
              -73.5556,
              1.449
            ],
            [
              -73.5787,
              1.4698
            ],
            [
              -73.5824,
              1.4838
            ],
            [
              -73.5934,
              1.4899
            ],
            [
              -73.6112,
              1.5109
            ],
            [
              -73.6136,
              1.5237
            ],
            [
              -73.6267,
              1.5391
            ],
            [
              -73.638,
              1.5456
            ],
            [
              -73.6492,
              1.5681
            ],
            [
              -73.6583,
              1.5764
            ],
            [
              -73.6637,
              1.5965
            ],
            [
              -73.6567,
              1.6177
            ],
            [
              -73.8015,
              1.7511
            ],
            [
              -73.9166,
              1.8572
            ],
            [
              -74.04,
              1.9708
            ],
            [
              -74.06,
              1.9737
            ],
            [
              -74.0662,
              1.9792
            ],
            [
              -74.0925,
              1.9775
            ],
            [
              -74.105,
              1.9725
            ],
            [
              -74.1079,
              1.9817
            ],
            [
              -74.125,
              1.9929
            ],
            [
              -74.1433,
              1.9929
            ],
            [
              -74.1533,
              1.9796
            ],
            [
              -74.1729,
              1.98
            ],
            [
              -74.1925,
              1.9875
            ],
            [
              -74.2038,
              1.9954
            ],
            [
              -74.2281,
              2.0276
            ],
            [
              -74.2314,
              2.0495
            ],
            [
              -74.2529,
              2.0586
            ],
            [
              -74.305,
              2.0595
            ],
            [
              -74.3188,
              2.0619
            ],
            [
              -74.3665,
              2.0607
            ],
            [
              -74.3842,
              2.0808
            ],
            [
              -74.4008,
              2.0846
            ],
            [
              -74.4175,
              2.0783
            ],
            [
              -74.4317,
              2.0908
            ],
            [
              -74.4683,
              2.0942
            ],
            [
              -74.4842,
              2.11
            ],
            [
              -74.4775,
              2.1208
            ],
            [
              -74.4908,
              2.1367
            ],
            [
              -74.5096,
              2.1317
            ],
            [
              -74.5387,
              2.11
            ],
            [
              -74.5529,
              2.1242
            ],
            [
              -74.5788,
              2.1242
            ],
            [
              -74.6042,
              2.1579
            ],
            [
              -74.5921,
              2.1642
            ],
            [
              -74.5892,
              2.1925
            ],
            [
              -74.5917,
              2.2017
            ],
            [
              -74.6075,
              2.2079
            ],
            [
              -74.6158,
              2.1996
            ],
            [
              -74.6342,
              2.1954
            ],
            [
              -74.6625,
              2.2113
            ],
            [
              -74.66,
              2.2267
            ],
            [
              -74.6508,
              2.2275
            ],
            [
              -74.6508,
              2.2413
            ],
            [
              -74.6592,
              2.2521
            ],
            [
              -74.6842,
              2.26
            ],
            [
              -74.6933,
              2.2704
            ],
            [
              -74.6979,
              2.285
            ],
            [
              -74.7092,
              2.2838
            ],
            [
              -74.7158,
              2.2692
            ],
            [
              -74.7417,
              2.2721
            ],
            [
              -74.7487,
              2.2825
            ],
            [
              -74.7408,
              2.3129
            ],
            [
              -74.7396,
              2.3308
            ],
            [
              -74.7271,
              2.3592
            ],
            [
              -74.7192,
              2.3608
            ],
            [
              -74.7087,
              2.3758
            ],
            [
              -74.7046,
              2.3933
            ],
            [
              -74.6929,
              2.42
            ],
            [
              -74.6729,
              2.425
            ],
            [
              -74.6729,
              2.4467
            ],
            [
              -74.6617,
              2.4754
            ],
            [
              -74.6629,
              2.4883
            ],
            [
              -74.6475,
              2.4937
            ],
            [
              -74.6583,
              2.5138
            ],
            [
              -74.6733,
              2.5196
            ],
            [
              -74.6792,
              2.5329
            ],
            [
              -74.6754,
              2.5392
            ],
            [
              -74.6817,
              2.5583
            ],
            [
              -74.6462,
              2.59
            ],
            [
              -74.6492,
              2.5975
            ],
            [
              -74.6417,
              2.6088
            ],
            [
              -74.6121,
              2.6233
            ],
            [
              -74.6,
              2.6363
            ]
          ]
        ]
      },
      "properties": {
        "OBJECTID": 358,
        "DPTO_CCDGO": "44",
        "MPIO_CCDGO": "753",
        "name": "44010",
        "MPIO_CRSLC": "Decreto 963 de Marzo 14 de 1950",
        "MPIO_NANO_": 1993,
        "MPIO_NAREA": 18797.726982,
        "MPIO_CSMBL": "4",
        "MPIO_CCNCT": "18753",
        "MPIO_NANO": 2012,
        "SHAPE_Leng": 10.0576292594,
        "SHAPE_Area": 1.52767735875,
        "NOMBRE": "SAN VICENTE DEL CAGUAN",
        "DANE": {
          "dpto_ccdgo": "18",
          "mpio_ccdgo": "753",
          "mpio_cdpmp": "18753",
          "dpto_cnmbr": "CAQUETÁ",
          "mpio_cnmbr": "SAN VICENTE DEL CAGUÁN",
          "mpio_crslc": "Decreto 963 de Marzo 14 de 1950",
          "mpio_tipo": "MUNICIPIO",
          "mpio_narea": 20192.9097728,
          "mpio_nano": 2024,
          "shape_Leng": 10.6336238201,
          "shape_Area": 1.64108144566
        }
      }
    },
    {
      "type": "Feature",
      "geometry": {
        "type": "Polygon",
        "coordinates": [
          [
            [
              -72.0332,
              0.6643
            ],
            [
              -72.0486,
              0.6562
            ],
            [
              -72.0828,
              0.6571
            ],
            [
              -72.0725,
              0.6662
            ],
            [
              -72.0669,
              0.6812
            ],
            [
              -72.0717,
              0.6949
            ],
            [
              -72.0811,
              0.7049
            ],
            [
              -72.094,
              0.6988
            ],
            [
              -72.1098,
              0.7049
            ],
            [
              -72.1214,
              0.7217
            ],
            [
              -72.1195,
              0.7344
            ],
            [
              -72.1289,
              0.7398
            ],
            [
              -72.1403,
              0.7181
            ],
            [
              -72.1593,
              0.7329
            ],
            [
              -72.1625,
              0.7143
            ],
            [
              -72.1908,
              0.727
            ],
            [
              -72.2004,
              0.702
            ],
            [
              -72.2101,
              0.7001
            ],
            [
              -72.2303,
              0.7162
            ],
            [
              -72.2219,
              0.7473
            ],
            [
              -72.2262,
              0.7575
            ],
            [
              -72.2387,
              0.7681
            ],
            [
              -72.2504,
              0.7902
            ],
            [
              -72.2662,
              0.7947
            ],
            [
              -72.2611,
              0.7669
            ],
            [
              -72.2697,
              0.7631
            ],
            [
              -72.2934,
              0.7824
            ],
            [
              -72.3101,
              0.8093
            ],
            [
              -72.3033,
              0.8174
            ],
            [
              -72.288,
              0.8238
            ],
            [
              -72.3001,
              0.8378
            ],
            [
              -72.2966,
              0.854
            ],
            [
              -72.287,
              0.8623
            ],
            [
              -72.2885,
              0.8732
            ],
            [
              -72.3001,
              0.8821
            ],
            [
              -72.3089,
              0.8763
            ],
            [
              -72.3239,
              0.8754
            ],
            [
              -72.3247,
              0.8658
            ],
            [
              -72.3168,
              0.8544
            ],
            [
              -72.3311,
              0.8508
            ],
            [
              -72.3432,
              0.8707
            ],
            [
              -72.3324,
              0.8804
            ],
            [
              -72.3462,
              0.8996
            ],
            [
              -72.3398,
              0.9241
            ],
            [
              -72.3544,
              0.9351
            ],
            [
              -72.374,
              0.9174
            ],
            [
              -72.3923,
              0.9233
            ],
            [
              -72.377,
              0.9576
            ],
            [
              -72.4005,
              0.9674
            ],
            [
              -72.4103,
              0.9874
            ],
            [
              -72.4034,
              0.9922
            ],
            [
              -72.4006,
              1.0054
            ],
            [
              -72.4237,
              1.0227
            ],
            [
              -72.4262,
              1.0373
            ],
            [
              -72.4551,
              1.0705
            ],
            [
              -72.4569,
              1.0804
            ],
            [
              -72.4678,
              1.0839
            ],
            [
              -72.4841,
              1.0716
            ],
            [
              -72.5002,
              1.0733
            ],
            [
              -72.508,
              1.0676
            ],
            [
              -72.5189,
              1.08
            ],
            [
              -72.5346,
              1.0837
            ],
            [
              -72.557,
              1.0936
            ],
            [
              -72.5749,
              1.1139
            ],
            [
              -72.5875,
              1.1172
            ],
            [
              -72.5897,
              1.1249
            ],
            [
              -72.6032,
              1.1315
            ],
            [
              -72.6192,
              1.1341
            ],
            [
              -72.6352,
              1.1491
            ],
            [
              -72.6367,
              1.1594
            ],
            [
              -72.6514,
              1.1717
            ],
            [
              -72.6578,
              1.1518
            ],
            [
              -72.6708,
              1.1638
            ],
            [
              -72.6937,
              1.1636
            ],
            [
              -72.6962,
              1.18
            ],
            [
              -72.719,
              1.1879
            ],
            [
              -72.7262,
              1.1858
            ],
            [
              -72.7267,
              1.1681
            ],
            [
              -72.734,
              1.1533
            ],
            [
              -72.7425,
              1.1467
            ],
            [
              -72.7419,
              1.1336
            ],
            [
              -72.7508,
              1.1288
            ],
            [
              -72.7645,
              1.1326
            ],
            [
              -72.778,
              1.1479
            ],
            [
              -72.7775,
              1.1646
            ],
            [
              -72.7692,
              1.1771
            ],
            [
              -72.7976,
              1.1761
            ],
            [
              -72.8052,
              1.1827
            ],
            [
              -72.8226,
              1.1787
            ],
            [
              -72.8162,
              1.1681
            ],
            [
              -72.8359,
              1.1558
            ],
            [
              -72.8509,
              1.1582
            ],
            [
              -72.8494,
              1.1453
            ],
            [
              -72.8705,
              1.1456
            ],
            [
              -72.8721,
              1.1354
            ],
            [
              -72.8638,
              1.1082
            ],
            [
              -72.8753,
              1.1008
            ],
            [
              -72.87,
              1.0877
            ],
            [
              -72.8721,
              1.0768
            ],
            [
              -72.8608,
              1.0719
            ],
            [
              -72.8574,
              1.0455
            ],
            [
              -72.8745,
              1.0364
            ],
            [
              -72.8671,
              1.0256
            ],
            [
              -72.8848,
              1.0241
            ],
            [
              -72.9094,
              1.0087
            ],
            [
              -72.9279,
              1.0161
            ],
            [
              -72.9289,
              1.0019
            ],
            [
              -72.9403,
              0.98
            ],
            [
              -72.9527,
              0.9789
            ],
            [
              -72.9602,
              0.9611
            ],
            [
              -72.9914,
              0.9492
            ],
            [
              -72.9871,
              0.9324
            ],
            [
              -73.0069,
              0.9319
            ],
            [
              -73.006,
              0.9196
            ],
            [
              -73.0131,
              0.9115
            ],
            [
              -73.0249,
              0.9214
            ],
            [
              -73.0456,
              0.9062
            ],
            [
              -73.0522,
              0.9117
            ],
            [
              -73.0737,
              0.8956
            ],
            [
              -73.0815,
              0.8973
            ],
            [
              -73.0873,
              0.9105
            ],
            [
              -73.1029,
              0.9123
            ],
            [
              -73.1224,
              0.922
            ],
            [
              -73.13,
              0.9146
            ],
            [
              -73.1394,
              0.9178
            ],
            [
              -73.1485,
              0.9409
            ],
            [
              -73.1644,
              0.9453
            ],
            [
              -73.1682,
              0.9552
            ],
            [
              -73.1788,
              0.9569
            ],
            [
              -73.1824,
              0.9712
            ],
            [
              -73.1716,
              0.9918
            ],
            [
              -73.1827,
              1.0025
            ],
            [
              -73.2127,
              0.9998
            ],
            [
              -73.2351,
              1.0089
            ],
            [
              -73.248,
              1.0224
            ],
            [
              -73.2393,
              1.0326
            ],
            [
              -73.2916,
              1.0128
            ],
            [
              -73.3086,
              1.0158
            ],
            [
              -73.3129,
              1.0285
            ],
            [
              -73.3312,
              1.0411
            ],
            [
              -73.352,
              1.0455
            ],
            [
              -73.3632,
              1.0434
            ],
            [
              -73.375,
              1.0535
            ],
            [
              -73.3787,
              1.0668
            ],
            [
              -73.4283,
              1.0556
            ],
            [
              -73.4411,
              1.0494
            ],
            [
              -73.4648,
              1.0438
            ],
            [
              -73.4718,
              1.0339
            ],
            [
              -73.4912,
              1.0261
            ],
            [
              -73.4929,
              1.0112
            ],
            [
              -73.5027,
              1.006
            ],
            [
              -73.5147,
              0.9841
            ],
            [
              -73.5161,
              0.955
            ],
            [
              -73.5311,
              0.9066
            ],
            [
              -73.5406,
              0.8935
            ],
            [
              -73.5362,
              0.8628
            ],
            [
              -73.5396,
              0.8468
            ],
            [
              -73.5505,
              0.8374
            ],
            [
              -73.5575,
              0.8135
            ],
            [
              -73.5668,
              0.8093
            ],
            [
              -73.5688,
              0.782
            ],
            [
              -73.5842,
              0.7697
            ],
            [
              -73.5847,
              0.7566
            ],
            [
              -73.5758,
              0.7449
            ],
            [
              -73.5834,
              0.7283
            ],
            [
              -73.5758,
              0.7188
            ],
            [
              -73.5811,
              0.7038
            ],
            [
              -73.5762,
              0.6962
            ],
            [
              -73.5855,
              0.6756
            ],
            [
              -73.5943,
              0.6736
            ],
            [
              -73.6085,
              0.6553
            ],
            [
              -73.6217,
              0.6516
            ],
            [
              -73.6426,
              0.6206
            ],
            [
              -73.6408,
              0.6128
            ],
            [
              -73.6482,
              0.5892
            ],
            [
              -73.6605,
              0.5698
            ],
            [
              -73.6729,
              0.5363
            ],
            [
              -73.6487,
              0.5223
            ],
            [
              -73.6439,
              0.4977
            ],
            [
              -73.6279,
              0.5054
            ],
            [
              -73.6154,
              0.5049
            ],
            [
              -73.581,
              0.4825
            ],
            [
              -73.593,
              0.4664
            ],
            [
              -73.5839,
              0.4616
            ],
            [
              -73.5752,
              0.4686
            ],
            [
              -73.5711,
              0.4837
            ],
            [
              -73.5563,
              0.4693
            ],
            [
              -73.5573,
              0.4508
            ],
            [
              -73.5532,
              0.4369
            ],
            [
              -73.5295,
              0.4
            ],
            [
              -73.5388,
              0.3928
            ],
            [
              -73.5224,
              0.3848
            ],
            [
              -73.5081,
              0.3906
            ],
            [
              -73.4994,
              0.3672
            ],
            [
              -73.5064,
              0.3602
            ],
            [
              -73.5091,
              0.3444
            ],
            [
              -73.5007,
              0.3292
            ],
            [
              -73.4851,
              0.3247
            ],
            [
              -73.4696,
              0.3377
            ],
            [
              -73.4495,
              0.3196
            ],
            [
              -73.4496,
              0.3079
            ],
            [
              -73.4562,
              0.2942
            ],
            [
              -73.4551,
              0.2828
            ],
            [
              -73.4321,
              0.2766
            ],
            [
              -73.4325,
              0.2663
            ],
            [
              -73.4254,
              0.2557
            ],
            [
              -73.4129,
              0.2653
            ],
            [
              -73.4045,
              0.2651
            ],
            [
              -73.3958,
              0.2534
            ],
            [
              -73.388,
              0.2682
            ],
            [
              -73.3732,
              0.2541
            ],
            [
              -73.3677,
              0.2622
            ],
            [
              -73.3385,
              0.233
            ],
            [
              -73.3557,
              0.2273
            ],
            [
              -73.3406,
              0.2127
            ],
            [
              -73.3225,
              0.2157
            ],
            [
              -73.3153,
              0.2275
            ],
            [
              -73.2716,
              0.2103
            ],
            [
              -73.2914,
              0.2092
            ],
            [
              -73.2917,
              0.1963
            ],
            [
              -73.2706,
              0.1956
            ],
            [
              -73.2767,
              0.1862
            ],
            [
              -73.2638,
              0.1812
            ],
            [
              -73.2543,
              0.1858
            ],
            [
              -73.2357,
              0.1785
            ],
            [
              -73.2387,
              0.1669
            ],
            [
              -73.2296,
              0.1577
            ],
            [
              -73.2066,
              0.155
            ],
            [
              -73.2116,
              0.1402
            ],
            [
              -73.195,
              0.1442
            ],
            [
              -73.1817,
              0.1382
            ],
            [
              -73.165,
              0.1473
            ],
            [
              -73.1541,
              0.1416
            ],
            [
              -73.1461,
              0.1307
            ],
            [
              -73.1584,
              0.093
            ],
            [
              -73.1438,
              0.07
            ],
            [
              -73.1471,
              0.0488
            ],
            [
              -73.1596,
              0.0516
            ],
            [
              -73.1737,
              0.0474
            ],
            [
              -73.1852,
              0.0607
            ],
            [
              -73.2063,
              0.0521
            ],
            [
              -73.2185,
              0.053
            ],
            [
              -73.2233,
              0.0369
            ],
            [
              -73.2331,
              0.0463
            ],
            [
              -73.2416,
              0.0448
            ],
            [
              -73.2481,
              0.0596
            ],
            [
              -73.2594,
              0.0582
            ],
            [
              -73.2681,
              0.0407
            ],
            [
              -73.284,
              0.0499
            ],
            [
              -73.2896,
              0.0447
            ],
            [
              -73.2854,
              0.0305
            ],
            [
              -73.3131,
              0.0413
            ],
            [
              -73.3358,
              0.0395
            ],
            [
              -73.3571,
              0.0438
            ],
            [
              -73.3582,
              0.0513
            ],
            [
              -73.3744,
              0.0485
            ],
            [
              -73.3817,
              0.0411
            ],
            [
              -73.4042,
              0.0638
            ],
            [
              -73.4199,
              0.0679
            ],
            [
              -73.4169,
              0.0901
            ],
            [
              -73.4351,
              0.0898
            ],
            [
              -73.4385,
              0.0955
            ],
            [
              -73.454,
              0.0904
            ],
            [
              -73.4621,
              0.0981
            ],
            [
              -73.465,
              0.1146
            ],
            [
              -73.4904,
              0.1045
            ],
            [
              -73.5029,
              0.108
            ],
            [
              -73.5109,
              0.0943
            ],
            [
              -73.5228,
              0.0906
            ],
            [
              -73.549,
              0.0731
            ],
            [
              -73.5645,
              0.0775
            ],
            [
              -73.5738,
              0.0728
            ],
            [
              -73.5854,
              0.0753
            ],
            [
              -73.6071,
              0.0642
            ],
            [
              -73.616,
              0.0635
            ],
            [
              -73.6306,
              0.0727
            ],
            [
              -73.6441,
              0.0726
            ],
            [
              -73.656,
              0.1004
            ],
            [
              -73.6612,
              0.1008
            ],
            [
              -73.6814,
              0.0817
            ],
            [
              -73.691,
              0.0848
            ],
            [
              -73.6909,
              0.0968
            ],
            [
              -73.6978,
              0.1049
            ],
            [
              -73.7094,
              0.1066
            ],
            [
              -73.7329,
              0.0782
            ],
            [
              -73.7613,
              0.0792
            ],
            [
              -73.7761,
              0.0932
            ],
            [
              -73.7895,
              0.0958
            ],
            [
              -73.8362,
              0.1271
            ],
            [
              -73.8448,
              0.1593
            ],
            [
              -73.8595,
              0.1611
            ],
            [
              -73.8616,
              0.1692
            ],
            [
              -74.0165,
              0.1691
            ],
            [
              -74.1989,
              0.1691
            ],
            [
              -74.5116,
              0.1691
            ],
            [
              -74.5198,
              0.1832
            ],
            [
              -74.5169,
              0.1919
            ],
            [
              -74.5269,
              0.2109
            ],
            [
              -74.5228,
              0.2233
            ],
            [
              -74.5287,
              0.2384
            ],
            [
              -74.5406,
              0.2481
            ],
            [
              -74.5376,
              0.2631
            ],
            [
              -74.5474,
              0.2773
            ],
            [
              -74.5461,
              0.2865
            ],
            [
              -74.5552,
              0.3065
            ],
            [
              -74.5555,
              0.3309
            ],
            [
              -74.5934,
              0.3517
            ],
            [
              -74.5968,
              0.3677
            ],
            [
              -74.5912,
              0.3783
            ],
            [
              -74.5906,
              0.3978
            ],
            [
              -74.5951,
              0.4091
            ],
            [
              -74.6176,
              0.4336
            ],
            [
              -74.6207,
              0.453
            ],
            [
              -74.6313,
              0.4646
            ],
            [
              -74.6348,
              0.4766
            ],
            [
              -74.6317,
              0.5034
            ],
            [
              -74.6466,
              0.5189
            ],
            [
              -74.6416,
              0.5268
            ],
            [
              -74.6947,
              0.5968
            ],
            [
              -74.7095,
              0.6187
            ],
            [
              -74.7219,
              0.6232
            ],
            [
              -74.7304,
              0.617
            ],
            [
              -74.7444,
              0.6192
            ],
            [
              -74.7557,
              0.6271
            ],
            [
              -74.7668,
              0.6429
            ],
            [
              -74.7738,
              0.6386
            ],
            [
              -74.7894,
              0.6459
            ],
            [
              -74.8059,
              0.6627
            ],
            [
              -74.8151,
              0.6665
            ],
            [
              -74.815,
              0.6879
            ],
            [
              -74.8265,
              0.6993
            ],
            [
              -74.8235,
              0.7167
            ],
            [
              -74.8317,
              0.7318
            ],
            [
              -74.8191,
              0.7379
            ],
            [
              -74.8338,
              0.7483
            ],
            [
              -74.8485,
              0.7743
            ],
            [
              -74.8515,
              0.7903
            ],
            [
              -74.8347,
              0.8017
            ],
            [
              -74.8252,
              0.8131
            ],
            [
              -74.826,
              0.8299
            ],
            [
              -74.8133,
              0.8482
            ],
            [
              -74.8163,
              0.8681
            ],
            [
              -74.8247,
              0.8685
            ],
            [
              -74.8395,
              0.8913
            ],
            [
              -74.8653,
              0.9138
            ],
            [
              -74.8625,
              0.9325
            ],
            [
              -74.8827,
              0.9417
            ],
            [
              -74.9001,
              0.9765
            ],
            [
              -75.1944,
              1.0423
            ],
            [
              -75.2071,
              1.0327
            ],
            [
              -75.2151,
              1.0203
            ],
            [
              -75.2264,
              0.9677
            ],
            [
              -75.2206,
              0.9506
            ],
            [
              -75.2148,
              0.949
            ],
            [
              -75.2089,
              0.9329
            ],
            [
              -75.2004,
              0.9233
            ],
            [
              -75.209,
              0.9093
            ],
            [
              -75.2224,
              0.9072
            ],
            [
              -75.2219,
              0.8987
            ],
            [
              -75.2391,
              0.8907
            ],
            [
              -75.2432,
              0.894
            ],
            [
              -75.2459,
              0.9208
            ],
            [
              -75.2559,
              0.9377
            ],
            [
              -75.284,
              0.9358
            ],
            [
              -75.2942,
              0.9423
            ],
            [
              -75.3013,
              0.9355
            ],
            [
              -75.324,
              0.9245
            ],
            [
              -75.4696,
              0.8428
            ],
            [
              -75.5118,
              0.8291
            ],
            [
              -75.5093,
              0.8165
            ],
            [
              -75.5199,
              0.8001
            ],
            [
              -75.5087,
              0.7977
            ],
            [
              -75.4994,
              0.7866
            ],
            [
              -75.4841,
              0.7831
            ],
            [
              -75.4731,
              0.7729
            ],
            [
              -75.4708,
              0.7603
            ],
            [
              -75.4202,
              0.7381
            ],
            [
              -75.4031,
              0.7387
            ],
            [
              -75.3845,
              0.7539
            ],
            [
              -75.3598,
              0.7504
            ],
            [
              -75.3475,
              0.7662
            ],
            [
              -75.3388,
              0.7684
            ],
            [
              -75.3244,
              0.7462
            ],
            [
              -75.3093,
              0.7477
            ],
            [
              -75.2952,
              0.7284
            ],
            [
              -75.2656,
              0.7256
            ],
            [
              -75.2572,
              0.7028
            ],
            [
              -75.2638,
              0.6879
            ],
            [
              -75.2754,
              0.6761
            ],
            [
              -75.2762,
              0.6674
            ],
            [
              -75.2312,
              0.6461
            ],
            [
              -75.2208,
              0.6344
            ],
            [
              -75.2071,
              0.5953
            ],
            [
              -75.2147,
              0.5866
            ],
            [
              -75.2326,
              0.5794
            ],
            [
              -75.2353,
              0.565
            ],
            [
              -75.2248,
              0.5354
            ],
            [
              -75.2003,
              0.5093
            ],
            [
              -75.1985,
              0.5014
            ],
            [
              -75.2157,
              0.4957
            ],
            [
              -75.2169,
              0.4866
            ],
            [
              -75.1962,
              0.4792
            ],
            [
              -75.1758,
              0.4865
            ],
            [
              -75.1609,
              0.4806
            ],
            [
              -75.1429,
              0.4875
            ],
            [
              -75.1248,
              0.5069
            ],
            [
              -75.1121,
              0.5129
            ],
            [
              -75.099,
              0.5111
            ],
            [
              -75.0954,
              0.4903
            ],
            [
              -75.1063,
              0.4784
            ],
            [
              -75.1009,
              0.4725
            ],
            [
              -75.0454,
              0.4799
            ],
            [
              -75.0339,
              0.4843
            ],
            [
              -75.0256,
              0.4799
            ],
            [
              -75.0136,
              0.4639
            ],
            [
              -75.0038,
              0.4359
            ],
            [
              -74.9852,
              0.4166
            ],
            [
              -74.9828,
              0.4072
            ],
            [
              -74.9887,
              0.3963
            ],
            [
              -75.0072,
              0.3928
            ],
            [
              -75.0156,
              0.3865
            ],
            [
              -75.012,
              0.3537
            ],
            [
              -75.0001,
              0.3334
            ],
            [
              -74.9798,
              0.3141
            ],
            [
              -74.9895,
              0.2997
            ],
            [
              -75.0064,
              0.2964
            ],
            [
              -75.0104,
              0.2812
            ],
            [
              -75.0039,
              0.2732
            ],
            [
              -74.9857,
              0.2654
            ],
            [
              -74.9654,
              0.2448
            ],
            [
              -74.9429,
              0.2433
            ],
            [
              -74.9286,
              0.2507
            ],
            [
              -74.9136,
              0.2525
            ],
            [
              -74.893,
              0.2492
            ],
            [
              -74.8541,
              0.2178
            ],
            [
              -74.836,
              0.2124
            ],
            [
              -74.8169,
              0.2167
            ],
            [
              -74.778,
              0.2085
            ],
            [
              -74.7687,
              0.2126
            ],
            [
              -74.7365,
              0.2096
            ],
            [
              -74.7167,
              0.2014
            ],
            [
              -74.7036,
              0.1846
            ],
            [
              -74.6816,
              0.1666
            ],
            [
              -74.6778,
              0.1602
            ],
            [
              -74.6737,
              0.1049
            ],
            [
              -74.6803,
              0.092
            ],
            [
              -74.7114,
              0.0891
            ],
            [
              -74.6922,
              0.0785
            ],
            [
              -74.6707,
              0.0827
            ],
            [
              -74.656,
              0.0717
            ],
            [
              -74.6601,
              0.0562
            ],
            [
              -74.6836,
              0.0426
            ],
            [
              -74.7019,
              0.0446
            ],
            [
              -74.704,
              0.0372
            ],
            [
              -74.69,
              0.0189
            ],
            [
              -74.6765,
              0.0099
            ],
            [
              -74.6578,
              -0.0087
            ],
            [
              -74.6559,
              -0.0203
            ],
            [
              -74.6604,
              -0.0363
            ],
            [
              -74.6797,
              -0.047
            ],
            [
              -74.6714,
              -0.0601
            ],
            [
              -74.6475,
              -0.0386
            ],
            [
              -74.6299,
              -0.0448
            ],
            [
              -74.6165,
              -0.0563
            ],
            [
              -74.618,
              -0.0714
            ],
            [
              -74.6326,
              -0.0828
            ],
            [
              -74.6318,
              -0.0885
            ],
            [
              -74.5987,
              -0.0983
            ],
            [
              -74.5784,
              -0.1114
            ],
            [
              -74.541,
              -0.1204
            ],
            [
              -74.5302,
              -0.126
            ],
            [
              -74.524,
              -0.1162
            ],
            [
              -74.5347,
              -0.1021
            ],
            [
              -74.5305,
              -0.0888
            ],
            [
              -74.5142,
              -0.0917
            ],
            [
              -74.5066,
              -0.1033
            ],
            [
              -74.5083,
              -0.1269
            ],
            [
              -74.4994,
              -0.137
            ],
            [
              -74.4862,
              -0.1382
            ],
            [
              -74.4748,
              -0.1303
            ],
            [
              -74.4647,
              -0.1111
            ],
            [
              -74.4621,
              -0.082
            ],
            [
              -74.4514,
              -0.0702
            ],
            [
              -74.4395,
              -0.0752
            ],
            [
              -74.4243,
              -0.0944
            ],
            [
              -74.4265,
              -0.1125
            ],
            [
              -74.4472,
              -0.1291
            ],
            [
              -74.4474,
              -0.1391
            ],
            [
              -74.429,
              -0.1323
            ],
            [
              -74.4115,
              -0.1179
            ],
            [
              -74.3951,
              -0.1129
            ],
            [
              -74.3708,
              -0.1113
            ],
            [
              -74.3511,
              -0.1065
            ],
            [
              -74.3305,
              -0.116
            ],
            [
              -74.3063,
              -0.146
            ],
            [
              -74.299,
              -0.1481
            ],
            [
              -74.2781,
              -0.1394
            ],
            [
              -74.2655,
              -0.1444
            ],
            [
              -74.264,
              -0.1555
            ],
            [
              -74.2872,
              -0.1768
            ],
            [
              -74.29,
              -0.1972
            ],
            [
              -74.261,
              -0.2219
            ],
            [
              -74.234,
              -0.2376
            ],
            [
              -74.2232,
              -0.2341
            ],
            [
              -74.2176,
              -0.2101
            ],
            [
              -74.2084,
              -0.2077
            ],
            [
              -74.1946,
              -0.2159
            ],
            [
              -74.1907,
              -0.2272
            ],
            [
              -74.1883,
              -0.2585
            ],
            [
              -74.1757,
              -0.2661
            ],
            [
              -74.1566,
              -0.2611
            ],
            [
              -74.1461,
              -0.2408
            ],
            [
              -74.1347,
              -0.2336
            ],
            [
              -74.1093,
              -0.2364
            ],
            [
              -74.084,
              -0.2781
            ],
            [
              -74.0698,
              -0.2807
            ],
            [
              -74.052,
              -0.2719
            ],
            [
              -74.0399,
              -0.2853
            ],
            [
              -74.0408,
              -0.2972
            ],
            [
              -74.0353,
              -0.3098
            ],
            [
              -74.0254,
              -0.3165
            ],
            [
              -74.0158,
              -0.3349
            ],
            [
              -73.9989,
              -0.3444
            ],
            [
              -73.9449,
              -0.3548
            ],
            [
              -73.9012,
              -0.3684
            ],
            [
              -73.8819,
              -0.3697
            ],
            [
              -73.8589,
              -0.3837
            ],
            [
              -73.8413,
              -0.398
            ],
            [
              -73.8148,
              -0.4118
            ],
            [
              -73.7624,
              -0.4072
            ],
            [
              -73.7559,
              -0.4045
            ],
            [
              -73.7384,
              -0.384
            ],
            [
              -73.7236,
              -0.3804
            ],
            [
              -73.7112,
              -0.3838
            ],
            [
              -73.6902,
              -0.4148
            ],
            [
              -73.6646,
              -0.4217
            ],
            [
              -73.6447,
              -0.4154
            ],
            [
              -73.6357,
              -0.4299
            ],
            [
              -73.6503,
              -0.4576
            ],
            [
              -73.614,
              -0.4404
            ],
            [
              -73.5975,
              -0.4392
            ],
            [
              -73.5788,
              -0.459
            ],
            [
              -73.5794,
              -0.4798
            ],
            [
              -73.5693,
              -0.4946
            ],
            [
              -73.5718,
              -0.5139
            ],
            [
              -73.5602,
              -0.518
            ],
            [
              -73.5456,
              -0.5096
            ],
            [
              -73.5393,
              -0.492
            ],
            [
              -73.5292,
              -0.4923
            ],
            [
              -73.5223,
              -0.5152
            ],
            [
              -73.5105,
              -0.5243
            ],
            [
              -73.4903,
              -0.528
            ],
            [
              -73.435,
              -0.511
            ],
            [
              -73.4076,
              -0.5185
            ],
            [
              -73.3956,
              -0.5306
            ],
            [
              -73.3785,
              -0.5363
            ],
            [
              -73.3664,
              -0.5219
            ],
            [
              -73.3543,
              -0.5136
            ],
            [
              -73.3319,
              -0.5061
            ],
            [
              -73.3252,
              -0.5208
            ],
            [
              -73.2993,
              -0.5419
            ],
            [
              -73.2797,
              -0.5457
            ],
            [
              -73.265,
              -0.5558
            ],
            [
              -73.2575,
              -0.5769
            ],
            [
              -73.2394,
              -0.5869
            ],
            [
              -73.2205,
              -0.6059
            ],
            [
              -73.2068,
              -0.6256
            ],
            [
              -73.1969,
              -0.6266
            ],
            [
              -73.1615,
              -0.6204
            ],
            [
              -73.1369,
              -0.6072
            ],
            [
              -73.1124,
              -0.6046
            ],
            [
              -73.0992,
              -0.61
            ],
            [
              -73.0849,
              -0.6228
            ],
            [
              -73.0748,
              -0.6213
            ],
            [
              -73.0704,
              -0.5925
            ],
            [
              -73.061,
              -0.5757
            ],
            [
              -73.0575,
              -0.556
            ],
            [
              -73.0442,
              -0.5348
            ],
            [
              -73.0264,
              -0.5269
            ],
            [
              -73.0157,
              -0.5269
            ],
            [
              -72.9969,
              -0.534
            ],
            [
              -72.9788,
              -0.5433
            ],
            [
              -72.9589,
              -0.5594
            ],
            [
              -72.945,
              -0.584
            ],
            [
              -72.9372,
              -0.6058
            ],
            [
              -72.9173,
              -0.6155
            ],
            [
              -72.8777,
              -0.6176
            ],
            [
              -72.8541,
              -0.6118
            ],
            [
              -72.8309,
              -0.598
            ],
            [
              -72.8111,
              -0.5971
            ],
            [
              -72.8075,
              -0.5856
            ],
            [
              -72.7964,
              -0.5764
            ],
            [
              -72.7766,
              -0.5777
            ],
            [
              -72.7631,
              -0.5606
            ],
            [
              -72.7542,
              -0.5551
            ],
            [
              -72.7452,
              -0.5603
            ],
            [
              -72.7436,
              -0.5757
            ],
            [
              -72.713,
              -0.5903
            ],
            [
              -72.6964,
              -0.6091
            ],
            [
              -72.677,
              -0.6179
            ],
            [
              -72.6747,
              -0.6344
            ],
            [
              -72.6305,
              -0.6625
            ],
            [
              -72.5921,
              -0.6933
            ],
            [
              -72.5628,
              -0.7057
            ],
            [
              -72.5564,
              -0.7058
            ],
            [
              -72.5385,
              -0.6769
            ],
            [
              -72.528,
              -0.6652
            ],
            [
              -72.5139,
              -0.6569
            ],
            [
              -72.4995,
              -0.6347
            ],
            [
              -72.4755,
              -0.6116
            ],
            [
              -72.4694,
              -0.6018
            ],
            [
              -72.4335,
              -0.5667
            ],
            [
              -72.412,
              -0.564
            ],
            [
              -72.4038,
              -0.5821
            ],
            [
              -72.4086,
              -0.5985
            ],
            [
              -72.3967,
              -0.6123
            ],
            [
              -72.37,
              -0.6239
            ],
            [
              -72.3578,
              -0.6359
            ],
            [
              -72.3117,
              -0.6524
            ],
            [
              -72.2918,
              -0.6435
            ],
            [
              -72.2858,
              -0.6308
            ],
            [
              -72.2634,
              -0.6227
            ],
            [
              -72.2428,
              -0.6053
            ],
            [
              -72.2466,
              -0.5854
            ],
            [
              -72.2399,
              -0.5622
            ],
            [
              -72.2373,
              -0.5301
            ],
            [
              -72.2306,
              -0.493
            ],
            [
              -72.2074,
              -0.4837
            ],
            [
              -72.195,
              -0.4677
            ],
            [
              -72.1831,
              -0.461
            ],
            [
              -72.1676,
              -0.4346
            ],
            [
              -72.163,
              -0.4114
            ],
            [
              -72.148,
              -0.393
            ],
            [
              -72.1589,
              -0.3824
            ],
            [
              -72.1572,
              -0.3632
            ],
            [
              -72.1436,
              -0.3473
            ],
            [
              -72.0972,
              -0.3292
            ],
            [
              -72.0828,
              -0.3383
            ],
            [
              -72.0726,
              -0.3258
            ],
            [
              -72.0627,
              -0.3247
            ],
            [
              -72.0568,
              -0.3094
            ],
            [
              -72.0614,
              -0.2962
            ],
            [
              -72.0461,
              -0.2826
            ],
            [
              -72.0402,
              -0.2682
            ],
            [
              -72.0197,
              -0.2638
            ],
            [
              -71.9961,
              -0.2764
            ],
            [
              -71.9867,
              -0.2792
            ],
            [
              -71.9686,
              -0.2692
            ],
            [
              -71.9278,
              -0.2653
            ],
            [
              -71.91,
              -0.2733
            ],
            [
              -71.8721,
              -0.27
            ],
            [
              -71.8481,
              -0.2768
            ],
            [
              -71.8204,
              -0.2746
            ],
            [
              -71.8114,
              -0.2637
            ],
            [
              -71.7897,
              -0.2705
            ],
            [
              -71.7732,
              -0.2635
            ],
            [
              -71.7726,
              -0.2567
            ],
            [
              -71.7398,
              -0.2501
            ],
            [
              -71.738,
              -0.2422
            ],
            [
              -71.7106,
              -0.2323
            ],
            [
              -71.7145,
              -0.2036
            ],
            [
              -71.7229,
              -0.1826
            ],
            [
              -71.7362,
              -0.1637
            ],
            [
              -71.7365,
              -0.1545
            ],
            [
              -71.7255,
              -0.1215
            ],
            [
              -71.7035,
              -0.1017
            ],
            [
              -71.7009,
              -0.0875
            ],
            [
              -71.7048,
              -0.0673
            ],
            [
              -71.6718,
              -0.0598
            ],
            [
              -71.6475,
              -0.0385
            ],
            [
              -71.626,
              -0.0346
            ],
            [
              -71.5935,
              -0.0144
            ],
            [
              -71.5782,
              -0.001
            ],
            [
              -71.5821,
              0.0093
            ],
            [
              -71.5677,
              0.02
            ],
            [
              -71.5499,
              0.022
            ],
            [
              -71.5149,
              0.0056
            ],
            [
              -71.5006,
              0.0012
            ],
            [
              -71.4749,
              -0.0122
            ],
            [
              -71.4659,
              -0.008
            ],
            [
              -71.4518,
              -0.0113
            ],
            [
              -71.4484,
              0.0033
            ],
            [
              -71.4372,
              0.0064
            ],
            [
              -71.4203,
              0.0037
            ],
            [
              -71.4005,
              0.0056
            ],
            [
              -71.3858,
              0.0146
            ],
            [
              -71.3859,
              0.0259
            ],
            [
              -71.3642,
              0.0321
            ],
            [
              -71.3422,
              0.0189
            ],
            [
              -71.3152,
              0.0205
            ],
            [
              -71.3037,
              0.0325
            ],
            [
              -71.2857,
              0.0379
            ],
            [
              -71.2714,
              0.0352
            ],
            [
              -71.2538,
              0.0595
            ],
            [
              -71.262,
              0.0692
            ],
            [
              -71.2798,
              0.0658
            ],
            [
              -71.297,
              0.075
            ],
            [
              -71.2897,
              0.0875
            ],
            [
              -71.2912,
              0.0973
            ],
            [
              -71.3074,
              0.1019
            ],
            [
              -71.3287,
              0.1171
            ],
            [
              -71.321,
              0.1269
            ],
            [
              -71.323,
              0.1406
            ],
            [
              -71.3352,
              0.155
            ],
            [
              -71.339,
              0.1429
            ],
            [
              -71.3602,
              0.1432
            ],
            [
              -71.3703,
              0.1504
            ],
            [
              -71.3689,
              0.1623
            ],
            [
              -71.3768,
              0.1749
            ],
            [
              -71.4024,
              0.1852
            ],
            [
              -71.4042,
              0.1553
            ],
            [
              -71.4197,
              0.1429
            ],
            [
              -71.4496,
              0.139
            ],
            [
              -71.4702,
              0.1573
            ],
            [
              -71.4567,
              0.1631
            ],
            [
              -71.4592,
              0.1786
            ],
            [
              -71.4757,
              0.183
            ],
            [
              -71.4854,
              0.1485
            ],
            [
              -71.503,
              0.1295
            ],
            [
              -71.5175,
              0.1316
            ],
            [
              -71.527,
              0.1208
            ],
            [
              -71.5364,
              0.1216
            ],
            [
              -71.5446,
              0.1334
            ],
            [
              -71.534,
              0.1394
            ],
            [
              -71.5259,
              0.1534
            ],
            [
              -71.5294,
              0.1632
            ],
            [
              -71.5437,
              0.1726
            ],
            [
              -71.5671,
              0.1713
            ],
            [
              -71.5837,
              0.1631
            ],
            [
              -71.59,
              0.1696
            ],
            [
              -71.5773,
              0.1813
            ],
            [
              -71.5772,
              0.198
            ],
            [
              -71.5629,
              0.207
            ],
            [
              -71.5711,
              0.2153
            ],
            [
              -71.6058,
              0.1833
            ],
            [
              -71.6248,
              0.1843
            ],
            [
              -71.6178,
              0.1969
            ],
            [
              -71.6268,
              0.2031
            ],
            [
              -71.627,
              0.2159
            ],
            [
              -71.6439,
              0.2096
            ],
            [
              -71.6558,
              0.2194
            ],
            [
              -71.6979,
              0.2375
            ],
            [
              -71.7263,
              0.281
            ],
            [
              -71.7244,
              0.2881
            ],
            [
              -71.7034,
              0.2962
            ],
            [
              -71.6991,
              0.3038
            ],
            [
              -71.705,
              0.3184
            ],
            [
              -71.7272,
              0.3086
            ],
            [
              -71.7338,
              0.2868
            ],
            [
              -71.7513,
              0.2972
            ],
            [
              -71.753,
              0.3317
            ],
            [
              -71.7693,
              0.3275
            ],
            [
              -71.7891,
              0.3357
            ],
            [
              -71.7843,
              0.346
            ],
            [
              -71.7732,
              0.349
            ],
            [
              -71.766,
              0.3672
            ],
            [
              -71.8026,
              0.3625
            ],
            [
              -71.8036,
              0.3505
            ],
            [
              -71.8106,
              0.3444
            ],
            [
              -71.8318,
              0.3389
            ],
            [
              -71.851,
              0.3504
            ],
            [
              -71.8357,
              0.3658
            ],
            [
              -71.8329,
              0.3735
            ],
            [
              -71.8356,
              0.4065
            ],
            [
              -71.8469,
              0.4136
            ],
            [
              -71.8473,
              0.4381
            ],
            [
              -71.859,
              0.457
            ],
            [
              -71.8871,
              0.4694
            ],
            [
              -71.8886,
              0.4483
            ],
            [
              -71.9028,
              0.4427
            ],
            [
              -71.9172,
              0.4487
            ],
            [
              -71.9208,
              0.4601
            ],
            [
              -71.9033,
              0.468
            ],
            [
              -71.9054,
              0.4786
            ],
            [
              -71.9219,
              0.4785
            ],
            [
              -71.9291,
              0.4972
            ],
            [
              -71.9132,
              0.516
            ],
            [
              -71.9289,
              0.5435
            ],
            [
              -71.9293,
              0.5534
            ],
            [
              -71.9386,
              0.57
            ],
            [
              -71.9448,
              0.5681
            ],
            [
              -71.9434,
              0.5506
            ],
            [
              -71.9503,
              0.5406
            ],
            [
              -71.967,
              0.5578
            ],
            [
              -71.9869,
              0.5606
            ],
            [
              -71.9908,
              0.5654
            ],
            [
              -71.9891,
              0.5862
            ],
            [
              -72.007,
              0.5926
            ],
            [
              -71.99,
              0.6134
            ],
            [
              -71.9819,
              0.6291
            ],
            [
              -71.9939,
              0.6321
            ],
            [
              -71.9964,
              0.6553
            ],
            [
              -72.0174,
              0.6547
            ],
            [
              -72.0332,
              0.6643
            ]
          ]
        ]
      },
      "properties": {
        "OBJECTID": 359,
        "DPTO_CCDGO": "44",
        "MPIO_CCDGO": "756",
        "name": "44022",
        "MPIO_CRSLC": "Ordenanza 3 de Noviembre 12 de 1985",
        "MPIO_NANO_": 1993,
        "MPIO_NAREA": 42493.8014298,
        "MPIO_CSMBL": "4",
        "MPIO_CCNCT": "18756",
        "MPIO_NANO": 2012,
        "SHAPE_Leng": 19.6783871611,
        "SHAPE_Area": 3.45052592736,
        "NOMBRE": "SOLANO",
        "DANE": {
          "dpto_ccdgo": "18",
          "mpio_ccdgo": "756",
          "mpio_cdpmp": "18756",
          "dpto_cnmbr": "CAQUETÁ",
          "mpio_cnmbr": "SOLANO",
          "mpio_crslc": "Ordenanza 3 de Noviembre 12 de 1985",
          "mpio_tipo": "MUNICIPIO",
          "mpio_narea": 42312.7836094,
          "mpio_nano": 2024,
          "shape_Leng": 20.0458589831,
          "shape_Area": 3.43579026169
        }
      }
    },
    {
      "type": "Feature",
      "geometry": {
        "type": "Polygon",
        "coordinates": [
          [
            [
              -75.4696,
              0.8428
            ],
            [
              -75.4776,
              0.848
            ],
            [
              -75.4793,
              0.8664
            ],
            [
              -75.4989,
              0.8856
            ],
            [
              -75.5216,
              0.894
            ],
            [
              -75.5449,
              0.8938
            ],
            [
              -75.5659,
              0.8974
            ],
            [
              -75.5585,
              0.9098
            ],
            [
              -75.5171,
              0.9305
            ],
            [
              -75.5134,
              0.9388
            ],
            [
              -75.5174,
              0.9612
            ],
            [
              -75.5502,
              0.98
            ],
            [
              -75.5906,
              0.9853
            ],
            [
              -75.5964,
              0.9824
            ],
            [
              -75.6177,
              0.9931
            ],
            [
              -75.6394,
              1.0134
            ],
            [
              -75.6578,
              1.0114
            ],
            [
              -75.6622,
              1.0038
            ],
            [
              -75.6835,
              0.9981
            ],
            [
              -75.6862,
              0.9921
            ],
            [
              -75.7176,
              0.9813
            ],
            [
              -75.7194,
              0.9678
            ],
            [
              -75.8207,
              0.934
            ],
            [
              -75.8224,
              0.9129
            ],
            [
              -75.8111,
              0.9099
            ],
            [
              -75.8089,
              0.8955
            ],
            [
              -75.7973,
              0.894
            ],
            [
              -75.7776,
              0.873
            ],
            [
              -75.765,
              0.8535
            ],
            [
              -75.7666,
              0.845
            ],
            [
              -75.7579,
              0.8372
            ],
            [
              -75.7424,
              0.8535
            ],
            [
              -75.7108,
              0.8623
            ],
            [
              -75.6888,
              0.857
            ],
            [
              -75.6749,
              0.8602
            ],
            [
              -75.6603,
              0.8733
            ],
            [
              -75.6364,
              0.8767
            ],
            [
              -75.6192,
              0.8677
            ],
            [
              -75.6135,
              0.8461
            ],
            [
              -75.6053,
              0.8371
            ],
            [
              -75.5863,
              0.8392
            ],
            [
              -75.5744,
              0.8343
            ],
            [
              -75.5472,
              0.8327
            ],
            [
              -75.5379,
              0.8268
            ],
            [
              -75.5389,
              0.7899
            ],
            [
              -75.5209,
              0.7757
            ],
            [
              -75.5041,
              0.7668
            ],
            [
              -75.4841,
              0.7831
            ],
            [
              -75.4994,
              0.7866
            ],
            [
              -75.5087,
              0.7977
            ],
            [
              -75.5199,
              0.8001
            ],
            [
              -75.5093,
              0.8165
            ],
            [
              -75.5118,
              0.8291
            ],
            [
              -75.4696,
              0.8428
            ]
          ]
        ]
      },
      "properties": {
        "OBJECTID": 360,
        "DPTO_CCDGO": "44",
        "MPIO_CCDGO": "785",
        "name": "44024",
        "MPIO_CRSLC": "ORD 28 DE NOVIEMBRE 27 DE 1996",
        "MPIO_NANO_": 1996,
        "MPIO_NAREA": 620.87719796,
        "MPIO_CSMBL": "4",
        "MPIO_CCNCT": "18785",
        "MPIO_NANO": 2012,
        "SHAPE_Leng": 1.59062625324,
        "SHAPE_Area": 0.0504162647341,
        "NOMBRE": "SOLITA",
        "DANE": {
          "dpto_ccdgo": "18",
          "mpio_ccdgo": "785",
          "mpio_cdpmp": "18785",
          "dpto_cnmbr": "CAQUETÁ",
          "mpio_cnmbr": "SOLITA",
          "mpio_crslc": "ORD 28 DE NOVIEMBRE 27 DE 1996",
          "mpio_tipo": "MUNICIPIO",
          "mpio_narea": 476.931472797,
          "mpio_nano": 2024,
          "shape_Leng": 1.2461060651,
          "shape_Area": 0.0387220738605
        }
      }
    },
    {
      "type": "Feature",
      "geometry": {
        "type": "Polygon",
        "coordinates": [
          [
            [
              -75.5686,
              1.2172
            ],
            [
              -75.5768,
              1.2272
            ],
            [
              -75.609,
              1.2182
            ],
            [
              -75.622,
              1.2215
            ],
            [
              -75.6477,
              1.2352
            ],
            [
              -75.6452,
              1.2488
            ],
            [
              -75.6593,
              1.263
            ],
            [
              -75.6579,
              1.2842
            ],
            [
              -75.6671,
              1.2949
            ],
            [
              -75.7046,
              1.2952
            ],
            [
              -75.7066,
              1.3059
            ],
            [
              -75.7019,
              1.3215
            ],
            [
              -75.7158,
              1.3204
            ],
            [
              -75.7282,
              1.3273
            ],
            [
              -75.742,
              1.3228
            ],
            [
              -75.7473,
              1.3239
            ],
            [
              -75.7536,
              1.2976
            ],
            [
              -75.7399,
              1.2766
            ],
            [
              -75.7447,
              1.2627
            ],
            [
              -75.7356,
              1.243
            ],
            [
              -75.7174,
              1.2249
            ],
            [
              -75.7213,
              1.1998
            ],
            [
              -75.7329,
              1.1963
            ],
            [
              -75.7409,
              1.1873
            ],
            [
              -75.7567,
              1.1891
            ],
            [
              -75.779,
              1.1768
            ],
            [
              -75.8102,
              1.1726
            ],
            [
              -75.8192,
              1.1386
            ],
            [
              -75.8147,
              1.1113
            ],
            [
              -75.858,
              1.0979
            ],
            [
              -75.8596,
              1.0753
            ],
            [
              -75.8533,
              1.0637
            ],
            [
              -75.8532,
              1.052
            ],
            [
              -75.8752,
              1.0267
            ],
            [
              -75.863,
              0.9899
            ],
            [
              -75.8632,
              0.9726
            ],
            [
              -75.8512,
              0.9621
            ],
            [
              -75.8455,
              0.9485
            ],
            [
              -75.8207,
              0.934
            ],
            [
              -75.7194,
              0.9678
            ],
            [
              -75.7176,
              0.9813
            ],
            [
              -75.6862,
              0.9921
            ],
            [
              -75.6835,
              0.9981
            ],
            [
              -75.6622,
              1.0038
            ],
            [
              -75.6578,
              1.0114
            ],
            [
              -75.6394,
              1.0134
            ],
            [
              -75.6177,
              0.9931
            ],
            [
              -75.5964,
              0.9824
            ],
            [
              -75.5906,
              0.9853
            ],
            [
              -75.5502,
              0.98
            ],
            [
              -75.5174,
              0.9612
            ],
            [
              -75.5134,
              0.9388
            ],
            [
              -75.5171,
              0.9305
            ],
            [
              -75.5585,
              0.9098
            ],
            [
              -75.5659,
              0.8974
            ],
            [
              -75.5449,
              0.8938
            ],
            [
              -75.5216,
              0.894
            ],
            [
              -75.4989,
              0.8856
            ],
            [
              -75.4793,
              0.8664
            ],
            [
              -75.4776,
              0.848
            ],
            [
              -75.4696,
              0.8428
            ],
            [
              -75.324,
              0.9245
            ],
            [
              -75.4003,
              1.0313
            ],
            [
              -75.5415,
              1.0879
            ],
            [
              -75.54,
              1.1002
            ],
            [
              -75.5486,
              1.1102
            ],
            [
              -75.547,
              1.1383
            ],
            [
              -75.5686,
              1.2172
            ]
          ]
        ]
      },
      "properties": {
        "OBJECTID": 361,
        "DPTO_CCDGO": "44",
        "MPIO_CCDGO": "860",
        "name": "44040",
        "MPIO_CRSLC": "Ordenanza 3 de Noviembre 12 de 1985",
        "MPIO_NANO_": 1993,
        "MPIO_NAREA": 1227.81539943,
        "MPIO_CSMBL": "4",
        "MPIO_CCNCT": "18860",
        "MPIO_NANO": 2012,
        "SHAPE_Leng": 2.5121463438,
        "SHAPE_Area": 0.0996987685399,
        "NOMBRE": "VALPARAISO",
        "DANE": {
          "dpto_ccdgo": "18",
          "mpio_ccdgo": "860",
          "mpio_cdpmp": "18860",
          "dpto_cnmbr": "CAQUETÁ",
          "mpio_cnmbr": "VALPARAÍSO",
          "mpio_crslc": "Ordenanza 3 de Noviembre 12 de 1985",
          "mpio_tipo": "MUNICIPIO",
          "mpio_narea": 1330.21001496,
          "mpio_nano": 2024,
          "shape_Leng": 2.31384813409,
          "shape_Area": 0.108005511132
        }
      }
    }
  ],
  "name": "44"
}