{
  "type": "FeatureCollection",
  "crs": {
    "type": "name",
    "properties": {
      "name": "urn:ogc:def:crs:OGC:1.3:CRS84"
    }
  },
  "features": [
    {
      "type": "Feature",
      "geometry": {
        "type": "Polygon",
        "coordinates": [
          [
            [
              -67.5825,
              3.7528
            ],
            [
              -67.6068,
              3.7521
            ],
            [
              -67.6125,
              3.7556
            ],
            [
              -67.6227,
              3.7779
            ],
            [
              -67.6344,
              3.7856
            ],
            [
              -67.645,
              3.8151
            ],
            [
              -67.6453,
              3.8524
            ],
            [
              -67.6502,
              3.8689
            ],
            [
              -67.6589,
              3.8822
            ],
            [
              -67.6629,
              3.8971
            ],
            [
              -67.6812,
              3.913
            ],
            [
              -67.6924,
              3.9362
            ],
            [
              -67.6909,
              3.9524
            ],
            [
              -67.6974,
              3.977
            ],
            [
              -67.698,
              4.0108
            ],
            [
              -67.7034,
              4.0396
            ],
            [
              -67.7076,
              4.045
            ],
            [
              -67.7194,
              4.0368
            ],
            [
              -67.7522,
              4.0233
            ],
            [
              -67.7854,
              4.0034
            ],
            [
              -67.8193,
              3.9797
            ],
            [
              -67.8598,
              3.9343
            ],
            [
              -67.8796,
              3.917
            ],
            [
              -67.9177,
              3.9092
            ],
            [
              -67.9249,
              3.9453
            ],
            [
              -67.9307,
              3.9565
            ],
            [
              -67.9448,
              3.9654
            ],
            [
              -67.9608,
              3.9625
            ],
            [
              -67.9835,
              3.9701
            ],
            [
              -67.9935,
              3.9803
            ],
            [
              -68.0192,
              3.9738
            ],
            [
              -68.0319,
              3.9838
            ],
            [
              -68.031,
              4.0088
            ],
            [
              -68.043,
              4.0115
            ],
            [
              -68.051,
              3.9975
            ],
            [
              -68.0558,
              3.9773
            ],
            [
              -68.0734,
              3.9384
            ],
            [
              -68.0828,
              3.9481
            ],
            [
              -68.0724,
              3.9632
            ],
            [
              -68.0784,
              3.9805
            ],
            [
              -68.0983,
              3.9746
            ],
            [
              -68.1053,
              3.9497
            ],
            [
              -68.1206,
              3.9393
            ],
            [
              -68.1328,
              3.9465
            ],
            [
              -68.1345,
              3.9582
            ],
            [
              -68.1232,
              3.9703
            ],
            [
              -68.1195,
              3.9821
            ],
            [
              -68.1269,
              3.9995
            ],
            [
              -68.1472,
              3.9986
            ],
            [
              -68.1706,
              3.9863
            ],
            [
              -68.1869,
              3.9875
            ],
            [
              -68.2,
              3.9971
            ],
            [
              -68.2072,
              3.9908
            ],
            [
              -68.1996,
              3.981
            ],
            [
              -68.2025,
              3.958
            ],
            [
              -68.2128,
              3.9592
            ],
            [
              -68.2316,
              3.9729
            ],
            [
              -68.2819,
              3.9796
            ],
            [
              -68.3139,
              3.9778
            ],
            [
              -68.3286,
              3.9902
            ],
            [
              -68.3446,
              3.9932
            ],
            [
              -68.3489,
              3.9863
            ],
            [
              -68.3471,
              3.9699
            ],
            [
              -68.3539,
              3.9601
            ],
            [
              -68.3545,
              3.9477
            ],
            [
              -68.3423,
              3.9356
            ],
            [
              -68.3467,
              3.9241
            ],
            [
              -68.3647,
              3.9208
            ],
            [
              -68.3843,
              3.9128
            ],
            [
              -68.4041,
              3.9245
            ],
            [
              -68.4204,
              3.9267
            ],
            [
              -68.4332,
              3.9201
            ],
            [
              -68.4376,
              3.9076
            ],
            [
              -68.4296,
              3.8959
            ],
            [
              -68.3975,
              3.8779
            ],
            [
              -68.3903,
              3.864
            ],
            [
              -68.3933,
              3.8521
            ],
            [
              -68.4044,
              3.8474
            ],
            [
              -68.4144,
              3.8529
            ],
            [
              -68.4334,
              3.8838
            ],
            [
              -68.4468,
              3.8844
            ],
            [
              -68.4503,
              3.8683
            ],
            [
              -68.4402,
              3.8538
            ],
            [
              -68.4425,
              3.8406
            ],
            [
              -68.4542,
              3.8388
            ],
            [
              -68.466,
              3.8503
            ],
            [
              -68.4836,
              3.8493
            ],
            [
              -68.511,
              3.8282
            ],
            [
              -68.5153,
              3.8116
            ],
            [
              -68.5024,
              3.7918
            ],
            [
              -68.5072,
              3.7803
            ],
            [
              -68.5271,
              3.7854
            ],
            [
              -68.5502,
              3.8128
            ],
            [
              -68.5624,
              3.8199
            ],
            [
              -68.5738,
              3.8107
            ],
            [
              -68.5713,
              3.7994
            ],
            [
              -68.5551,
              3.7845
            ],
            [
              -68.5476,
              3.7714
            ],
            [
              -68.5576,
              3.7678
            ],
            [
              -68.5678,
              3.7859
            ],
            [
              -68.58,
              3.7898
            ],
            [
              -68.5895,
              3.777
            ],
            [
              -68.6017,
              3.784
            ],
            [
              -68.6113,
              3.7829
            ],
            [
              -68.6267,
              3.7728
            ],
            [
              -68.6359,
              3.7742
            ],
            [
              -68.6449,
              3.784
            ],
            [
              -68.6548,
              3.8044
            ],
            [
              -68.6702,
              3.8117
            ],
            [
              -68.6813,
              3.8038
            ],
            [
              -68.674,
              3.7889
            ],
            [
              -68.6572,
              3.7837
            ],
            [
              -68.6451,
              3.7728
            ],
            [
              -68.6566,
              3.7635
            ],
            [
              -68.6705,
              3.7759
            ],
            [
              -68.6828,
              3.7756
            ],
            [
              -68.7017,
              3.7674
            ],
            [
              -68.721,
              3.769
            ],
            [
              -68.7427,
              3.7807
            ],
            [
              -68.7601,
              3.7803
            ],
            [
              -68.7695,
              3.7634
            ],
            [
              -68.769,
              3.747
            ],
            [
              -68.7822,
              3.7285
            ],
            [
              -68.8099,
              3.719
            ],
            [
              -68.8378,
              3.7441
            ],
            [
              -68.8526,
              3.7378
            ],
            [
              -68.8521,
              3.7183
            ],
            [
              -68.8386,
              3.701
            ],
            [
              -68.83,
              3.6839
            ],
            [
              -68.8376,
              3.6706
            ],
            [
              -68.8421,
              3.6624
            ],
            [
              -68.8436,
              3.6287
            ],
            [
              -68.8378,
              3.6219
            ],
            [
              -68.8235,
              3.625
            ],
            [
              -68.8106,
              3.635
            ],
            [
              -68.7919,
              3.6227
            ],
            [
              -68.7729,
              3.6189
            ],
            [
              -68.7499,
              3.6085
            ],
            [
              -68.7408,
              3.5987
            ],
            [
              -68.7239,
              3.5705
            ],
            [
              -68.6862,
              3.5408
            ],
            [
              -68.6673,
              3.5398
            ],
            [
              -68.6334,
              3.5419
            ],
            [
              -68.6175,
              3.5325
            ],
            [
              -68.5835,
              3.5366
            ],
            [
              -68.5502,
              3.5477
            ],
            [
              -68.5335,
              3.5411
            ],
            [
              -68.5186,
              3.5416
            ],
            [
              -68.496,
              3.5297
            ],
            [
              -68.4838,
              3.5103
            ],
            [
              -68.4998,
              3.4907
            ],
            [
              -68.4979,
              3.472
            ],
            [
              -68.5105,
              3.461
            ],
            [
              -68.5212,
              3.4454
            ],
            [
              -68.5398,
              3.4471
            ],
            [
              -68.5767,
              3.4361
            ],
            [
              -68.5789,
              3.4253
            ],
            [
              -68.6001,
              3.4123
            ],
            [
              -68.6218,
              3.4153
            ],
            [
              -68.6343,
              3.3998
            ],
            [
              -68.6484,
              3.4004
            ],
            [
              -68.6559,
              3.386
            ],
            [
              -68.7243,
              3.3679
            ],
            [
              -68.7427,
              3.3567
            ],
            [
              -68.7605,
              3.3591
            ],
            [
              -68.7759,
              3.3465
            ],
            [
              -68.7888,
              3.3421
            ],
            [
              -68.8089,
              3.341
            ],
            [
              -68.8126,
              3.3289
            ],
            [
              -68.8334,
              3.3211
            ],
            [
              -68.8348,
              3.3136
            ],
            [
              -68.8491,
              3.2896
            ],
            [
              -68.872,
              3.2737
            ],
            [
              -68.8818,
              3.2851
            ],
            [
              -68.8953,
              3.2768
            ],
            [
              -68.906,
              3.2763
            ],
            [
              -68.9141,
              3.2676
            ],
            [
              -68.9322,
              3.2583
            ],
            [
              -68.9329,
              3.2508
            ],
            [
              -68.9473,
              3.2474
            ],
            [
              -68.9509,
              3.2381
            ],
            [
              -68.9783,
              3.2058
            ],
            [
              -69.0012,
              3.201
            ],
            [
              -69.0204,
              3.205
            ],
            [
              -69.0226,
              3.1957
            ],
            [
              -69.0479,
              3.1866
            ],
            [
              -69.0665,
              3.195
            ],
            [
              -69.0889,
              3.2092
            ],
            [
              -69.125,
              3.21
            ],
            [
              -69.1579,
              3.1597
            ],
            [
              -69.1685,
              3.1565
            ],
            [
              -69.2148,
              3.1234
            ],
            [
              -69.2373,
              3.1258
            ],
            [
              -69.2529,
              3.1323
            ],
            [
              -69.2683,
              3.1265
            ],
            [
              -69.2719,
              3.107
            ],
            [
              -69.2793,
              3.0949
            ],
            [
              -69.3222,
              3.0661
            ],
            [
              -69.3392,
              3.0449
            ],
            [
              -69.3465,
              3.0277
            ],
            [
              -69.3484,
              3.013
            ],
            [
              -69.3797,
              3.0341
            ],
            [
              -69.3937,
              3.0385
            ],
            [
              -69.404,
              3.0225
            ],
            [
              -69.3878,
              2.9972
            ],
            [
              -69.4025,
              2.9698
            ],
            [
              -69.4067,
              2.94
            ],
            [
              -69.416,
              2.9286
            ],
            [
              -69.4169,
              2.9162
            ],
            [
              -69.4011,
              2.9096
            ],
            [
              -69.398,
              2.9021
            ],
            [
              -69.4075,
              2.8858
            ],
            [
              -69.406,
              2.8781
            ],
            [
              -69.4181,
              2.868
            ],
            [
              -69.4095,
              2.8551
            ],
            [
              -69.3964,
              2.85
            ],
            [
              -69.3914,
              2.839
            ],
            [
              -69.3628,
              2.818
            ],
            [
              -69.3556,
              2.8053
            ],
            [
              -69.3613,
              2.7825
            ],
            [
              -69.3554,
              2.7712
            ],
            [
              -69.2606,
              2.5413
            ],
            [
              -69.1875,
              2.3638
            ],
            [
              -69.1767,
              2.3631
            ],
            [
              -69.1804,
              2.371
            ],
            [
              -69.1702,
              2.398
            ],
            [
              -69.1761,
              2.4209
            ],
            [
              -69.1713,
              2.4308
            ],
            [
              -69.1808,
              2.4389
            ],
            [
              -69.1691,
              2.4499
            ],
            [
              -69.1602,
              2.4956
            ],
            [
              -69.1513,
              2.5113
            ],
            [
              -69.1345,
              2.5188
            ],
            [
              -69.1402,
              2.5392
            ],
            [
              -69.1291,
              2.5603
            ],
            [
              -69.1245,
              2.5921
            ],
            [
              -69.1113,
              2.6039
            ],
            [
              -69.0863,
              2.6022
            ],
            [
              -69.0628,
              2.5963
            ],
            [
              -69.0551,
              2.6006
            ],
            [
              -69.0451,
              2.5951
            ],
            [
              -69.0187,
              2.6305
            ],
            [
              -69.0074,
              2.6348
            ],
            [
              -68.9942,
              2.6307
            ],
            [
              -68.9865,
              2.636
            ],
            [
              -68.9527,
              2.6456
            ],
            [
              -68.9381,
              2.6539
            ],
            [
              -68.9281,
              2.6701
            ],
            [
              -68.9123,
              2.6861
            ],
            [
              -68.8938,
              2.6875
            ],
            [
              -68.8603,
              2.7107
            ],
            [
              -68.8492,
              2.7088
            ],
            [
              -68.8312,
              2.7221
            ],
            [
              -68.8203,
              2.7374
            ],
            [
              -68.8145,
              2.734
            ],
            [
              -68.7902,
              2.7483
            ],
            [
              -68.769,
              2.7556
            ],
            [
              -68.7624,
              2.7766
            ],
            [
              -68.7356,
              2.7887
            ],
            [
              -68.7284,
              2.7973
            ],
            [
              -68.7155,
              2.7941
            ],
            [
              -68.7032,
              2.7981
            ],
            [
              -68.6803,
              2.8255
            ],
            [
              -68.6578,
              2.8438
            ],
            [
              -68.641,
              2.842
            ],
            [
              -68.6253,
              2.8489
            ],
            [
              -68.6116,
              2.8502
            ],
            [
              -68.5873,
              2.8666
            ],
            [
              -68.5842,
              2.8828
            ],
            [
              -68.5552,
              2.8878
            ],
            [
              -68.5417,
              2.8963
            ],
            [
              -68.5173,
              2.906
            ],
            [
              -68.5099,
              2.918
            ],
            [
              -68.4948,
              2.9225
            ],
            [
              -68.4843,
              2.9321
            ],
            [
              -68.4901,
              2.9423
            ],
            [
              -68.4776,
              2.9535
            ],
            [
              -68.4553,
              2.9676
            ],
            [
              -68.4425,
              2.9719
            ],
            [
              -68.4283,
              2.9828
            ],
            [
              -68.42,
              2.9833
            ],
            [
              -68.3806,
              3.0031
            ],
            [
              -68.3721,
              3.0241
            ],
            [
              -68.3595,
              3.0353
            ],
            [
              -68.3376,
              3.0263
            ],
            [
              -68.3292,
              3.0183
            ],
            [
              -68.2726,
              3.0048
            ],
            [
              -68.2121,
              2.9891
            ],
            [
              -68.1738,
              2.9864
            ],
            [
              -68.1757,
              3.0006
            ],
            [
              -68.1599,
              3.0245
            ],
            [
              -68.1638,
              3.0511
            ],
            [
              -68.1596,
              3.0654
            ],
            [
              -68.1718,
              3.0847
            ],
            [
              -68.1526,
              3.089
            ],
            [
              -68.1102,
              3.0838
            ],
            [
              -68.0927,
              3.0895
            ],
            [
              -68.0571,
              3.0837
            ],
            [
              -68.0375,
              3.0613
            ],
            [
              -68.0284,
              3.057
            ],
            [
              -68.0049,
              3.0596
            ],
            [
              -67.996,
              3.078
            ],
            [
              -67.9884,
              3.0817
            ],
            [
              -67.9754,
              3.0993
            ],
            [
              -67.9493,
              3.1069
            ],
            [
              -67.9214,
              3.1043
            ],
            [
              -67.9053,
              3.1222
            ],
            [
              -67.8877,
              3.1357
            ],
            [
              -67.845,
              3.1424
            ],
            [
              -67.8369,
              3.1391
            ],
            [
              -67.8172,
              3.1197
            ],
            [
              -67.7999,
              3.1185
            ],
            [
              -67.7787,
              3.1473
            ],
            [
              -67.7851,
              3.1492
            ],
            [
              -67.7894,
              3.1724
            ],
            [
              -67.7959,
              3.1816
            ],
            [
              -67.7947,
              3.206
            ],
            [
              -67.7869,
              3.2257
            ],
            [
              -67.7906,
              3.2316
            ],
            [
              -67.8302,
              3.2452
            ],
            [
              -67.8401,
              3.2567
            ],
            [
              -67.8478,
              3.2897
            ],
            [
              -67.8469,
              3.3061
            ],
            [
              -67.8503,
              3.324
            ],
            [
              -67.8609,
              3.3436
            ],
            [
              -67.8554,
              3.3613
            ],
            [
              -67.8574,
              3.371
            ],
            [
              -67.8459,
              3.389
            ],
            [
              -67.8241,
              3.4073
            ],
            [
              -67.7974,
              3.4245
            ],
            [
              -67.7865,
              3.4431
            ],
            [
              -67.7754,
              3.4457
            ],
            [
              -67.767,
              3.4608
            ],
            [
              -67.7666,
              3.472
            ],
            [
              -67.7372,
              3.4798
            ],
            [
              -67.7317,
              3.4902
            ],
            [
              -67.723,
              3.4892
            ],
            [
              -67.7069,
              3.5124
            ],
            [
              -67.6952,
              3.5116
            ],
            [
              -67.6828,
              3.5269
            ],
            [
              -67.6725,
              3.5274
            ],
            [
              -67.658,
              3.5356
            ],
            [
              -67.6446,
              3.5493
            ],
            [
              -67.6349,
              3.5514
            ],
            [
              -67.6263,
              3.5652
            ],
            [
              -67.6105,
              3.571
            ],
            [
              -67.5906,
              3.5951
            ],
            [
              -67.579,
              3.5996
            ],
            [
              -67.5756,
              3.6144
            ],
            [
              -67.559,
              3.6152
            ],
            [
              -67.5514,
              3.629
            ],
            [
              -67.5535,
              3.6457
            ],
            [
              -67.5449,
              3.6672
            ],
            [
              -67.5387,
              3.6735
            ],
            [
              -67.5468,
              3.6892
            ],
            [
              -67.558,
              3.6932
            ],
            [
              -67.5569,
              3.7104
            ],
            [
              -67.5825,
              3.7528
            ]
          ]
        ]
      },
      "properties": {
        "OBJECTID": 1099,
        "DPTO_CCDGO": "50",
        "MPIO_CCDGO": "001",
        "name": "50001",
        "MPIO_CRSLC": "Decreto 1593 de Agosto 5 de 1974",
        "MPIO_NANO_": 1993,
        "MPIO_NAREA": 15830.8019127,
        "MPIO_CSMBL": "4",
        "MPIO_CCNCT": "94001",
        "MPIO_NANO": 2012,
        "SHAPE_Leng": 8.84602464378,
        "SHAPE_Area": 1.28809967985,
        "NOMBRE": "INIRIDA",
        "DANE": {
          "dpto_ccdgo": "94",
          "mpio_ccdgo": "001",
          "mpio_cdpmp": "94001",
          "dpto_cnmbr": "GUAINÍA",
          "mpio_cnmbr": "INÍRIDA",
          "mpio_crslc": "Decreto 1593 de Agosto 5 de 1974",
          "mpio_tipo": "MUNICIPIO",
          "mpio_narea": 15970.1985923,
          "mpio_nano": 2024,
          "shape_Leng": 9.25668482242,
          "shape_Area": 1.28698950142
        }
      }
    },
    {
      "type": "Feature",
      "geometry": {
        "type": "Polygon",
        "coordinates": [
          [
            [
              -68.8376,
              3.6706
            ],
            [
              -68.8543,
              3.7026
            ],
            [
              -68.8754,
              3.7055
            ],
            [
              -68.8876,
              3.6994
            ],
            [
              -68.8997,
              3.6866
            ],
            [
              -68.9138,
              3.6822
            ],
            [
              -68.9268,
              3.6878
            ],
            [
              -68.9291,
              3.7113
            ],
            [
              -68.9251,
              3.7294
            ],
            [
              -68.937,
              3.7423
            ],
            [
              -68.947,
              3.7364
            ],
            [
              -68.9383,
              3.7139
            ],
            [
              -68.9354,
              3.6973
            ],
            [
              -68.9414,
              3.6834
            ],
            [
              -68.9587,
              3.6806
            ],
            [
              -68.9719,
              3.691
            ],
            [
              -68.9833,
              3.6938
            ],
            [
              -69.0007,
              3.6896
            ],
            [
              -69.012,
              3.682
            ],
            [
              -69.0559,
              3.6387
            ],
            [
              -69.0653,
              3.6419
            ],
            [
              -69.071,
              3.6532
            ],
            [
              -69.0818,
              3.6548
            ],
            [
              -69.0868,
              3.6394
            ],
            [
              -69.0985,
              3.637
            ],
            [
              -69.109,
              3.6521
            ],
            [
              -69.1138,
              3.6748
            ],
            [
              -69.1276,
              3.6737
            ],
            [
              -69.1413,
              3.6535
            ],
            [
              -69.1519,
              3.643
            ],
            [
              -69.1677,
              3.6342
            ],
            [
              -69.1867,
              3.6339
            ],
            [
              -69.1876,
              3.6419
            ],
            [
              -69.1704,
              3.6557
            ],
            [
              -69.1684,
              3.6722
            ],
            [
              -69.18,
              3.6758
            ],
            [
              -69.1971,
              3.6677
            ],
            [
              -69.2029,
              3.6748
            ],
            [
              -69.1968,
              3.6916
            ],
            [
              -69.2105,
              3.7014
            ],
            [
              -69.2204,
              3.6793
            ],
            [
              -69.233,
              3.6735
            ],
            [
              -69.2418,
              3.6839
            ],
            [
              -69.242,
              3.7057
            ],
            [
              -69.2505,
              3.7181
            ],
            [
              -69.2797,
              3.7263
            ],
            [
              -69.2871,
              3.7227
            ],
            [
              -69.2843,
              3.7072
            ],
            [
              -69.2709,
              3.6964
            ],
            [
              -69.2685,
              3.6785
            ],
            [
              -69.2814,
              3.6524
            ],
            [
              -69.292,
              3.6448
            ],
            [
              -69.3057,
              3.6522
            ],
            [
              -69.3037,
              3.6658
            ],
            [
              -69.2915,
              3.6899
            ],
            [
              -69.2918,
              3.7095
            ],
            [
              -69.3056,
              3.7173
            ],
            [
              -69.3129,
              3.7125
            ],
            [
              -69.3205,
              3.6959
            ],
            [
              -69.329,
              3.6935
            ],
            [
              -69.3574,
              3.6749
            ],
            [
              -69.3664,
              3.6655
            ],
            [
              -69.3777,
              3.6693
            ],
            [
              -69.3841,
              3.6849
            ],
            [
              -69.3954,
              3.6804
            ],
            [
              -69.4036,
              3.6615
            ],
            [
              -69.4146,
              3.6605
            ],
            [
              -69.4275,
              3.6725
            ],
            [
              -69.4316,
              3.6872
            ],
            [
              -69.4444,
              3.7066
            ],
            [
              -69.4618,
              3.7092
            ],
            [
              -69.4779,
              3.6961
            ],
            [
              -69.4875,
              3.6744
            ],
            [
              -69.4855,
              3.6601
            ],
            [
              -69.4997,
              3.6552
            ],
            [
              -69.4968,
              3.6706
            ],
            [
              -69.5104,
              3.6792
            ],
            [
              -69.5328,
              3.6747
            ],
            [
              -69.5598,
              3.6782
            ],
            [
              -69.5738,
              3.6766
            ],
            [
              -69.5711,
              3.6672
            ],
            [
              -69.579,
              3.6594
            ],
            [
              -69.5817,
              3.6381
            ],
            [
              -69.5774,
              3.6288
            ],
            [
              -69.5783,
              3.6034
            ],
            [
              -69.5926,
              3.5677
            ],
            [
              -69.6015,
              3.5882
            ],
            [
              -69.6125,
              3.5955
            ],
            [
              -69.6204,
              3.5907
            ],
            [
              -69.6248,
              3.5701
            ],
            [
              -69.6422,
              3.5707
            ],
            [
              -69.6539,
              3.5833
            ],
            [
              -69.6624,
              3.5855
            ],
            [
              -69.6737,
              3.5792
            ],
            [
              -69.6807,
              3.558
            ],
            [
              -69.6909,
              3.544
            ],
            [
              -69.7015,
              3.5424
            ],
            [
              -69.7018,
              3.5596
            ],
            [
              -69.7106,
              3.5775
            ],
            [
              -69.7294,
              3.5915
            ],
            [
              -69.7448,
              3.5863
            ],
            [
              -69.7416,
              3.5751
            ],
            [
              -69.7207,
              3.5693
            ],
            [
              -69.7131,
              3.5507
            ],
            [
              -69.7227,
              3.5428
            ],
            [
              -69.734,
              3.5429
            ],
            [
              -69.7576,
              3.5613
            ],
            [
              -69.7773,
              3.5646
            ],
            [
              -69.7895,
              3.5503
            ],
            [
              -69.7866,
              3.5243
            ],
            [
              -69.7982,
              3.5098
            ],
            [
              -69.8056,
              3.5069
            ],
            [
              -69.8154,
              3.5159
            ],
            [
              -69.813,
              3.5391
            ],
            [
              -69.8208,
              3.5554
            ],
            [
              -69.8341,
              3.5566
            ],
            [
              -69.8439,
              3.549
            ],
            [
              -69.8449,
              3.5317
            ],
            [
              -69.8332,
              3.5089
            ],
            [
              -69.8162,
              3.4894
            ],
            [
              -69.8221,
              3.4769
            ],
            [
              -69.8473,
              3.4877
            ],
            [
              -69.8582,
              3.503
            ],
            [
              -69.8724,
              3.5358
            ],
            [
              -69.8896,
              3.5394
            ],
            [
              -69.8971,
              3.5329
            ],
            [
              -69.8955,
              3.5172
            ],
            [
              -69.8756,
              3.4987
            ],
            [
              -69.8617,
              3.4754
            ],
            [
              -69.8717,
              3.4619
            ],
            [
              -69.8706,
              3.4445
            ],
            [
              -69.8742,
              3.4335
            ],
            [
              -69.8863,
              3.4263
            ],
            [
              -69.905,
              3.4263
            ],
            [
              -69.915,
              3.447
            ],
            [
              -69.9459,
              3.4592
            ],
            [
              -69.9603,
              3.4569
            ],
            [
              -69.9612,
              3.4376
            ],
            [
              -69.942,
              3.4201
            ],
            [
              -69.9392,
              3.4031
            ],
            [
              -69.9435,
              3.3948
            ],
            [
              -69.9694,
              3.3885
            ],
            [
              -69.999,
              3.373
            ],
            [
              -70.0169,
              3.3839
            ],
            [
              -70.0139,
              3.4002
            ],
            [
              -70.0222,
              3.4157
            ],
            [
              -70.0312,
              3.4182
            ],
            [
              -70.043,
              3.411
            ],
            [
              -70.0497,
              3.4004
            ],
            [
              -70.073,
              3.388
            ],
            [
              -70.1084,
              3.3845
            ],
            [
              -70.1191,
              3.4031
            ],
            [
              -70.1305,
              3.3959
            ],
            [
              -70.1284,
              3.3761
            ],
            [
              -70.1334,
              3.3651
            ],
            [
              -70.1703,
              3.3534
            ],
            [
              -70.1719,
              3.3448
            ],
            [
              -70.1534,
              3.3245
            ],
            [
              -70.1428,
              3.3206
            ],
            [
              -70.1085,
              3.2924
            ],
            [
              -70.1184,
              3.2795
            ],
            [
              -70.1327,
              3.2929
            ],
            [
              -70.1476,
              3.2911
            ],
            [
              -70.1579,
              3.2816
            ],
            [
              -70.1579,
              3.26
            ],
            [
              -70.1537,
              3.2545
            ],
            [
              -70.1318,
              3.2441
            ],
            [
              -70.1277,
              3.222
            ],
            [
              -70.1277,
              3.2031
            ],
            [
              -70.1422,
              3.19
            ],
            [
              -70.1523,
              3.1975
            ],
            [
              -70.1535,
              3.2207
            ],
            [
              -70.1673,
              3.2367
            ],
            [
              -70.1783,
              3.2308
            ],
            [
              -70.1778,
              3.2169
            ],
            [
              -70.1607,
              3.1991
            ],
            [
              -70.1582,
              3.19
            ],
            [
              -70.1725,
              3.1755
            ],
            [
              -70.194,
              3.1744
            ],
            [
              -70.1996,
              3.1949
            ],
            [
              -70.2097,
              3.2072
            ],
            [
              -70.2202,
              3.197
            ],
            [
              -70.2081,
              3.188
            ],
            [
              -70.2052,
              3.1783
            ],
            [
              -70.2127,
              3.1682
            ],
            [
              -70.2338,
              3.1824
            ],
            [
              -70.2473,
              3.1765
            ],
            [
              -70.2599,
              3.1436
            ],
            [
              -70.2879,
              3.124
            ],
            [
              -70.2787,
              3.0996
            ],
            [
              -70.2825,
              3.0924
            ],
            [
              -70.3132,
              3.0901
            ],
            [
              -70.3216,
              3.0832
            ],
            [
              -70.3113,
              3.0698
            ],
            [
              -70.2855,
              3.0714
            ],
            [
              -70.2727,
              3.0661
            ],
            [
              -70.2584,
              3.0493
            ],
            [
              -70.2557,
              3.0385
            ],
            [
              -70.2719,
              3.0308
            ],
            [
              -70.2951,
              3.0354
            ],
            [
              -70.3018,
              3.0262
            ],
            [
              -70.2849,
              3.0008
            ],
            [
              -70.2801,
              2.9803
            ],
            [
              -70.2778,
              2.9547
            ],
            [
              -70.2798,
              2.9343
            ],
            [
              -70.2986,
              2.9307
            ],
            [
              -70.324,
              2.9134
            ],
            [
              -70.3509,
              2.9162
            ],
            [
              -70.3561,
              2.9042
            ],
            [
              -70.3488,
              2.8784
            ],
            [
              -70.3515,
              2.8598
            ],
            [
              -70.3587,
              2.8519
            ],
            [
              -70.3739,
              2.8492
            ],
            [
              -70.4046,
              2.8309
            ],
            [
              -70.448,
              2.8194
            ],
            [
              -70.4673,
              2.8168
            ],
            [
              -70.4988,
              2.8084
            ],
            [
              -70.5012,
              2.788
            ],
            [
              -70.6203,
              2.739
            ],
            [
              -70.8169,
              2.6582
            ],
            [
              -70.9425,
              2.6067
            ],
            [
              -70.93,
              2.5732
            ],
            [
              -70.9168,
              2.56
            ],
            [
              -70.902,
              2.5666
            ],
            [
              -70.8881,
              2.5575
            ],
            [
              -70.8706,
              2.5659
            ],
            [
              -70.8481,
              2.5681
            ],
            [
              -70.8299,
              2.5411
            ],
            [
              -70.8293,
              2.5327
            ],
            [
              -70.8097,
              2.5291
            ],
            [
              -70.7925,
              2.5201
            ],
            [
              -70.7793,
              2.5348
            ],
            [
              -70.7658,
              2.5396
            ],
            [
              -70.7504,
              2.534
            ],
            [
              -70.743,
              2.5141
            ],
            [
              -70.7435,
              2.4998
            ],
            [
              -70.7266,
              2.4793
            ],
            [
              -70.7069,
              2.4717
            ],
            [
              -70.6903,
              2.4441
            ],
            [
              -70.6767,
              2.4339
            ],
            [
              -70.6798,
              2.4202
            ],
            [
              -70.6677,
              2.4043
            ],
            [
              -70.6658,
              2.3943
            ],
            [
              -70.6549,
              2.3805
            ],
            [
              -70.642,
              2.3527
            ],
            [
              -70.6353,
              2.3482
            ],
            [
              -70.636,
              2.3577
            ],
            [
              -70.6154,
              2.3785
            ],
            [
              -70.6169,
              2.3971
            ],
            [
              -70.6111,
              2.4141
            ],
            [
              -70.6026,
              2.4207
            ],
            [
              -70.5875,
              2.4658
            ],
            [
              -70.5968,
              2.5267
            ],
            [
              -70.5851,
              2.529
            ],
            [
              -70.5684,
              2.5184
            ],
            [
              -70.5402,
              2.5152
            ],
            [
              -70.5107,
              2.4981
            ],
            [
              -70.504,
              2.4899
            ],
            [
              -70.4992,
              2.4727
            ],
            [
              -70.4717,
              2.4696
            ],
            [
              -70.4548,
              2.4762
            ],
            [
              -70.4467,
              2.4687
            ],
            [
              -70.4322,
              2.4679
            ],
            [
              -70.4339,
              2.4945
            ],
            [
              -70.428,
              2.5058
            ],
            [
              -70.4276,
              2.6718
            ],
            [
              -70.4082,
              2.6484
            ],
            [
              -70.4049,
              2.6308
            ],
            [
              -70.3878,
              2.6177
            ],
            [
              -70.3822,
              2.6051
            ],
            [
              -70.3651,
              2.601
            ],
            [
              -70.3487,
              2.5861
            ],
            [
              -70.3184,
              2.5731
            ],
            [
              -70.3128,
              2.5656
            ],
            [
              -70.2744,
              2.5713
            ],
            [
              -70.2625,
              2.5778
            ],
            [
              -70.2558,
              2.588
            ],
            [
              -70.2391,
              2.5955
            ],
            [
              -70.1934,
              2.5722
            ],
            [
              -70.1571,
              2.5601
            ],
            [
              -70.1433,
              2.535
            ],
            [
              -70.1242,
              2.5227
            ],
            [
              -70.0962,
              2.5193
            ],
            [
              -70.088,
              2.526
            ],
            [
              -70.066,
              2.5281
            ],
            [
              -70.0403,
              2.5393
            ],
            [
              -69.9986,
              2.533
            ],
            [
              -69.9984,
              2.6915
            ],
            [
              -69.9741,
              2.6949
            ],
            [
              -69.964,
              2.7062
            ],
            [
              -69.9287,
              2.6957
            ],
            [
              -69.905,
              2.6945
            ],
            [
              -69.8922,
              2.7041
            ],
            [
              -69.8773,
              2.6969
            ],
            [
              -69.8582,
              2.7077
            ],
            [
              -69.8537,
              2.7044
            ],
            [
              -69.8284,
              2.7142
            ],
            [
              -69.8054,
              2.7187
            ],
            [
              -69.7816,
              2.7142
            ],
            [
              -69.7689,
              2.7205
            ],
            [
              -69.7537,
              2.7195
            ],
            [
              -69.7378,
              2.7304
            ],
            [
              -69.7467,
              2.7387
            ],
            [
              -69.7522,
              2.7571
            ],
            [
              -69.7496,
              2.7674
            ],
            [
              -69.7582,
              2.7778
            ],
            [
              -69.7718,
              2.7839
            ],
            [
              -69.7722,
              2.7983
            ],
            [
              -69.7644,
              2.8054
            ],
            [
              -69.7422,
              2.8431
            ],
            [
              -69.7312,
              2.8502
            ],
            [
              -69.7219,
              2.8484
            ],
            [
              -69.7136,
              2.8609
            ],
            [
              -69.6882,
              2.8642
            ],
            [
              -69.6732,
              2.8622
            ],
            [
              -69.6563,
              2.8699
            ],
            [
              -69.6476,
              2.8641
            ],
            [
              -69.6157,
              2.858
            ],
            [
              -69.5938,
              2.8589
            ],
            [
              -69.5843,
              2.8533
            ],
            [
              -69.5703,
              2.86
            ],
            [
              -69.5471,
              2.8655
            ],
            [
              -69.536,
              2.8618
            ],
            [
              -69.5181,
              2.8848
            ],
            [
              -69.5004,
              2.8856
            ],
            [
              -69.4836,
              2.8802
            ],
            [
              -69.4792,
              2.8865
            ],
            [
              -69.4585,
              2.8899
            ],
            [
              -69.4238,
              2.8755
            ],
            [
              -69.4181,
              2.868
            ],
            [
              -69.406,
              2.8781
            ],
            [
              -69.4075,
              2.8858
            ],
            [
              -69.398,
              2.9021
            ],
            [
              -69.4011,
              2.9096
            ],
            [
              -69.4169,
              2.9162
            ],
            [
              -69.416,
              2.9286
            ],
            [
              -69.4067,
              2.94
            ],
            [
              -69.4025,
              2.9698
            ],
            [
              -69.3878,
              2.9972
            ],
            [
              -69.404,
              3.0225
            ],
            [
              -69.3937,
              3.0385
            ],
            [
              -69.3797,
              3.0341
            ],
            [
              -69.3484,
              3.013
            ],
            [
              -69.3465,
              3.0277
            ],
            [
              -69.3392,
              3.0449
            ],
            [
              -69.3222,
              3.0661
            ],
            [
              -69.2793,
              3.0949
            ],
            [
              -69.2719,
              3.107
            ],
            [
              -69.2683,
              3.1265
            ],
            [
              -69.2529,
              3.1323
            ],
            [
              -69.2373,
              3.1258
            ],
            [
              -69.2148,
              3.1234
            ],
            [
              -69.1685,
              3.1565
            ],
            [
              -69.1579,
              3.1597
            ],
            [
              -69.125,
              3.21
            ],
            [
              -69.0889,
              3.2092
            ],
            [
              -69.0665,
              3.195
            ],
            [
              -69.0479,
              3.1866
            ],
            [
              -69.0226,
              3.1957
            ],
            [
              -69.0204,
              3.205
            ],
            [
              -69.0012,
              3.201
            ],
            [
              -68.9783,
              3.2058
            ],
            [
              -68.9509,
              3.2381
            ],
            [
              -68.9473,
              3.2474
            ],
            [
              -68.9329,
              3.2508
            ],
            [
              -68.9322,
              3.2583
            ],
            [
              -68.9141,
              3.2676
            ],
            [
              -68.906,
              3.2763
            ],
            [
              -68.8953,
              3.2768
            ],
            [
              -68.8818,
              3.2851
            ],
            [
              -68.872,
              3.2737
            ],
            [
              -68.8491,
              3.2896
            ],
            [
              -68.8348,
              3.3136
            ],
            [
              -68.8334,
              3.3211
            ],
            [
              -68.8126,
              3.3289
            ],
            [
              -68.8089,
              3.341
            ],
            [
              -68.7888,
              3.3421
            ],
            [
              -68.7759,
              3.3465
            ],
            [
              -68.7605,
              3.3591
            ],
            [
              -68.7427,
              3.3567
            ],
            [
              -68.7243,
              3.3679
            ],
            [
              -68.6559,
              3.386
            ],
            [
              -68.6484,
              3.4004
            ],
            [
              -68.6343,
              3.3998
            ],
            [
              -68.6218,
              3.4153
            ],
            [
              -68.6001,
              3.4123
            ],
            [
              -68.5789,
              3.4253
            ],
            [
              -68.5767,
              3.4361
            ],
            [
              -68.5398,
              3.4471
            ],
            [
              -68.5212,
              3.4454
            ],
            [
              -68.5105,
              3.461
            ],
            [
              -68.4979,
              3.472
            ],
            [
              -68.4998,
              3.4907
            ],
            [
              -68.4838,
              3.5103
            ],
            [
              -68.496,
              3.5297
            ],
            [
              -68.5186,
              3.5416
            ],
            [
              -68.5335,
              3.5411
            ],
            [
              -68.5502,
              3.5477
            ],
            [
              -68.5835,
              3.5366
            ],
            [
              -68.6175,
              3.5325
            ],
            [
              -68.6334,
              3.5419
            ],
            [
              -68.6673,
              3.5398
            ],
            [
              -68.6862,
              3.5408
            ],
            [
              -68.7239,
              3.5705
            ],
            [
              -68.7408,
              3.5987
            ],
            [
              -68.7499,
              3.6085
            ],
            [
              -68.7729,
              3.6189
            ],
            [
              -68.7919,
              3.6227
            ],
            [
              -68.8106,
              3.635
            ],
            [
              -68.8235,
              3.625
            ],
            [
              -68.8378,
              3.6219
            ],
            [
              -68.8436,
              3.6287
            ],
            [
              -68.8421,
              3.6624
            ],
            [
              -68.8376,
              3.6706
            ]
          ]
        ]
      },
      "properties": {
        "OBJECTID": 1100,
        "DPTO_CCDGO": "50",
        "MPIO_CCDGO": "343",
        "name": "50070",
        "MPIO_CRSLC": "Resolución 83 del 1 de Febrero de 1988 que aprueba con modi",
        "MPIO_NANO_": 1993,
        "MPIO_NAREA": 9468.85014406,
        "MPIO_CSMBL": "4",
        "MPIO_CCNCT": "94343",
        "MPIO_NANO": 2012,
        "SHAPE_Leng": 6.42929754852,
        "SHAPE_Area": 0.770089907277,
        "NOMBRE": "BARRANCO MINAS",
        "DANE": {
          "dpto_ccdgo": "94",
          "mpio_ccdgo": "343",
          "mpio_cdpmp": "94343",
          "dpto_cnmbr": "GUAINÍA",
          "mpio_cnmbr": "BARRANCOMINAS",
          "mpio_crslc": "Modificado por la Ordenanza No. 261 de 18 de Marzo de 2020",
          "mpio_tipo": "MUNICIPIO",
          "mpio_narea": 14402.4368987,
          "mpio_nano": 2024,
          "shape_Leng": 10.3679117557,
          "shape_Area": 1.16483878741
        }
      }
    },
    {
      "type": "Feature",
      "geometry": {
        "type": "Polygon",
        "coordinates": [
          [
            [
              -67.3364,
              2.5003
            ],
            [
              -67.357,
              2.5045
            ],
            [
              -67.3969,
              2.4895
            ],
            [
              -67.4351,
              2.48
            ],
            [
              -67.4579,
              2.4642
            ],
            [
              -67.479,
              2.4624
            ],
            [
              -67.4932,
              2.4725
            ],
            [
              -67.5087,
              2.4748
            ],
            [
              -67.5167,
              2.4687
            ],
            [
              -67.5311,
              2.4679
            ],
            [
              -67.5382,
              2.4457
            ],
            [
              -67.5535,
              2.4349
            ],
            [
              -67.5656,
              2.4462
            ],
            [
              -67.5838,
              2.4505
            ],
            [
              -67.6062,
              2.4618
            ],
            [
              -67.6134,
              2.4718
            ],
            [
              -67.627,
              2.473
            ],
            [
              -67.6398,
              2.4622
            ],
            [
              -67.6531,
              2.4672
            ],
            [
              -67.6647,
              2.4619
            ],
            [
              -67.6631,
              2.4306
            ],
            [
              -67.6538,
              2.4161
            ],
            [
              -67.6752,
              2.3937
            ],
            [
              -67.6708,
              2.3614
            ],
            [
              -67.6778,
              2.3314
            ],
            [
              -67.6963,
              2.3196
            ],
            [
              -67.6979,
              2.304
            ],
            [
              -67.6728,
              2.2833
            ],
            [
              -67.6529,
              2.2785
            ],
            [
              -67.6458,
              2.2686
            ],
            [
              -67.6324,
              2.2616
            ],
            [
              -67.6174,
              2.2364
            ],
            [
              -67.6172,
              2.2152
            ],
            [
              -67.6271,
              2.1971
            ],
            [
              -67.6393,
              2.1897
            ],
            [
              -67.6442,
              2.1651
            ],
            [
              -67.6402,
              2.1461
            ],
            [
              -67.6469,
              2.1402
            ],
            [
              -67.6556,
              2.114
            ],
            [
              -67.6595,
              2.0878
            ],
            [
              -67.6654,
              2.0788
            ],
            [
              -67.6619,
              2.0574
            ],
            [
              -67.67,
              2.045
            ],
            [
              -67.6671,
              2.0161
            ],
            [
              -67.6772,
              2.0091
            ],
            [
              -67.6584,
              1.9905
            ],
            [
              -67.6371,
              2.0074
            ],
            [
              -67.6274,
              2.0212
            ],
            [
              -67.6312,
              2.0308
            ],
            [
              -67.6248,
              2.0404
            ],
            [
              -67.6017,
              2.0438
            ],
            [
              -67.5937,
              2.065
            ],
            [
              -67.5739,
              2.1035
            ],
            [
              -67.5866,
              2.1216
            ],
            [
              -67.5861,
              2.1359
            ],
            [
              -67.5798,
              2.1555
            ],
            [
              -67.573,
              2.1631
            ],
            [
              -67.5509,
              2.1494
            ],
            [
              -67.5348,
              2.1507
            ],
            [
              -67.5107,
              2.1642
            ],
            [
              -67.4906,
              2.164
            ],
            [
              -67.4632,
              2.1707
            ],
            [
              -67.4504,
              2.1688
            ],
            [
              -67.4473,
              2.1823
            ],
            [
              -67.4382,
              2.1969
            ],
            [
              -67.4252,
              2.2032
            ],
            [
              -67.4182,
              2.2207
            ],
            [
              -67.3946,
              2.2327
            ],
            [
              -67.3809,
              2.2207
            ],
            [
              -67.3686,
              2.2162
            ],
            [
              -67.3671,
              2.1976
            ],
            [
              -67.3617,
              2.1885
            ],
            [
              -67.3617,
              2.171
            ],
            [
              -67.3509,
              2.1752
            ],
            [
              -67.3308,
              2.1649
            ],
            [
              -67.3295,
              2.1467
            ],
            [
              -67.3567,
              2.1112
            ],
            [
              -67.3585,
              2.0945
            ],
            [
              -67.3492,
              2.0657
            ],
            [
              -67.3581,
              2.0499
            ],
            [
              -67.3542,
              2.0291
            ],
            [
              -67.3415,
              2.0267
            ],
            [
              -67.3488,
              1.9976
            ],
            [
              -67.3473,
              1.985
            ],
            [
              -67.3342,
              1.9753
            ],
            [
              -67.3291,
              1.9658
            ],
            [
              -67.3249,
              1.9412
            ],
            [
              -67.3189,
              1.9388
            ],
            [
              -67.3114,
              1.9159
            ],
            [
              -67.3031,
              1.9006
            ],
            [
              -67.294,
              1.9004
            ],
            [
              -67.277,
              1.9115
            ],
            [
              -67.2452,
              1.9146
            ],
            [
              -67.2265,
              1.9123
            ],
            [
              -67.2202,
              1.9179
            ],
            [
              -67.2157,
              1.8923
            ],
            [
              -67.2088,
              1.8856
            ],
            [
              -67.2125,
              1.8708
            ],
            [
              -67.2085,
              1.8583
            ],
            [
              -67.1996,
              1.8515
            ],
            [
              -67.1771,
              1.8455
            ],
            [
              -67.1694,
              1.8294
            ],
            [
              -67.1627,
              1.8305
            ],
            [
              -67.1517,
              1.8161
            ],
            [
              -67.1625,
              1.8109
            ],
            [
              -67.1566,
              1.7959
            ],
            [
              -67.1339,
              1.7955
            ],
            [
              -67.1358,
              1.7837
            ],
            [
              -67.1276,
              1.7768
            ],
            [
              -67.1424,
              1.7634
            ],
            [
              -67.1392,
              1.7311
            ],
            [
              -67.1475,
              1.7218
            ],
            [
              -67.1404,
              1.7113
            ],
            [
              -67.1399,
              1.698
            ],
            [
              -67.1324,
              1.694
            ],
            [
              -67.1373,
              1.6809
            ],
            [
              -67.1367,
              1.6557
            ],
            [
              -67.1322,
              1.6441
            ],
            [
              -67.1407,
              1.6291
            ],
            [
              -67.1431,
              1.6042
            ],
            [
              -67.1193,
              1.6249
            ],
            [
              -67.0949,
              1.6348
            ],
            [
              -67.0892,
              1.6467
            ],
            [
              -67.0755,
              1.6499
            ],
            [
              -67.058,
              1.6602
            ],
            [
              -67.0333,
              1.66
            ],
            [
              -67.0103,
              1.6707
            ],
            [
              -66.9978,
              1.6672
            ],
            [
              -66.9848,
              1.671
            ],
            [
              -66.9854,
              1.6867
            ],
            [
              -67.0035,
              1.7289
            ],
            [
              -67.0134,
              1.7426
            ],
            [
              -67.0145,
              1.7588
            ],
            [
              -67.0331,
              1.7864
            ],
            [
              -67.0377,
              1.809
            ],
            [
              -67.0354,
              1.8455
            ],
            [
              -67.0469,
              1.8597
            ],
            [
              -67.0586,
              1.8932
            ],
            [
              -67.0606,
              1.9082
            ],
            [
              -67.0716,
              1.934
            ],
            [
              -67.0842,
              1.9405
            ],
            [
              -67.0913,
              1.951
            ],
            [
              -67.1036,
              1.9583
            ],
            [
              -67.1139,
              1.9749
            ],
            [
              -67.1232,
              1.9796
            ],
            [
              -67.1151,
              2.0199
            ],
            [
              -67.0972,
              2.0513
            ],
            [
              -67.0992,
              2.0737
            ],
            [
              -67.106,
              2.0939
            ],
            [
              -67.1059,
              2.1098
            ],
            [
              -67.1147,
              2.1335
            ],
            [
              -67.1337,
              2.1345
            ],
            [
              -67.1463,
              2.1259
            ],
            [
              -67.1616,
              2.1328
            ],
            [
              -67.1859,
              2.1682
            ],
            [
              -67.1938,
              2.1854
            ],
            [
              -67.2025,
              2.2233
            ],
            [
              -67.2207,
              2.2506
            ],
            [
              -67.2205,
              2.2637
            ],
            [
              -67.214,
              2.2807
            ],
            [
              -67.218,
              2.2926
            ],
            [
              -67.2137,
              2.3096
            ],
            [
              -67.1968,
              2.3227
            ],
            [
              -67.1863,
              2.3402
            ],
            [
              -67.1879,
              2.3503
            ],
            [
              -67.2129,
              2.3803
            ],
            [
              -67.2218,
              2.3986
            ],
            [
              -67.2394,
              2.4087
            ],
            [
              -67.2627,
              2.43
            ],
            [
              -67.2792,
              2.4307
            ],
            [
              -67.2977,
              2.4427
            ],
            [
              -67.3021,
              2.4596
            ],
            [
              -67.3162,
              2.4769
            ],
            [
              -67.3285,
              2.486
            ],
            [
              -67.3364,
              2.5003
            ]
          ]
        ]
      },
      "properties": {
        "OBJECTID": 1102,
        "DPTO_CCDGO": "50",
        "MPIO_CCDGO": "883",
        "name": "50092",
        "MPIO_CRSLC": "Resolución 83",
        "MPIO_NANO_": 1993,
        "MPIO_NAREA": 3016.66969438,
        "MPIO_CSMBL": "4",
        "MPIO_CCNCT": "94883",
        "MPIO_NANO": 2012,
        "SHAPE_Leng": 3.55880172768,
        "SHAPE_Area": 0.245202452721,
        "NOMBRE": "SAN FELIPE",
        "DANE": {
          "dpto_ccdgo": "94",
          "mpio_ccdgo": "883",
          "mpio_cdpmp": "94883",
          "dpto_cnmbr": "GUAINÍA",
          "mpio_cnmbr": "SAN FELIPE",
          "mpio_crslc": "Resolución 83",
          "mpio_tipo": "ÁREA NO MUNICIPALIZADA",
          "mpio_narea": 2926.36512489,
          "mpio_nano": 2024,
          "shape_Leng": 4.02971861292,
          "shape_Area": 0.234611581023
        }
      }
    },
    {
      "type": "Feature",
      "geometry": {
        "type": "Polygon",
        "coordinates": [
          [
            [
              -67.5164,
              3.1747
            ],
            [
              -67.5258,
              3.1718
            ],
            [
              -67.542,
              3.1794
            ],
            [
              -67.5552,
              3.1719
            ],
            [
              -67.5631,
              3.1569
            ],
            [
              -67.5737,
              3.1617
            ],
            [
              -67.579,
              3.1521
            ],
            [
              -67.5977,
              3.1449
            ],
            [
              -67.6054,
              3.1526
            ],
            [
              -67.6324,
              3.1477
            ],
            [
              -67.6499,
              3.1393
            ],
            [
              -67.653,
              3.1334
            ],
            [
              -67.6709,
              3.1299
            ],
            [
              -67.6818,
              3.1344
            ],
            [
              -67.7069,
              3.1316
            ],
            [
              -67.7134,
              3.1217
            ],
            [
              -67.7368,
              3.1145
            ],
            [
              -67.7574,
              3.1369
            ],
            [
              -67.7787,
              3.1473
            ],
            [
              -67.7999,
              3.1185
            ],
            [
              -67.8172,
              3.1197
            ],
            [
              -67.8369,
              3.1391
            ],
            [
              -67.845,
              3.1424
            ],
            [
              -67.8877,
              3.1357
            ],
            [
              -67.9053,
              3.1222
            ],
            [
              -67.9214,
              3.1043
            ],
            [
              -67.9493,
              3.1069
            ],
            [
              -67.9754,
              3.0993
            ],
            [
              -67.9884,
              3.0817
            ],
            [
              -67.996,
              3.078
            ],
            [
              -68.0049,
              3.0596
            ],
            [
              -68.0284,
              3.057
            ],
            [
              -68.0375,
              3.0613
            ],
            [
              -68.0571,
              3.0837
            ],
            [
              -68.0927,
              3.0895
            ],
            [
              -68.1102,
              3.0838
            ],
            [
              -68.1526,
              3.089
            ],
            [
              -68.1718,
              3.0847
            ],
            [
              -68.1596,
              3.0654
            ],
            [
              -68.1638,
              3.0511
            ],
            [
              -68.1599,
              3.0245
            ],
            [
              -68.1757,
              3.0006
            ],
            [
              -68.1738,
              2.9864
            ],
            [
              -68.2121,
              2.9891
            ],
            [
              -68.2726,
              3.0048
            ],
            [
              -68.3292,
              3.0183
            ],
            [
              -68.3376,
              3.0263
            ],
            [
              -68.3595,
              3.0353
            ],
            [
              -68.3721,
              3.0241
            ],
            [
              -68.3806,
              3.0031
            ],
            [
              -68.42,
              2.9833
            ],
            [
              -68.4283,
              2.9828
            ],
            [
              -68.4425,
              2.9719
            ],
            [
              -68.4553,
              2.9676
            ],
            [
              -68.4776,
              2.9535
            ],
            [
              -68.4901,
              2.9423
            ],
            [
              -68.4843,
              2.9321
            ],
            [
              -68.4948,
              2.9225
            ],
            [
              -68.5099,
              2.918
            ],
            [
              -68.5173,
              2.906
            ],
            [
              -68.5417,
              2.8963
            ],
            [
              -68.5552,
              2.8878
            ],
            [
              -68.5842,
              2.8828
            ],
            [
              -68.5873,
              2.8666
            ],
            [
              -68.6116,
              2.8502
            ],
            [
              -68.6253,
              2.8489
            ],
            [
              -68.641,
              2.842
            ],
            [
              -68.6578,
              2.8438
            ],
            [
              -68.6803,
              2.8255
            ],
            [
              -68.7032,
              2.7981
            ],
            [
              -68.7155,
              2.7941
            ],
            [
              -68.7284,
              2.7973
            ],
            [
              -68.7356,
              2.7887
            ],
            [
              -68.7624,
              2.7766
            ],
            [
              -68.769,
              2.7556
            ],
            [
              -68.7902,
              2.7483
            ],
            [
              -68.8145,
              2.734
            ],
            [
              -68.8203,
              2.7374
            ],
            [
              -68.8312,
              2.7221
            ],
            [
              -68.8492,
              2.7088
            ],
            [
              -68.8603,
              2.7107
            ],
            [
              -68.8938,
              2.6875
            ],
            [
              -68.9123,
              2.6861
            ],
            [
              -68.9281,
              2.6701
            ],
            [
              -68.9381,
              2.6539
            ],
            [
              -68.9527,
              2.6456
            ],
            [
              -68.9865,
              2.636
            ],
            [
              -68.9942,
              2.6307
            ],
            [
              -69.0074,
              2.6348
            ],
            [
              -69.0187,
              2.6305
            ],
            [
              -69.0451,
              2.5951
            ],
            [
              -69.0551,
              2.6006
            ],
            [
              -69.0628,
              2.5963
            ],
            [
              -69.0863,
              2.6022
            ],
            [
              -69.1113,
              2.6039
            ],
            [
              -69.1245,
              2.5921
            ],
            [
              -69.1291,
              2.5603
            ],
            [
              -69.1402,
              2.5392
            ],
            [
              -69.1345,
              2.5188
            ],
            [
              -69.1513,
              2.5113
            ],
            [
              -69.1602,
              2.4956
            ],
            [
              -69.1691,
              2.4499
            ],
            [
              -69.1808,
              2.4389
            ],
            [
              -69.1713,
              2.4308
            ],
            [
              -69.1761,
              2.4209
            ],
            [
              -69.1702,
              2.398
            ],
            [
              -69.1804,
              2.371
            ],
            [
              -69.1767,
              2.3631
            ],
            [
              -69.1749,
              2.3507
            ],
            [
              -69.1551,
              2.3427
            ],
            [
              -69.1457,
              2.3469
            ],
            [
              -69.1205,
              2.3368
            ],
            [
              -69.1122,
              2.3423
            ],
            [
              -69.0741,
              2.3265
            ],
            [
              -69.0589,
              2.3269
            ],
            [
              -69.0509,
              2.3397
            ],
            [
              -69.0523,
              2.3532
            ],
            [
              -69.0307,
              2.3481
            ],
            [
              -69.0131,
              2.3564
            ],
            [
              -69.0049,
              2.3723
            ],
            [
              -68.9907,
              2.3788
            ],
            [
              -68.989,
              2.3903
            ],
            [
              -68.9626,
              2.3915
            ],
            [
              -68.9596,
              2.4024
            ],
            [
              -68.95,
              2.4014
            ],
            [
              -68.9348,
              2.4136
            ],
            [
              -68.917,
              2.4161
            ],
            [
              -68.8955,
              2.4039
            ],
            [
              -68.8848,
              2.4059
            ],
            [
              -68.8757,
              2.4216
            ],
            [
              -68.8652,
              2.4129
            ],
            [
              -68.8553,
              2.4119
            ],
            [
              -68.8413,
              2.4199
            ],
            [
              -68.8257,
              2.4131
            ],
            [
              -68.8168,
              2.4035
            ],
            [
              -68.8094,
              2.4082
            ],
            [
              -68.7986,
              2.4255
            ],
            [
              -68.7905,
              2.4219
            ],
            [
              -68.7768,
              2.4338
            ],
            [
              -68.7609,
              2.4043
            ],
            [
              -68.7346,
              2.4133
            ],
            [
              -68.7216,
              2.4242
            ],
            [
              -68.7169,
              2.4169
            ],
            [
              -68.7227,
              2.4019
            ],
            [
              -68.7386,
              2.3815
            ],
            [
              -68.7436,
              2.3667
            ],
            [
              -68.7366,
              2.3466
            ],
            [
              -68.7403,
              2.3317
            ],
            [
              -68.7579,
              2.3141
            ],
            [
              -68.7587,
              2.3039
            ],
            [
              -68.7702,
              2.2919
            ],
            [
              -68.782,
              2.2733
            ],
            [
              -68.8128,
              2.2619
            ],
            [
              -68.8278,
              2.264
            ],
            [
              -68.8346,
              2.2225
            ],
            [
              -68.8325,
              2.2081
            ],
            [
              -68.8439,
              2.165
            ],
            [
              -68.8411,
              2.1598
            ],
            [
              -68.8503,
              2.1285
            ],
            [
              -68.8434,
              2.1112
            ],
            [
              -68.8237,
              2.0804
            ],
            [
              -68.7976,
              2.0923
            ],
            [
              -68.7896,
              2.103
            ],
            [
              -68.7637,
              2.1206
            ],
            [
              -68.7611,
              2.1151
            ],
            [
              -68.7262,
              2.118
            ],
            [
              -68.7113,
              2.122
            ],
            [
              -68.697,
              2.108
            ],
            [
              -68.6897,
              2.0907
            ],
            [
              -68.6806,
              2.0847
            ],
            [
              -68.6654,
              2.0858
            ],
            [
              -68.6401,
              2.0787
            ],
            [
              -68.6279,
              2.0841
            ],
            [
              -68.6045,
              2.073
            ],
            [
              -68.5944,
              2.0772
            ],
            [
              -68.5639,
              2.0647
            ],
            [
              -68.5507,
              2.0694
            ],
            [
              -68.5398,
              2.0645
            ],
            [
              -68.531,
              2.0701
            ],
            [
              -68.5185,
              2.0634
            ],
            [
              -68.5006,
              2.0741
            ],
            [
              -68.4815,
              2.0773
            ],
            [
              -68.4652,
              2.0749
            ],
            [
              -68.454,
              2.0804
            ],
            [
              -68.4168,
              2.0829
            ],
            [
              -68.4144,
              2.0977
            ],
            [
              -68.3937,
              2.0911
            ],
            [
              -68.3829,
              2.0774
            ],
            [
              -68.356,
              2.0849
            ],
            [
              -68.3464,
              2.0812
            ],
            [
              -68.3304,
              2.0898
            ],
            [
              -68.32,
              2.1219
            ],
            [
              -68.3173,
              2.1399
            ],
            [
              -68.3058,
              2.1672
            ],
            [
              -68.3102,
              2.1768
            ],
            [
              -68.2709,
              2.177
            ],
            [
              -68.2604,
              2.1702
            ],
            [
              -68.2394,
              2.1467
            ],
            [
              -68.2363,
              2.1266
            ],
            [
              -68.2247,
              2.1042
            ],
            [
              -68.2341,
              2.0888
            ],
            [
              -68.2344,
              2.0779
            ],
            [
              -68.2425,
              2.055
            ],
            [
              -68.2528,
              2.0454
            ],
            [
              -68.2551,
              2.0228
            ],
            [
              -68.2512,
              2.0057
            ],
            [
              -68.2397,
              1.9876
            ],
            [
              -68.2168,
              1.9651
            ],
            [
              -68.2154,
              1.9807
            ],
            [
              -68.205,
              1.9874
            ],
            [
              -68.2016,
              2.0008
            ],
            [
              -68.1999,
              2.0371
            ],
            [
              -68.1938,
              2.0391
            ],
            [
              -68.1883,
              1.9925
            ],
            [
              -68.1819,
              1.9776
            ],
            [
              -68.1666,
              1.9635
            ],
            [
              -68.1452,
              1.9732
            ],
            [
              -68.1298,
              1.9608
            ],
            [
              -68.1313,
              1.9527
            ],
            [
              -68.1081,
              1.9265
            ],
            [
              -68.1034,
              1.9089
            ],
            [
              -68.0931,
              1.8959
            ],
            [
              -68.0857,
              1.8988
            ],
            [
              -68.0624,
              1.8829
            ],
            [
              -68.0545,
              1.8677
            ],
            [
              -68.0438,
              1.8593
            ],
            [
              -68.048,
              1.8438
            ],
            [
              -68.0361,
              1.8275
            ],
            [
              -68.0402,
              1.8191
            ],
            [
              -68.0242,
              1.8127
            ],
            [
              -68.0154,
              1.831
            ],
            [
              -67.9982,
              1.8457
            ],
            [
              -67.9868,
              1.8428
            ],
            [
              -67.9721,
              1.8283
            ],
            [
              -67.9602,
              1.833
            ],
            [
              -67.9418,
              1.8203
            ],
            [
              -67.9291,
              1.8169
            ],
            [
              -67.9077,
              1.8048
            ],
            [
              -67.9146,
              1.8364
            ],
            [
              -67.9225,
              1.8584
            ],
            [
              -67.909,
              1.8642
            ],
            [
              -67.9217,
              1.8927
            ],
            [
              -67.9158,
              1.8975
            ],
            [
              -67.8849,
              1.8945
            ],
            [
              -67.872,
              1.9126
            ],
            [
              -67.8693,
              1.9237
            ],
            [
              -67.847,
              1.9387
            ],
            [
              -67.8324,
              1.9394
            ],
            [
              -67.8264,
              1.961
            ],
            [
              -67.8079,
              1.9768
            ],
            [
              -67.8014,
              1.9934
            ],
            [
              -67.7834,
              1.9999
            ],
            [
              -67.7752,
              2.0123
            ],
            [
              -67.7755,
              2.0349
            ],
            [
              -67.7593,
              2.0345
            ],
            [
              -67.7312,
              2.026
            ],
            [
              -67.7307,
              2.0117
            ],
            [
              -67.7012,
              2.0096
            ],
            [
              -67.6968,
              2.0014
            ],
            [
              -67.6841,
              2.0024
            ],
            [
              -67.6772,
              2.0091
            ],
            [
              -67.6671,
              2.0161
            ],
            [
              -67.67,
              2.045
            ],
            [
              -67.6619,
              2.0574
            ],
            [
              -67.6654,
              2.0788
            ],
            [
              -67.6595,
              2.0878
            ],
            [
              -67.6556,
              2.114
            ],
            [
              -67.6469,
              2.1402
            ],
            [
              -67.6402,
              2.1461
            ],
            [
              -67.6442,
              2.1651
            ],
            [
              -67.6393,
              2.1897
            ],
            [
              -67.6271,
              2.1971
            ],
            [
              -67.6172,
              2.2152
            ],
            [
              -67.6174,
              2.2364
            ],
            [
              -67.6324,
              2.2616
            ],
            [
              -67.6458,
              2.2686
            ],
            [
              -67.6529,
              2.2785
            ],
            [
              -67.6728,
              2.2833
            ],
            [
              -67.6979,
              2.304
            ],
            [
              -67.6963,
              2.3196
            ],
            [
              -67.6778,
              2.3314
            ],
            [
              -67.6708,
              2.3614
            ],
            [
              -67.6752,
              2.3937
            ],
            [
              -67.6538,
              2.4161
            ],
            [
              -67.6631,
              2.4306
            ],
            [
              -67.6647,
              2.4619
            ],
            [
              -67.6531,
              2.4672
            ],
            [
              -67.6398,
              2.4622
            ],
            [
              -67.627,
              2.473
            ],
            [
              -67.6134,
              2.4718
            ],
            [
              -67.6062,
              2.4618
            ],
            [
              -67.5838,
              2.4505
            ],
            [
              -67.5656,
              2.4462
            ],
            [
              -67.5535,
              2.4349
            ],
            [
              -67.5382,
              2.4457
            ],
            [
              -67.5311,
              2.4679
            ],
            [
              -67.5167,
              2.4687
            ],
            [
              -67.5087,
              2.4748
            ],
            [
              -67.4932,
              2.4725
            ],
            [
              -67.479,
              2.4624
            ],
            [
              -67.4579,
              2.4642
            ],
            [
              -67.4351,
              2.48
            ],
            [
              -67.3969,
              2.4895
            ],
            [
              -67.357,
              2.5045
            ],
            [
              -67.3364,
              2.5003
            ],
            [
              -67.3362,
              2.5126
            ],
            [
              -67.3446,
              2.5247
            ],
            [
              -67.3833,
              2.544
            ],
            [
              -67.3865,
              2.563
            ],
            [
              -67.3937,
              2.5751
            ],
            [
              -67.4147,
              2.5833
            ],
            [
              -67.4305,
              2.5966
            ],
            [
              -67.4498,
              2.6187
            ],
            [
              -67.4649,
              2.6184
            ],
            [
              -67.4867,
              2.667
            ],
            [
              -67.5055,
              2.6664
            ],
            [
              -67.5196,
              2.6728
            ],
            [
              -67.5389,
              2.6683
            ],
            [
              -67.5543,
              2.6536
            ],
            [
              -67.5631,
              2.6571
            ],
            [
              -67.5693,
              2.6809
            ],
            [
              -67.5629,
              2.7164
            ],
            [
              -67.5645,
              2.7275
            ],
            [
              -67.5843,
              2.7439
            ],
            [
              -67.5835,
              2.7717
            ],
            [
              -67.593,
              2.7881
            ],
            [
              -67.6194,
              2.8139
            ],
            [
              -67.6407,
              2.8091
            ],
            [
              -67.6498,
              2.7979
            ],
            [
              -67.6583,
              2.7966
            ],
            [
              -67.6856,
              2.8023
            ],
            [
              -67.7253,
              2.8132
            ],
            [
              -67.7371,
              2.8183
            ],
            [
              -67.7347,
              2.8312
            ],
            [
              -67.7399,
              2.8378
            ],
            [
              -67.7882,
              2.8264
            ],
            [
              -67.8109,
              2.8322
            ],
            [
              -67.8223,
              2.8272
            ],
            [
              -67.833,
              2.8092
            ],
            [
              -67.838,
              2.7933
            ],
            [
              -67.8641,
              2.7895
            ],
            [
              -67.8628,
              2.8649
            ],
            [
              -67.7308,
              2.9831
            ],
            [
              -67.5164,
              3.1747
            ]
          ]
        ]
      },
      "properties": {
        "OBJECTID": 1103,
        "DPTO_CCDGO": "50",
        "MPIO_CCDGO": "884",
        "name": "50090",
        "MPIO_CRSLC": "Resolución 83",
        "MPIO_NANO_": 1993,
        "MPIO_NAREA": 15664.8984213,
        "MPIO_CSMBL": "4",
        "MPIO_CCNCT": "94884",
        "MPIO_NANO": 2012,
        "SHAPE_Leng": 8.30135458453,
        "SHAPE_Area": 1.27376460023,
        "NOMBRE": "PUERTO COLOMBIA",
        "DANE": {
          "dpto_ccdgo": "94",
          "mpio_ccdgo": "884",
          "mpio_cdpmp": "94884",
          "dpto_cnmbr": "GUAINÍA",
          "mpio_cnmbr": "PUERTO COLOMBIA",
          "mpio_crslc": "Resolución 83",
          "mpio_tipo": "ÁREA NO MUNICIPALIZADA",
          "mpio_narea": 15700.7128072,
          "mpio_nano": 2024,
          "shape_Leng": 9.16648748147,
          "shape_Area": 1.2632739731
        }
      }
    },
    {
      "type": "Feature",
      "geometry": {
        "type": "Polygon",
        "coordinates": [
          [
            [
              -67.1431,
              1.6042
            ],
            [
              -67.1132,
              1.5943
            ],
            [
              -67.115,
              1.5853
            ],
            [
              -67.1038,
              1.5788
            ],
            [
              -67.1021,
              1.5565
            ],
            [
              -67.0954,
              1.5411
            ],
            [
              -67.1003,
              1.5302
            ],
            [
              -67.1002,
              1.5045
            ],
            [
              -67.0917,
              1.4919
            ],
            [
              -67.0896,
              1.4762
            ],
            [
              -67.079,
              1.4734
            ],
            [
              -67.0767,
              1.4565
            ],
            [
              -67.0847,
              1.4405
            ],
            [
              -67.0871,
              1.4184
            ],
            [
              -67.0803,
              1.4069
            ],
            [
              -67.082,
              1.3909
            ],
            [
              -67.0757,
              1.3726
            ],
            [
              -67.0989,
              1.3479
            ],
            [
              -67.1115,
              1.3376
            ],
            [
              -67.1514,
              1.3456
            ],
            [
              -67.1561,
              1.3172
            ],
            [
              -67.145,
              1.3138
            ],
            [
              -67.1438,
              1.3003
            ],
            [
              -67.1255,
              1.2844
            ],
            [
              -67.1267,
              1.2706
            ],
            [
              -67.1006,
              1.2597
            ],
            [
              -67.1006,
              1.235
            ],
            [
              -67.0907,
              1.2273
            ],
            [
              -67.0913,
              1.2139
            ],
            [
              -67.0821,
              1.2007
            ],
            [
              -67.093,
              1.1709
            ],
            [
              -67.0892,
              1.1656
            ],
            [
              -66.8569,
              1.228
            ],
            [
              -66.8558,
              1.2434
            ],
            [
              -66.8759,
              1.2635
            ],
            [
              -66.881,
              1.2903
            ],
            [
              -66.8733,
              1.3051
            ],
            [
              -66.854,
              1.312
            ],
            [
              -66.8472,
              1.3227
            ],
            [
              -66.852,
              1.3562
            ],
            [
              -66.8561,
              1.3697
            ],
            [
              -66.8748,
              1.3981
            ],
            [
              -66.9016,
              1.4091
            ],
            [
              -66.9121,
              1.4272
            ],
            [
              -66.9112,
              1.4616
            ],
            [
              -66.9082,
              1.4819
            ],
            [
              -66.9103,
              1.4963
            ],
            [
              -66.9187,
              1.515
            ],
            [
              -66.9208,
              1.531
            ],
            [
              -66.9423,
              1.5752
            ],
            [
              -66.959,
              1.5847
            ],
            [
              -66.9635,
              1.5977
            ],
            [
              -66.9591,
              1.6288
            ],
            [
              -66.9644,
              1.6446
            ],
            [
              -66.9622,
              1.6667
            ],
            [
              -66.9723,
              1.6817
            ],
            [
              -66.9854,
              1.6867
            ],
            [
              -66.9848,
              1.671
            ],
            [
              -66.9978,
              1.6672
            ],
            [
              -67.0103,
              1.6707
            ],
            [
              -67.0333,
              1.66
            ],
            [
              -67.058,
              1.6602
            ],
            [
              -67.0755,
              1.6499
            ],
            [
              -67.0892,
              1.6467
            ],
            [
              -67.0949,
              1.6348
            ],
            [
              -67.1193,
              1.6249
            ],
            [
              -67.1431,
              1.6042
            ]
          ]
        ]
      },
      "properties": {
        "OBJECTID": 1104,
        "DPTO_CCDGO": "50",
        "MPIO_CCDGO": "885",
        "name": "50078",
        "MPIO_CRSLC": "Resolución 83",
        "MPIO_NANO_": 1993,
        "MPIO_NAREA": 1194.92816737,
        "MPIO_CSMBL": "4",
        "MPIO_CCNCT": "94885",
        "MPIO_NANO": 2012,
        "SHAPE_Leng": 1.43270190697,
        "SHAPE_Area": 0.0970715707495,
        "NOMBRE": "LA GUADALUPE",
        "DANE": {
          "dpto_ccdgo": "94",
          "mpio_ccdgo": "885",
          "mpio_cdpmp": "94885",
          "dpto_cnmbr": "GUAINÍA",
          "mpio_cnmbr": "LA GUADALUPE",
          "mpio_crslc": "Resolución 83",
          "mpio_tipo": "ÁREA NO MUNICIPALIZADA",
          "mpio_narea": 1178.87070143,
          "mpio_nano": 2024,
          "shape_Leng": 1.75081126867,
          "shape_Area": 0.0943380045625
        }
      }
    },
    {
      "type": "Feature",
      "geometry": {
        "type": "Polygon",
        "coordinates": [
          [
            [
              -67.5164,
              3.1747
            ],
            [
              -67.4349,
              3.2485
            ],
            [
              -67.3812,
              3.2484
            ],
            [
              -67.3843,
              3.265
            ],
            [
              -67.3784,
              3.2976
            ],
            [
              -67.3566,
              3.3094
            ],
            [
              -67.3343,
              3.3354
            ],
            [
              -67.3226,
              3.3665
            ],
            [
              -67.3108,
              3.3779
            ],
            [
              -67.313,
              3.3946
            ],
            [
              -67.33,
              3.4257
            ],
            [
              -67.3392,
              3.451
            ],
            [
              -67.3567,
              3.4577
            ],
            [
              -67.3676,
              3.466
            ],
            [
              -67.3946,
              3.4716
            ],
            [
              -67.4015,
              3.48
            ],
            [
              -67.4079,
              3.5062
            ],
            [
              -67.412,
              3.5389
            ],
            [
              -67.4307,
              3.5622
            ],
            [
              -67.4313,
              3.5751
            ],
            [
              -67.4441,
              3.5852
            ],
            [
              -67.4488,
              3.6115
            ],
            [
              -67.4389,
              3.64
            ],
            [
              -67.4513,
              3.652
            ],
            [
              -67.4492,
              3.6792
            ],
            [
              -67.466,
              3.6847
            ],
            [
              -67.4828,
              3.7119
            ],
            [
              -67.4866,
              3.7427
            ],
            [
              -67.5032,
              3.7694
            ],
            [
              -67.5248,
              3.7737
            ],
            [
              -67.5373,
              3.7584
            ],
            [
              -67.5825,
              3.7528
            ],
            [
              -67.5569,
              3.7104
            ],
            [
              -67.558,
              3.6932
            ],
            [
              -67.5468,
              3.6892
            ],
            [
              -67.5387,
              3.6735
            ],
            [
              -67.5449,
              3.6672
            ],
            [
              -67.5535,
              3.6457
            ],
            [
              -67.5514,
              3.629
            ],
            [
              -67.559,
              3.6152
            ],
            [
              -67.5756,
              3.6144
            ],
            [
              -67.579,
              3.5996
            ],
            [
              -67.5906,
              3.5951
            ],
            [
              -67.6105,
              3.571
            ],
            [
              -67.6263,
              3.5652
            ],
            [
              -67.6349,
              3.5514
            ],
            [
              -67.6446,
              3.5493
            ],
            [
              -67.658,
              3.5356
            ],
            [
              -67.6725,
              3.5274
            ],
            [
              -67.6828,
              3.5269
            ],
            [
              -67.6952,
              3.5116
            ],
            [
              -67.7069,
              3.5124
            ],
            [
              -67.723,
              3.4892
            ],
            [
              -67.7317,
              3.4902
            ],
            [
              -67.7372,
              3.4798
            ],
            [
              -67.7666,
              3.472
            ],
            [
              -67.767,
              3.4608
            ],
            [
              -67.7754,
              3.4457
            ],
            [
              -67.7865,
              3.4431
            ],
            [
              -67.7974,
              3.4245
            ],
            [
              -67.8241,
              3.4073
            ],
            [
              -67.8459,
              3.389
            ],
            [
              -67.8574,
              3.371
            ],
            [
              -67.8554,
              3.3613
            ],
            [
              -67.8609,
              3.3436
            ],
            [
              -67.8503,
              3.324
            ],
            [
              -67.8469,
              3.3061
            ],
            [
              -67.8478,
              3.2897
            ],
            [
              -67.8401,
              3.2567
            ],
            [
              -67.8302,
              3.2452
            ],
            [
              -67.7906,
              3.2316
            ],
            [
              -67.7869,
              3.2257
            ],
            [
              -67.7947,
              3.206
            ],
            [
              -67.7959,
              3.1816
            ],
            [
              -67.7894,
              3.1724
            ],
            [
              -67.7851,
              3.1492
            ],
            [
              -67.7787,
              3.1473
            ],
            [
              -67.7574,
              3.1369
            ],
            [
              -67.7368,
              3.1145
            ],
            [
              -67.7134,
              3.1217
            ],
            [
              -67.7069,
              3.1316
            ],
            [
              -67.6818,
              3.1344
            ],
            [
              -67.6709,
              3.1299
            ],
            [
              -67.653,
              3.1334
            ],
            [
              -67.6499,
              3.1393
            ],
            [
              -67.6324,
              3.1477
            ],
            [
              -67.6054,
              3.1526
            ],
            [
              -67.5977,
              3.1449
            ],
            [
              -67.579,
              3.1521
            ],
            [
              -67.5737,
              3.1617
            ],
            [
              -67.5631,
              3.1569
            ],
            [
              -67.5552,
              3.1719
            ],
            [
              -67.542,
              3.1794
            ],
            [
              -67.5258,
              3.1718
            ],
            [
              -67.5164,
              3.1747
            ]
          ]
        ]
      },
      "properties": {
        "OBJECTID": 1105,
        "DPTO_CCDGO": "50",
        "MPIO_CCDGO": "886",
        "name": "50073",
        "MPIO_CRSLC": "Resolución 83",
        "MPIO_NANO_": 1993,
        "MPIO_NAREA": 2273.17307468,
        "MPIO_CSMBL": "4",
        "MPIO_CCNCT": "94886",
        "MPIO_NANO": 2012,
        "SHAPE_Leng": 2.34609984528,
        "SHAPE_Area": 0.184974433582,
        "NOMBRE": "CACAHUAL",
        "DANE": {
          "dpto_ccdgo": "94",
          "mpio_ccdgo": "886",
          "mpio_cdpmp": "94886",
          "dpto_cnmbr": "GUAINÍA",
          "mpio_cnmbr": "CACAHUAL",
          "mpio_crslc": "Resolución 83",
          "mpio_tipo": "ÁREA NO MUNICIPALIZADA",
          "mpio_narea": 2335.3247055,
          "mpio_nano": 2024,
          "shape_Leng": 2.36417400015,
          "shape_Area": 0.187608889321
        }
      }
    },
    {
      "type": "Feature",
      "geometry": {
        "type": "Polygon",
        "coordinates": [
          [
            [
              -68.2168,
              1.9651
            ],
            [
              -68.2397,
              1.9876
            ],
            [
              -68.2512,
              2.0057
            ],
            [
              -68.2551,
              2.0228
            ],
            [
              -68.2528,
              2.0454
            ],
            [
              -68.2425,
              2.055
            ],
            [
              -68.2344,
              2.0779
            ],
            [
              -68.2341,
              2.0888
            ],
            [
              -68.2247,
              2.1042
            ],
            [
              -68.2363,
              2.1266
            ],
            [
              -68.2394,
              2.1467
            ],
            [
              -68.2604,
              2.1702
            ],
            [
              -68.2709,
              2.177
            ],
            [
              -68.3102,
              2.1768
            ],
            [
              -68.3058,
              2.1672
            ],
            [
              -68.3173,
              2.1399
            ],
            [
              -68.32,
              2.1219
            ],
            [
              -68.3304,
              2.0898
            ],
            [
              -68.3464,
              2.0812
            ],
            [
              -68.356,
              2.0849
            ],
            [
              -68.3829,
              2.0774
            ],
            [
              -68.3937,
              2.0911
            ],
            [
              -68.4144,
              2.0977
            ],
            [
              -68.4168,
              2.0829
            ],
            [
              -68.454,
              2.0804
            ],
            [
              -68.4652,
              2.0749
            ],
            [
              -68.4815,
              2.0773
            ],
            [
              -68.5006,
              2.0741
            ],
            [
              -68.5185,
              2.0634
            ],
            [
              -68.531,
              2.0701
            ],
            [
              -68.5398,
              2.0645
            ],
            [
              -68.5507,
              2.0694
            ],
            [
              -68.5639,
              2.0647
            ],
            [
              -68.5944,
              2.0772
            ],
            [
              -68.6045,
              2.073
            ],
            [
              -68.6279,
              2.0841
            ],
            [
              -68.6401,
              2.0787
            ],
            [
              -68.6654,
              2.0858
            ],
            [
              -68.6806,
              2.0847
            ],
            [
              -68.6897,
              2.0907
            ],
            [
              -68.697,
              2.108
            ],
            [
              -68.7113,
              2.122
            ],
            [
              -68.7262,
              2.118
            ],
            [
              -68.7611,
              2.1151
            ],
            [
              -68.7637,
              2.1206
            ],
            [
              -68.7896,
              2.103
            ],
            [
              -68.7976,
              2.0923
            ],
            [
              -68.8237,
              2.0804
            ],
            [
              -68.8434,
              2.1112
            ],
            [
              -68.8503,
              2.1285
            ],
            [
              -68.8411,
              2.1598
            ],
            [
              -68.8439,
              2.165
            ],
            [
              -68.8325,
              2.2081
            ],
            [
              -68.8346,
              2.2225
            ],
            [
              -68.8278,
              2.264
            ],
            [
              -68.8128,
              2.2619
            ],
            [
              -68.782,
              2.2733
            ],
            [
              -68.7702,
              2.2919
            ],
            [
              -68.7587,
              2.3039
            ],
            [
              -68.7579,
              2.3141
            ],
            [
              -68.7403,
              2.3317
            ],
            [
              -68.7366,
              2.3466
            ],
            [
              -68.7436,
              2.3667
            ],
            [
              -68.7386,
              2.3815
            ],
            [
              -68.7227,
              2.4019
            ],
            [
              -68.7169,
              2.4169
            ],
            [
              -68.7216,
              2.4242
            ],
            [
              -68.7346,
              2.4133
            ],
            [
              -68.7609,
              2.4043
            ],
            [
              -68.7768,
              2.4338
            ],
            [
              -68.7905,
              2.4219
            ],
            [
              -68.7986,
              2.4255
            ],
            [
              -68.8094,
              2.4082
            ],
            [
              -68.8168,
              2.4035
            ],
            [
              -68.8257,
              2.4131
            ],
            [
              -68.8413,
              2.4199
            ],
            [
              -68.8553,
              2.4119
            ],
            [
              -68.8652,
              2.4129
            ],
            [
              -68.8757,
              2.4216
            ],
            [
              -68.8848,
              2.4059
            ],
            [
              -68.8955,
              2.4039
            ],
            [
              -68.917,
              2.4161
            ],
            [
              -68.9348,
              2.4136
            ],
            [
              -68.95,
              2.4014
            ],
            [
              -68.9596,
              2.4024
            ],
            [
              -68.9626,
              2.3915
            ],
            [
              -68.989,
              2.3903
            ],
            [
              -68.9907,
              2.3788
            ],
            [
              -69.0049,
              2.3723
            ],
            [
              -69.0131,
              2.3564
            ],
            [
              -69.0307,
              2.3481
            ],
            [
              -69.0523,
              2.3532
            ],
            [
              -69.0509,
              2.3397
            ],
            [
              -69.0589,
              2.3269
            ],
            [
              -69.0741,
              2.3265
            ],
            [
              -69.1122,
              2.3423
            ],
            [
              -69.1205,
              2.3368
            ],
            [
              -69.1457,
              2.3469
            ],
            [
              -69.1551,
              2.3427
            ],
            [
              -69.1749,
              2.3507
            ],
            [
              -69.1767,
              2.3631
            ],
            [
              -69.1875,
              2.3638
            ],
            [
              -69.2094,
              2.3734
            ],
            [
              -69.2167,
              2.3557
            ],
            [
              -69.2301,
              2.3549
            ],
            [
              -69.2608,
              2.3464
            ],
            [
              -69.2775,
              2.3369
            ],
            [
              -69.298,
              2.319
            ],
            [
              -69.322,
              2.3184
            ],
            [
              -69.3395,
              2.3094
            ],
            [
              -69.3694,
              2.3081
            ],
            [
              -69.3842,
              2.3126
            ],
            [
              -69.3834,
              2.3215
            ],
            [
              -69.3991,
              2.3384
            ],
            [
              -69.4105,
              2.3422
            ],
            [
              -69.4115,
              2.3509
            ],
            [
              -69.4223,
              2.3547
            ],
            [
              -69.44,
              2.3394
            ],
            [
              -69.4549,
              2.3315
            ],
            [
              -69.4873,
              2.3292
            ],
            [
              -69.4952,
              2.3177
            ],
            [
              -69.4902,
              2.2898
            ],
            [
              -69.4968,
              2.2842
            ],
            [
              -69.4984,
              2.2544
            ],
            [
              -69.5128,
              2.2448
            ],
            [
              -69.509,
              2.2236
            ],
            [
              -69.5162,
              2.2139
            ],
            [
              -69.5312,
              2.2096
            ],
            [
              -69.5315,
              2.1971
            ],
            [
              -69.5413,
              2.1733
            ],
            [
              -69.5491,
              2.1711
            ],
            [
              -69.558,
              2.152
            ],
            [
              -69.5715,
              2.1437
            ],
            [
              -69.5708,
              2.1367
            ],
            [
              -69.5994,
              2.1115
            ],
            [
              -69.6022,
              2.0952
            ],
            [
              -69.6113,
              2.0839
            ],
            [
              -69.6481,
              2.0648
            ],
            [
              -69.6594,
              2.0505
            ],
            [
              -69.6622,
              2.0381
            ],
            [
              -69.659,
              2.0211
            ],
            [
              -69.6715,
              1.9997
            ],
            [
              -69.6858,
              1.9903
            ],
            [
              -69.6959,
              1.9904
            ],
            [
              -69.7169,
              1.9808
            ],
            [
              -69.7323,
              1.9816
            ],
            [
              -69.74,
              1.9732
            ],
            [
              -69.7715,
              1.9719
            ],
            [
              -69.7847,
              1.9774
            ],
            [
              -69.7995,
              1.9732
            ],
            [
              -69.8169,
              1.9765
            ],
            [
              -69.8364,
              1.9885
            ],
            [
              -69.9172,
              1.9957
            ],
            [
              -69.9371,
              2.0138
            ],
            [
              -69.9929,
              2.0071
            ],
            [
              -70.0217,
              1.9947
            ],
            [
              -70.0432,
              1.9881
            ],
            [
              -70.0463,
              1.9808
            ],
            [
              -70.062,
              1.9831
            ],
            [
              -70.0707,
              1.9629
            ],
            [
              -70.0802,
              1.9272
            ],
            [
              -70.1089,
              1.9236
            ],
            [
              -70.1176,
              1.9177
            ],
            [
              -70.1358,
              1.9267
            ],
            [
              -70.1498,
              1.927
            ],
            [
              -70.1633,
              1.92
            ],
            [
              -70.1751,
              1.9036
            ],
            [
              -70.1804,
              1.8854
            ],
            [
              -70.1756,
              1.8701
            ],
            [
              -70.1487,
              1.8673
            ],
            [
              -70.1225,
              1.8371
            ],
            [
              -70.1143,
              1.8362
            ],
            [
              -70.0947,
              1.8113
            ],
            [
              -70.0803,
              1.8004
            ],
            [
              -70.0708,
              1.8007
            ],
            [
              -70.0546,
              1.7765
            ],
            [
              -70.0258,
              1.7675
            ],
            [
              -70.0162,
              1.7609
            ],
            [
              -70.0053,
              1.7629
            ],
            [
              -69.994,
              1.7523
            ],
            [
              -69.9651,
              1.7465
            ],
            [
              -69.9384,
              1.7456
            ],
            [
              -69.9161,
              1.7483
            ],
            [
              -69.9023,
              1.7427
            ],
            [
              -69.8837,
              1.7277
            ],
            [
              -69.8751,
              1.7288
            ],
            [
              -69.8693,
              1.7185
            ],
            [
              -69.8457,
              1.7139
            ],
            [
              -69.8383,
              1.7174
            ],
            [
              -69.8204,
              1.7017
            ],
            [
              -69.7807,
              1.6954
            ],
            [
              -69.7709,
              1.7112
            ],
            [
              -69.7487,
              1.7149
            ],
            [
              -69.7451,
              1.7298
            ],
            [
              -69.7201,
              1.7348
            ],
            [
              -69.7047,
              1.735
            ],
            [
              -69.6957,
              1.7296
            ],
            [
              -69.6651,
              1.7298
            ],
            [
              -69.6539,
              1.7181
            ],
            [
              -69.6447,
              1.7297
            ],
            [
              -69.6371,
              1.7231
            ],
            [
              -69.6171,
              1.7306
            ],
            [
              -69.6044,
              1.7464
            ],
            [
              -69.5904,
              1.7533
            ],
            [
              -69.5705,
              1.7581
            ],
            [
              -69.5583,
              1.7721
            ],
            [
              -69.5345,
              1.777
            ],
            [
              -69.5272,
              1.7694
            ],
            [
              -69.5138,
              1.7664
            ],
            [
              -69.5079,
              1.7584
            ],
            [
              -69.4962,
              1.761
            ],
            [
              -69.4881,
              1.7529
            ],
            [
              -69.4596,
              1.7501
            ],
            [
              -69.4474,
              1.7424
            ],
            [
              -69.4317,
              1.7386
            ],
            [
              -69.4085,
              1.7412
            ],
            [
              -69.4063,
              1.7323
            ],
            [
              -69.3933,
              1.7267
            ],
            [
              -69.1494,
              1.727
            ],
            [
              -69.0272,
              1.7271
            ],
            [
              -68.814,
              1.7272
            ],
            [
              -68.6798,
              1.7273
            ],
            [
              -68.4496,
              1.7275
            ],
            [
              -68.1633,
              1.7278
            ],
            [
              -68.1668,
              1.7399
            ],
            [
              -68.1838,
              1.731
            ],
            [
              -68.1932,
              1.7386
            ],
            [
              -68.179,
              1.768
            ],
            [
              -68.1926,
              1.7802
            ],
            [
              -68.2047,
              1.7827
            ],
            [
              -68.2118,
              1.7738
            ],
            [
              -68.2402,
              1.772
            ],
            [
              -68.2449,
              1.7845
            ],
            [
              -68.2359,
              1.8214
            ],
            [
              -68.2465,
              1.8247
            ],
            [
              -68.2756,
              1.8202
            ],
            [
              -68.2765,
              1.8321
            ],
            [
              -68.2844,
              1.8367
            ],
            [
              -68.2691,
              1.8626
            ],
            [
              -68.2533,
              1.8799
            ],
            [
              -68.2475,
              1.8992
            ],
            [
              -68.2451,
              1.9271
            ],
            [
              -68.2168,
              1.9651
            ]
          ]
        ]
      },
      "properties": {
        "OBJECTID": 1106,
        "DPTO_CCDGO": "50",
        "MPIO_CCDGO": "887",
        "name": "50087",
        "MPIO_CRSLC": "Resolución 83 de 1988",
        "MPIO_NANO_": 1993,
        "MPIO_NAREA": 10101.486646,
        "MPIO_CSMBL": "4",
        "MPIO_CCNCT": "94887",
        "MPIO_NANO": 2012,
        "SHAPE_Leng": 7.1210159976,
        "SHAPE_Area": 0.820826946844,
        "NOMBRE": "PANA PANA (CAMPO ALEGRE)",
        "DANE": {
          "dpto_ccdgo": "94",
          "mpio_ccdgo": "887",
          "mpio_cdpmp": "94887",
          "dpto_cnmbr": "GUAINÍA",
          "mpio_cnmbr": "PANA PANA",
          "mpio_crslc": "Resolución 83 de 1988",
          "mpio_tipo": "ÁREA NO MUNICIPALIZADA",
          "mpio_narea": 10227.1469658,
          "mpio_nano": 2024,
          "shape_Leng": 7.80530542081,
          "shape_Area": 0.82503617035
        }
      }
    },
    {
      "type": "Feature",
      "geometry": {
        "type": "Polygon",
        "coordinates": [
          [
            [
              -69.4181,
              2.868
            ],
            [
              -69.4238,
              2.8755
            ],
            [
              -69.4585,
              2.8899
            ],
            [
              -69.4792,
              2.8865
            ],
            [
              -69.4836,
              2.8802
            ],
            [
              -69.5004,
              2.8856
            ],
            [
              -69.5181,
              2.8848
            ],
            [
              -69.536,
              2.8618
            ],
            [
              -69.5471,
              2.8655
            ],
            [
              -69.5703,
              2.86
            ],
            [
              -69.5843,
              2.8533
            ],
            [
              -69.5938,
              2.8589
            ],
            [
              -69.6157,
              2.858
            ],
            [
              -69.6476,
              2.8641
            ],
            [
              -69.6563,
              2.8699
            ],
            [
              -69.6732,
              2.8622
            ],
            [
              -69.6882,
              2.8642
            ],
            [
              -69.7136,
              2.8609
            ],
            [
              -69.7219,
              2.8484
            ],
            [
              -69.7312,
              2.8502
            ],
            [
              -69.7422,
              2.8431
            ],
            [
              -69.7644,
              2.8054
            ],
            [
              -69.7722,
              2.7983
            ],
            [
              -69.7718,
              2.7839
            ],
            [
              -69.7582,
              2.7778
            ],
            [
              -69.7496,
              2.7674
            ],
            [
              -69.7522,
              2.7571
            ],
            [
              -69.7467,
              2.7387
            ],
            [
              -69.7378,
              2.7304
            ],
            [
              -69.7537,
              2.7195
            ],
            [
              -69.7689,
              2.7205
            ],
            [
              -69.7816,
              2.7142
            ],
            [
              -69.8054,
              2.7187
            ],
            [
              -69.8284,
              2.7142
            ],
            [
              -69.8537,
              2.7044
            ],
            [
              -69.8582,
              2.7077
            ],
            [
              -69.8773,
              2.6969
            ],
            [
              -69.8922,
              2.7041
            ],
            [
              -69.905,
              2.6945
            ],
            [
              -69.9287,
              2.6957
            ],
            [
              -69.964,
              2.7062
            ],
            [
              -69.9741,
              2.6949
            ],
            [
              -69.9984,
              2.6915
            ],
            [
              -69.9986,
              2.533
            ],
            [
              -70.0403,
              2.5393
            ],
            [
              -70.066,
              2.5281
            ],
            [
              -70.088,
              2.526
            ],
            [
              -70.0962,
              2.5193
            ],
            [
              -70.1242,
              2.5227
            ],
            [
              -70.1433,
              2.535
            ],
            [
              -70.1571,
              2.5601
            ],
            [
              -70.1934,
              2.5722
            ],
            [
              -70.2391,
              2.5955
            ],
            [
              -70.2558,
              2.588
            ],
            [
              -70.2625,
              2.5778
            ],
            [
              -70.2744,
              2.5713
            ],
            [
              -70.3128,
              2.5656
            ],
            [
              -70.3184,
              2.5731
            ],
            [
              -70.3487,
              2.5861
            ],
            [
              -70.3651,
              2.601
            ],
            [
              -70.3822,
              2.6051
            ],
            [
              -70.3878,
              2.6177
            ],
            [
              -70.4049,
              2.6308
            ],
            [
              -70.4082,
              2.6484
            ],
            [
              -70.4276,
              2.6718
            ],
            [
              -70.428,
              2.5058
            ],
            [
              -70.4339,
              2.4945
            ],
            [
              -70.4322,
              2.4679
            ],
            [
              -70.4467,
              2.4687
            ],
            [
              -70.4548,
              2.4762
            ],
            [
              -70.4717,
              2.4696
            ],
            [
              -70.4992,
              2.4727
            ],
            [
              -70.504,
              2.4899
            ],
            [
              -70.5107,
              2.4981
            ],
            [
              -70.5402,
              2.5152
            ],
            [
              -70.5684,
              2.5184
            ],
            [
              -70.5851,
              2.529
            ],
            [
              -70.5968,
              2.5267
            ],
            [
              -70.5875,
              2.4658
            ],
            [
              -70.6026,
              2.4207
            ],
            [
              -70.6111,
              2.4141
            ],
            [
              -70.6169,
              2.3971
            ],
            [
              -70.6154,
              2.3785
            ],
            [
              -70.636,
              2.3577
            ],
            [
              -70.6353,
              2.3482
            ],
            [
              -70.63,
              2.3129
            ],
            [
              -70.6147,
              2.306
            ],
            [
              -70.6039,
              2.2964
            ],
            [
              -70.5813,
              2.2886
            ],
            [
              -70.5619,
              2.293
            ],
            [
              -70.5437,
              2.2798
            ],
            [
              -70.5307,
              2.2684
            ],
            [
              -70.5123,
              2.2708
            ],
            [
              -70.5137,
              2.2444
            ],
            [
              -70.4968,
              2.2337
            ],
            [
              -70.484,
              2.2347
            ],
            [
              -70.4747,
              2.2434
            ],
            [
              -70.466,
              2.234
            ],
            [
              -70.4559,
              2.2461
            ],
            [
              -70.4582,
              2.2573
            ],
            [
              -70.4348,
              2.2605
            ],
            [
              -70.4208,
              2.2686
            ],
            [
              -70.4156,
              2.2546
            ],
            [
              -70.4041,
              2.2654
            ],
            [
              -70.3828,
              2.2451
            ],
            [
              -70.3615,
              2.2344
            ],
            [
              -70.3472,
              2.2474
            ],
            [
              -70.3413,
              2.2332
            ],
            [
              -70.325,
              2.2233
            ],
            [
              -70.31,
              2.2088
            ],
            [
              -70.2936,
              2.2253
            ],
            [
              -70.3,
              2.2535
            ],
            [
              -70.2768,
              2.2376
            ],
            [
              -70.2704,
              2.2401
            ],
            [
              -70.2588,
              2.2567
            ],
            [
              -70.2473,
              2.2654
            ],
            [
              -70.2473,
              2.2433
            ],
            [
              -70.2354,
              2.24
            ],
            [
              -70.2233,
              2.246
            ],
            [
              -70.2147,
              2.234
            ],
            [
              -70.2028,
              2.2406
            ],
            [
              -70.1995,
              2.2307
            ],
            [
              -70.189,
              2.2314
            ],
            [
              -70.1827,
              2.2401
            ],
            [
              -70.1721,
              2.2374
            ],
            [
              -70.1564,
              2.2408
            ],
            [
              -70.1375,
              2.2616
            ],
            [
              -70.1505,
              2.2657
            ],
            [
              -70.1414,
              2.2769
            ],
            [
              -70.1209,
              2.2631
            ],
            [
              -70.108,
              2.2685
            ],
            [
              -70.087,
              2.263
            ],
            [
              -70.0732,
              2.2765
            ],
            [
              -70.0711,
              2.2919
            ],
            [
              -70.0627,
              2.2954
            ],
            [
              -70.0447,
              2.2896
            ],
            [
              -70.0541,
              2.2814
            ],
            [
              -70.0378,
              2.2667
            ],
            [
              -70.0268,
              2.2649
            ],
            [
              -70.0241,
              2.2353
            ],
            [
              -69.9969,
              2.225
            ],
            [
              -70.0018,
              2.2079
            ],
            [
              -70.0138,
              2.1853
            ],
            [
              -70.0287,
              2.1746
            ],
            [
              -70.0376,
              2.1632
            ],
            [
              -70.0522,
              2.1563
            ],
            [
              -70.0584,
              2.1457
            ],
            [
              -70.0739,
              2.1389
            ],
            [
              -70.117,
              2.1126
            ],
            [
              -70.1097,
              2.0988
            ],
            [
              -70.1096,
              2.0801
            ],
            [
              -70.1191,
              2.0592
            ],
            [
              -70.1218,
              2.0318
            ],
            [
              -70.1133,
              2.0142
            ],
            [
              -70.1151,
              1.9992
            ],
            [
              -70.1407,
              1.9798
            ],
            [
              -70.1374,
              1.9645
            ],
            [
              -70.1427,
              1.9506
            ],
            [
              -70.1585,
              1.9436
            ],
            [
              -70.1656,
              1.9338
            ],
            [
              -70.1633,
              1.92
            ],
            [
              -70.1498,
              1.927
            ],
            [
              -70.1358,
              1.9267
            ],
            [
              -70.1176,
              1.9177
            ],
            [
              -70.1089,
              1.9236
            ],
            [
              -70.0802,
              1.9272
            ],
            [
              -70.0707,
              1.9629
            ],
            [
              -70.062,
              1.9831
            ],
            [
              -70.0463,
              1.9808
            ],
            [
              -70.0432,
              1.9881
            ],
            [
              -70.0217,
              1.9947
            ],
            [
              -69.9929,
              2.0071
            ],
            [
              -69.9371,
              2.0138
            ],
            [
              -69.9172,
              1.9957
            ],
            [
              -69.8364,
              1.9885
            ],
            [
              -69.8169,
              1.9765
            ],
            [
              -69.7995,
              1.9732
            ],
            [
              -69.7847,
              1.9774
            ],
            [
              -69.7715,
              1.9719
            ],
            [
              -69.74,
              1.9732
            ],
            [
              -69.7323,
              1.9816
            ],
            [
              -69.7169,
              1.9808
            ],
            [
              -69.6959,
              1.9904
            ],
            [
              -69.6858,
              1.9903
            ],
            [
              -69.6715,
              1.9997
            ],
            [
              -69.659,
              2.0211
            ],
            [
              -69.6622,
              2.0381
            ],
            [
              -69.6594,
              2.0505
            ],
            [
              -69.6481,
              2.0648
            ],
            [
              -69.6113,
              2.0839
            ],
            [
              -69.6022,
              2.0952
            ],
            [
              -69.5994,
              2.1115
            ],
            [
              -69.5708,
              2.1367
            ],
            [
              -69.5715,
              2.1437
            ],
            [
              -69.558,
              2.152
            ],
            [
              -69.5491,
              2.1711
            ],
            [
              -69.5413,
              2.1733
            ],
            [
              -69.5315,
              2.1971
            ],
            [
              -69.5312,
              2.2096
            ],
            [
              -69.5162,
              2.2139
            ],
            [
              -69.509,
              2.2236
            ],
            [
              -69.5128,
              2.2448
            ],
            [
              -69.4984,
              2.2544
            ],
            [
              -69.4968,
              2.2842
            ],
            [
              -69.4902,
              2.2898
            ],
            [
              -69.4952,
              2.3177
            ],
            [
              -69.4873,
              2.3292
            ],
            [
              -69.4549,
              2.3315
            ],
            [
              -69.44,
              2.3394
            ],
            [
              -69.4223,
              2.3547
            ],
            [
              -69.4115,
              2.3509
            ],
            [
              -69.4105,
              2.3422
            ],
            [
              -69.3991,
              2.3384
            ],
            [
              -69.3834,
              2.3215
            ],
            [
              -69.3842,
              2.3126
            ],
            [
              -69.3694,
              2.3081
            ],
            [
              -69.3395,
              2.3094
            ],
            [
              -69.322,
              2.3184
            ],
            [
              -69.298,
              2.319
            ],
            [
              -69.2775,
              2.3369
            ],
            [
              -69.2608,
              2.3464
            ],
            [
              -69.2301,
              2.3549
            ],
            [
              -69.2167,
              2.3557
            ],
            [
              -69.2094,
              2.3734
            ],
            [
              -69.1875,
              2.3638
            ],
            [
              -69.2606,
              2.5413
            ],
            [
              -69.3554,
              2.7712
            ],
            [
              -69.3613,
              2.7825
            ],
            [
              -69.3556,
              2.8053
            ],
            [
              -69.3628,
              2.818
            ],
            [
              -69.3914,
              2.839
            ],
            [
              -69.3964,
              2.85
            ],
            [
              -69.4095,
              2.8551
            ],
            [
              -69.4181,
              2.868
            ]
          ]
        ]
      },
      "properties": {
        "OBJECTID": 1107,
        "DPTO_CCDGO": "50",
        "MPIO_CCDGO": "888",
        "name": "50083",
        "MPIO_CRSLC": "1988",
        "MPIO_NANO_": 1993,
        "MPIO_NAREA": 8567.59921315,
        "MPIO_CSMBL": "4",
        "MPIO_CCNCT": "94888",
        "MPIO_NANO": 2012,
        "SHAPE_Leng": 5.64775476562,
        "SHAPE_Area": 0.696299741093,
        "NOMBRE": "MORICHAL (MORICHAL NUEVO)",
        "DANE": {
          "dpto_ccdgo": "94",
          "mpio_ccdgo": "888",
          "mpio_cdpmp": "94888",
          "dpto_cnmbr": "GUAINÍA",
          "mpio_cnmbr": "MORICHAL",
          "mpio_crslc": "1988",
          "mpio_tipo": "ÁREA NO MUNICIPALIZADA",
          "mpio_narea": 8548.29888746,
          "mpio_nano": 2024,
          "shape_Leng": 6.91064563232,
          "shape_Area": 0.691240487445
        }
      }
    }
  ],
  "name": "50"
}