{
  "type": "FeatureCollection",
  "crs": {
    "type": "name",
    "properties": {
      "name": "urn:ogc:def:crs:OGC:1.3:CRS84"
    }
  },
  "features": [
    {
      "type": "Feature",
      "geometry": {
        "type": "Polygon",
        "coordinates": [
          [
            [
              -73.7426,
              4.1987
            ],
            [
              -73.7323,
              4.2031
            ],
            [
              -73.7127,
              4.1844
            ],
            [
              -73.7098,
              4.1632
            ],
            [
              -73.7251,
              4.1381
            ],
            [
              -73.7459,
              4.1259
            ],
            [
              -73.7658,
              4.1179
            ],
            [
              -73.7622,
              4.0981
            ],
            [
              -73.768,
              4.0632
            ],
            [
              -73.7642,
              4.0464
            ],
            [
              -73.7501,
              4.0326
            ],
            [
              -73.7287,
              4.0294
            ],
            [
              -73.716,
              4.0311
            ],
            [
              -73.6918,
              4.0283
            ],
            [
              -73.6695,
              4.0291
            ],
            [
              -73.6423,
              4.0202
            ],
            [
              -73.6152,
              4.0207
            ],
            [
              -73.5943,
              4.0163
            ],
            [
              -73.5771,
              4.0177
            ],
            [
              -73.5648,
              4.013
            ],
            [
              -73.5033,
              3.9985
            ],
            [
              -73.4831,
              3.9984
            ],
            [
              -73.4494,
              3.9881
            ],
            [
              -73.4168,
              3.9848
            ],
            [
              -73.382,
              3.9695
            ],
            [
              -73.3686,
              3.967
            ],
            [
              -73.3421,
              3.9709
            ],
            [
              -73.3281,
              3.9688
            ],
            [
              -73.3235,
              3.9553
            ],
            [
              -73.2975,
              3.9585
            ],
            [
              -73.2902,
              3.9493
            ],
            [
              -73.2678,
              3.9617
            ],
            [
              -73.2534,
              3.9631
            ],
            [
              -73.242,
              3.97
            ],
            [
              -73.2308,
              3.9652
            ],
            [
              -73.2168,
              3.9478
            ],
            [
              -73.1984,
              3.9489
            ],
            [
              -73.1865,
              3.9369
            ],
            [
              -73.1751,
              3.935
            ],
            [
              -73.175,
              4.0403
            ],
            [
              -73.2603,
              4.13
            ],
            [
              -73.2703,
              4.1312
            ],
            [
              -73.2854,
              4.1418
            ],
            [
              -73.3075,
              4.1405
            ],
            [
              -73.3172,
              4.1336
            ],
            [
              -73.3359,
              4.1349
            ],
            [
              -73.348,
              4.1299
            ],
            [
              -73.3634,
              4.1363
            ],
            [
              -73.3995,
              4.1312
            ],
            [
              -73.4172,
              4.139
            ],
            [
              -73.4569,
              4.1489
            ],
            [
              -73.4738,
              4.163
            ],
            [
              -73.5098,
              4.1632
            ],
            [
              -73.5727,
              4.1884
            ],
            [
              -73.5778,
              4.1961
            ],
            [
              -73.5892,
              4.1931
            ],
            [
              -73.5971,
              4.2048
            ],
            [
              -73.6101,
              4.2147
            ],
            [
              -73.6198,
              4.2143
            ],
            [
              -73.6189,
              4.238
            ],
            [
              -73.6085,
              4.2481
            ],
            [
              -73.611,
              4.261
            ],
            [
              -73.6297,
              4.2776
            ],
            [
              -73.6278,
              4.2865
            ],
            [
              -73.6565,
              4.2864
            ],
            [
              -73.6596,
              4.2783
            ],
            [
              -73.6764,
              4.2819
            ],
            [
              -73.687,
              4.2798
            ],
            [
              -73.6964,
              4.2885
            ],
            [
              -73.7254,
              4.2789
            ],
            [
              -73.7497,
              4.285
            ],
            [
              -73.7641,
              4.2812
            ],
            [
              -73.7441,
              4.2662
            ],
            [
              -73.7514,
              4.259
            ],
            [
              -73.7603,
              4.2364
            ],
            [
              -73.7545,
              4.2134
            ],
            [
              -73.7426,
              4.1987
            ]
          ]
        ]
      },
      "properties": {
        "OBJECTID": 687,
        "DPTO_CCDGO": "52",
        "MPIO_CCDGO": "001",
        "name": "52001",
        "MPIO_CRSLC": "1840",
        "MPIO_NANO_": 1993,
        "MPIO_NAREA": 1312.85783879,
        "MPIO_CSMBL": "4",
        "MPIO_CCNCT": "50001",
        "MPIO_NANO": 2012,
        "SHAPE_Leng": 2.14061844305,
        "SHAPE_Area": 0.106910827532,
        "NOMBRE": "VILLAVICENCIO",
        "DANE": {
          "dpto_ccdgo": "50",
          "mpio_ccdgo": "001",
          "mpio_cdpmp": "50001",
          "dpto_cnmbr": "META",
          "mpio_cnmbr": "VILLAVICENCIO",
          "mpio_crslc": "1840",
          "mpio_tipo": "MUNICIPIO",
          "mpio_narea": 1285.80032984,
          "mpio_nano": 2024,
          "shape_Leng": 2.03987379097,
          "shape_Area": 0.104707627262
        }
      }
    },
    {
      "type": "Feature",
      "geometry": {
        "type": "Polygon",
        "coordinates": [
          [
            [
              -73.4579,
              3.855
            ],
            [
              -73.4583,
              3.8692
            ],
            [
              -73.4427,
              3.878
            ],
            [
              -73.4461,
              3.8848
            ],
            [
              -73.4391,
              3.9228
            ],
            [
              -73.431,
              3.9411
            ],
            [
              -73.4319,
              3.952
            ],
            [
              -73.4177,
              3.9758
            ],
            [
              -73.4168,
              3.9848
            ],
            [
              -73.4494,
              3.9881
            ],
            [
              -73.4831,
              3.9984
            ],
            [
              -73.5033,
              3.9985
            ],
            [
              -73.5648,
              4.013
            ],
            [
              -73.5771,
              4.0177
            ],
            [
              -73.5943,
              4.0163
            ],
            [
              -73.6152,
              4.0207
            ],
            [
              -73.6423,
              4.0202
            ],
            [
              -73.6695,
              4.0291
            ],
            [
              -73.6918,
              4.0283
            ],
            [
              -73.716,
              4.0311
            ],
            [
              -73.7287,
              4.0294
            ],
            [
              -73.7501,
              4.0326
            ],
            [
              -73.7642,
              4.0464
            ],
            [
              -73.768,
              4.0632
            ],
            [
              -73.7622,
              4.0981
            ],
            [
              -73.7658,
              4.1179
            ],
            [
              -73.7459,
              4.1259
            ],
            [
              -73.7251,
              4.1381
            ],
            [
              -73.7098,
              4.1632
            ],
            [
              -73.7127,
              4.1844
            ],
            [
              -73.7323,
              4.2031
            ],
            [
              -73.7426,
              4.1987
            ],
            [
              -73.7534,
              4.1929
            ],
            [
              -73.7944,
              4.2006
            ],
            [
              -73.8138,
              4.2015
            ],
            [
              -73.8192,
              4.18
            ],
            [
              -73.8256,
              4.17
            ],
            [
              -73.8399,
              4.1773
            ],
            [
              -73.8711,
              4.1678
            ],
            [
              -73.8825,
              4.1525
            ],
            [
              -73.8966,
              4.1426
            ],
            [
              -73.9136,
              4.1488
            ],
            [
              -73.9208,
              4.1439
            ],
            [
              -73.9334,
              4.1488
            ],
            [
              -73.945,
              4.1184
            ],
            [
              -73.9558,
              4.0995
            ],
            [
              -73.9678,
              4.0907
            ],
            [
              -73.9828,
              4.1093
            ],
            [
              -73.9911,
              4.103
            ],
            [
              -74.0052,
              4.1101
            ],
            [
              -74.0163,
              4.0978
            ],
            [
              -74.0251,
              4.0975
            ],
            [
              -74.0362,
              4.0817
            ],
            [
              -74.0334,
              4.0679
            ],
            [
              -74.0286,
              4.0774
            ],
            [
              -74.0185,
              4.0761
            ],
            [
              -73.9994,
              4.0609
            ],
            [
              -73.98,
              4.0412
            ],
            [
              -73.9606,
              4.0251
            ],
            [
              -73.9628,
              4.0048
            ],
            [
              -73.9591,
              3.9921
            ],
            [
              -73.9464,
              3.986
            ],
            [
              -73.9314,
              3.9918
            ],
            [
              -73.9127,
              3.9941
            ],
            [
              -73.8972,
              3.9837
            ],
            [
              -73.8779,
              3.9831
            ],
            [
              -73.8582,
              3.9537
            ],
            [
              -73.8311,
              3.9525
            ],
            [
              -73.8157,
              3.9417
            ],
            [
              -73.801,
              3.9264
            ],
            [
              -73.7745,
              3.9313
            ],
            [
              -73.7508,
              3.9282
            ],
            [
              -73.7285,
              3.9208
            ],
            [
              -73.7082,
              3.9148
            ],
            [
              -73.6952,
              3.9006
            ],
            [
              -73.676,
              3.8885
            ],
            [
              -73.6622,
              3.8846
            ],
            [
              -73.6519,
              3.8741
            ],
            [
              -73.6382,
              3.8694
            ],
            [
              -73.604,
              3.8664
            ],
            [
              -73.5884,
              3.8622
            ],
            [
              -73.5832,
              3.8769
            ],
            [
              -73.5723,
              3.8709
            ],
            [
              -73.5483,
              3.8753
            ],
            [
              -73.5406,
              3.8633
            ],
            [
              -73.5289,
              3.8633
            ],
            [
              -73.5148,
              3.8478
            ],
            [
              -73.5011,
              3.8433
            ],
            [
              -73.4665,
              3.8468
            ],
            [
              -73.4579,
              3.855
            ]
          ]
        ]
      },
      "properties": {
        "OBJECTID": 688,
        "DPTO_CCDGO": "52",
        "MPIO_CCDGO": "006",
        "name": "52005",
        "MPIO_CRSLC": "Ordenanza 23 de 1960",
        "MPIO_NANO_": 1993,
        "MPIO_NAREA": 1121.03609808,
        "MPIO_CSMBL": "4",
        "MPIO_CCNCT": "50006",
        "MPIO_NANO": 2012,
        "SHAPE_Leng": 2.08172237344,
        "SHAPE_Area": 0.0912874143151,
        "NOMBRE": "ACACIAS",
        "DANE": {
          "dpto_ccdgo": "50",
          "mpio_ccdgo": "006",
          "mpio_cdpmp": "50006",
          "dpto_cnmbr": "META",
          "mpio_cnmbr": "ACACÍAS",
          "mpio_crslc": "Ordenanza 23 de 1960",
          "mpio_tipo": "MUNICIPIO",
          "mpio_narea": 1123.5805312,
          "mpio_nano": 2024,
          "shape_Leng": 2.07208684171,
          "shape_Area": 0.0914946326348
        }
      }
    },
    {
      "type": "Feature",
      "geometry": {
        "type": "Polygon",
        "coordinates": [
          [
            [
              -72.843,
              4.433
            ],
            [
              -72.8515,
              4.4494
            ],
            [
              -72.8684,
              4.4502
            ],
            [
              -72.8777,
              4.4634
            ],
            [
              -72.8968,
              4.4747
            ],
            [
              -72.9019,
              4.4946
            ],
            [
              -72.9234,
              4.5204
            ],
            [
              -72.9387,
              4.5244
            ],
            [
              -72.939,
              4.5335
            ],
            [
              -72.9499,
              4.5596
            ],
            [
              -72.9618,
              4.5708
            ],
            [
              -72.968,
              4.5992
            ],
            [
              -72.9774,
              4.6101
            ],
            [
              -72.9969,
              4.617
            ],
            [
              -73.0039,
              4.6281
            ],
            [
              -73.0169,
              4.6356
            ],
            [
              -73.0165,
              4.6462
            ],
            [
              -73.0259,
              4.6518
            ],
            [
              -73.04,
              4.6771
            ],
            [
              -73.0543,
              4.7029
            ],
            [
              -73.0479,
              4.7288
            ],
            [
              -73.0526,
              4.7363
            ],
            [
              -73.0918,
              4.4752
            ],
            [
              -73.0877,
              4.4607
            ],
            [
              -73.0756,
              4.4571
            ],
            [
              -73.0676,
              4.4663
            ],
            [
              -73.0595,
              4.4613
            ],
            [
              -73.0231,
              4.4495
            ],
            [
              -73.0024,
              4.4372
            ],
            [
              -72.9935,
              4.4386
            ],
            [
              -72.9736,
              4.4188
            ],
            [
              -72.9784,
              4.4062
            ],
            [
              -72.9728,
              4.4
            ],
            [
              -72.9473,
              4.3933
            ],
            [
              -72.937,
              4.3823
            ],
            [
              -72.9167,
              4.374
            ],
            [
              -72.9208,
              4.403
            ],
            [
              -72.9279,
              4.4127
            ],
            [
              -72.9229,
              4.424
            ],
            [
              -72.9301,
              4.4325
            ],
            [
              -72.843,
              4.433
            ]
          ]
        ]
      },
      "properties": {
        "OBJECTID": 689,
        "DPTO_CCDGO": "52",
        "MPIO_CCDGO": "110",
        "name": "52006",
        "MPIO_CRSLC": "Ordenanza 5  de Octubre 16 de 1990",
        "MPIO_NANO_": 1993,
        "MPIO_NAREA": 423.20951138,
        "MPIO_CSMBL": "4",
        "MPIO_CCNCT": "50110",
        "MPIO_NANO": 2012,
        "SHAPE_Leng": 1.31903730023,
        "SHAPE_Area": 0.0344741091667,
        "NOMBRE": "BARRANCA DE UPIA",
        "DANE": {
          "dpto_ccdgo": "50",
          "mpio_ccdgo": "110",
          "mpio_cdpmp": "50110",
          "dpto_cnmbr": "META",
          "mpio_cnmbr": "BARRANCA DE UPÍA",
          "mpio_crslc": "Ordenanza 5  de Octubre 16 de 1990",
          "mpio_tipo": "MUNICIPIO",
          "mpio_narea": 403.822785367,
          "mpio_nano": 2024,
          "shape_Leng": 1.31202711399,
          "shape_Area": 0.0328947309418
        }
      }
    },
    {
      "type": "Feature",
      "geometry": {
        "type": "Polygon",
        "coordinates": [
          [
            [
              -72.843,
              4.433
            ],
            [
              -72.9301,
              4.4325
            ],
            [
              -72.9229,
              4.424
            ],
            [
              -72.9279,
              4.4127
            ],
            [
              -72.9208,
              4.403
            ],
            [
              -72.9167,
              4.374
            ],
            [
              -72.937,
              4.3823
            ],
            [
              -72.9473,
              4.3933
            ],
            [
              -72.9728,
              4.4
            ],
            [
              -72.9784,
              4.4062
            ],
            [
              -72.9736,
              4.4188
            ],
            [
              -72.9935,
              4.4386
            ],
            [
              -73.0024,
              4.4372
            ],
            [
              -73.0231,
              4.4495
            ],
            [
              -73.0595,
              4.4613
            ],
            [
              -73.0676,
              4.4663
            ],
            [
              -73.0756,
              4.4571
            ],
            [
              -73.0877,
              4.4607
            ],
            [
              -73.0918,
              4.4752
            ],
            [
              -73.1241,
              4.2598
            ],
            [
              -73.1249,
              4.257
            ],
            [
              -73.1118,
              4.247
            ],
            [
              -73.0938,
              4.2412
            ],
            [
              -73.0824,
              4.2523
            ],
            [
              -73.0637,
              4.2488
            ],
            [
              -73.076,
              4.2364
            ],
            [
              -73.0717,
              4.2286
            ],
            [
              -73.0576,
              4.226
            ],
            [
              -73.0668,
              4.213
            ],
            [
              -73.0571,
              4.2059
            ],
            [
              -73.0436,
              4.1765
            ],
            [
              -73.04,
              4.1719
            ],
            [
              -73.0234,
              4.1775
            ],
            [
              -73.0264,
              4.1607
            ],
            [
              -73.0136,
              4.1637
            ],
            [
              -73.015,
              4.1854
            ],
            [
              -73.0059,
              4.1866
            ],
            [
              -72.9955,
              4.1694
            ],
            [
              -72.9787,
              4.1592
            ],
            [
              -72.9668,
              4.1587
            ],
            [
              -72.9514,
              4.1504
            ],
            [
              -72.9398,
              4.1587
            ],
            [
              -72.9288,
              4.1539
            ],
            [
              -72.9155,
              4.1766
            ],
            [
              -72.9071,
              4.198
            ],
            [
              -72.8857,
              4.2031
            ],
            [
              -72.8746,
              4.2124
            ],
            [
              -72.884,
              4.2419
            ],
            [
              -72.8754,
              4.2446
            ],
            [
              -72.8701,
              4.2337
            ],
            [
              -72.8562,
              4.2484
            ],
            [
              -72.8659,
              4.2659
            ],
            [
              -72.8569,
              4.2697
            ],
            [
              -72.8465,
              4.2614
            ],
            [
              -72.8353,
              4.2638
            ],
            [
              -72.8173,
              4.2597
            ],
            [
              -72.8086,
              4.2488
            ],
            [
              -72.8008,
              4.2504
            ],
            [
              -72.8022,
              4.276
            ],
            [
              -72.787,
              4.2768
            ],
            [
              -72.7759,
              4.2631
            ],
            [
              -72.7638,
              4.2626
            ],
            [
              -72.7564,
              4.2692
            ],
            [
              -72.7472,
              4.296
            ],
            [
              -72.7398,
              4.3097
            ],
            [
              -72.74,
              4.3237
            ],
            [
              -72.7464,
              4.3283
            ],
            [
              -72.7695,
              4.3332
            ],
            [
              -72.7657,
              4.3496
            ],
            [
              -72.7723,
              4.37
            ],
            [
              -72.7998,
              4.3769
            ],
            [
              -72.7875,
              4.3961
            ],
            [
              -72.8024,
              4.396
            ],
            [
              -72.8071,
              4.4059
            ],
            [
              -72.8227,
              4.4144
            ],
            [
              -72.8229,
              4.4285
            ],
            [
              -72.843,
              4.433
            ]
          ]
        ]
      },
      "properties": {
        "OBJECTID": 690,
        "DPTO_CCDGO": "52",
        "MPIO_CCDGO": "124",
        "name": "52008",
        "MPIO_CRSLC": "Decreto 47 de Septiembre 3 de 1912",
        "MPIO_NANO_": 1993,
        "MPIO_NAREA": 911.85954843,
        "MPIO_CSMBL": "4",
        "MPIO_CCNCT": "50124",
        "MPIO_NANO": 2012,
        "SHAPE_Leng": 2.04936071157,
        "SHAPE_Area": 0.0742566026887,
        "NOMBRE": "CABUYARO",
        "DANE": {
          "dpto_ccdgo": "50",
          "mpio_ccdgo": "124",
          "mpio_cdpmp": "50124",
          "dpto_cnmbr": "META",
          "mpio_cnmbr": "CABUYARO",
          "mpio_crslc": "Decreto 47 de Septiembre 3 de 1912",
          "mpio_tipo": "MUNICIPIO",
          "mpio_narea": 913.662509658,
          "mpio_nano": 2024,
          "shape_Leng": 2.00884835264,
          "shape_Area": 0.0744032624336
        }
      }
    },
    {
      "type": "Feature",
      "geometry": {
        "type": "Polygon",
        "coordinates": [
          [
            [
              -73.4579,
              3.855
            ],
            [
              -73.4665,
              3.8468
            ],
            [
              -73.5011,
              3.8433
            ],
            [
              -73.5148,
              3.8478
            ],
            [
              -73.5289,
              3.8633
            ],
            [
              -73.5406,
              3.8633
            ],
            [
              -73.5483,
              3.8753
            ],
            [
              -73.5723,
              3.8709
            ],
            [
              -73.5832,
              3.8769
            ],
            [
              -73.5884,
              3.8622
            ],
            [
              -73.604,
              3.8664
            ],
            [
              -73.6382,
              3.8694
            ],
            [
              -73.6519,
              3.8741
            ],
            [
              -73.6622,
              3.8846
            ],
            [
              -73.676,
              3.8885
            ],
            [
              -73.6952,
              3.9006
            ],
            [
              -73.7082,
              3.9148
            ],
            [
              -73.7285,
              3.9208
            ],
            [
              -73.7315,
              3.9038
            ],
            [
              -73.7177,
              3.8976
            ],
            [
              -73.7132,
              3.8828
            ],
            [
              -73.7257,
              3.8727
            ],
            [
              -73.7407,
              3.8523
            ],
            [
              -73.7338,
              3.8334
            ],
            [
              -73.723,
              3.8203
            ],
            [
              -73.7191,
              3.8054
            ],
            [
              -73.7143,
              3.7992
            ],
            [
              -73.6831,
              3.7885
            ],
            [
              -73.6646,
              3.7864
            ],
            [
              -73.6552,
              3.7784
            ],
            [
              -73.616,
              3.7721
            ],
            [
              -73.6042,
              3.7643
            ],
            [
              -73.5819,
              3.7582
            ],
            [
              -73.5676,
              3.7606
            ],
            [
              -73.5601,
              3.7513
            ],
            [
              -73.5341,
              3.7301
            ],
            [
              -73.5203,
              3.7301
            ],
            [
              -73.5109,
              3.7245
            ],
            [
              -73.4892,
              3.7301
            ],
            [
              -73.483,
              3.723
            ],
            [
              -73.4538,
              3.7286
            ],
            [
              -73.4436,
              3.7232
            ],
            [
              -73.4179,
              3.7165
            ],
            [
              -73.4133,
              3.7193
            ],
            [
              -73.3902,
              3.7055
            ],
            [
              -73.3574,
              3.7104
            ],
            [
              -73.3892,
              3.8661
            ],
            [
              -73.3971,
              3.8556
            ],
            [
              -73.4338,
              3.8498
            ],
            [
              -73.4579,
              3.855
            ]
          ]
        ]
      },
      "properties": {
        "OBJECTID": 691,
        "DPTO_CCDGO": "52",
        "MPIO_CCDGO": "150",
        "name": "52010",
        "MPIO_CRSLC": "Ordenanza 08 de Julio 7 de 1961",
        "MPIO_NANO_": 1993,
        "MPIO_NAREA": 505.3038311,
        "MPIO_CSMBL": "4",
        "MPIO_CCNCT": "50150",
        "MPIO_NANO": 2012,
        "SHAPE_Leng": 1.35592583749,
        "SHAPE_Area": 0.0411358683181,
        "NOMBRE": "CASTILLA LA NUEVA",
        "DANE": {
          "dpto_ccdgo": "50",
          "mpio_ccdgo": "150",
          "mpio_cdpmp": "50150",
          "dpto_cnmbr": "META",
          "mpio_cnmbr": "CASTILLA LA NUEVA",
          "mpio_crslc": "Ordenanza 08 de Julio 7 de 1961",
          "mpio_tipo": "MUNICIPIO",
          "mpio_narea": 514.685966462,
          "mpio_nano": 2024,
          "shape_Leng": 1.34932933042,
          "shape_Area": 0.0418996159725
        }
      }
    },
    {
      "type": "Feature",
      "geometry": {
        "type": "Polygon",
        "coordinates": [
          [
            [
              -73.7496,
              3.8113
            ],
            [
              -73.7702,
              3.8228
            ],
            [
              -73.7765,
              3.8301
            ],
            [
              -73.7977,
              3.84
            ],
            [
              -73.8102,
              3.8517
            ],
            [
              -73.8182,
              3.8684
            ],
            [
              -73.8296,
              3.8687
            ],
            [
              -73.8422,
              3.8823
            ],
            [
              -73.8569,
              3.8912
            ],
            [
              -73.8831,
              3.8838
            ],
            [
              -73.981,
              3.8994
            ],
            [
              -74.0185,
              3.908
            ],
            [
              -74.1095,
              3.9242
            ],
            [
              -74.1298,
              3.9257
            ],
            [
              -74.1635,
              3.9379
            ],
            [
              -74.1742,
              3.9593
            ],
            [
              -74.2004,
              3.994
            ],
            [
              -74.2024,
              4.0141
            ],
            [
              -74.2175,
              4.0082
            ],
            [
              -74.2293,
              3.9943
            ],
            [
              -74.2329,
              3.9782
            ],
            [
              -74.2438,
              3.9551
            ],
            [
              -74.2574,
              3.9495
            ],
            [
              -74.2564,
              3.9279
            ],
            [
              -74.2741,
              3.9243
            ],
            [
              -74.2815,
              3.9015
            ],
            [
              -74.2975,
              3.8833
            ],
            [
              -74.3106,
              3.8882
            ],
            [
              -74.3175,
              3.879
            ],
            [
              -74.2938,
              3.829
            ],
            [
              -74.2966,
              3.8189
            ],
            [
              -74.3172,
              3.8158
            ],
            [
              -74.3263,
              3.8267
            ],
            [
              -74.3354,
              3.8217
            ],
            [
              -74.3523,
              3.8047
            ],
            [
              -74.3627,
              3.7896
            ],
            [
              -74.377,
              3.7779
            ],
            [
              -74.3939,
              3.7699
            ],
            [
              -74.3872,
              3.7607
            ],
            [
              -74.3974,
              3.7537
            ],
            [
              -74.3979,
              3.7451
            ],
            [
              -74.3832,
              3.7379
            ],
            [
              -74.3814,
              3.7315
            ],
            [
              -74.3654,
              3.717
            ],
            [
              -74.3475,
              3.7137
            ],
            [
              -74.3307,
              3.72
            ],
            [
              -74.2935,
              3.7186
            ],
            [
              -74.2818,
              3.7241
            ],
            [
              -74.2598,
              3.7419
            ],
            [
              -74.2446,
              3.7501
            ],
            [
              -74.2355,
              3.7602
            ],
            [
              -74.2352,
              3.7867
            ],
            [
              -74.2406,
              3.7945
            ],
            [
              -74.2341,
              3.8064
            ],
            [
              -74.219,
              3.8056
            ],
            [
              -74.2028,
              3.7973
            ],
            [
              -74.1919,
              3.7746
            ],
            [
              -74.1697,
              3.7857
            ],
            [
              -74.1496,
              3.7857
            ],
            [
              -74.1291,
              3.7709
            ],
            [
              -74.1101,
              3.7728
            ],
            [
              -74.1069,
              3.7784
            ],
            [
              -74.091,
              3.7799
            ],
            [
              -74.0802,
              3.7593
            ],
            [
              -74.0708,
              3.7586
            ],
            [
              -74.0466,
              3.7409
            ],
            [
              -74.0479,
              3.7271
            ],
            [
              -74.0435,
              3.7141
            ],
            [
              -74.0037,
              3.7044
            ],
            [
              -73.9721,
              3.7191
            ],
            [
              -73.9733,
              3.7413
            ],
            [
              -73.9644,
              3.7465
            ],
            [
              -73.9331,
              3.7514
            ],
            [
              -73.9179,
              3.7483
            ],
            [
              -73.8887,
              3.7313
            ],
            [
              -73.8787,
              3.7365
            ],
            [
              -73.8711,
              3.755
            ],
            [
              -73.8577,
              3.763
            ],
            [
              -73.8411,
              3.7673
            ],
            [
              -73.8248,
              3.7551
            ],
            [
              -73.7946,
              3.7382
            ],
            [
              -73.7876,
              3.724
            ],
            [
              -73.7739,
              3.7441
            ],
            [
              -73.7652,
              3.7478
            ],
            [
              -73.7605,
              3.7661
            ],
            [
              -73.7406,
              3.7611
            ],
            [
              -73.7258,
              3.7702
            ],
            [
              -73.7377,
              3.7955
            ],
            [
              -73.7496,
              3.8113
            ]
          ]
        ]
      },
      "properties": {
        "OBJECTID": 692,
        "DPTO_CCDGO": "52",
        "MPIO_CCDGO": "223",
        "name": "52015",
        "MPIO_CRSLC": "Ordenanza 23 de Noviembre 28 de 1960",
        "MPIO_NANO_": 1993,
        "MPIO_NAREA": 1143.61676346,
        "MPIO_CSMBL": "4",
        "MPIO_CCNCT": "50223",
        "MPIO_NANO": 2012,
        "SHAPE_Leng": 2.07467869028,
        "SHAPE_Area": 0.0931097551191,
        "NOMBRE": "CUBARRAL",
        "DANE": {
          "dpto_ccdgo": "50",
          "mpio_ccdgo": "223",
          "mpio_cdpmp": "50223",
          "dpto_cnmbr": "META",
          "mpio_cnmbr": "CUBARRAL",
          "mpio_crslc": "Ordenanza 23 de Noviembre 28 de 1960",
          "mpio_tipo": "MUNICIPIO",
          "mpio_narea": 1157.86524634,
          "mpio_nano": 2024,
          "shape_Leng": 2.07509147256,
          "shape_Area": 0.0942699926134
        }
      }
    },
    {
      "type": "Feature",
      "geometry": {
        "type": "Polygon",
        "coordinates": [
          [
            [
              -73.4276,
              4.3066
            ],
            [
              -73.4474,
              4.2881
            ],
            [
              -73.472,
              4.2763
            ],
            [
              -73.484,
              4.2856
            ],
            [
              -73.4968,
              4.2838
            ],
            [
              -73.5229,
              4.293
            ],
            [
              -73.5505,
              4.3079
            ],
            [
              -73.5563,
              4.3544
            ],
            [
              -73.5715,
              4.3734
            ],
            [
              -73.5745,
              4.3203
            ],
            [
              -73.5648,
              4.3101
            ],
            [
              -73.5669,
              4.2972
            ],
            [
              -73.5503,
              4.2823
            ],
            [
              -73.5449,
              4.2666
            ],
            [
              -73.5209,
              4.2732
            ],
            [
              -73.5082,
              4.2568
            ],
            [
              -73.4895,
              4.2269
            ],
            [
              -73.4569,
              4.1937
            ],
            [
              -73.4499,
              4.1913
            ],
            [
              -73.4272,
              4.1574
            ],
            [
              -73.4128,
              4.1583
            ],
            [
              -73.3965,
              4.1495
            ],
            [
              -73.3825,
              4.1468
            ],
            [
              -73.3626,
              4.1525
            ],
            [
              -73.3457,
              4.1492
            ],
            [
              -73.3353,
              4.1548
            ],
            [
              -73.3088,
              4.1583
            ],
            [
              -73.2969,
              4.1555
            ],
            [
              -73.2788,
              4.1597
            ],
            [
              -73.268,
              4.1683
            ],
            [
              -73.2514,
              4.168
            ],
            [
              -73.2308,
              4.183
            ],
            [
              -73.1938,
              4.1759
            ],
            [
              -73.1622,
              4.1804
            ],
            [
              -73.1542,
              4.1872
            ],
            [
              -73.1452,
              4.1768
            ],
            [
              -73.123,
              4.1772
            ],
            [
              -73.1224,
              4.1681
            ],
            [
              -73.1108,
              4.1648
            ],
            [
              -73.0951,
              4.1635
            ],
            [
              -73.0809,
              4.1728
            ],
            [
              -73.0782,
              4.1848
            ],
            [
              -73.0676,
              4.1802
            ],
            [
              -73.0436,
              4.1765
            ],
            [
              -73.0571,
              4.2059
            ],
            [
              -73.0668,
              4.213
            ],
            [
              -73.0576,
              4.226
            ],
            [
              -73.0717,
              4.2286
            ],
            [
              -73.076,
              4.2364
            ],
            [
              -73.0637,
              4.2488
            ],
            [
              -73.0824,
              4.2523
            ],
            [
              -73.0938,
              4.2412
            ],
            [
              -73.1118,
              4.247
            ],
            [
              -73.1249,
              4.257
            ],
            [
              -73.1369,
              4.2138
            ],
            [
              -73.1449,
              4.2163
            ],
            [
              -73.1557,
              4.2307
            ],
            [
              -73.1778,
              4.2443
            ],
            [
              -73.1813,
              4.2525
            ],
            [
              -73.2038,
              4.2734
            ],
            [
              -73.2195,
              4.2775
            ],
            [
              -73.2348,
              4.2866
            ],
            [
              -73.2653,
              4.2907
            ],
            [
              -73.2823,
              4.2981
            ],
            [
              -73.2957,
              4.2988
            ],
            [
              -73.3261,
              4.3062
            ],
            [
              -73.3536,
              4.3212
            ],
            [
              -73.4019,
              4.3158
            ],
            [
              -73.4276,
              4.3066
            ]
          ]
        ]
      },
      "properties": {
        "OBJECTID": 693,
        "DPTO_CCDGO": "52",
        "MPIO_CCDGO": "226",
        "name": "52020",
        "MPIO_CRSLC": "Decreto 2543 de 1955",
        "MPIO_NANO_": 1993,
        "MPIO_NAREA": 618.08440825,
        "MPIO_CSMBL": "4",
        "MPIO_CCNCT": "50226",
        "MPIO_NANO": 2012,
        "SHAPE_Leng": 1.91500339995,
        "SHAPE_Area": 0.0503382136381,
        "NOMBRE": "CUMARAL",
        "DANE": {
          "dpto_ccdgo": "50",
          "mpio_ccdgo": "226",
          "mpio_cdpmp": "50226",
          "dpto_cnmbr": "META",
          "mpio_cnmbr": "CUMARAL",
          "mpio_crslc": "Decreto 2543 de 1955",
          "mpio_tipo": "MUNICIPIO",
          "mpio_narea": 624.873282817,
          "mpio_nano": 2024,
          "shape_Leng": 1.86983986693,
          "shape_Area": 0.0508911171764
        }
      }
    },
    {
      "type": "Feature",
      "geometry": {
        "type": "Polygon",
        "coordinates": [
          [
            [
              -73.6324,
              4.3966
            ],
            [
              -73.6515,
              4.3889
            ],
            [
              -73.6685,
              4.3591
            ],
            [
              -73.6865,
              4.3811
            ],
            [
              -73.6864,
              4.4053
            ],
            [
              -73.7016,
              4.3972
            ],
            [
              -73.7245,
              4.391
            ],
            [
              -73.7342,
              4.4036
            ],
            [
              -73.7432,
              4.4261
            ],
            [
              -73.7453,
              4.4553
            ],
            [
              -73.7552,
              4.4618
            ],
            [
              -73.7642,
              4.4498
            ],
            [
              -73.7833,
              4.4483
            ],
            [
              -73.807,
              4.4222
            ],
            [
              -73.8116,
              4.4018
            ],
            [
              -73.8088,
              4.3959
            ],
            [
              -73.802,
              4.3848
            ],
            [
              -73.7927,
              4.3811
            ],
            [
              -73.7959,
              4.3694
            ],
            [
              -73.7926,
              4.3525
            ],
            [
              -73.784,
              4.3327
            ],
            [
              -73.7836,
              4.3003
            ],
            [
              -73.7711,
              4.2947
            ],
            [
              -73.7641,
              4.2812
            ],
            [
              -73.7497,
              4.285
            ],
            [
              -73.7254,
              4.2789
            ],
            [
              -73.6964,
              4.2885
            ],
            [
              -73.687,
              4.2798
            ],
            [
              -73.6764,
              4.2819
            ],
            [
              -73.6596,
              4.2783
            ],
            [
              -73.6565,
              4.2864
            ],
            [
              -73.6278,
              4.2865
            ],
            [
              -73.6204,
              4.3154
            ],
            [
              -73.6,
              4.3403
            ],
            [
              -73.606,
              4.3579
            ],
            [
              -73.626,
              4.3824
            ],
            [
              -73.6324,
              4.3966
            ]
          ]
        ]
      },
      "properties": {
        "OBJECTID": 694,
        "DPTO_CCDGO": "52",
        "MPIO_CCDGO": "245",
        "name": "52025",
        "MPIO_CRSLC": "Decreto 2543 de 1955",
        "MPIO_NANO_": 1993,
        "MPIO_NAREA": 279.57471359,
        "MPIO_CSMBL": "4",
        "MPIO_CCNCT": "50245",
        "MPIO_NANO": 2012,
        "SHAPE_Leng": 0.792966904939,
        "SHAPE_Area": 0.0227759085767,
        "NOMBRE": "EL CALVARIO",
        "DANE": {
          "dpto_ccdgo": "50",
          "mpio_ccdgo": "245",
          "mpio_cdpmp": "50245",
          "dpto_cnmbr": "META",
          "mpio_cnmbr": "EL CALVARIO",
          "mpio_crslc": "Decreto 2543 de 1955",
          "mpio_tipo": "MUNICIPIO",
          "mpio_narea": 270.307080715,
          "mpio_nano": 2024,
          "shape_Leng": 0.827117895247,
          "shape_Area": 0.0220209040662
        }
      }
    },
    {
      "type": "Feature",
      "geometry": {
        "type": "Polygon",
        "coordinates": [
          [
            [
              -73.8887,
              3.7313
            ],
            [
              -73.9179,
              3.7483
            ],
            [
              -73.9331,
              3.7514
            ],
            [
              -73.9644,
              3.7465
            ],
            [
              -73.9733,
              3.7413
            ],
            [
              -73.9721,
              3.7191
            ],
            [
              -74.0037,
              3.7044
            ],
            [
              -74.0435,
              3.7141
            ],
            [
              -74.0456,
              3.7033
            ],
            [
              -74.0299,
              3.6832
            ],
            [
              -74.0381,
              3.6666
            ],
            [
              -74.0277,
              3.6525
            ],
            [
              -74.0244,
              3.6337
            ],
            [
              -74.027,
              3.6181
            ],
            [
              -74.0157,
              3.6211
            ],
            [
              -74.0048,
              3.6118
            ],
            [
              -73.994,
              3.5893
            ],
            [
              -73.9775,
              3.5831
            ],
            [
              -73.9743,
              3.5731
            ],
            [
              -73.9551,
              3.5535
            ],
            [
              -73.9528,
              3.5426
            ],
            [
              -73.9583,
              3.5305
            ],
            [
              -73.9374,
              3.5289
            ],
            [
              -73.9183,
              3.5237
            ],
            [
              -73.8813,
              3.508
            ],
            [
              -73.8564,
              3.5085
            ],
            [
              -73.8261,
              3.5031
            ],
            [
              -73.8013,
              3.5034
            ],
            [
              -73.7963,
              3.5083
            ],
            [
              -73.7722,
              3.5127
            ],
            [
              -73.7662,
              3.5175
            ],
            [
              -73.747,
              3.5173
            ],
            [
              -73.7435,
              3.5337
            ],
            [
              -73.747,
              3.5403
            ],
            [
              -73.7434,
              3.5737
            ],
            [
              -73.7476,
              3.6
            ],
            [
              -73.7472,
              3.6187
            ],
            [
              -73.7602,
              3.6538
            ],
            [
              -73.7651,
              3.6586
            ],
            [
              -73.7798,
              3.6568
            ],
            [
              -73.8119,
              3.6577
            ],
            [
              -73.821,
              3.6507
            ],
            [
              -73.8357,
              3.6718
            ],
            [
              -73.857,
              3.6776
            ],
            [
              -73.8688,
              3.6753
            ],
            [
              -73.8948,
              3.6913
            ],
            [
              -73.9002,
              3.7135
            ],
            [
              -73.8922,
              3.7156
            ],
            [
              -73.8887,
              3.7313
            ]
          ]
        ]
      },
      "properties": {
        "OBJECTID": 695,
        "DPTO_CCDGO": "52",
        "MPIO_CCDGO": "251",
        "name": "52027",
        "MPIO_CRSLC": "Ordenanza 25 de Febrero de 1976",
        "MPIO_NANO_": 1993,
        "MPIO_NAREA": 572.29668769,
        "MPIO_CSMBL": "4",
        "MPIO_CCNCT": "50251",
        "MPIO_NANO": 2012,
        "SHAPE_Leng": 1.15151642727,
        "SHAPE_Area": 0.0465835772998,
        "NOMBRE": "EL CASTILLO",
        "DANE": {
          "dpto_ccdgo": "50",
          "mpio_ccdgo": "251",
          "mpio_cdpmp": "50251",
          "dpto_cnmbr": "META",
          "mpio_cnmbr": "EL CASTILLO",
          "mpio_crslc": "Ordenanza 25 de Febrero de 1976",
          "mpio_tipo": "MUNICIPIO",
          "mpio_narea": 568.218055548,
          "mpio_nano": 2024,
          "shape_Leng": 1.11799915404,
          "shape_Area": 0.0462515826688
        }
      }
    },
    {
      "type": "Feature",
      "geometry": {
        "type": "Polygon",
        "coordinates": [
          [
            [
              -73.7876,
              3.724
            ],
            [
              -73.7946,
              3.7382
            ],
            [
              -73.8248,
              3.7551
            ],
            [
              -73.8411,
              3.7673
            ],
            [
              -73.8577,
              3.763
            ],
            [
              -73.8711,
              3.755
            ],
            [
              -73.8787,
              3.7365
            ],
            [
              -73.8887,
              3.7313
            ],
            [
              -73.8922,
              3.7156
            ],
            [
              -73.9002,
              3.7135
            ],
            [
              -73.8948,
              3.6913
            ],
            [
              -73.8688,
              3.6753
            ],
            [
              -73.857,
              3.6776
            ],
            [
              -73.8357,
              3.6718
            ],
            [
              -73.821,
              3.6507
            ],
            [
              -73.8119,
              3.6577
            ],
            [
              -73.7798,
              3.6568
            ],
            [
              -73.7651,
              3.6586
            ],
            [
              -73.768,
              3.682
            ],
            [
              -73.7876,
              3.724
            ]
          ]
        ]
      },
      "properties": {
        "OBJECTID": 696,
        "DPTO_CCDGO": "52",
        "MPIO_CCDGO": "270",
        "name": "52028",
        "MPIO_CRSLC": "Ordenanza 44  Noviembre 24 de 1992. Decreto 2129 de Diciembr",
        "MPIO_NANO_": 1993,
        "MPIO_NAREA": 116.14170235,
        "MPIO_CSMBL": "4",
        "MPIO_CCNCT": "50270",
        "MPIO_NANO": 2012,
        "SHAPE_Leng": 0.428194825447,
        "SHAPE_Area": 0.00945454135551,
        "NOMBRE": "EL DORADO",
        "DANE": {
          "dpto_ccdgo": "50",
          "mpio_ccdgo": "270",
          "mpio_cdpmp": "50270",
          "dpto_cnmbr": "META",
          "mpio_cnmbr": "EL DORADO",
          "mpio_crslc": "Ordenanza 44  Noviembre 24 de 1992. Decreto 2129 de Diciembr",
          "mpio_tipo": "MUNICIPIO",
          "mpio_narea": 117.341083491,
          "mpio_nano": 2024,
          "shape_Leng": 0.43640579979,
          "shape_Area": 0.00955216819394
        }
      }
    },
    {
      "type": "Feature",
      "geometry": {
        "type": "Polygon",
        "coordinates": [
          [
            [
              -73.4234,
              3.3456
            ],
            [
              -73.4339,
              3.3793
            ],
            [
              -73.447,
              3.3864
            ],
            [
              -73.4569,
              3.398
            ],
            [
              -73.4812,
              3.4145
            ],
            [
              -73.5166,
              3.4055
            ],
            [
              -73.5306,
              3.4139
            ],
            [
              -73.5354,
              3.4272
            ],
            [
              -73.5521,
              3.4404
            ],
            [
              -73.5566,
              3.4485
            ],
            [
              -73.572,
              3.4574
            ],
            [
              -73.58,
              3.4765
            ],
            [
              -73.5866,
              3.4813
            ],
            [
              -73.5943,
              3.5034
            ],
            [
              -73.6168,
              3.5259
            ],
            [
              -73.626,
              3.544
            ],
            [
              -73.643,
              3.551
            ],
            [
              -73.6456,
              3.5367
            ],
            [
              -73.6426,
              3.5222
            ],
            [
              -73.6501,
              3.5113
            ],
            [
              -73.6654,
              3.507
            ],
            [
              -73.6816,
              3.4888
            ],
            [
              -73.6878,
              3.4756
            ],
            [
              -73.686,
              3.463
            ],
            [
              -73.7063,
              3.4448
            ],
            [
              -73.7225,
              3.4227
            ],
            [
              -73.7361,
              3.3921
            ],
            [
              -73.735,
              3.3818
            ],
            [
              -73.7463,
              3.3609
            ],
            [
              -73.726,
              3.3439
            ],
            [
              -73.6772,
              3.3138
            ],
            [
              -73.652,
              3.3105
            ],
            [
              -73.6416,
              3.2954
            ],
            [
              -73.6244,
              3.2884
            ],
            [
              -73.6257,
              3.2802
            ],
            [
              -73.61,
              3.2674
            ],
            [
              -73.589,
              3.2585
            ],
            [
              -73.5802,
              3.2337
            ],
            [
              -73.5476,
              3.2309
            ],
            [
              -73.547,
              3.2537
            ],
            [
              -73.5548,
              3.2691
            ],
            [
              -73.5713,
              3.2742
            ],
            [
              -73.5838,
              3.2839
            ],
            [
              -73.5934,
              3.2849
            ],
            [
              -73.6002,
              3.296
            ],
            [
              -73.5868,
              3.3027
            ],
            [
              -73.5553,
              3.2968
            ],
            [
              -73.5265,
              3.2942
            ],
            [
              -73.5156,
              3.3097
            ],
            [
              -73.4983,
              3.3253
            ],
            [
              -73.4889,
              3.3193
            ],
            [
              -73.4722,
              3.321
            ],
            [
              -73.4606,
              3.3043
            ],
            [
              -73.4477,
              3.3008
            ],
            [
              -73.433,
              3.3095
            ],
            [
              -73.4234,
              3.3456
            ]
          ]
        ]
      },
      "properties": {
        "OBJECTID": 697,
        "DPTO_CCDGO": "52",
        "MPIO_CCDGO": "287",
        "name": "52030",
        "MPIO_CRSLC": "Ordenanza 24 Noviembre 28 de 1960",
        "MPIO_NANO_": 1993,
        "MPIO_NAREA": 546.35533559,
        "MPIO_CSMBL": "4",
        "MPIO_CCNCT": "50287",
        "MPIO_NANO": 2012,
        "SHAPE_Leng": 1.23576919918,
        "SHAPE_Area": 0.0444588493267,
        "NOMBRE": "FUENTE DE ORO",
        "DANE": {
          "dpto_ccdgo": "50",
          "mpio_ccdgo": "287",
          "mpio_cdpmp": "50287",
          "dpto_cnmbr": "META",
          "mpio_cnmbr": "FUENTE DE ORO",
          "mpio_crslc": "Ordenanza 24 Noviembre 28 de 1960",
          "mpio_tipo": "MUNICIPIO",
          "mpio_narea": 570.991216483,
          "mpio_nano": 2024,
          "shape_Leng": 1.44641980353,
          "shape_Area": 0.0464632765452
        }
      }
    },
    {
      "type": "Feature",
      "geometry": {
        "type": "Polygon",
        "coordinates": [
          [
            [
              -73.643,
              3.551
            ],
            [
              -73.6447,
              3.5626
            ],
            [
              -73.6541,
              3.5685
            ],
            [
              -73.656,
              3.5788
            ],
            [
              -73.6722,
              3.5856
            ],
            [
              -73.6804,
              3.6029
            ],
            [
              -73.6942,
              3.6234
            ],
            [
              -73.6999,
              3.6413
            ],
            [
              -73.7121,
              3.6461
            ],
            [
              -73.7472,
              3.6187
            ],
            [
              -73.7476,
              3.6
            ],
            [
              -73.7434,
              3.5737
            ],
            [
              -73.747,
              3.5403
            ],
            [
              -73.7435,
              3.5337
            ],
            [
              -73.747,
              3.5173
            ],
            [
              -73.7662,
              3.5175
            ],
            [
              -73.7722,
              3.5127
            ],
            [
              -73.7963,
              3.5083
            ],
            [
              -73.8013,
              3.5034
            ],
            [
              -73.8261,
              3.5031
            ],
            [
              -73.8564,
              3.5085
            ],
            [
              -73.8813,
              3.508
            ],
            [
              -73.8681,
              3.4984
            ],
            [
              -73.8678,
              3.4712
            ],
            [
              -73.8633,
              3.4569
            ],
            [
              -73.8667,
              3.446
            ],
            [
              -73.855,
              3.4415
            ],
            [
              -73.8554,
              3.4272
            ],
            [
              -73.8346,
              3.4202
            ],
            [
              -73.7972,
              3.4174
            ],
            [
              -73.7869,
              3.4076
            ],
            [
              -73.7954,
              3.3967
            ],
            [
              -73.7815,
              3.3864
            ],
            [
              -73.7577,
              3.363
            ],
            [
              -73.7463,
              3.3609
            ],
            [
              -73.735,
              3.3818
            ],
            [
              -73.7361,
              3.3921
            ],
            [
              -73.7225,
              3.4227
            ],
            [
              -73.7063,
              3.4448
            ],
            [
              -73.686,
              3.463
            ],
            [
              -73.6878,
              3.4756
            ],
            [
              -73.6816,
              3.4888
            ],
            [
              -73.6654,
              3.507
            ],
            [
              -73.6501,
              3.5113
            ],
            [
              -73.6426,
              3.5222
            ],
            [
              -73.6456,
              3.5367
            ],
            [
              -73.643,
              3.551
            ]
          ]
        ]
      },
      "properties": {
        "OBJECTID": 698,
        "DPTO_CCDGO": "52",
        "MPIO_CCDGO": "313",
        "name": "52035",
        "MPIO_CRSLC": "1956",
        "MPIO_NANO_": 1993,
        "MPIO_NAREA": 349.67674994,
        "MPIO_CSMBL": "4",
        "MPIO_CCNCT": "50313",
        "MPIO_NANO": 2012,
        "SHAPE_Leng": 1.06822489821,
        "SHAPE_Area": 0.0284587669514,
        "NOMBRE": "GRANADA",
        "DANE": {
          "dpto_ccdgo": "50",
          "mpio_ccdgo": "313",
          "mpio_cdpmp": "50313",
          "dpto_cnmbr": "META",
          "mpio_cnmbr": "GRANADA",
          "mpio_crslc": "1956",
          "mpio_tipo": "MUNICIPIO",
          "mpio_narea": 348.311788876,
          "mpio_nano": 2024,
          "shape_Leng": 1.05662903227,
          "shape_Area": 0.028347568787
        }
      }
    },
    {
      "type": "Feature",
      "geometry": {
        "type": "Polygon",
        "coordinates": [
          [
            [
              -73.7285,
              3.9208
            ],
            [
              -73.7508,
              3.9282
            ],
            [
              -73.7745,
              3.9313
            ],
            [
              -73.801,
              3.9264
            ],
            [
              -73.8157,
              3.9417
            ],
            [
              -73.8311,
              3.9525
            ],
            [
              -73.8582,
              3.9537
            ],
            [
              -73.8779,
              3.9831
            ],
            [
              -73.8972,
              3.9837
            ],
            [
              -73.9127,
              3.9941
            ],
            [
              -73.9314,
              3.9918
            ],
            [
              -73.9464,
              3.986
            ],
            [
              -73.9591,
              3.9921
            ],
            [
              -73.9628,
              4.0048
            ],
            [
              -73.9606,
              4.0251
            ],
            [
              -73.98,
              4.0412
            ],
            [
              -73.9994,
              4.0609
            ],
            [
              -74.0185,
              4.0761
            ],
            [
              -74.0286,
              4.0774
            ],
            [
              -74.0334,
              4.0679
            ],
            [
              -74.0349,
              4.0608
            ],
            [
              -74.0543,
              4.0623
            ],
            [
              -74.0707,
              4.0577
            ],
            [
              -74.0815,
              4.035
            ],
            [
              -74.0925,
              4.0265
            ],
            [
              -74.1002,
              4.0129
            ],
            [
              -74.1239,
              4.0091
            ],
            [
              -74.1373,
              4.0004
            ],
            [
              -74.1507,
              4.0048
            ],
            [
              -74.1603,
              4.0178
            ],
            [
              -74.1754,
              4.018
            ],
            [
              -74.1839,
              4.0088
            ],
            [
              -74.2024,
              4.0141
            ],
            [
              -74.2004,
              3.994
            ],
            [
              -74.1742,
              3.9593
            ],
            [
              -74.1635,
              3.9379
            ],
            [
              -74.1298,
              3.9257
            ],
            [
              -74.1095,
              3.9242
            ],
            [
              -74.0185,
              3.908
            ],
            [
              -73.981,
              3.8994
            ],
            [
              -73.8831,
              3.8838
            ],
            [
              -73.8569,
              3.8912
            ],
            [
              -73.8422,
              3.8823
            ],
            [
              -73.8296,
              3.8687
            ],
            [
              -73.8182,
              3.8684
            ],
            [
              -73.8102,
              3.8517
            ],
            [
              -73.7977,
              3.84
            ],
            [
              -73.7765,
              3.8301
            ],
            [
              -73.7702,
              3.8228
            ],
            [
              -73.7496,
              3.8113
            ],
            [
              -73.7191,
              3.8054
            ],
            [
              -73.723,
              3.8203
            ],
            [
              -73.7338,
              3.8334
            ],
            [
              -73.7407,
              3.8523
            ],
            [
              -73.7257,
              3.8727
            ],
            [
              -73.7132,
              3.8828
            ],
            [
              -73.7177,
              3.8976
            ],
            [
              -73.7315,
              3.9038
            ],
            [
              -73.7285,
              3.9208
            ]
          ]
        ]
      },
      "properties": {
        "OBJECTID": 699,
        "DPTO_CCDGO": "52",
        "MPIO_CCDGO": "318",
        "name": "52040",
        "MPIO_CRSLC": "1955",
        "MPIO_NANO_": 1993,
        "MPIO_NAREA": 616.85006881,
        "MPIO_CSMBL": "4",
        "MPIO_CCNCT": "50318",
        "MPIO_NANO": 2012,
        "SHAPE_Leng": 1.45262426309,
        "SHAPE_Area": 0.0502289573224,
        "NOMBRE": "GUAMAL",
        "DANE": {
          "dpto_ccdgo": "50",
          "mpio_ccdgo": "318",
          "mpio_cdpmp": "50318",
          "dpto_cnmbr": "META",
          "mpio_cnmbr": "GUAMAL",
          "mpio_crslc": "1955",
          "mpio_tipo": "MUNICIPIO",
          "mpio_narea": 595.703918122,
          "mpio_nano": 2024,
          "shape_Leng": 1.4421864176,
          "shape_Area": 0.0485071278839
        }
      }
    },
    {
      "type": "Feature",
      "geometry": {
        "type": "Polygon",
        "coordinates": [
          [
            [
              -71.0776,
              3.3555
            ],
            [
              -71.0887,
              3.3661
            ],
            [
              -71.0986,
              3.3888
            ],
            [
              -71.1089,
              3.3842
            ],
            [
              -71.1191,
              3.3887
            ],
            [
              -71.1317,
              3.3803
            ],
            [
              -71.1368,
              3.389
            ],
            [
              -71.162,
              3.4093
            ],
            [
              -71.165,
              3.4227
            ],
            [
              -71.1782,
              3.4469
            ],
            [
              -71.1956,
              3.4581
            ],
            [
              -71.2182,
              3.4541
            ],
            [
              -71.2479,
              3.4652
            ],
            [
              -71.2541,
              3.4534
            ],
            [
              -71.2753,
              3.4419
            ],
            [
              -71.2916,
              3.4441
            ],
            [
              -71.308,
              3.4599
            ],
            [
              -71.3165,
              3.4605
            ],
            [
              -71.3161,
              3.4745
            ],
            [
              -71.3332,
              3.472
            ],
            [
              -71.3479,
              3.4819
            ],
            [
              -71.3559,
              3.4771
            ],
            [
              -71.3728,
              3.4825
            ],
            [
              -71.379,
              3.4762
            ],
            [
              -71.3916,
              3.4799
            ],
            [
              -71.4068,
              3.476
            ],
            [
              -71.4112,
              3.4856
            ],
            [
              -71.4256,
              3.4785
            ],
            [
              -71.4458,
              3.4796
            ],
            [
              -71.4568,
              3.4738
            ],
            [
              -71.4609,
              3.4645
            ],
            [
              -71.4802,
              3.4641
            ],
            [
              -71.5009,
              3.4557
            ],
            [
              -71.5228,
              3.452
            ],
            [
              -71.5587,
              3.465
            ],
            [
              -71.5726,
              3.4752
            ],
            [
              -71.5942,
              3.4802
            ],
            [
              -71.6022,
              3.4752
            ],
            [
              -71.6298,
              3.4765
            ],
            [
              -71.6402,
              3.4852
            ],
            [
              -71.6502,
              3.4864
            ],
            [
              -71.6641,
              3.4748
            ],
            [
              -71.6846,
              3.4643
            ],
            [
              -71.6918,
              3.468
            ],
            [
              -71.6984,
              3.4488
            ],
            [
              -71.7061,
              3.4446
            ],
            [
              -71.7164,
              3.4519
            ],
            [
              -71.7599,
              3.4192
            ],
            [
              -71.777,
              3.4246
            ],
            [
              -71.81,
              3.395
            ],
            [
              -71.8249,
              3.3905
            ],
            [
              -71.8296,
              3.3966
            ],
            [
              -71.8512,
              3.4078
            ],
            [
              -71.8763,
              3.4044
            ],
            [
              -71.8834,
              3.3998
            ],
            [
              -71.8946,
              3.4064
            ],
            [
              -71.9217,
              3.388
            ],
            [
              -71.939,
              3.3944
            ],
            [
              -71.9469,
              3.3867
            ],
            [
              -71.9599,
              3.3858
            ],
            [
              -71.9666,
              3.3726
            ],
            [
              -71.9815,
              3.3771
            ],
            [
              -71.9879,
              3.366
            ],
            [
              -72.0115,
              3.3549
            ],
            [
              -72.0176,
              3.3572
            ],
            [
              -72.0324,
              3.3442
            ],
            [
              -72.0395,
              3.3468
            ],
            [
              -72.0532,
              3.3381
            ],
            [
              -72.0548,
              3.3284
            ],
            [
              -72.0671,
              3.3283
            ],
            [
              -72.0772,
              3.3076
            ],
            [
              -72.0978,
              3.3149
            ],
            [
              -72.1,
              3.31
            ],
            [
              -72.125,
              3.304
            ],
            [
              -72.151,
              3.2825
            ],
            [
              -72.1636,
              3.2815
            ],
            [
              -72.1784,
              3.273
            ],
            [
              -72.1939,
              3.2769
            ],
            [
              -72.2061,
              3.3274
            ],
            [
              -72.2088,
              3.3444
            ],
            [
              -72.2276,
              3.3608
            ],
            [
              -72.2594,
              3.368
            ],
            [
              -72.317,
              3.3667
            ],
            [
              -72.3446,
              3.3711
            ],
            [
              -72.3563,
              3.369
            ],
            [
              -72.3636,
              3.3831
            ],
            [
              -72.3756,
              3.3876
            ],
            [
              -72.3837,
              3.4095
            ],
            [
              -72.3943,
              3.4141
            ],
            [
              -72.4059,
              3.4353
            ],
            [
              -72.4108,
              3.4138
            ],
            [
              -72.4246,
              3.4147
            ],
            [
              -72.435,
              3.3975
            ],
            [
              -72.4324,
              3.3799
            ],
            [
              -72.4466,
              3.3796
            ],
            [
              -72.4477,
              3.372
            ],
            [
              -72.475,
              3.3634
            ],
            [
              -72.4889,
              3.3486
            ],
            [
              -72.4963,
              3.347
            ],
            [
              -72.5028,
              3.3313
            ],
            [
              -72.5291,
              3.3311
            ],
            [
              -72.5261,
              3.3175
            ],
            [
              -72.5519,
              3.3223
            ],
            [
              -72.5617,
              3.3304
            ],
            [
              -72.5686,
              3.3225
            ],
            [
              -72.586,
              3.3275
            ],
            [
              -72.5871,
              3.3477
            ],
            [
              -72.6035,
              3.3378
            ],
            [
              -72.6059,
              3.3263
            ],
            [
              -72.6199,
              3.3275
            ],
            [
              -72.6461,
              3.3219
            ],
            [
              -72.655,
              3.2966
            ],
            [
              -72.6689,
              3.3049
            ],
            [
              -72.6764,
              3.2905
            ],
            [
              -72.6881,
              3.2894
            ],
            [
              -72.6924,
              3.2989
            ],
            [
              -72.7039,
              3.2982
            ],
            [
              -72.7023,
              3.28
            ],
            [
              -72.7183,
              3.2751
            ],
            [
              -72.7326,
              3.2663
            ],
            [
              -72.7595,
              3.2638
            ],
            [
              -72.766,
              3.2789
            ],
            [
              -72.7817,
              3.2739
            ],
            [
              -72.7935,
              3.2603
            ],
            [
              -72.814,
              3.264
            ],
            [
              -72.8301,
              3.2596
            ],
            [
              -72.8533,
              3.2687
            ],
            [
              -72.863,
              3.2593
            ],
            [
              -72.8782,
              3.2637
            ],
            [
              -72.8949,
              3.2335
            ],
            [
              -72.893,
              3.1806
            ],
            [
              -72.8885,
              3.1579
            ],
            [
              -72.9117,
              3.1369
            ],
            [
              -72.9148,
              3.1254
            ],
            [
              -72.905,
              3.1219
            ],
            [
              -72.9022,
              3.1015
            ],
            [
              -72.896,
              3.0957
            ],
            [
              -72.904,
              3.0773
            ],
            [
              -72.9058,
              3.0549
            ],
            [
              -72.902,
              3.0498
            ],
            [
              -72.9077,
              3.0339
            ],
            [
              -72.9086,
              3.016
            ],
            [
              -72.8945,
              2.9993
            ],
            [
              -72.9008,
              2.9709
            ],
            [
              -72.9151,
              2.9537
            ],
            [
              -72.9072,
              2.9469
            ],
            [
              -72.9038,
              2.9304
            ],
            [
              -72.9134,
              2.9209
            ],
            [
              -72.8994,
              2.9047
            ],
            [
              -72.8906,
              2.8882
            ],
            [
              -72.8839,
              2.8951
            ],
            [
              -72.859,
              2.8979
            ],
            [
              -72.8451,
              2.9079
            ],
            [
              -72.8447,
              2.9187
            ],
            [
              -72.8319,
              2.9208
            ],
            [
              -72.8368,
              2.9446
            ],
            [
              -72.8252,
              2.9678
            ],
            [
              -72.8098,
              2.9823
            ],
            [
              -72.8139,
              2.9877
            ],
            [
              -72.81,
              3.0175
            ],
            [
              -72.7992,
              3.0143
            ],
            [
              -72.8003,
              2.9954
            ],
            [
              -72.78,
              2.9889
            ],
            [
              -72.7395,
              2.9571
            ],
            [
              -72.7329,
              2.9443
            ],
            [
              -72.7071,
              2.9291
            ],
            [
              -72.6974,
              2.9094
            ],
            [
              -72.6789,
              2.8871
            ],
            [
              -72.6615,
              2.8778
            ],
            [
              -72.6641,
              2.8542
            ],
            [
              -72.6587,
              2.8492
            ],
            [
              -72.643,
              2.8544
            ],
            [
              -72.6391,
              2.8353
            ],
            [
              -72.6298,
              2.8285
            ],
            [
              -72.6201,
              2.8354
            ],
            [
              -72.6096,
              2.8319
            ],
            [
              -72.5831,
              2.805
            ],
            [
              -72.576,
              2.8068
            ],
            [
              -72.5543,
              2.7875
            ],
            [
              -72.5538,
              2.7781
            ],
            [
              -72.5417,
              2.7764
            ],
            [
              -72.518,
              2.7501
            ],
            [
              -72.5036,
              2.7416
            ],
            [
              -72.4831,
              2.7405
            ],
            [
              -72.4636,
              2.7541
            ],
            [
              -72.4473,
              2.7544
            ],
            [
              -72.4359,
              2.74
            ],
            [
              -72.4067,
              2.726
            ],
            [
              -72.3897,
              2.7365
            ],
            [
              -72.3725,
              2.7574
            ],
            [
              -72.3584,
              2.7811
            ],
            [
              -72.3355,
              2.7967
            ],
            [
              -72.3164,
              2.7997
            ],
            [
              -72.306,
              2.7947
            ],
            [
              -72.2945,
              2.7738
            ],
            [
              -72.2729,
              2.7796
            ],
            [
              -72.2651,
              2.7965
            ],
            [
              -72.2716,
              2.8078
            ],
            [
              -72.2647,
              2.8228
            ],
            [
              -72.2517,
              2.823
            ],
            [
              -72.2261,
              2.7844
            ],
            [
              -72.2123,
              2.774
            ],
            [
              -72.1984,
              2.7703
            ],
            [
              -72.1894,
              2.7749
            ],
            [
              -72.184,
              2.7903
            ],
            [
              -72.1874,
              2.7988
            ],
            [
              -72.2044,
              2.8127
            ],
            [
              -72.2078,
              2.8363
            ],
            [
              -72.2044,
              2.8589
            ],
            [
              -72.1895,
              2.8743
            ],
            [
              -72.1741,
              2.8733
            ],
            [
              -72.1585,
              2.8666
            ],
            [
              -72.142,
              2.8666
            ],
            [
              -72.1388,
              2.8834
            ],
            [
              -72.1269,
              2.8886
            ],
            [
              -72.1124,
              2.8754
            ],
            [
              -72.0961,
              2.8361
            ],
            [
              -72.0802,
              2.8249
            ],
            [
              -72.05,
              2.8169
            ],
            [
              -72.0262,
              2.8281
            ],
            [
              -72.0075,
              2.8299
            ],
            [
              -71.9938,
              2.8249
            ],
            [
              -71.9814,
              2.8014
            ],
            [
              -71.9673,
              2.8219
            ],
            [
              -71.9565,
              2.8309
            ],
            [
              -71.9403,
              2.8333
            ],
            [
              -71.9118,
              2.8278
            ],
            [
              -71.8887,
              2.8328
            ],
            [
              -71.8582,
              2.8425
            ],
            [
              -71.8289,
              2.8371
            ],
            [
              -71.8187,
              2.8578
            ],
            [
              -71.8239,
              2.871
            ],
            [
              -71.8465,
              2.8686
            ],
            [
              -71.8486,
              2.8737
            ],
            [
              -71.824,
              2.8788
            ],
            [
              -71.8043,
              2.8775
            ],
            [
              -71.79,
              2.8713
            ],
            [
              -71.7843,
              2.85
            ],
            [
              -71.7892,
              2.8219
            ],
            [
              -71.78,
              2.8178
            ],
            [
              -71.769,
              2.8312
            ],
            [
              -71.7584,
              2.8512
            ],
            [
              -71.7596,
              2.8724
            ],
            [
              -71.7676,
              2.8927
            ],
            [
              -71.7557,
              2.8968
            ],
            [
              -71.7417,
              2.8843
            ],
            [
              -71.7291,
              2.8606
            ],
            [
              -71.7001,
              2.8392
            ],
            [
              -71.6938,
              2.8382
            ],
            [
              -71.6826,
              2.8525
            ],
            [
              -71.6815,
              2.8717
            ],
            [
              -71.662,
              2.8727
            ],
            [
              -71.658,
              2.861
            ],
            [
              -71.6735,
              2.8316
            ],
            [
              -71.6726,
              2.8239
            ],
            [
              -71.6522,
              2.8202
            ],
            [
              -71.6334,
              2.8254
            ],
            [
              -71.6238,
              2.8408
            ],
            [
              -71.6079,
              2.8468
            ],
            [
              -71.5856,
              2.843
            ],
            [
              -71.5716,
              2.8509
            ],
            [
              -71.5845,
              2.866
            ],
            [
              -71.5741,
              2.872
            ],
            [
              -71.5459,
              2.8591
            ],
            [
              -71.528,
              2.8793
            ],
            [
              -71.4916,
              2.8703
            ],
            [
              -71.48,
              2.8532
            ],
            [
              -71.4652,
              2.8569
            ],
            [
              -71.4675,
              2.8821
            ],
            [
              -71.4602,
              2.8951
            ],
            [
              -71.4356,
              2.8737
            ],
            [
              -71.42,
              2.8681
            ],
            [
              -71.4015,
              2.8498
            ],
            [
              -71.3893,
              2.8448
            ],
            [
              -71.3792,
              2.8725
            ],
            [
              -71.3823,
              2.8878
            ],
            [
              -71.3661,
              2.8925
            ],
            [
              -71.3582,
              2.8864
            ],
            [
              -71.3588,
              2.864
            ],
            [
              -71.3464,
              2.8592
            ],
            [
              -71.3285,
              2.893
            ],
            [
              -71.3328,
              2.9102
            ],
            [
              -71.3242,
              2.9246
            ],
            [
              -71.3078,
              2.9222
            ],
            [
              -71.3005,
              2.9079
            ],
            [
              -71.3002,
              2.8775
            ],
            [
              -71.2945,
              2.8713
            ],
            [
              -71.278,
              2.8678
            ],
            [
              -71.2622,
              2.8856
            ],
            [
              -71.2497,
              2.8772
            ],
            [
              -71.2495,
              2.8657
            ],
            [
              -71.2406,
              2.8617
            ],
            [
              -71.2181,
              2.8686
            ],
            [
              -71.2132,
              2.8859
            ],
            [
              -71.2052,
              2.8916
            ],
            [
              -71.1881,
              2.8932
            ],
            [
              -71.1835,
              2.9048
            ],
            [
              -71.1728,
              2.8983
            ],
            [
              -71.1644,
              2.8817
            ],
            [
              -71.1538,
              2.8723
            ],
            [
              -71.1406,
              2.8796
            ],
            [
              -71.1353,
              2.9028
            ],
            [
              -71.1192,
              2.8789
            ],
            [
              -71.1094,
              2.8726
            ],
            [
              -71.0878,
              2.8831
            ],
            [
              -71.0775,
              2.8822
            ],
            [
              -71.0775,
              3.0522
            ],
            [
              -71.0776,
              3.3555
            ]
          ]
        ]
      },
      "properties": {
        "OBJECTID": 700,
        "DPTO_CCDGO": "52",
        "MPIO_CCDGO": "325",
        "name": "52046",
        "MPIO_CRSLC": "Ordenanza 11 de Agosto 24 de 1989",
        "MPIO_NANO_": 1993,
        "MPIO_NAREA": 11920.1027379,
        "MPIO_CSMBL": "4",
        "MPIO_CCNCT": "50325",
        "MPIO_NANO": 2012,
        "SHAPE_Leng": 8.3764109346,
        "SHAPE_Area": 0.969505970559,
        "NOMBRE": "MAPIRIPAN",
        "DANE": {
          "dpto_ccdgo": "50",
          "mpio_ccdgo": "325",
          "mpio_cdpmp": "50325",
          "dpto_cnmbr": "META",
          "mpio_cnmbr": "MAPIRIPÁN",
          "mpio_crslc": "Ordenanza 11 de Agosto 24 de 1989",
          "mpio_tipo": "MUNICIPIO",
          "mpio_narea": 11949.1471298,
          "mpio_nano": 2024,
          "shape_Leng": 8.63306834293,
          "shape_Area": 0.970728115512
        }
      }
    },
    {
      "type": "Feature",
      "geometry": {
        "type": "Polygon",
        "coordinates": [
          [
            [
              -74.0515,
              3.455
            ],
            [
              -74.0683,
              3.4649
            ],
            [
              -74.072,
              3.4749
            ],
            [
              -74.0933,
              3.4759
            ],
            [
              -74.1249,
              3.473
            ],
            [
              -74.133,
              3.4811
            ],
            [
              -74.1226,
              3.4977
            ],
            [
              -74.1298,
              3.5105
            ],
            [
              -74.1376,
              3.5388
            ],
            [
              -74.135,
              3.5576
            ],
            [
              -74.1405,
              3.5612
            ],
            [
              -74.1605,
              3.5602
            ],
            [
              -74.1692,
              3.556
            ],
            [
              -74.179,
              3.5648
            ],
            [
              -74.1867,
              3.5574
            ],
            [
              -74.1864,
              3.5457
            ],
            [
              -74.2108,
              3.5301
            ],
            [
              -74.2207,
              3.5281
            ],
            [
              -74.2277,
              3.5377
            ],
            [
              -74.2275,
              3.5613
            ],
            [
              -74.243,
              3.5974
            ],
            [
              -74.2325,
              3.6238
            ],
            [
              -74.2356,
              3.6415
            ],
            [
              -74.2518,
              3.6446
            ],
            [
              -74.262,
              3.6329
            ],
            [
              -74.2753,
              3.5961
            ],
            [
              -74.2571,
              3.5612
            ],
            [
              -74.2687,
              3.5303
            ],
            [
              -74.2797,
              3.5127
            ],
            [
              -74.2767,
              3.5034
            ],
            [
              -74.2806,
              3.4821
            ],
            [
              -74.2994,
              3.4517
            ],
            [
              -74.292,
              3.4277
            ],
            [
              -74.2826,
              3.4185
            ],
            [
              -74.2898,
              3.3994
            ],
            [
              -74.2859,
              3.3844
            ],
            [
              -74.2857,
              3.3612
            ],
            [
              -74.2965,
              3.3526
            ],
            [
              -74.2964,
              3.3312
            ],
            [
              -74.2888,
              3.2963
            ],
            [
              -74.2745,
              3.2817
            ],
            [
              -74.2646,
              3.2393
            ],
            [
              -74.2678,
              3.2214
            ],
            [
              -74.2595,
              3.2058
            ],
            [
              -74.2664,
              3.1896
            ],
            [
              -74.2589,
              3.1678
            ],
            [
              -74.2451,
              3.1453
            ],
            [
              -74.2468,
              3.1136
            ],
            [
              -74.2435,
              3.0988
            ],
            [
              -74.2278,
              3.0787
            ],
            [
              -74.2274,
              3.064
            ],
            [
              -74.221,
              3.0439
            ],
            [
              -74.2234,
              3.0223
            ],
            [
              -74.2202,
              3.0108
            ],
            [
              -74.2076,
              2.9883
            ],
            [
              -74.1987,
              2.9586
            ],
            [
              -74.1932,
              2.9532
            ],
            [
              -74.1892,
              2.9307
            ],
            [
              -74.1764,
              2.9186
            ],
            [
              -74.1743,
              2.8979
            ],
            [
              -74.1848,
              2.8758
            ],
            [
              -74.1834,
              2.8545
            ],
            [
              -74.178,
              2.8464
            ],
            [
              -74.1655,
              2.8442
            ],
            [
              -74.1458,
              2.8191
            ],
            [
              -74.1319,
              2.7975
            ],
            [
              -74.1251,
              2.7939
            ],
            [
              -74.1218,
              2.7774
            ],
            [
              -74.1022,
              2.7661
            ],
            [
              -74.0968,
              2.7487
            ],
            [
              -74.0793,
              2.7366
            ],
            [
              -74.0795,
              2.7276
            ],
            [
              -74.0677,
              2.7238
            ],
            [
              -74.063,
              2.7038
            ],
            [
              -74.0674,
              2.6892
            ],
            [
              -74.0545,
              2.686
            ],
            [
              -74.0542,
              2.6694
            ],
            [
              -74.0406,
              2.6547
            ],
            [
              -74.0496,
              2.63
            ],
            [
              -74.0278,
              2.6254
            ],
            [
              -74.0184,
              2.6109
            ],
            [
              -74.0189,
              2.6032
            ],
            [
              -73.9976,
              2.6049
            ],
            [
              -73.9831,
              2.5737
            ],
            [
              -73.9721,
              2.5701
            ],
            [
              -73.9713,
              2.5816
            ],
            [
              -73.9636,
              2.5904
            ],
            [
              -73.9675,
              2.6078
            ],
            [
              -73.9584,
              2.6192
            ],
            [
              -73.9651,
              2.6432
            ],
            [
              -73.9525,
              2.6441
            ],
            [
              -73.9507,
              2.654
            ],
            [
              -73.9601,
              2.6686
            ],
            [
              -73.9688,
              2.6966
            ],
            [
              -73.9765,
              2.7083
            ],
            [
              -74.004,
              2.7128
            ],
            [
              -73.9894,
              2.7278
            ],
            [
              -73.9719,
              2.7332
            ],
            [
              -73.9759,
              2.7473
            ],
            [
              -73.9755,
              2.7695
            ],
            [
              -73.9869,
              2.7762
            ],
            [
              -73.9783,
              2.7871
            ],
            [
              -73.9823,
              2.7951
            ],
            [
              -74.0019,
              2.7989
            ],
            [
              -74.0081,
              2.8099
            ],
            [
              -74.0278,
              2.8253
            ],
            [
              -74.0419,
              2.8313
            ],
            [
              -74.0507,
              2.8281
            ],
            [
              -74.0581,
              2.861
            ],
            [
              -74.0399,
              2.8722
            ],
            [
              -74.0319,
              2.8974
            ],
            [
              -74.0192,
              2.9032
            ],
            [
              -74.0155,
              2.9196
            ],
            [
              -74.0074,
              2.9268
            ],
            [
              -74.0137,
              2.9384
            ],
            [
              -74.0112,
              2.9494
            ],
            [
              -74.0004,
              2.9533
            ],
            [
              -73.992,
              2.9708
            ],
            [
              -74.0066,
              2.9838
            ],
            [
              -74.0012,
              2.9952
            ],
            [
              -74.0076,
              3.0163
            ],
            [
              -73.9979,
              3.0278
            ],
            [
              -73.9955,
              3.0427
            ],
            [
              -74.0274,
              3.1329
            ],
            [
              -74.0564,
              3.2149
            ],
            [
              -74.041,
              3.2439
            ],
            [
              -74.0132,
              3.2421
            ],
            [
              -74.0141,
              3.2286
            ],
            [
              -74.0063,
              3.2127
            ],
            [
              -73.993,
              3.2155
            ],
            [
              -73.9802,
              3.2317
            ],
            [
              -73.9871,
              3.2492
            ],
            [
              -73.9757,
              3.2722
            ],
            [
              -73.9801,
              3.2794
            ],
            [
              -73.9808,
              3.3048
            ],
            [
              -73.9726,
              3.3134
            ],
            [
              -73.9608,
              3.3373
            ],
            [
              -73.9707,
              3.3463
            ],
            [
              -73.9972,
              3.3524
            ],
            [
              -74.0013,
              3.3663
            ],
            [
              -74.0131,
              3.3844
            ],
            [
              -74.0081,
              3.3994
            ],
            [
              -74.0184,
              3.4332
            ],
            [
              -74.0371,
              3.4516
            ],
            [
              -74.0515,
              3.455
            ]
          ]
        ]
      },
      "properties": {
        "OBJECTID": 701,
        "DPTO_CCDGO": "52",
        "MPIO_CCDGO": "330",
        "name": "52044",
        "MPIO_CRSLC": "Ordenanza 35  Noviembre 19 de 1981",
        "MPIO_NANO_": 1993,
        "MPIO_NAREA": 2017.12961475,
        "MPIO_CSMBL": "4",
        "MPIO_CCNCT": "50330",
        "MPIO_NANO": 2012,
        "SHAPE_Leng": 3.73249564751,
        "SHAPE_Area": 0.164118249026,
        "NOMBRE": "MESETAS",
        "DANE": {
          "dpto_ccdgo": "50",
          "mpio_ccdgo": "330",
          "mpio_cdpmp": "50330",
          "dpto_cnmbr": "META",
          "mpio_cnmbr": "MESETAS",
          "mpio_crslc": "Ordenanza 35  Noviembre 19 de 1981",
          "mpio_tipo": "MUNICIPIO",
          "mpio_narea": 2280.62998973,
          "mpio_nano": 2024,
          "shape_Leng": 3.60320118469,
          "shape_Area": 0.185555270328
        }
      }
    },
    {
      "type": "Feature",
      "geometry": {
        "type": "Polygon",
        "coordinates": [
          [
            [
              -73.4464,
              2.386
            ],
            [
              -73.4547,
              2.4169
            ],
            [
              -73.4544,
              2.4287
            ],
            [
              -73.4438,
              2.447
            ],
            [
              -73.4522,
              2.4575
            ],
            [
              -73.4535,
              2.4813
            ],
            [
              -73.4677,
              2.4983
            ],
            [
              -73.4862,
              2.5021
            ],
            [
              -73.502,
              2.499
            ],
            [
              -73.5045,
              2.5221
            ],
            [
              -73.4981,
              2.5378
            ],
            [
              -73.5007,
              2.5556
            ],
            [
              -73.5122,
              2.5687
            ],
            [
              -73.5087,
              2.5824
            ],
            [
              -73.5207,
              2.5826
            ],
            [
              -73.5423,
              2.6035
            ],
            [
              -73.5496,
              2.6264
            ],
            [
              -73.5591,
              2.6399
            ],
            [
              -73.6022,
              2.6246
            ],
            [
              -73.6646,
              2.6089
            ],
            [
              -73.921,
              2.5404
            ],
            [
              -73.9336,
              2.5388
            ],
            [
              -73.9466,
              2.5296
            ],
            [
              -73.9747,
              2.5297
            ],
            [
              -73.9939,
              2.5498
            ],
            [
              -74.0019,
              2.547
            ],
            [
              -74.0236,
              2.5671
            ],
            [
              -74.0438,
              2.5595
            ],
            [
              -74.0587,
              2.561
            ],
            [
              -74.0542,
              2.5479
            ],
            [
              -74.0676,
              2.5451
            ],
            [
              -74.0767,
              2.5588
            ],
            [
              -74.0846,
              2.561
            ],
            [
              -74.0974,
              2.5511
            ],
            [
              -74.1122,
              2.5647
            ],
            [
              -74.132,
              2.556
            ],
            [
              -74.1566,
              2.5658
            ],
            [
              -74.1712,
              2.5594
            ],
            [
              -74.1862,
              2.5689
            ],
            [
              -74.2089,
              2.5569
            ],
            [
              -74.2176,
              2.5638
            ],
            [
              -74.229,
              2.5583
            ],
            [
              -74.2386,
              2.5607
            ],
            [
              -74.2443,
              2.5457
            ],
            [
              -74.2601,
              2.5471
            ],
            [
              -74.2723,
              2.563
            ],
            [
              -74.3173,
              2.5497
            ],
            [
              -74.3417,
              2.5536
            ],
            [
              -74.3485,
              2.5465
            ],
            [
              -74.3701,
              2.5456
            ],
            [
              -74.3848,
              2.5551
            ],
            [
              -74.403,
              2.5506
            ],
            [
              -74.41,
              2.5439
            ],
            [
              -74.4483,
              2.529
            ],
            [
              -74.4633,
              2.5351
            ],
            [
              -74.4758,
              2.5199
            ],
            [
              -74.5024,
              2.5101
            ],
            [
              -74.5059,
              2.5214
            ],
            [
              -74.516,
              2.5236
            ],
            [
              -74.516,
              2.5351
            ],
            [
              -74.5312,
              2.5832
            ],
            [
              -74.5451,
              2.5834
            ],
            [
              -74.5598,
              2.5934
            ],
            [
              -74.568,
              2.605
            ],
            [
              -74.5679,
              2.6167
            ],
            [
              -74.5849,
              2.6313
            ],
            [
              -74.6,
              2.6363
            ],
            [
              -74.6121,
              2.6233
            ],
            [
              -74.6417,
              2.6088
            ],
            [
              -74.6492,
              2.5975
            ],
            [
              -74.6462,
              2.59
            ],
            [
              -74.6817,
              2.5583
            ],
            [
              -74.6754,
              2.5392
            ],
            [
              -74.6792,
              2.5329
            ],
            [
              -74.6733,
              2.5196
            ],
            [
              -74.6583,
              2.5138
            ],
            [
              -74.6475,
              2.4937
            ],
            [
              -74.6629,
              2.4883
            ],
            [
              -74.6617,
              2.4754
            ],
            [
              -74.6729,
              2.4467
            ],
            [
              -74.6729,
              2.425
            ],
            [
              -74.6929,
              2.42
            ],
            [
              -74.7046,
              2.3933
            ],
            [
              -74.7087,
              2.3758
            ],
            [
              -74.7192,
              2.3608
            ],
            [
              -74.7271,
              2.3592
            ],
            [
              -74.7396,
              2.3308
            ],
            [
              -74.7408,
              2.3129
            ],
            [
              -74.7487,
              2.2825
            ],
            [
              -74.7417,
              2.2721
            ],
            [
              -74.7158,
              2.2692
            ],
            [
              -74.7092,
              2.2838
            ],
            [
              -74.6979,
              2.285
            ],
            [
              -74.6933,
              2.2704
            ],
            [
              -74.6842,
              2.26
            ],
            [
              -74.6592,
              2.2521
            ],
            [
              -74.6508,
              2.2413
            ],
            [
              -74.6508,
              2.2275
            ],
            [
              -74.66,
              2.2267
            ],
            [
              -74.6625,
              2.2113
            ],
            [
              -74.6342,
              2.1954
            ],
            [
              -74.6158,
              2.1996
            ],
            [
              -74.6075,
              2.2079
            ],
            [
              -74.5917,
              2.2017
            ],
            [
              -74.5892,
              2.1925
            ],
            [
              -74.5921,
              2.1642
            ],
            [
              -74.6042,
              2.1579
            ],
            [
              -74.5788,
              2.1242
            ],
            [
              -74.5529,
              2.1242
            ],
            [
              -74.5387,
              2.11
            ],
            [
              -74.5096,
              2.1317
            ],
            [
              -74.4908,
              2.1367
            ],
            [
              -74.4775,
              2.1208
            ],
            [
              -74.4842,
              2.11
            ],
            [
              -74.4683,
              2.0942
            ],
            [
              -74.4317,
              2.0908
            ],
            [
              -74.4175,
              2.0783
            ],
            [
              -74.4008,
              2.0846
            ],
            [
              -74.3842,
              2.0808
            ],
            [
              -74.3665,
              2.0607
            ],
            [
              -74.3188,
              2.0619
            ],
            [
              -74.305,
              2.0595
            ],
            [
              -74.2529,
              2.0586
            ],
            [
              -74.2314,
              2.0495
            ],
            [
              -74.2281,
              2.0276
            ],
            [
              -74.2038,
              1.9954
            ],
            [
              -74.1925,
              1.9875
            ],
            [
              -74.1729,
              1.98
            ],
            [
              -74.1533,
              1.9796
            ],
            [
              -74.1433,
              1.9929
            ],
            [
              -74.125,
              1.9929
            ],
            [
              -74.1079,
              1.9817
            ],
            [
              -74.105,
              1.9725
            ],
            [
              -74.0925,
              1.9775
            ],
            [
              -74.0662,
              1.9792
            ],
            [
              -74.06,
              1.9737
            ],
            [
              -74.04,
              1.9708
            ],
            [
              -73.9166,
              1.8572
            ],
            [
              -73.8015,
              1.7511
            ],
            [
              -73.6567,
              1.6177
            ],
            [
              -73.6567,
              1.825
            ],
            [
              -73.6568,
              2.0636
            ],
            [
              -73.6569,
              2.2945
            ],
            [
              -73.6462,
              2.2844
            ],
            [
              -73.6334,
              2.2883
            ],
            [
              -73.6289,
              2.2996
            ],
            [
              -73.6356,
              2.3214
            ],
            [
              -73.6304,
              2.3309
            ],
            [
              -73.6187,
              2.333
            ],
            [
              -73.6157,
              2.345
            ],
            [
              -73.6277,
              2.3497
            ],
            [
              -73.6315,
              2.3638
            ],
            [
              -73.6185,
              2.3767
            ],
            [
              -73.5991,
              2.3806
            ],
            [
              -73.589,
              2.3901
            ],
            [
              -73.5827,
              2.3758
            ],
            [
              -73.588,
              2.3662
            ],
            [
              -73.5738,
              2.3549
            ],
            [
              -73.5583,
              2.3686
            ],
            [
              -73.5417,
              2.3761
            ],
            [
              -73.5312,
              2.3879
            ],
            [
              -73.524,
              2.3834
            ],
            [
              -73.5227,
              2.3678
            ],
            [
              -73.5142,
              2.3523
            ],
            [
              -73.5187,
              2.3371
            ],
            [
              -73.5064,
              2.3352
            ],
            [
              -73.5067,
              2.3557
            ],
            [
              -73.4854,
              2.3569
            ],
            [
              -73.474,
              2.3618
            ],
            [
              -73.4631,
              2.3531
            ],
            [
              -73.4589,
              2.3382
            ],
            [
              -73.4458,
              2.348
            ],
            [
              -73.4557,
              2.3824
            ],
            [
              -73.4464,
              2.386
            ]
          ]
        ]
      },
      "properties": {
        "OBJECTID": 702,
        "DPTO_CCDGO": "52",
        "MPIO_CCDGO": "350",
        "name": "52041",
        "MPIO_CRSLC": "Ordenanza 11  Noviembre 18 de1980",
        "MPIO_NANO_": 1993,
        "MPIO_NAREA": 10533.0570372,
        "MPIO_CSMBL": "4",
        "MPIO_CCNCT": "50350",
        "MPIO_NANO": 2012,
        "SHAPE_Leng": 4.91479413813,
        "SHAPE_Area": 0.856284434474,
        "NOMBRE": "LA MACARENA",
        "DANE": {
          "dpto_ccdgo": "50",
          "mpio_ccdgo": "350",
          "mpio_cdpmp": "50350",
          "dpto_cnmbr": "META",
          "mpio_cnmbr": "LA MACARENA",
          "mpio_crslc": "Ordenanza 11  Noviembre 18 de1980",
          "mpio_tipo": "MUNICIPIO",
          "mpio_narea": 8118.66952658,
          "mpio_nano": 2024,
          "shape_Leng": 5.49724170225,
          "shape_Area": 0.660052296434
        }
      }
    },
    {
      "type": "Feature",
      "geometry": {
        "type": "Polygon",
        "coordinates": [
          [
            [
              -74.2518,
              3.6446
            ],
            [
              -74.2548,
              3.6566
            ],
            [
              -74.2359,
              3.688
            ],
            [
              -74.2399,
              3.7062
            ],
            [
              -74.2257,
              3.71
            ],
            [
              -74.2289,
              3.7191
            ],
            [
              -74.2197,
              3.7302
            ],
            [
              -74.2159,
              3.7441
            ],
            [
              -74.2233,
              3.751
            ],
            [
              -74.2308,
              3.7872
            ],
            [
              -74.2352,
              3.7867
            ],
            [
              -74.2355,
              3.7602
            ],
            [
              -74.2446,
              3.7501
            ],
            [
              -74.2598,
              3.7419
            ],
            [
              -74.2818,
              3.7241
            ],
            [
              -74.2935,
              3.7186
            ],
            [
              -74.3307,
              3.72
            ],
            [
              -74.3475,
              3.7137
            ],
            [
              -74.3654,
              3.717
            ],
            [
              -74.3814,
              3.7315
            ],
            [
              -74.3832,
              3.7379
            ],
            [
              -74.3979,
              3.7451
            ],
            [
              -74.4016,
              3.7374
            ],
            [
              -74.4159,
              3.7408
            ],
            [
              -74.4184,
              3.7219
            ],
            [
              -74.4245,
              3.7084
            ],
            [
              -74.4544,
              3.687
            ],
            [
              -74.461,
              3.6672
            ],
            [
              -74.4745,
              3.6632
            ],
            [
              -74.4808,
              3.6681
            ],
            [
              -74.508,
              3.6376
            ],
            [
              -74.5155,
              3.5998
            ],
            [
              -74.5276,
              3.5884
            ],
            [
              -74.5251,
              3.5775
            ],
            [
              -74.5505,
              3.5464
            ],
            [
              -74.5636,
              3.5259
            ],
            [
              -74.5918,
              3.5225
            ],
            [
              -74.6031,
              3.514
            ],
            [
              -74.6071,
              3.5017
            ],
            [
              -74.6208,
              3.4857
            ],
            [
              -74.6305,
              3.4685
            ],
            [
              -74.6163,
              3.4605
            ],
            [
              -74.6123,
              3.4434
            ],
            [
              -74.6179,
              3.4318
            ],
            [
              -74.6091,
              3.4061
            ],
            [
              -74.624,
              3.393
            ],
            [
              -74.6239,
              3.3763
            ],
            [
              -74.6397,
              3.3687
            ],
            [
              -74.6272,
              3.3509
            ],
            [
              -74.6166,
              3.321
            ],
            [
              -74.6261,
              3.2998
            ],
            [
              -74.6163,
              3.2878
            ],
            [
              -74.6355,
              3.2785
            ],
            [
              -74.6578,
              3.2403
            ],
            [
              -74.6664,
              3.2301
            ],
            [
              -74.6675,
              3.2046
            ],
            [
              -74.6733,
              3.1863
            ],
            [
              -74.6966,
              3.1731
            ],
            [
              -74.7117,
              3.1707
            ],
            [
              -74.7227,
              3.1576
            ],
            [
              -74.7247,
              3.1421
            ],
            [
              -74.7457,
              3.126
            ],
            [
              -74.7509,
              3.1082
            ],
            [
              -74.7643,
              3.1051
            ],
            [
              -74.766,
              3.0969
            ],
            [
              -74.7903,
              3.0737
            ],
            [
              -74.7918,
              3.0562
            ],
            [
              -74.815,
              3.0537
            ],
            [
              -74.8201,
              3.0477
            ],
            [
              -74.8528,
              2.993
            ],
            [
              -74.8624,
              2.994
            ],
            [
              -74.869,
              2.9736
            ],
            [
              -74.8828,
              2.9716
            ],
            [
              -74.9044,
              2.9582
            ],
            [
              -74.9025,
              2.9517
            ],
            [
              -74.911,
              2.9316
            ],
            [
              -74.9333,
              2.9094
            ],
            [
              -74.9204,
              2.9033
            ],
            [
              -74.9106,
              2.8835
            ],
            [
              -74.9,
              2.8925
            ],
            [
              -74.8942,
              2.905
            ],
            [
              -74.871,
              2.9165
            ],
            [
              -74.85,
              2.9137
            ],
            [
              -74.8369,
              2.9085
            ],
            [
              -74.8313,
              2.9175
            ],
            [
              -74.8175,
              2.9238
            ],
            [
              -74.7992,
              2.9379
            ],
            [
              -74.7892,
              2.9262
            ],
            [
              -74.7942,
              2.915
            ],
            [
              -74.7825,
              2.9054
            ],
            [
              -74.7792,
              2.8875
            ],
            [
              -74.7694,
              2.8731
            ],
            [
              -74.7608,
              2.8729
            ],
            [
              -74.6921,
              2.8933
            ],
            [
              -74.6733,
              2.8887
            ],
            [
              -74.6667,
              2.8704
            ],
            [
              -74.6617,
              2.8421
            ],
            [
              -74.6717,
              2.8317
            ],
            [
              -74.6658,
              2.8238
            ],
            [
              -74.6667,
              2.805
            ],
            [
              -74.6579,
              2.8042
            ],
            [
              -74.6537,
              2.7842
            ],
            [
              -74.6446,
              2.7717
            ],
            [
              -74.6433,
              2.7558
            ],
            [
              -74.6177,
              2.7535
            ],
            [
              -74.63,
              2.7342
            ],
            [
              -74.6271,
              2.7217
            ],
            [
              -74.6379,
              2.7083
            ],
            [
              -74.6233,
              2.7
            ],
            [
              -74.6067,
              2.6829
            ],
            [
              -74.59,
              2.6733
            ],
            [
              -74.5858,
              2.6654
            ],
            [
              -74.5929,
              2.6567
            ],
            [
              -74.6,
              2.6363
            ],
            [
              -74.5849,
              2.6313
            ],
            [
              -74.5679,
              2.6167
            ],
            [
              -74.568,
              2.605
            ],
            [
              -74.5598,
              2.5934
            ],
            [
              -74.5451,
              2.5834
            ],
            [
              -74.5312,
              2.5832
            ],
            [
              -74.516,
              2.5351
            ],
            [
              -74.516,
              2.5236
            ],
            [
              -74.5059,
              2.5214
            ],
            [
              -74.5024,
              2.5101
            ],
            [
              -74.4758,
              2.5199
            ],
            [
              -74.4633,
              2.5351
            ],
            [
              -74.4483,
              2.529
            ],
            [
              -74.41,
              2.5439
            ],
            [
              -74.403,
              2.5506
            ],
            [
              -74.3848,
              2.5551
            ],
            [
              -74.3701,
              2.5456
            ],
            [
              -74.3485,
              2.5465
            ],
            [
              -74.3417,
              2.5536
            ],
            [
              -74.3173,
              2.5497
            ],
            [
              -74.2723,
              2.563
            ],
            [
              -74.2601,
              2.5471
            ],
            [
              -74.2443,
              2.5457
            ],
            [
              -74.2386,
              2.5607
            ],
            [
              -74.229,
              2.5583
            ],
            [
              -74.2176,
              2.5638
            ],
            [
              -74.2089,
              2.5569
            ],
            [
              -74.1862,
              2.5689
            ],
            [
              -74.1712,
              2.5594
            ],
            [
              -74.1566,
              2.5658
            ],
            [
              -74.132,
              2.556
            ],
            [
              -74.1122,
              2.5647
            ],
            [
              -74.0974,
              2.5511
            ],
            [
              -74.0846,
              2.561
            ],
            [
              -74.0767,
              2.5588
            ],
            [
              -74.0676,
              2.5451
            ],
            [
              -74.0542,
              2.5479
            ],
            [
              -74.0587,
              2.561
            ],
            [
              -74.0438,
              2.5595
            ],
            [
              -74.0236,
              2.5671
            ],
            [
              -74.0019,
              2.547
            ],
            [
              -73.9939,
              2.5498
            ],
            [
              -73.9747,
              2.5297
            ],
            [
              -73.9466,
              2.5296
            ],
            [
              -73.9336,
              2.5388
            ],
            [
              -73.9463,
              2.5497
            ],
            [
              -73.9594,
              2.5547
            ],
            [
              -73.9721,
              2.5701
            ],
            [
              -73.9831,
              2.5737
            ],
            [
              -73.9976,
              2.6049
            ],
            [
              -74.0189,
              2.6032
            ],
            [
              -74.0184,
              2.6109
            ],
            [
              -74.0278,
              2.6254
            ],
            [
              -74.0496,
              2.63
            ],
            [
              -74.0406,
              2.6547
            ],
            [
              -74.0542,
              2.6694
            ],
            [
              -74.0545,
              2.686
            ],
            [
              -74.0674,
              2.6892
            ],
            [
              -74.063,
              2.7038
            ],
            [
              -74.0677,
              2.7238
            ],
            [
              -74.0795,
              2.7276
            ],
            [
              -74.0793,
              2.7366
            ],
            [
              -74.0968,
              2.7487
            ],
            [
              -74.1022,
              2.7661
            ],
            [
              -74.1218,
              2.7774
            ],
            [
              -74.1251,
              2.7939
            ],
            [
              -74.1319,
              2.7975
            ],
            [
              -74.1458,
              2.8191
            ],
            [
              -74.1655,
              2.8442
            ],
            [
              -74.178,
              2.8464
            ],
            [
              -74.1834,
              2.8545
            ],
            [
              -74.1848,
              2.8758
            ],
            [
              -74.1743,
              2.8979
            ],
            [
              -74.1764,
              2.9186
            ],
            [
              -74.1892,
              2.9307
            ],
            [
              -74.1932,
              2.9532
            ],
            [
              -74.1987,
              2.9586
            ],
            [
              -74.2076,
              2.9883
            ],
            [
              -74.2202,
              3.0108
            ],
            [
              -74.2234,
              3.0223
            ],
            [
              -74.221,
              3.0439
            ],
            [
              -74.2274,
              3.064
            ],
            [
              -74.2278,
              3.0787
            ],
            [
              -74.2435,
              3.0988
            ],
            [
              -74.2468,
              3.1136
            ],
            [
              -74.2451,
              3.1453
            ],
            [
              -74.2589,
              3.1678
            ],
            [
              -74.2664,
              3.1896
            ],
            [
              -74.2595,
              3.2058
            ],
            [
              -74.2678,
              3.2214
            ],
            [
              -74.2646,
              3.2393
            ],
            [
              -74.2745,
              3.2817
            ],
            [
              -74.2888,
              3.2963
            ],
            [
              -74.2964,
              3.3312
            ],
            [
              -74.2965,
              3.3526
            ],
            [
              -74.2857,
              3.3612
            ],
            [
              -74.2859,
              3.3844
            ],
            [
              -74.2898,
              3.3994
            ],
            [
              -74.2826,
              3.4185
            ],
            [
              -74.292,
              3.4277
            ],
            [
              -74.2994,
              3.4517
            ],
            [
              -74.2806,
              3.4821
            ],
            [
              -74.2767,
              3.5034
            ],
            [
              -74.2797,
              3.5127
            ],
            [
              -74.2687,
              3.5303
            ],
            [
              -74.2571,
              3.5612
            ],
            [
              -74.2753,
              3.5961
            ],
            [
              -74.262,
              3.6329
            ],
            [
              -74.2518,
              3.6446
            ]
          ]
        ]
      },
      "properties": {
        "OBJECTID": 703,
        "DPTO_CCDGO": "52",
        "MPIO_CCDGO": "370",
        "name": "52074",
        "MPIO_CRSLC": "Ordenanza 37  Noviembre 13 de 1990. Decreto 20 del 11 de Ene",
        "MPIO_NANO_": 1993,
        "MPIO_NAREA": 6705.07756397,
        "MPIO_CSMBL": "4",
        "MPIO_CCNCT": "50370",
        "MPIO_NANO": 2012,
        "SHAPE_Leng": 4.83263977317,
        "SHAPE_Area": 0.545449753087,
        "NOMBRE": "URIBE",
        "DANE": {
          "dpto_ccdgo": "50",
          "mpio_ccdgo": "370",
          "mpio_cdpmp": "50370",
          "dpto_cnmbr": "META",
          "mpio_cnmbr": "URIBE",
          "mpio_crslc": "Ordenanza 37  Noviembre 13 de 1990. Decreto 20 del 11 de Ene",
          "mpio_tipo": "MUNICIPIO",
          "mpio_narea": 6460.95748442,
          "mpio_nano": 2024,
          "shape_Leng": 5.13219176213,
          "shape_Area": 0.525600216584
        }
      }
    },
    {
      "type": "Feature",
      "geometry": {
        "type": "Polygon",
        "coordinates": [
          [
            [
              -74.0435,
              3.7141
            ],
            [
              -74.0479,
              3.7271
            ],
            [
              -74.0466,
              3.7409
            ],
            [
              -74.0708,
              3.7586
            ],
            [
              -74.0802,
              3.7593
            ],
            [
              -74.091,
              3.7799
            ],
            [
              -74.1069,
              3.7784
            ],
            [
              -74.1101,
              3.7728
            ],
            [
              -74.1291,
              3.7709
            ],
            [
              -74.1496,
              3.7857
            ],
            [
              -74.1697,
              3.7857
            ],
            [
              -74.1919,
              3.7746
            ],
            [
              -74.2028,
              3.7973
            ],
            [
              -74.219,
              3.8056
            ],
            [
              -74.2341,
              3.8064
            ],
            [
              -74.2406,
              3.7945
            ],
            [
              -74.2352,
              3.7867
            ],
            [
              -74.2308,
              3.7872
            ],
            [
              -74.2233,
              3.751
            ],
            [
              -74.2159,
              3.7441
            ],
            [
              -74.2197,
              3.7302
            ],
            [
              -74.2289,
              3.7191
            ],
            [
              -74.2257,
              3.71
            ],
            [
              -74.2399,
              3.7062
            ],
            [
              -74.2359,
              3.688
            ],
            [
              -74.2548,
              3.6566
            ],
            [
              -74.2518,
              3.6446
            ],
            [
              -74.2356,
              3.6415
            ],
            [
              -74.2325,
              3.6238
            ],
            [
              -74.243,
              3.5974
            ],
            [
              -74.2275,
              3.5613
            ],
            [
              -74.2277,
              3.5377
            ],
            [
              -74.2207,
              3.5281
            ],
            [
              -74.2108,
              3.5301
            ],
            [
              -74.1864,
              3.5457
            ],
            [
              -74.1867,
              3.5574
            ],
            [
              -74.179,
              3.5648
            ],
            [
              -74.1692,
              3.556
            ],
            [
              -74.1605,
              3.5602
            ],
            [
              -74.1405,
              3.5612
            ],
            [
              -74.135,
              3.5576
            ],
            [
              -74.1376,
              3.5388
            ],
            [
              -74.1298,
              3.5105
            ],
            [
              -74.1226,
              3.4977
            ],
            [
              -74.133,
              3.4811
            ],
            [
              -74.1249,
              3.473
            ],
            [
              -74.0933,
              3.4759
            ],
            [
              -74.072,
              3.4749
            ],
            [
              -74.0683,
              3.4649
            ],
            [
              -74.0515,
              3.455
            ],
            [
              -74.036,
              3.4728
            ],
            [
              -74.0362,
              3.4885
            ],
            [
              -74.031,
              3.5021
            ],
            [
              -74.0192,
              3.4945
            ],
            [
              -74.0032,
              3.4941
            ],
            [
              -73.9889,
              3.4994
            ],
            [
              -73.9668,
              3.4809
            ],
            [
              -73.9335,
              3.466
            ],
            [
              -73.9184,
              3.4537
            ],
            [
              -73.8836,
              3.4457
            ],
            [
              -73.8667,
              3.446
            ],
            [
              -73.8633,
              3.4569
            ],
            [
              -73.8678,
              3.4712
            ],
            [
              -73.8681,
              3.4984
            ],
            [
              -73.8813,
              3.508
            ],
            [
              -73.9183,
              3.5237
            ],
            [
              -73.9374,
              3.5289
            ],
            [
              -73.9583,
              3.5305
            ],
            [
              -73.9528,
              3.5426
            ],
            [
              -73.9551,
              3.5535
            ],
            [
              -73.9743,
              3.5731
            ],
            [
              -73.9775,
              3.5831
            ],
            [
              -73.994,
              3.5893
            ],
            [
              -74.0048,
              3.6118
            ],
            [
              -74.0157,
              3.6211
            ],
            [
              -74.027,
              3.6181
            ],
            [
              -74.0244,
              3.6337
            ],
            [
              -74.0277,
              3.6525
            ],
            [
              -74.0381,
              3.6666
            ],
            [
              -74.0299,
              3.6832
            ],
            [
              -74.0456,
              3.7033
            ],
            [
              -74.0435,
              3.7141
            ]
          ]
        ]
      },
      "properties": {
        "OBJECTID": 704,
        "DPTO_CCDGO": "52",
        "MPIO_CCDGO": "400",
        "name": "52042",
        "MPIO_CRSLC": "Ordenanza 20 Noviembre 19 de 1981",
        "MPIO_NANO_": 1993,
        "MPIO_NAREA": 806.49918376,
        "MPIO_CSMBL": "4",
        "MPIO_CCNCT": "50400",
        "MPIO_NANO": 2012,
        "SHAPE_Leng": 1.72188766324,
        "SHAPE_Area": 0.0656477041519,
        "NOMBRE": "LEJANIAS",
        "DANE": {
          "dpto_ccdgo": "50",
          "mpio_ccdgo": "400",
          "mpio_cdpmp": "50400",
          "dpto_cnmbr": "META",
          "mpio_cnmbr": "LEJANÍAS",
          "mpio_crslc": "Ordenanza 20 Noviembre 19 de 1981",
          "mpio_tipo": "MUNICIPIO",
          "mpio_narea": 815.426334905,
          "mpio_nano": 2024,
          "shape_Leng": 1.74905451577,
          "shape_Area": 0.0663743950509
        }
      }
    },
    {
      "type": "Feature",
      "geometry": {
        "type": "Polygon",
        "coordinates": [
          [
            [
              -72.4359,
              2.74
            ],
            [
              -72.4473,
              2.7544
            ],
            [
              -72.4636,
              2.7541
            ],
            [
              -72.4831,
              2.7405
            ],
            [
              -72.5036,
              2.7416
            ],
            [
              -72.518,
              2.7501
            ],
            [
              -72.5417,
              2.7764
            ],
            [
              -72.5538,
              2.7781
            ],
            [
              -72.5543,
              2.7875
            ],
            [
              -72.576,
              2.8068
            ],
            [
              -72.5831,
              2.805
            ],
            [
              -72.6096,
              2.8319
            ],
            [
              -72.6201,
              2.8354
            ],
            [
              -72.6298,
              2.8285
            ],
            [
              -72.6391,
              2.8353
            ],
            [
              -72.643,
              2.8544
            ],
            [
              -72.6587,
              2.8492
            ],
            [
              -72.6641,
              2.8542
            ],
            [
              -72.6615,
              2.8778
            ],
            [
              -72.6789,
              2.8871
            ],
            [
              -72.6974,
              2.9094
            ],
            [
              -72.7071,
              2.9291
            ],
            [
              -72.7329,
              2.9443
            ],
            [
              -72.7395,
              2.9571
            ],
            [
              -72.78,
              2.9889
            ],
            [
              -72.8003,
              2.9954
            ],
            [
              -72.7992,
              3.0143
            ],
            [
              -72.81,
              3.0175
            ],
            [
              -72.8139,
              2.9877
            ],
            [
              -72.8098,
              2.9823
            ],
            [
              -72.8252,
              2.9678
            ],
            [
              -72.8368,
              2.9446
            ],
            [
              -72.8319,
              2.9208
            ],
            [
              -72.8447,
              2.9187
            ],
            [
              -72.8451,
              2.9079
            ],
            [
              -72.859,
              2.8979
            ],
            [
              -72.8839,
              2.8951
            ],
            [
              -72.8906,
              2.8882
            ],
            [
              -72.8913,
              2.8763
            ],
            [
              -72.8858,
              2.8627
            ],
            [
              -72.8733,
              2.8575
            ],
            [
              -72.8626,
              2.8381
            ],
            [
              -72.8568,
              2.8171
            ],
            [
              -72.8481,
              2.8182
            ],
            [
              -72.8404,
              2.8062
            ],
            [
              -72.8267,
              2.8066
            ],
            [
              -72.8199,
              2.7957
            ],
            [
              -72.9417,
              2.5249
            ],
            [
              -72.9288,
              2.5263
            ],
            [
              -72.921,
              2.5344
            ],
            [
              -72.9218,
              2.5605
            ],
            [
              -72.9109,
              2.5671
            ],
            [
              -72.8981,
              2.5632
            ],
            [
              -72.8794,
              2.5775
            ],
            [
              -72.8678,
              2.5785
            ],
            [
              -72.8486,
              2.5968
            ],
            [
              -72.8165,
              2.6146
            ],
            [
              -72.7958,
              2.6081
            ],
            [
              -72.7872,
              2.5877
            ],
            [
              -72.7616,
              2.5731
            ],
            [
              -72.7362,
              2.571
            ],
            [
              -72.7197,
              2.5847
            ],
            [
              -72.706,
              2.613
            ],
            [
              -72.697,
              2.6212
            ],
            [
              -72.6794,
              2.6222
            ],
            [
              -72.6671,
              2.6107
            ],
            [
              -72.6629,
              2.5918
            ],
            [
              -72.6637,
              2.5758
            ],
            [
              -72.653,
              2.5715
            ],
            [
              -72.643,
              2.5835
            ],
            [
              -72.6466,
              2.5963
            ],
            [
              -72.6247,
              2.6269
            ],
            [
              -72.6063,
              2.6228
            ],
            [
              -72.5994,
              2.6144
            ],
            [
              -72.5975,
              2.5845
            ],
            [
              -72.5832,
              2.5854
            ],
            [
              -72.5818,
              2.6131
            ],
            [
              -72.5874,
              2.631
            ],
            [
              -72.5841,
              2.6429
            ],
            [
              -72.5616,
              2.6469
            ],
            [
              -72.5592,
              2.6628
            ],
            [
              -72.5711,
              2.6663
            ],
            [
              -72.5651,
              2.682
            ],
            [
              -72.5484,
              2.6789
            ],
            [
              -72.5357,
              2.6854
            ],
            [
              -72.5387,
              2.6985
            ],
            [
              -72.5306,
              2.7031
            ],
            [
              -72.5099,
              2.691
            ],
            [
              -72.4856,
              2.6861
            ],
            [
              -72.4722,
              2.6893
            ],
            [
              -72.4652,
              2.6967
            ],
            [
              -72.4641,
              2.717
            ],
            [
              -72.4696,
              2.7343
            ],
            [
              -72.4432,
              2.7349
            ],
            [
              -72.4359,
              2.74
            ]
          ]
        ]
      },
      "properties": {
        "OBJECTID": 705,
        "DPTO_CCDGO": "52",
        "MPIO_CCDGO": "450",
        "name": "52047",
        "MPIO_CRSLC": "Ordenanza 12  AGOS 24 de 1989",
        "MPIO_NANO_": 1993,
        "MPIO_NAREA": 1262.35538946,
        "MPIO_CSMBL": "4",
        "MPIO_CCNCT": "50450",
        "MPIO_NANO": 2012,
        "SHAPE_Leng": 2.63234623394,
        "SHAPE_Area": 0.102611820641,
        "NOMBRE": "PUERTO CONCORDIA",
        "DANE": {
          "dpto_ccdgo": "50",
          "mpio_ccdgo": "450",
          "mpio_cdpmp": "50450",
          "dpto_cnmbr": "META",
          "mpio_cnmbr": "PUERTO CONCORDIA",
          "mpio_crslc": "Ordenanza 12  AGOS 24 de 1989",
          "mpio_tipo": "MUNICIPIO",
          "mpio_narea": 1242.93551676,
          "mpio_nano": 2024,
          "shape_Leng": 2.59456785823,
          "shape_Area": 0.101033586663
        }
      }
    },
    {
      "type": "Feature",
      "geometry": {
        "type": "Polygon",
        "coordinates": [
          [
            [
              -71.0779,
              4.8991
            ],
            [
              -71.1068,
              4.8839
            ],
            [
              -71.1132,
              4.8746
            ],
            [
              -71.1501,
              4.8617
            ],
            [
              -71.1688,
              4.8426
            ],
            [
              -71.196,
              4.8249
            ],
            [
              -71.2117,
              4.8173
            ],
            [
              -71.2361,
              4.8183
            ],
            [
              -71.2764,
              4.799
            ],
            [
              -71.2833,
              4.8034
            ],
            [
              -71.3006,
              4.7922
            ],
            [
              -71.3198,
              4.7688
            ],
            [
              -71.3311,
              4.7672
            ],
            [
              -71.3464,
              4.7579
            ],
            [
              -71.3762,
              4.7512
            ],
            [
              -71.3944,
              4.7537
            ],
            [
              -71.4258,
              4.7253
            ],
            [
              -71.4498,
              4.7155
            ],
            [
              -71.4839,
              4.7072
            ],
            [
              -71.5108,
              4.6973
            ],
            [
              -71.5233,
              4.6822
            ],
            [
              -71.5598,
              4.6798
            ],
            [
              -71.5798,
              4.6727
            ],
            [
              -71.5979,
              4.6453
            ],
            [
              -71.6184,
              4.6371
            ],
            [
              -71.6346,
              4.6227
            ],
            [
              -71.651,
              4.6132
            ],
            [
              -71.6697,
              4.6097
            ],
            [
              -71.7352,
              4.5745
            ],
            [
              -71.7637,
              4.5814
            ],
            [
              -71.7773,
              4.5797
            ],
            [
              -71.787,
              4.5861
            ],
            [
              -71.8023,
              4.5853
            ],
            [
              -71.8134,
              4.5749
            ],
            [
              -71.8194,
              4.5575
            ],
            [
              -71.8273,
              4.5483
            ],
            [
              -71.8501,
              4.5327
            ],
            [
              -71.8678,
              4.5054
            ],
            [
              -71.8906,
              4.4966
            ],
            [
              -71.9015,
              4.4837
            ],
            [
              -71.9041,
              4.4692
            ],
            [
              -71.9189,
              4.4528
            ],
            [
              -71.9304,
              4.4483
            ],
            [
              -71.9402,
              4.4345
            ],
            [
              -71.9562,
              4.4219
            ],
            [
              -71.9565,
              4.412
            ],
            [
              -71.9709,
              4.4078
            ],
            [
              -71.9753,
              4.394
            ],
            [
              -71.9984,
              4.3823
            ],
            [
              -72.0241,
              4.3869
            ],
            [
              -72.0538,
              4.3748
            ],
            [
              -72.0606,
              4.375
            ],
            [
              -72.073,
              4.3919
            ],
            [
              -72.0902,
              4.4029
            ],
            [
              -72.1245,
              4.3934
            ],
            [
              -72.1258,
              4.3854
            ],
            [
              -72.1472,
              4.3655
            ],
            [
              -72.1609,
              4.3422
            ],
            [
              -72.1608,
              4.3277
            ],
            [
              -72.1657,
              4.315
            ],
            [
              -72.1713,
              4.2858
            ],
            [
              -72.1711,
              4.2522
            ],
            [
              -72.1773,
              4.2513
            ],
            [
              -72.1875,
              4.2252
            ],
            [
              -72.1809,
              4.2182
            ],
            [
              -72.1892,
              4.1858
            ],
            [
              -72.2009,
              4.1659
            ],
            [
              -72.2168,
              4.1617
            ],
            [
              -72.2244,
              4.1513
            ],
            [
              -72.2206,
              4.1415
            ],
            [
              -72.196,
              4.1236
            ],
            [
              -72.1982,
              4.1111
            ],
            [
              -72.1616,
              4.0974
            ],
            [
              -72.1501,
              4.0955
            ],
            [
              -72.113,
              4.1169
            ],
            [
              -72.1063,
              4.0984
            ],
            [
              -72.1157,
              4.0862
            ],
            [
              -72.1223,
              4.0678
            ],
            [
              -72.1195,
              4.0489
            ],
            [
              -72.1244,
              4.0439
            ],
            [
              -72.1529,
              4.0613
            ],
            [
              -72.1496,
              4.0488
            ],
            [
              -72.1375,
              4.0375
            ],
            [
              -72.142,
              4.015
            ],
            [
              -72.1685,
              4.0176
            ],
            [
              -72.1578,
              3.9994
            ],
            [
              -72.1755,
              3.9894
            ],
            [
              -72.1802,
              3.9743
            ],
            [
              -72.169,
              3.9626
            ],
            [
              -72.1702,
              3.9559
            ],
            [
              -72.191,
              3.9588
            ],
            [
              -72.2012,
              3.9519
            ],
            [
              -72.2028,
              3.9422
            ],
            [
              -72.1907,
              3.9262
            ],
            [
              -72.1937,
              3.9178
            ],
            [
              -72.2053,
              3.9133
            ],
            [
              -72.2103,
              3.8991
            ],
            [
              -72.2082,
              3.8868
            ],
            [
              -72.2201,
              3.8842
            ],
            [
              -72.2132,
              3.9033
            ],
            [
              -72.2308,
              3.8968
            ],
            [
              -72.2375,
              3.9003
            ],
            [
              -72.2637,
              3.8957
            ],
            [
              -72.26,
              3.8881
            ],
            [
              -72.239,
              3.8868
            ],
            [
              -72.2414,
              3.8752
            ],
            [
              -72.2502,
              3.865
            ],
            [
              -72.2666,
              3.858
            ],
            [
              -72.2621,
              3.8436
            ],
            [
              -72.2759,
              3.8363
            ],
            [
              -72.2816,
              3.8276
            ],
            [
              -72.2771,
              3.8171
            ],
            [
              -72.2937,
              3.812
            ],
            [
              -72.293,
              3.8051
            ],
            [
              -72.272,
              3.7928
            ],
            [
              -72.286,
              3.7806
            ],
            [
              -72.2798,
              3.7637
            ],
            [
              -72.2947,
              3.7647
            ],
            [
              -72.2949,
              3.7565
            ],
            [
              -72.2835,
              3.7496
            ],
            [
              -72.2971,
              3.7227
            ],
            [
              -72.2801,
              3.7022
            ],
            [
              -72.2848,
              3.6922
            ],
            [
              -72.3009,
              3.6843
            ],
            [
              -72.2993,
              3.6591
            ],
            [
              -72.308,
              3.6547
            ],
            [
              -72.3052,
              3.6136
            ],
            [
              -72.3289,
              3.6013
            ],
            [
              -72.325,
              3.5767
            ],
            [
              -72.3408,
              3.5814
            ],
            [
              -72.3506,
              3.5702
            ],
            [
              -72.3598,
              3.5689
            ],
            [
              -72.3567,
              3.5555
            ],
            [
              -72.3598,
              3.542
            ],
            [
              -72.3566,
              3.5267
            ],
            [
              -72.346,
              3.5158
            ],
            [
              -72.3678,
              3.5125
            ],
            [
              -72.3803,
              3.5028
            ],
            [
              -72.3825,
              3.4921
            ],
            [
              -72.3741,
              3.471
            ],
            [
              -72.3798,
              3.4541
            ],
            [
              -72.3926,
              3.4545
            ],
            [
              -72.4059,
              3.4353
            ],
            [
              -72.3943,
              3.4141
            ],
            [
              -72.3837,
              3.4095
            ],
            [
              -72.3756,
              3.3876
            ],
            [
              -72.3636,
              3.3831
            ],
            [
              -72.3563,
              3.369
            ],
            [
              -72.3446,
              3.3711
            ],
            [
              -72.317,
              3.3667
            ],
            [
              -72.2594,
              3.368
            ],
            [
              -72.2276,
              3.3608
            ],
            [
              -72.2088,
              3.3444
            ],
            [
              -72.2061,
              3.3274
            ],
            [
              -72.1939,
              3.2769
            ],
            [
              -72.1784,
              3.273
            ],
            [
              -72.1636,
              3.2815
            ],
            [
              -72.151,
              3.2825
            ],
            [
              -72.125,
              3.304
            ],
            [
              -72.1,
              3.31
            ],
            [
              -72.0978,
              3.3149
            ],
            [
              -72.0772,
              3.3076
            ],
            [
              -72.0671,
              3.3283
            ],
            [
              -72.0548,
              3.3284
            ],
            [
              -72.0532,
              3.3381
            ],
            [
              -72.0395,
              3.3468
            ],
            [
              -72.0324,
              3.3442
            ],
            [
              -72.0176,
              3.3572
            ],
            [
              -72.0115,
              3.3549
            ],
            [
              -71.9879,
              3.366
            ],
            [
              -71.9815,
              3.3771
            ],
            [
              -71.9666,
              3.3726
            ],
            [
              -71.9599,
              3.3858
            ],
            [
              -71.9469,
              3.3867
            ],
            [
              -71.939,
              3.3944
            ],
            [
              -71.9217,
              3.388
            ],
            [
              -71.8946,
              3.4064
            ],
            [
              -71.8834,
              3.3998
            ],
            [
              -71.8763,
              3.4044
            ],
            [
              -71.8512,
              3.4078
            ],
            [
              -71.8296,
              3.3966
            ],
            [
              -71.8249,
              3.3905
            ],
            [
              -71.81,
              3.395
            ],
            [
              -71.777,
              3.4246
            ],
            [
              -71.7599,
              3.4192
            ],
            [
              -71.7164,
              3.4519
            ],
            [
              -71.7061,
              3.4446
            ],
            [
              -71.6984,
              3.4488
            ],
            [
              -71.6918,
              3.468
            ],
            [
              -71.6846,
              3.4643
            ],
            [
              -71.6641,
              3.4748
            ],
            [
              -71.6502,
              3.4864
            ],
            [
              -71.6402,
              3.4852
            ],
            [
              -71.6298,
              3.4765
            ],
            [
              -71.6022,
              3.4752
            ],
            [
              -71.5942,
              3.4802
            ],
            [
              -71.5726,
              3.4752
            ],
            [
              -71.5587,
              3.465
            ],
            [
              -71.5228,
              3.452
            ],
            [
              -71.5009,
              3.4557
            ],
            [
              -71.4802,
              3.4641
            ],
            [
              -71.4609,
              3.4645
            ],
            [
              -71.4568,
              3.4738
            ],
            [
              -71.4458,
              3.4796
            ],
            [
              -71.4256,
              3.4785
            ],
            [
              -71.4112,
              3.4856
            ],
            [
              -71.4068,
              3.476
            ],
            [
              -71.3916,
              3.4799
            ],
            [
              -71.379,
              3.4762
            ],
            [
              -71.3728,
              3.4825
            ],
            [
              -71.3559,
              3.4771
            ],
            [
              -71.3479,
              3.4819
            ],
            [
              -71.3332,
              3.472
            ],
            [
              -71.3161,
              3.4745
            ],
            [
              -71.3165,
              3.4605
            ],
            [
              -71.308,
              3.4599
            ],
            [
              -71.2916,
              3.4441
            ],
            [
              -71.2753,
              3.4419
            ],
            [
              -71.2541,
              3.4534
            ],
            [
              -71.2479,
              3.4652
            ],
            [
              -71.2182,
              3.4541
            ],
            [
              -71.1956,
              3.4581
            ],
            [
              -71.1782,
              3.4469
            ],
            [
              -71.165,
              3.4227
            ],
            [
              -71.162,
              3.4093
            ],
            [
              -71.1368,
              3.389
            ],
            [
              -71.1317,
              3.3803
            ],
            [
              -71.1191,
              3.3887
            ],
            [
              -71.1089,
              3.3842
            ],
            [
              -71.0986,
              3.3888
            ],
            [
              -71.0887,
              3.3661
            ],
            [
              -71.0776,
              3.3555
            ],
            [
              -71.0776,
              3.5251
            ],
            [
              -71.0776,
              3.7404
            ],
            [
              -71.0776,
              3.8934
            ],
            [
              -71.0776,
              4.1757
            ],
            [
              -71.0776,
              4.3692
            ],
            [
              -71.0777,
              4.4951
            ],
            [
              -71.0776,
              4.7266
            ],
            [
              -71.0779,
              4.8991
            ]
          ]
        ]
      },
      "properties": {
        "OBJECTID": 706,
        "DPTO_CCDGO": "52",
        "MPIO_CCDGO": "568",
        "name": "52043",
        "MPIO_CRSLC": "Ordenanza 39 de Noviembre 29 de 1969",
        "MPIO_NANO_": 1993,
        "MPIO_NAREA": 17236.051634,
        "MPIO_CSMBL": "4",
        "MPIO_CCNCT": "50568",
        "MPIO_NANO": 2012,
        "SHAPE_Leng": 7.72567179954,
        "SHAPE_Area": 1.40345615243,
        "NOMBRE": "PUERTO GAITAN",
        "DANE": {
          "dpto_ccdgo": "50",
          "mpio_ccdgo": "568",
          "mpio_cdpmp": "50568",
          "dpto_cnmbr": "META",
          "mpio_cnmbr": "PUERTO GAITÁN",
          "mpio_crslc": "Ordenanza 39 de Noviembre 29 de 1969",
          "mpio_tipo": "MUNICIPIO",
          "mpio_narea": 17249.9672513,
          "mpio_nano": 2024,
          "shape_Leng": 7.79535138948,
          "shape_Area": 1.40215699598
        }
      }
    },
    {
      "type": "Feature",
      "geometry": {
        "type": "Polygon",
        "coordinates": [
          [
            [
              -72.073,
              4.3919
            ],
            [
              -72.0705,
              4.4077
            ],
            [
              -72.1181,
              4.4334
            ],
            [
              -72.1431,
              4.4403
            ],
            [
              -72.1585,
              4.4415
            ],
            [
              -72.1752,
              4.4333
            ],
            [
              -72.199,
              4.4286
            ],
            [
              -72.2103,
              4.4334
            ],
            [
              -72.2434,
              4.4346
            ],
            [
              -72.2578,
              4.4179
            ],
            [
              -72.2864,
              4.4173
            ],
            [
              -72.3035,
              4.4077
            ],
            [
              -72.3088,
              4.3857
            ],
            [
              -72.324,
              4.3694
            ],
            [
              -72.3399,
              4.3725
            ],
            [
              -72.3412,
              4.3626
            ],
            [
              -72.3562,
              4.3417
            ],
            [
              -72.3894,
              4.3319
            ],
            [
              -72.405,
              4.3179
            ],
            [
              -72.4183,
              4.3245
            ],
            [
              -72.4178,
              4.348
            ],
            [
              -72.4279,
              4.3537
            ],
            [
              -72.4371,
              4.3502
            ],
            [
              -72.455,
              4.3262
            ],
            [
              -72.4676,
              4.3175
            ],
            [
              -72.4808,
              4.3265
            ],
            [
              -72.4929,
              4.3273
            ],
            [
              -72.5155,
              4.3387
            ],
            [
              -72.5327,
              4.3396
            ],
            [
              -72.5398,
              4.351
            ],
            [
              -72.5525,
              4.3525
            ],
            [
              -72.5546,
              4.3368
            ],
            [
              -72.567,
              4.3325
            ],
            [
              -72.5744,
              4.3204
            ],
            [
              -72.5693,
              4.3074
            ],
            [
              -72.5798,
              4.3007
            ],
            [
              -72.6061,
              4.3154
            ],
            [
              -72.6168,
              4.3099
            ],
            [
              -72.6265,
              4.3043
            ],
            [
              -72.642,
              4.3028
            ],
            [
              -72.6581,
              4.3165
            ],
            [
              -72.6759,
              4.3174
            ],
            [
              -72.6876,
              4.3119
            ],
            [
              -72.6873,
              4.2925
            ],
            [
              -72.6946,
              4.2877
            ],
            [
              -72.7146,
              4.2924
            ],
            [
              -72.7258,
              4.3058
            ],
            [
              -72.7398,
              4.3097
            ],
            [
              -72.7472,
              4.296
            ],
            [
              -72.7564,
              4.2692
            ],
            [
              -72.7638,
              4.2626
            ],
            [
              -72.7759,
              4.2631
            ],
            [
              -72.787,
              4.2768
            ],
            [
              -72.8022,
              4.276
            ],
            [
              -72.8008,
              4.2504
            ],
            [
              -72.8086,
              4.2488
            ],
            [
              -72.8173,
              4.2597
            ],
            [
              -72.8353,
              4.2638
            ],
            [
              -72.8465,
              4.2614
            ],
            [
              -72.8569,
              4.2697
            ],
            [
              -72.8659,
              4.2659
            ],
            [
              -72.8562,
              4.2484
            ],
            [
              -72.8701,
              4.2337
            ],
            [
              -72.8754,
              4.2446
            ],
            [
              -72.884,
              4.2419
            ],
            [
              -72.8746,
              4.2124
            ],
            [
              -72.8857,
              4.2031
            ],
            [
              -72.9071,
              4.198
            ],
            [
              -72.9155,
              4.1766
            ],
            [
              -72.9288,
              4.1539
            ],
            [
              -72.9398,
              4.1587
            ],
            [
              -72.9514,
              4.1504
            ],
            [
              -72.9668,
              4.1587
            ],
            [
              -72.9787,
              4.1592
            ],
            [
              -72.9955,
              4.1694
            ],
            [
              -73.0059,
              4.1866
            ],
            [
              -73.015,
              4.1854
            ],
            [
              -73.0136,
              4.1637
            ],
            [
              -73.0264,
              4.1607
            ],
            [
              -73.0234,
              4.1775
            ],
            [
              -73.04,
              4.1719
            ],
            [
              -73.0436,
              4.1765
            ],
            [
              -73.0676,
              4.1802
            ],
            [
              -73.0782,
              4.1848
            ],
            [
              -73.0809,
              4.1728
            ],
            [
              -73.0951,
              4.1635
            ],
            [
              -73.1108,
              4.1648
            ],
            [
              -73.1392,
              4.1463
            ],
            [
              -73.1519,
              4.1434
            ],
            [
              -73.1806,
              4.1484
            ],
            [
              -73.1881,
              4.1406
            ],
            [
              -73.2085,
              4.1458
            ],
            [
              -73.23,
              4.1363
            ],
            [
              -73.2603,
              4.13
            ],
            [
              -73.175,
              4.0403
            ],
            [
              -73.1751,
              3.935
            ],
            [
              -73.1365,
              3.9386
            ],
            [
              -73.1206,
              3.9305
            ],
            [
              -73.1,
              3.9298
            ],
            [
              -73.0985,
              3.9202
            ],
            [
              -73.0802,
              3.9162
            ],
            [
              -73.0867,
              3.9048
            ],
            [
              -73.0948,
              3.908
            ],
            [
              -73.1129,
              3.8802
            ],
            [
              -73.1165,
              3.8471
            ],
            [
              -73.1306,
              3.8416
            ],
            [
              -73.141,
              3.8303
            ],
            [
              -73.1463,
              3.8143
            ],
            [
              -73.1731,
              3.8042
            ],
            [
              -73.1866,
              3.7921
            ],
            [
              -73.1879,
              3.7772
            ],
            [
              -73.1954,
              3.761
            ],
            [
              -73.1781,
              3.7582
            ],
            [
              -73.1787,
              3.7384
            ],
            [
              -73.1623,
              3.7309
            ],
            [
              -73.1395,
              3.7404
            ],
            [
              -73.1316,
              3.7548
            ],
            [
              -73.1072,
              3.7503
            ],
            [
              -73.0972,
              3.7159
            ],
            [
              -73.0875,
              3.7093
            ],
            [
              -73.0878,
              3.6961
            ],
            [
              -73.0746,
              3.6845
            ],
            [
              -73.0487,
              3.6781
            ],
            [
              -73.0335,
              3.6818
            ],
            [
              -73.0265,
              3.6528
            ],
            [
              -73.0102,
              3.6391
            ],
            [
              -72.9955,
              3.6372
            ],
            [
              -72.972,
              3.6561
            ],
            [
              -72.895,
              3.6543
            ],
            [
              -72.8773,
              3.6615
            ],
            [
              -72.8713,
              3.6705
            ],
            [
              -72.8559,
              3.6646
            ],
            [
              -72.8277,
              3.663
            ],
            [
              -72.819,
              3.6701
            ],
            [
              -72.7927,
              3.6743
            ],
            [
              -72.7525,
              3.7018
            ],
            [
              -72.7494,
              3.7109
            ],
            [
              -72.7384,
              3.7187
            ],
            [
              -72.7171,
              3.7186
            ],
            [
              -72.7069,
              3.7299
            ],
            [
              -72.6928,
              3.7273
            ],
            [
              -72.6816,
              3.7403
            ],
            [
              -72.6741,
              3.7352
            ],
            [
              -72.6593,
              3.7396
            ],
            [
              -72.6504,
              3.7369
            ],
            [
              -72.6228,
              3.7479
            ],
            [
              -72.6067,
              3.7485
            ],
            [
              -72.5896,
              3.7274
            ],
            [
              -72.557,
              3.7266
            ],
            [
              -72.5521,
              3.733
            ],
            [
              -72.5316,
              3.7343
            ],
            [
              -72.5051,
              3.7235
            ],
            [
              -72.4778,
              3.7244
            ],
            [
              -72.4463,
              3.7119
            ],
            [
              -72.4376,
              3.7019
            ],
            [
              -72.4027,
              3.6965
            ],
            [
              -72.3989,
              3.706
            ],
            [
              -72.3818,
              3.7151
            ],
            [
              -72.3738,
              3.7312
            ],
            [
              -72.3591,
              3.7381
            ],
            [
              -72.3466,
              3.7354
            ],
            [
              -72.335,
              3.7445
            ],
            [
              -72.3109,
              3.749
            ],
            [
              -72.2949,
              3.7565
            ],
            [
              -72.2947,
              3.7647
            ],
            [
              -72.2798,
              3.7637
            ],
            [
              -72.286,
              3.7806
            ],
            [
              -72.272,
              3.7928
            ],
            [
              -72.293,
              3.8051
            ],
            [
              -72.2937,
              3.812
            ],
            [
              -72.2771,
              3.8171
            ],
            [
              -72.2816,
              3.8276
            ],
            [
              -72.2759,
              3.8363
            ],
            [
              -72.2621,
              3.8436
            ],
            [
              -72.2666,
              3.858
            ],
            [
              -72.2502,
              3.865
            ],
            [
              -72.2414,
              3.8752
            ],
            [
              -72.239,
              3.8868
            ],
            [
              -72.26,
              3.8881
            ],
            [
              -72.2637,
              3.8957
            ],
            [
              -72.2375,
              3.9003
            ],
            [
              -72.2308,
              3.8968
            ],
            [
              -72.2132,
              3.9033
            ],
            [
              -72.2201,
              3.8842
            ],
            [
              -72.2082,
              3.8868
            ],
            [
              -72.2103,
              3.8991
            ],
            [
              -72.2053,
              3.9133
            ],
            [
              -72.1937,
              3.9178
            ],
            [
              -72.1907,
              3.9262
            ],
            [
              -72.2028,
              3.9422
            ],
            [
              -72.2012,
              3.9519
            ],
            [
              -72.191,
              3.9588
            ],
            [
              -72.1702,
              3.9559
            ],
            [
              -72.169,
              3.9626
            ],
            [
              -72.1802,
              3.9743
            ],
            [
              -72.1755,
              3.9894
            ],
            [
              -72.1578,
              3.9994
            ],
            [
              -72.1685,
              4.0176
            ],
            [
              -72.142,
              4.015
            ],
            [
              -72.1375,
              4.0375
            ],
            [
              -72.1496,
              4.0488
            ],
            [
              -72.1529,
              4.0613
            ],
            [
              -72.1244,
              4.0439
            ],
            [
              -72.1195,
              4.0489
            ],
            [
              -72.1223,
              4.0678
            ],
            [
              -72.1157,
              4.0862
            ],
            [
              -72.1063,
              4.0984
            ],
            [
              -72.113,
              4.1169
            ],
            [
              -72.1501,
              4.0955
            ],
            [
              -72.1616,
              4.0974
            ],
            [
              -72.1982,
              4.1111
            ],
            [
              -72.196,
              4.1236
            ],
            [
              -72.2206,
              4.1415
            ],
            [
              -72.2244,
              4.1513
            ],
            [
              -72.2168,
              4.1617
            ],
            [
              -72.2009,
              4.1659
            ],
            [
              -72.1892,
              4.1858
            ],
            [
              -72.1809,
              4.2182
            ],
            [
              -72.1875,
              4.2252
            ],
            [
              -72.1773,
              4.2513
            ],
            [
              -72.1711,
              4.2522
            ],
            [
              -72.1713,
              4.2858
            ],
            [
              -72.1657,
              4.315
            ],
            [
              -72.1608,
              4.3277
            ],
            [
              -72.1609,
              4.3422
            ],
            [
              -72.1472,
              4.3655
            ],
            [
              -72.1258,
              4.3854
            ],
            [
              -72.1245,
              4.3934
            ],
            [
              -72.0902,
              4.4029
            ],
            [
              -72.073,
              4.3919
            ]
          ]
        ]
      },
      "properties": {
        "OBJECTID": 707,
        "DPTO_CCDGO": "52",
        "MPIO_CCDGO": "573",
        "name": "52045",
        "MPIO_CRSLC": "Decreto 2543 de 1955",
        "MPIO_NANO_": 1993,
        "MPIO_NAREA": 6222.79807543,
        "MPIO_CSMBL": "4",
        "MPIO_CCNCT": "50573",
        "MPIO_NANO": 2012,
        "SHAPE_Leng": 6.29638936358,
        "SHAPE_Area": 0.506440821111,
        "NOMBRE": "PUERTO LOPEZ",
        "DANE": {
          "dpto_ccdgo": "50",
          "mpio_ccdgo": "573",
          "mpio_cdpmp": "50573",
          "dpto_cnmbr": "META",
          "mpio_cnmbr": "PUERTO LÓPEZ",
          "mpio_crslc": "Decreto 2543 de 1955",
          "mpio_tipo": "MUNICIPIO",
          "mpio_narea": 6913.34657559,
          "mpio_nano": 2024,
          "shape_Leng": 6.00605212226,
          "shape_Area": 0.562627655596
        }
      }
    },
    {
      "type": "Feature",
      "geometry": {
        "type": "Polygon",
        "coordinates": [
          [
            [
              -72.8782,
              3.2637
            ],
            [
              -72.8862,
              3.2721
            ],
            [
              -72.8945,
              3.2606
            ],
            [
              -72.9201,
              3.2542
            ],
            [
              -72.9275,
              3.259
            ],
            [
              -72.9508,
              3.253
            ],
            [
              -72.971,
              3.2559
            ],
            [
              -72.9861,
              3.2528
            ],
            [
              -73.003,
              3.2551
            ],
            [
              -73.0217,
              3.268
            ],
            [
              -73.037,
              3.267
            ],
            [
              -73.0483,
              3.2601
            ],
            [
              -73.054,
              3.2731
            ],
            [
              -73.0619,
              3.2729
            ],
            [
              -73.0723,
              3.2854
            ],
            [
              -73.089,
              3.2808
            ],
            [
              -73.0917,
              3.3055
            ],
            [
              -73.1192,
              3.3174
            ],
            [
              -73.1168,
              3.3261
            ],
            [
              -73.1253,
              3.3437
            ],
            [
              -73.1327,
              3.3388
            ],
            [
              -73.1469,
              3.3402
            ],
            [
              -73.1864,
              3.3637
            ],
            [
              -73.206,
              3.3609
            ],
            [
              -73.2094,
              3.379
            ],
            [
              -73.2212,
              3.3854
            ],
            [
              -73.226,
              3.4129
            ],
            [
              -73.2407,
              3.4239
            ],
            [
              -73.2565,
              3.4293
            ],
            [
              -73.2693,
              3.4479
            ],
            [
              -73.2792,
              3.4684
            ],
            [
              -73.3032,
              3.4747
            ],
            [
              -73.3171,
              3.4833
            ],
            [
              -73.3341,
              3.4862
            ],
            [
              -73.3357,
              3.4934
            ],
            [
              -73.3551,
              3.4963
            ],
            [
              -73.3749,
              3.4817
            ],
            [
              -73.384,
              3.4576
            ],
            [
              -73.3811,
              3.4417
            ],
            [
              -73.3923,
              3.4338
            ],
            [
              -73.4087,
              3.4113
            ],
            [
              -73.4065,
              3.3854
            ],
            [
              -73.4144,
              3.3758
            ],
            [
              -73.4234,
              3.3456
            ],
            [
              -73.433,
              3.3095
            ],
            [
              -73.4477,
              3.3008
            ],
            [
              -73.4606,
              3.3043
            ],
            [
              -73.4722,
              3.321
            ],
            [
              -73.4889,
              3.3193
            ],
            [
              -73.4983,
              3.3253
            ],
            [
              -73.5156,
              3.3097
            ],
            [
              -73.5265,
              3.2942
            ],
            [
              -73.5553,
              3.2968
            ],
            [
              -73.5868,
              3.3027
            ],
            [
              -73.6002,
              3.296
            ],
            [
              -73.5934,
              3.2849
            ],
            [
              -73.5838,
              3.2839
            ],
            [
              -73.5713,
              3.2742
            ],
            [
              -73.5548,
              3.2691
            ],
            [
              -73.547,
              3.2537
            ],
            [
              -73.5476,
              3.2309
            ],
            [
              -73.5427,
              3.2285
            ],
            [
              -73.5357,
              3.1976
            ],
            [
              -73.5258,
              3.1914
            ],
            [
              -73.5103,
              3.1937
            ],
            [
              -73.5002,
              3.1842
            ],
            [
              -73.4871,
              3.1794
            ],
            [
              -73.4611,
              3.1578
            ],
            [
              -73.4753,
              3.123
            ],
            [
              -73.5173,
              3.0922
            ],
            [
              -73.5006,
              3.0768
            ],
            [
              -73.4706,
              3.0601
            ],
            [
              -73.4502,
              3.0384
            ],
            [
              -73.4373,
              3.0342
            ],
            [
              -73.4253,
              3.0095
            ],
            [
              -73.4273,
              2.9896
            ],
            [
              -73.4382,
              2.9654
            ],
            [
              -73.4345,
              2.9607
            ],
            [
              -73.4401,
              2.9434
            ],
            [
              -73.4216,
              2.9274
            ],
            [
              -73.389,
              2.9279
            ],
            [
              -73.3757,
              2.9337
            ],
            [
              -73.3599,
              2.9501
            ],
            [
              -73.2556,
              3.0266
            ],
            [
              -73.1382,
              3.0924
            ],
            [
              -73.1249,
              3.0734
            ],
            [
              -73.0886,
              3.0385
            ],
            [
              -73.0626,
              3.0213
            ],
            [
              -73.0506,
              3.0183
            ],
            [
              -72.9839,
              3.0163
            ],
            [
              -72.9681,
              3.0197
            ],
            [
              -72.9597,
              3.0156
            ],
            [
              -72.9592,
              3.0003
            ],
            [
              -72.9287,
              2.9795
            ],
            [
              -72.9164,
              2.991
            ],
            [
              -72.9008,
              2.9709
            ],
            [
              -72.8945,
              2.9993
            ],
            [
              -72.9086,
              3.016
            ],
            [
              -72.9077,
              3.0339
            ],
            [
              -72.902,
              3.0498
            ],
            [
              -72.9058,
              3.0549
            ],
            [
              -72.904,
              3.0773
            ],
            [
              -72.896,
              3.0957
            ],
            [
              -72.9022,
              3.1015
            ],
            [
              -72.905,
              3.1219
            ],
            [
              -72.9148,
              3.1254
            ],
            [
              -72.9117,
              3.1369
            ],
            [
              -72.8885,
              3.1579
            ],
            [
              -72.893,
              3.1806
            ],
            [
              -72.8949,
              3.2335
            ],
            [
              -72.8782,
              3.2637
            ]
          ]
        ]
      },
      "properties": {
        "OBJECTID": 708,
        "DPTO_CCDGO": "52",
        "MPIO_CCDGO": "577",
        "name": "52048",
        "MPIO_CRSLC": "Ordenanza 63 de Noviembre 21 de 1965",
        "MPIO_NANO_": 1993,
        "MPIO_NAREA": 2565.53948479,
        "MPIO_CSMBL": "4",
        "MPIO_CCNCT": "50577",
        "MPIO_NANO": 2012,
        "SHAPE_Leng": 3.68671420847,
        "SHAPE_Area": 0.208695506929,
        "NOMBRE": "PUERTO LLERAS",
        "DANE": {
          "dpto_ccdgo": "50",
          "mpio_ccdgo": "577",
          "mpio_cdpmp": "50577",
          "dpto_cnmbr": "META",
          "mpio_cnmbr": "PUERTO LLERAS",
          "mpio_crslc": "Ordenanza 63 de Noviembre 21 de 1965",
          "mpio_tipo": "MUNICIPIO",
          "mpio_narea": 2535.77421049,
          "mpio_nano": 2024,
          "shape_Leng": 3.63133933541,
          "shape_Area": 0.206274363343
        }
      }
    },
    {
      "type": "Feature",
      "geometry": {
        "type": "Polygon",
        "coordinates": [
          [
            [
              -72.9008,
              2.9709
            ],
            [
              -72.9164,
              2.991
            ],
            [
              -72.9287,
              2.9795
            ],
            [
              -72.9592,
              3.0003
            ],
            [
              -72.9597,
              3.0156
            ],
            [
              -72.9681,
              3.0197
            ],
            [
              -72.9839,
              3.0163
            ],
            [
              -73.0506,
              3.0183
            ],
            [
              -73.0626,
              3.0213
            ],
            [
              -73.0886,
              3.0385
            ],
            [
              -73.1249,
              3.0734
            ],
            [
              -73.1382,
              3.0924
            ],
            [
              -73.2556,
              3.0266
            ],
            [
              -73.3599,
              2.9501
            ],
            [
              -73.3757,
              2.9337
            ],
            [
              -73.389,
              2.9279
            ],
            [
              -73.4216,
              2.9274
            ],
            [
              -73.4342,
              2.9328
            ],
            [
              -73.4807,
              2.9285
            ],
            [
              -73.4834,
              2.9166
            ],
            [
              -73.5095,
              2.8885
            ],
            [
              -73.5191,
              2.8583
            ],
            [
              -73.5003,
              2.8556
            ],
            [
              -73.4881,
              2.8428
            ],
            [
              -73.4786,
              2.8269
            ],
            [
              -73.477,
              2.8148
            ],
            [
              -73.4653,
              2.815
            ],
            [
              -73.46,
              2.8026
            ],
            [
              -73.4462,
              2.7913
            ],
            [
              -73.4319,
              2.7859
            ],
            [
              -73.4046,
              2.768
            ],
            [
              -73.4063,
              2.7559
            ],
            [
              -73.3765,
              2.7491
            ],
            [
              -73.3583,
              2.7396
            ],
            [
              -73.3489,
              2.7288
            ],
            [
              -73.3467,
              2.7144
            ],
            [
              -73.3529,
              2.6892
            ],
            [
              -73.3513,
              2.6769
            ],
            [
              -73.3394,
              2.6658
            ],
            [
              -73.3442,
              2.6394
            ],
            [
              -73.3422,
              2.6299
            ],
            [
              -73.3537,
              2.6088
            ],
            [
              -73.3473,
              2.6023
            ],
            [
              -73.3347,
              2.5354
            ],
            [
              -73.3075,
              2.5116
            ],
            [
              -73.2919,
              2.516
            ],
            [
              -73.2706,
              2.5019
            ],
            [
              -73.2582,
              2.5011
            ],
            [
              -73.2429,
              2.4916
            ],
            [
              -73.2293,
              2.4879
            ],
            [
              -73.2162,
              2.5025
            ],
            [
              -73.2018,
              2.4832
            ],
            [
              -73.1941,
              2.4781
            ],
            [
              -73.1874,
              2.4577
            ],
            [
              -73.1634,
              2.4461
            ],
            [
              -73.1552,
              2.4382
            ],
            [
              -73.1449,
              2.4396
            ],
            [
              -73.121,
              2.4258
            ],
            [
              -73.1102,
              2.4344
            ],
            [
              -73.0963,
              2.4256
            ],
            [
              -73.0916,
              2.4157
            ],
            [
              -73.0814,
              2.4147
            ],
            [
              -73.0696,
              2.4251
            ],
            [
              -73.0558,
              2.4264
            ],
            [
              -73.0431,
              2.438
            ],
            [
              -73.0379,
              2.4329
            ],
            [
              -73.0352,
              2.4137
            ],
            [
              -73.0287,
              2.4148
            ],
            [
              -73.0118,
              2.4335
            ],
            [
              -72.9756,
              2.4531
            ],
            [
              -72.9706,
              2.4715
            ],
            [
              -72.9612,
              2.4807
            ],
            [
              -72.9531,
              2.4793
            ],
            [
              -72.9382,
              2.4647
            ],
            [
              -72.9276,
              2.4796
            ],
            [
              -72.9363,
              2.5027
            ],
            [
              -72.9507,
              2.4953
            ],
            [
              -72.9587,
              2.503
            ],
            [
              -72.9573,
              2.5122
            ],
            [
              -72.9417,
              2.5249
            ],
            [
              -72.8199,
              2.7957
            ],
            [
              -72.8267,
              2.8066
            ],
            [
              -72.8404,
              2.8062
            ],
            [
              -72.8481,
              2.8182
            ],
            [
              -72.8568,
              2.8171
            ],
            [
              -72.8626,
              2.8381
            ],
            [
              -72.8733,
              2.8575
            ],
            [
              -72.8858,
              2.8627
            ],
            [
              -72.8913,
              2.8763
            ],
            [
              -72.8906,
              2.8882
            ],
            [
              -72.8994,
              2.9047
            ],
            [
              -72.9134,
              2.9209
            ],
            [
              -72.9038,
              2.9304
            ],
            [
              -72.9072,
              2.9469
            ],
            [
              -72.9151,
              2.9537
            ],
            [
              -72.9008,
              2.9709
            ]
          ]
        ]
      },
      "properties": {
        "OBJECTID": 709,
        "DPTO_CCDGO": "52",
        "MPIO_CCDGO": "590",
        "name": "52049",
        "MPIO_CRSLC": "Ordenanza 10  Octubre  31 de 1984. Ordenanza 7 de Noviembre",
        "MPIO_NANO_": 1993,
        "MPIO_NAREA": 3418.64225482,
        "MPIO_CSMBL": "4",
        "MPIO_CCNCT": "50590",
        "MPIO_NANO": 2012,
        "SHAPE_Leng": 3.47949238928,
        "SHAPE_Area": 0.277970741275,
        "NOMBRE": "PUERTO RICO",
        "DANE": {
          "dpto_ccdgo": "50",
          "mpio_ccdgo": "590",
          "mpio_cdpmp": "50590",
          "dpto_cnmbr": "META",
          "mpio_cnmbr": "PUERTO RICO",
          "mpio_crslc": "Ordenanza 10  Octubre  31 de 1984. Ordenanza 7 de Noviembre",
          "mpio_tipo": "MUNICIPIO",
          "mpio_narea": 3428.13357007,
          "mpio_nano": 2024,
          "shape_Leng": 3.44797157984,
          "shape_Area": 0.278742813913
        }
      }
    },
    {
      "type": "Feature",
      "geometry": {
        "type": "Polygon",
        "coordinates": [
          [
            [
              -73.5715,
              4.3734
            ],
            [
              -73.5769,
              4.3995
            ],
            [
              -73.5725,
              4.4193
            ],
            [
              -73.588,
              4.4331
            ],
            [
              -73.5909,
              4.4437
            ],
            [
              -73.6024,
              4.4543
            ],
            [
              -73.6024,
              4.4621
            ],
            [
              -73.6185,
              4.4432
            ],
            [
              -73.617,
              4.4333
            ],
            [
              -73.621,
              4.4126
            ],
            [
              -73.631,
              4.4057
            ],
            [
              -73.6324,
              4.3966
            ],
            [
              -73.626,
              4.3824
            ],
            [
              -73.606,
              4.3579
            ],
            [
              -73.6,
              4.3403
            ],
            [
              -73.6204,
              4.3154
            ],
            [
              -73.6278,
              4.2865
            ],
            [
              -73.6297,
              4.2776
            ],
            [
              -73.611,
              4.261
            ],
            [
              -73.6085,
              4.2481
            ],
            [
              -73.6189,
              4.238
            ],
            [
              -73.6198,
              4.2143
            ],
            [
              -73.6101,
              4.2147
            ],
            [
              -73.5971,
              4.2048
            ],
            [
              -73.5892,
              4.1931
            ],
            [
              -73.5778,
              4.1961
            ],
            [
              -73.5727,
              4.1884
            ],
            [
              -73.5098,
              4.1632
            ],
            [
              -73.4738,
              4.163
            ],
            [
              -73.4569,
              4.1489
            ],
            [
              -73.4172,
              4.139
            ],
            [
              -73.3995,
              4.1312
            ],
            [
              -73.3634,
              4.1363
            ],
            [
              -73.348,
              4.1299
            ],
            [
              -73.3359,
              4.1349
            ],
            [
              -73.3172,
              4.1336
            ],
            [
              -73.3075,
              4.1405
            ],
            [
              -73.2854,
              4.1418
            ],
            [
              -73.2703,
              4.1312
            ],
            [
              -73.2603,
              4.13
            ],
            [
              -73.23,
              4.1363
            ],
            [
              -73.2085,
              4.1458
            ],
            [
              -73.1881,
              4.1406
            ],
            [
              -73.1806,
              4.1484
            ],
            [
              -73.1519,
              4.1434
            ],
            [
              -73.1392,
              4.1463
            ],
            [
              -73.1108,
              4.1648
            ],
            [
              -73.1224,
              4.1681
            ],
            [
              -73.123,
              4.1772
            ],
            [
              -73.1452,
              4.1768
            ],
            [
              -73.1542,
              4.1872
            ],
            [
              -73.1622,
              4.1804
            ],
            [
              -73.1938,
              4.1759
            ],
            [
              -73.2308,
              4.183
            ],
            [
              -73.2514,
              4.168
            ],
            [
              -73.268,
              4.1683
            ],
            [
              -73.2788,
              4.1597
            ],
            [
              -73.2969,
              4.1555
            ],
            [
              -73.3088,
              4.1583
            ],
            [
              -73.3353,
              4.1548
            ],
            [
              -73.3457,
              4.1492
            ],
            [
              -73.3626,
              4.1525
            ],
            [
              -73.3825,
              4.1468
            ],
            [
              -73.3965,
              4.1495
            ],
            [
              -73.4128,
              4.1583
            ],
            [
              -73.4272,
              4.1574
            ],
            [
              -73.4499,
              4.1913
            ],
            [
              -73.4569,
              4.1937
            ],
            [
              -73.4895,
              4.2269
            ],
            [
              -73.5082,
              4.2568
            ],
            [
              -73.5209,
              4.2732
            ],
            [
              -73.5449,
              4.2666
            ],
            [
              -73.5503,
              4.2823
            ],
            [
              -73.5669,
              4.2972
            ],
            [
              -73.5648,
              4.3101
            ],
            [
              -73.5745,
              4.3203
            ],
            [
              -73.5715,
              4.3734
            ]
          ]
        ]
      },
      "properties": {
        "OBJECTID": 710,
        "DPTO_CCDGO": "52",
        "MPIO_CCDGO": "606",
        "name": "52050",
        "MPIO_CRSLC": "Decreto 182 de Junio 2 de 1955",
        "MPIO_NANO_": 1993,
        "MPIO_NAREA": 367.26709307,
        "MPIO_CSMBL": "4",
        "MPIO_CCNCT": "50606",
        "MPIO_NANO": 2012,
        "SHAPE_Leng": 1.94202646495,
        "SHAPE_Area": 0.0299132215868,
        "NOMBRE": "RESTREPO",
        "DANE": {
          "dpto_ccdgo": "50",
          "mpio_ccdgo": "606",
          "mpio_cdpmp": "50606",
          "dpto_cnmbr": "META",
          "mpio_cnmbr": "RESTREPO",
          "mpio_crslc": "Decreto 182 de Junio 2 de 1955",
          "mpio_tipo": "MUNICIPIO",
          "mpio_narea": 365.137621017,
          "mpio_nano": 2024,
          "shape_Leng": 1.96259839915,
          "shape_Area": 0.0297397704286
        }
      }
    },
    {
      "type": "Feature",
      "geometry": {
        "type": "Polygon",
        "coordinates": [
          [
            [
              -73.4168,
              3.9848
            ],
            [
              -73.4177,
              3.9758
            ],
            [
              -73.4319,
              3.952
            ],
            [
              -73.431,
              3.9411
            ],
            [
              -73.4391,
              3.9228
            ],
            [
              -73.4461,
              3.8848
            ],
            [
              -73.4427,
              3.878
            ],
            [
              -73.4583,
              3.8692
            ],
            [
              -73.4579,
              3.855
            ],
            [
              -73.4338,
              3.8498
            ],
            [
              -73.3971,
              3.8556
            ],
            [
              -73.3892,
              3.8661
            ],
            [
              -73.3574,
              3.7104
            ],
            [
              -73.3393,
              3.7041
            ],
            [
              -73.3225,
              3.7082
            ],
            [
              -73.2877,
              3.7109
            ],
            [
              -73.2695,
              3.7021
            ],
            [
              -73.2353,
              3.7065
            ],
            [
              -73.1984,
              3.6908
            ],
            [
              -73.1596,
              3.7093
            ],
            [
              -73.1623,
              3.7309
            ],
            [
              -73.1787,
              3.7384
            ],
            [
              -73.1781,
              3.7582
            ],
            [
              -73.1954,
              3.761
            ],
            [
              -73.1879,
              3.7772
            ],
            [
              -73.1866,
              3.7921
            ],
            [
              -73.1731,
              3.8042
            ],
            [
              -73.1463,
              3.8143
            ],
            [
              -73.141,
              3.8303
            ],
            [
              -73.1306,
              3.8416
            ],
            [
              -73.1165,
              3.8471
            ],
            [
              -73.1129,
              3.8802
            ],
            [
              -73.0948,
              3.908
            ],
            [
              -73.0867,
              3.9048
            ],
            [
              -73.0802,
              3.9162
            ],
            [
              -73.0985,
              3.9202
            ],
            [
              -73.1,
              3.9298
            ],
            [
              -73.1206,
              3.9305
            ],
            [
              -73.1365,
              3.9386
            ],
            [
              -73.1751,
              3.935
            ],
            [
              -73.1865,
              3.9369
            ],
            [
              -73.1984,
              3.9489
            ],
            [
              -73.2168,
              3.9478
            ],
            [
              -73.2308,
              3.9652
            ],
            [
              -73.242,
              3.97
            ],
            [
              -73.2534,
              3.9631
            ],
            [
              -73.2678,
              3.9617
            ],
            [
              -73.2902,
              3.9493
            ],
            [
              -73.2975,
              3.9585
            ],
            [
              -73.3235,
              3.9553
            ],
            [
              -73.3281,
              3.9688
            ],
            [
              -73.3421,
              3.9709
            ],
            [
              -73.3686,
              3.967
            ],
            [
              -73.382,
              3.9695
            ],
            [
              -73.4168,
              3.9848
            ]
          ]
        ]
      },
      "properties": {
        "OBJECTID": 711,
        "DPTO_CCDGO": "52",
        "MPIO_CCDGO": "680",
        "name": "52055",
        "MPIO_CRSLC": "Ordenanza 12 de Julio 7 de 1961",
        "MPIO_NANO_": 1993,
        "MPIO_NAREA": 810.7165552,
        "MPIO_CSMBL": "4",
        "MPIO_CCNCT": "50680",
        "MPIO_NANO": 2012,
        "SHAPE_Leng": 1.65161699244,
        "SHAPE_Area": 0.0659950794438,
        "NOMBRE": "SAN CARLOS DE GUAROA",
        "DANE": {
          "dpto_ccdgo": "50",
          "mpio_ccdgo": "680",
          "mpio_cdpmp": "50680",
          "dpto_cnmbr": "META",
          "mpio_cnmbr": "SAN CARLOS DE GUAROA",
          "mpio_crslc": "Ordenanza 12 de Julio 7 de 1961",
          "mpio_tipo": "MUNICIPIO",
          "mpio_narea": 808.031219141,
          "mpio_nano": 2024,
          "shape_Leng": 1.6030359203,
          "shape_Area": 0.0657765179348
        }
      }
    },
    {
      "type": "Feature",
      "geometry": {
        "type": "Polygon",
        "coordinates": [
          [
            [
              -73.8667,
              3.446
            ],
            [
              -73.8836,
              3.4457
            ],
            [
              -73.9184,
              3.4537
            ],
            [
              -73.9335,
              3.466
            ],
            [
              -73.9668,
              3.4809
            ],
            [
              -73.9889,
              3.4994
            ],
            [
              -74.0032,
              3.4941
            ],
            [
              -74.0192,
              3.4945
            ],
            [
              -74.031,
              3.5021
            ],
            [
              -74.0362,
              3.4885
            ],
            [
              -74.036,
              3.4728
            ],
            [
              -74.0515,
              3.455
            ],
            [
              -74.0371,
              3.4516
            ],
            [
              -74.0184,
              3.4332
            ],
            [
              -74.0081,
              3.3994
            ],
            [
              -74.0131,
              3.3844
            ],
            [
              -74.0013,
              3.3663
            ],
            [
              -73.9972,
              3.3524
            ],
            [
              -73.9707,
              3.3463
            ],
            [
              -73.9608,
              3.3373
            ],
            [
              -73.9726,
              3.3134
            ],
            [
              -73.9808,
              3.3048
            ],
            [
              -73.9801,
              3.2794
            ],
            [
              -73.9757,
              3.2722
            ],
            [
              -73.9871,
              3.2492
            ],
            [
              -73.9802,
              3.2317
            ],
            [
              -73.993,
              3.2155
            ],
            [
              -74.0063,
              3.2127
            ],
            [
              -74.0141,
              3.2286
            ],
            [
              -74.0132,
              3.2421
            ],
            [
              -74.041,
              3.2439
            ],
            [
              -74.0564,
              3.2149
            ],
            [
              -74.0274,
              3.1329
            ],
            [
              -74.0003,
              3.1442
            ],
            [
              -73.9861,
              3.1417
            ],
            [
              -73.972,
              3.1496
            ],
            [
              -73.9681,
              3.1653
            ],
            [
              -73.9393,
              3.1681
            ],
            [
              -73.9274,
              3.1785
            ],
            [
              -73.9084,
              3.1771
            ],
            [
              -73.897,
              3.1974
            ],
            [
              -73.8894,
              3.2048
            ],
            [
              -73.8631,
              3.2133
            ],
            [
              -73.8528,
              3.2086
            ],
            [
              -73.8098,
              3.2473
            ],
            [
              -73.7961,
              3.2376
            ],
            [
              -73.7676,
              3.2011
            ],
            [
              -73.7451,
              3.1999
            ],
            [
              -73.7145,
              3.1798
            ],
            [
              -73.6925,
              3.1708
            ],
            [
              -73.6772,
              3.1776
            ],
            [
              -73.6736,
              3.1714
            ],
            [
              -73.6536,
              3.1763
            ],
            [
              -73.6496,
              3.1701
            ],
            [
              -73.6324,
              3.1696
            ],
            [
              -73.6172,
              3.1625
            ],
            [
              -73.5932,
              3.1618
            ],
            [
              -73.5845,
              3.1493
            ],
            [
              -73.5651,
              3.1425
            ],
            [
              -73.5531,
              3.1533
            ],
            [
              -73.5122,
              3.1372
            ],
            [
              -73.4915,
              3.1236
            ],
            [
              -73.4753,
              3.123
            ],
            [
              -73.4611,
              3.1578
            ],
            [
              -73.4871,
              3.1794
            ],
            [
              -73.5002,
              3.1842
            ],
            [
              -73.5103,
              3.1937
            ],
            [
              -73.5258,
              3.1914
            ],
            [
              -73.5357,
              3.1976
            ],
            [
              -73.5427,
              3.2285
            ],
            [
              -73.5476,
              3.2309
            ],
            [
              -73.5802,
              3.2337
            ],
            [
              -73.589,
              3.2585
            ],
            [
              -73.61,
              3.2674
            ],
            [
              -73.6257,
              3.2802
            ],
            [
              -73.6244,
              3.2884
            ],
            [
              -73.6416,
              3.2954
            ],
            [
              -73.652,
              3.3105
            ],
            [
              -73.6772,
              3.3138
            ],
            [
              -73.726,
              3.3439
            ],
            [
              -73.7463,
              3.3609
            ],
            [
              -73.7577,
              3.363
            ],
            [
              -73.7815,
              3.3864
            ],
            [
              -73.7954,
              3.3967
            ],
            [
              -73.7869,
              3.4076
            ],
            [
              -73.7972,
              3.4174
            ],
            [
              -73.8346,
              3.4202
            ],
            [
              -73.8554,
              3.4272
            ],
            [
              -73.855,
              3.4415
            ],
            [
              -73.8667,
              3.446
            ]
          ]
        ]
      },
      "properties": {
        "OBJECTID": 712,
        "DPTO_CCDGO": "52",
        "MPIO_CCDGO": "683",
        "name": "52058",
        "MPIO_CRSLC": "Ordenanza 03 de Noviembre 17 de 1966",
        "MPIO_NANO_": 1993,
        "MPIO_NAREA": 1170.73459798,
        "MPIO_CSMBL": "4",
        "MPIO_CCNCT": "50683",
        "MPIO_NANO": 2012,
        "SHAPE_Leng": 2.49199666288,
        "SHAPE_Area": 0.0952619444699,
        "NOMBRE": "SAN JUAN DE ARAMA",
        "DANE": {
          "dpto_ccdgo": "50",
          "mpio_ccdgo": "683",
          "mpio_cdpmp": "50683",
          "dpto_cnmbr": "META",
          "mpio_cnmbr": "SAN JUAN DE ARAMA",
          "mpio_crslc": "Ordenanza 03 de Noviembre 17 de 1966",
          "mpio_tipo": "MUNICIPIO",
          "mpio_narea": 1167.01768729,
          "mpio_nano": 2024,
          "shape_Leng": 2.4934062435,
          "shape_Area": 0.0949593540114
        }
      }
    },
    {
      "type": "Feature",
      "geometry": {
        "type": "Polygon",
        "coordinates": [
          [
            [
              -73.5681,
              4.5251
            ],
            [
              -73.5811,
              4.5439
            ],
            [
              -73.5936,
              4.5452
            ],
            [
              -73.6219,
              4.5625
            ],
            [
              -73.642,
              4.5468
            ],
            [
              -73.6612,
              4.547
            ],
            [
              -73.6688,
              4.5399
            ],
            [
              -73.6858,
              4.5298
            ],
            [
              -73.6913,
              4.5174
            ],
            [
              -73.7137,
              4.5151
            ],
            [
              -73.7277,
              4.5027
            ],
            [
              -73.7332,
              4.4883
            ],
            [
              -73.7341,
              4.4707
            ],
            [
              -73.7453,
              4.4553
            ],
            [
              -73.7432,
              4.4261
            ],
            [
              -73.7342,
              4.4036
            ],
            [
              -73.7245,
              4.391
            ],
            [
              -73.7016,
              4.3972
            ],
            [
              -73.6864,
              4.4053
            ],
            [
              -73.6865,
              4.3811
            ],
            [
              -73.6685,
              4.3591
            ],
            [
              -73.6515,
              4.3889
            ],
            [
              -73.6324,
              4.3966
            ],
            [
              -73.631,
              4.4057
            ],
            [
              -73.621,
              4.4126
            ],
            [
              -73.617,
              4.4333
            ],
            [
              -73.6185,
              4.4432
            ],
            [
              -73.6024,
              4.4621
            ],
            [
              -73.5962,
              4.4869
            ],
            [
              -73.5758,
              4.4985
            ],
            [
              -73.5757,
              4.5166
            ],
            [
              -73.5681,
              4.5251
            ]
          ]
        ]
      },
      "properties": {
        "OBJECTID": 713,
        "DPTO_CCDGO": "52",
        "MPIO_CCDGO": "686",
        "name": "52059",
        "MPIO_CRSLC": "Ordenanza 32 de 1981",
        "MPIO_NANO_": 1993,
        "MPIO_NAREA": 215.42416258,
        "MPIO_CSMBL": "4",
        "MPIO_CCNCT": "50686",
        "MPIO_NANO": 2012,
        "SHAPE_Leng": 0.747514737345,
        "SHAPE_Area": 0.0175522016521,
        "NOMBRE": "SAN JUANITO",
        "DANE": {
          "dpto_ccdgo": "50",
          "mpio_ccdgo": "686",
          "mpio_cdpmp": "50686",
          "dpto_cnmbr": "META",
          "mpio_cnmbr": "SAN JUANITO",
          "mpio_crslc": "Ordenanza 32 de 1981",
          "mpio_tipo": "MUNICIPIO",
          "mpio_narea": 244.895419136,
          "mpio_nano": 2024,
          "shape_Leng": 0.683305149759,
          "shape_Area": 0.019953527098
        }
      }
    },
    {
      "type": "Feature",
      "geometry": {
        "type": "Polygon",
        "coordinates": [
          [
            [
              -73.7191,
              3.8054
            ],
            [
              -73.7496,
              3.8113
            ],
            [
              -73.7377,
              3.7955
            ],
            [
              -73.7258,
              3.7702
            ],
            [
              -73.7406,
              3.7611
            ],
            [
              -73.7605,
              3.7661
            ],
            [
              -73.7652,
              3.7478
            ],
            [
              -73.7739,
              3.7441
            ],
            [
              -73.7876,
              3.724
            ],
            [
              -73.768,
              3.682
            ],
            [
              -73.7651,
              3.6586
            ],
            [
              -73.7602,
              3.6538
            ],
            [
              -73.7472,
              3.6187
            ],
            [
              -73.7121,
              3.6461
            ],
            [
              -73.6999,
              3.6413
            ],
            [
              -73.6942,
              3.6234
            ],
            [
              -73.6804,
              3.6029
            ],
            [
              -73.6722,
              3.5856
            ],
            [
              -73.656,
              3.5788
            ],
            [
              -73.6541,
              3.5685
            ],
            [
              -73.6447,
              3.5626
            ],
            [
              -73.643,
              3.551
            ],
            [
              -73.626,
              3.544
            ],
            [
              -73.6168,
              3.5259
            ],
            [
              -73.5943,
              3.5034
            ],
            [
              -73.5866,
              3.4813
            ],
            [
              -73.58,
              3.4765
            ],
            [
              -73.572,
              3.4574
            ],
            [
              -73.5566,
              3.4485
            ],
            [
              -73.5521,
              3.4404
            ],
            [
              -73.5354,
              3.4272
            ],
            [
              -73.5306,
              3.4139
            ],
            [
              -73.5166,
              3.4055
            ],
            [
              -73.4812,
              3.4145
            ],
            [
              -73.4569,
              3.398
            ],
            [
              -73.447,
              3.3864
            ],
            [
              -73.4339,
              3.3793
            ],
            [
              -73.4234,
              3.3456
            ],
            [
              -73.4144,
              3.3758
            ],
            [
              -73.4065,
              3.3854
            ],
            [
              -73.4087,
              3.4113
            ],
            [
              -73.3923,
              3.4338
            ],
            [
              -73.3811,
              3.4417
            ],
            [
              -73.384,
              3.4576
            ],
            [
              -73.3749,
              3.4817
            ],
            [
              -73.3551,
              3.4963
            ],
            [
              -73.3357,
              3.4934
            ],
            [
              -73.3341,
              3.4862
            ],
            [
              -73.3171,
              3.4833
            ],
            [
              -73.3032,
              3.4747
            ],
            [
              -73.2792,
              3.4684
            ],
            [
              -73.2693,
              3.4479
            ],
            [
              -73.2565,
              3.4293
            ],
            [
              -73.2407,
              3.4239
            ],
            [
              -73.226,
              3.4129
            ],
            [
              -73.2212,
              3.3854
            ],
            [
              -73.2094,
              3.379
            ],
            [
              -73.206,
              3.3609
            ],
            [
              -73.1864,
              3.3637
            ],
            [
              -73.1469,
              3.3402
            ],
            [
              -73.1327,
              3.3388
            ],
            [
              -73.1253,
              3.3437
            ],
            [
              -73.1168,
              3.3261
            ],
            [
              -73.1192,
              3.3174
            ],
            [
              -73.0917,
              3.3055
            ],
            [
              -73.089,
              3.2808
            ],
            [
              -73.0723,
              3.2854
            ],
            [
              -73.0619,
              3.2729
            ],
            [
              -73.054,
              3.2731
            ],
            [
              -73.0483,
              3.2601
            ],
            [
              -73.037,
              3.267
            ],
            [
              -73.0217,
              3.268
            ],
            [
              -73.003,
              3.2551
            ],
            [
              -72.9861,
              3.2528
            ],
            [
              -72.971,
              3.2559
            ],
            [
              -72.9508,
              3.253
            ],
            [
              -72.9275,
              3.259
            ],
            [
              -72.9201,
              3.2542
            ],
            [
              -72.8945,
              3.2606
            ],
            [
              -72.8862,
              3.2721
            ],
            [
              -72.8782,
              3.2637
            ],
            [
              -72.863,
              3.2593
            ],
            [
              -72.8533,
              3.2687
            ],
            [
              -72.8301,
              3.2596
            ],
            [
              -72.814,
              3.264
            ],
            [
              -72.7935,
              3.2603
            ],
            [
              -72.7817,
              3.2739
            ],
            [
              -72.766,
              3.2789
            ],
            [
              -72.7595,
              3.2638
            ],
            [
              -72.7326,
              3.2663
            ],
            [
              -72.7183,
              3.2751
            ],
            [
              -72.7023,
              3.28
            ],
            [
              -72.7039,
              3.2982
            ],
            [
              -72.6924,
              3.2989
            ],
            [
              -72.6881,
              3.2894
            ],
            [
              -72.6764,
              3.2905
            ],
            [
              -72.6689,
              3.3049
            ],
            [
              -72.655,
              3.2966
            ],
            [
              -72.6461,
              3.3219
            ],
            [
              -72.6199,
              3.3275
            ],
            [
              -72.6059,
              3.3263
            ],
            [
              -72.6035,
              3.3378
            ],
            [
              -72.5871,
              3.3477
            ],
            [
              -72.586,
              3.3275
            ],
            [
              -72.5686,
              3.3225
            ],
            [
              -72.5617,
              3.3304
            ],
            [
              -72.5519,
              3.3223
            ],
            [
              -72.5261,
              3.3175
            ],
            [
              -72.5291,
              3.3311
            ],
            [
              -72.5028,
              3.3313
            ],
            [
              -72.4963,
              3.347
            ],
            [
              -72.4889,
              3.3486
            ],
            [
              -72.475,
              3.3634
            ],
            [
              -72.4477,
              3.372
            ],
            [
              -72.4466,
              3.3796
            ],
            [
              -72.4324,
              3.3799
            ],
            [
              -72.435,
              3.3975
            ],
            [
              -72.4246,
              3.4147
            ],
            [
              -72.4108,
              3.4138
            ],
            [
              -72.4059,
              3.4353
            ],
            [
              -72.3926,
              3.4545
            ],
            [
              -72.3798,
              3.4541
            ],
            [
              -72.3741,
              3.471
            ],
            [
              -72.3825,
              3.4921
            ],
            [
              -72.3803,
              3.5028
            ],
            [
              -72.3678,
              3.5125
            ],
            [
              -72.346,
              3.5158
            ],
            [
              -72.3566,
              3.5267
            ],
            [
              -72.3598,
              3.542
            ],
            [
              -72.3567,
              3.5555
            ],
            [
              -72.3598,
              3.5689
            ],
            [
              -72.3506,
              3.5702
            ],
            [
              -72.3408,
              3.5814
            ],
            [
              -72.325,
              3.5767
            ],
            [
              -72.3289,
              3.6013
            ],
            [
              -72.3052,
              3.6136
            ],
            [
              -72.308,
              3.6547
            ],
            [
              -72.2993,
              3.6591
            ],
            [
              -72.3009,
              3.6843
            ],
            [
              -72.2848,
              3.6922
            ],
            [
              -72.2801,
              3.7022
            ],
            [
              -72.2971,
              3.7227
            ],
            [
              -72.2835,
              3.7496
            ],
            [
              -72.2949,
              3.7565
            ],
            [
              -72.3109,
              3.749
            ],
            [
              -72.335,
              3.7445
            ],
            [
              -72.3466,
              3.7354
            ],
            [
              -72.3591,
              3.7381
            ],
            [
              -72.3738,
              3.7312
            ],
            [
              -72.3818,
              3.7151
            ],
            [
              -72.3989,
              3.706
            ],
            [
              -72.4027,
              3.6965
            ],
            [
              -72.4376,
              3.7019
            ],
            [
              -72.4463,
              3.7119
            ],
            [
              -72.4778,
              3.7244
            ],
            [
              -72.5051,
              3.7235
            ],
            [
              -72.5316,
              3.7343
            ],
            [
              -72.5521,
              3.733
            ],
            [
              -72.557,
              3.7266
            ],
            [
              -72.5896,
              3.7274
            ],
            [
              -72.6067,
              3.7485
            ],
            [
              -72.6228,
              3.7479
            ],
            [
              -72.6504,
              3.7369
            ],
            [
              -72.6593,
              3.7396
            ],
            [
              -72.6741,
              3.7352
            ],
            [
              -72.6816,
              3.7403
            ],
            [
              -72.6928,
              3.7273
            ],
            [
              -72.7069,
              3.7299
            ],
            [
              -72.7171,
              3.7186
            ],
            [
              -72.7384,
              3.7187
            ],
            [
              -72.7494,
              3.7109
            ],
            [
              -72.7525,
              3.7018
            ],
            [
              -72.7927,
              3.6743
            ],
            [
              -72.819,
              3.6701
            ],
            [
              -72.8277,
              3.663
            ],
            [
              -72.8559,
              3.6646
            ],
            [
              -72.8713,
              3.6705
            ],
            [
              -72.8773,
              3.6615
            ],
            [
              -72.895,
              3.6543
            ],
            [
              -72.972,
              3.6561
            ],
            [
              -72.9955,
              3.6372
            ],
            [
              -73.0102,
              3.6391
            ],
            [
              -73.0265,
              3.6528
            ],
            [
              -73.0335,
              3.6818
            ],
            [
              -73.0487,
              3.6781
            ],
            [
              -73.0746,
              3.6845
            ],
            [
              -73.0878,
              3.6961
            ],
            [
              -73.0875,
              3.7093
            ],
            [
              -73.0972,
              3.7159
            ],
            [
              -73.1072,
              3.7503
            ],
            [
              -73.1316,
              3.7548
            ],
            [
              -73.1395,
              3.7404
            ],
            [
              -73.1623,
              3.7309
            ],
            [
              -73.1596,
              3.7093
            ],
            [
              -73.1984,
              3.6908
            ],
            [
              -73.2353,
              3.7065
            ],
            [
              -73.2695,
              3.7021
            ],
            [
              -73.2877,
              3.7109
            ],
            [
              -73.3225,
              3.7082
            ],
            [
              -73.3393,
              3.7041
            ],
            [
              -73.3574,
              3.7104
            ],
            [
              -73.3902,
              3.7055
            ],
            [
              -73.4133,
              3.7193
            ],
            [
              -73.4179,
              3.7165
            ],
            [
              -73.4436,
              3.7232
            ],
            [
              -73.4538,
              3.7286
            ],
            [
              -73.483,
              3.723
            ],
            [
              -73.4892,
              3.7301
            ],
            [
              -73.5109,
              3.7245
            ],
            [
              -73.5203,
              3.7301
            ],
            [
              -73.5341,
              3.7301
            ],
            [
              -73.5601,
              3.7513
            ],
            [
              -73.5676,
              3.7606
            ],
            [
              -73.5819,
              3.7582
            ],
            [
              -73.6042,
              3.7643
            ],
            [
              -73.616,
              3.7721
            ],
            [
              -73.6552,
              3.7784
            ],
            [
              -73.6646,
              3.7864
            ],
            [
              -73.6831,
              3.7885
            ],
            [
              -73.7143,
              3.7992
            ],
            [
              -73.7191,
              3.8054
            ]
          ]
        ]
      },
      "properties": {
        "OBJECTID": 714,
        "DPTO_CCDGO": "52",
        "MPIO_CCDGO": "689",
        "name": "52060",
        "MPIO_CRSLC": "1958",
        "MPIO_NANO_": 1993,
        "MPIO_NAREA": 6595.15769681,
        "MPIO_CSMBL": "4",
        "MPIO_CCNCT": "50689",
        "MPIO_NANO": 2012,
        "SHAPE_Leng": 7.20635459948,
        "SHAPE_Area": 0.536575359901,
        "NOMBRE": "SAN MARTIN DE LOS LLANOS",
        "DANE": {
          "dpto_ccdgo": "50",
          "mpio_ccdgo": "689",
          "mpio_cdpmp": "50689",
          "dpto_cnmbr": "META",
          "mpio_cnmbr": "SAN MARTÍN",
          "mpio_crslc": "1958",
          "mpio_tipo": "MUNICIPIO",
          "mpio_narea": 5933.65235452,
          "mpio_nano": 2024,
          "shape_Leng": 6.85518885886,
          "shape_Area": 0.482753408712
        }
      }
    },
    {
      "type": "Feature",
      "geometry": {
        "type": "Polygon",
        "coordinates": [
          [
            [
              -73.4753,
              3.123
            ],
            [
              -73.4915,
              3.1236
            ],
            [
              -73.5122,
              3.1372
            ],
            [
              -73.5531,
              3.1533
            ],
            [
              -73.5651,
              3.1425
            ],
            [
              -73.5845,
              3.1493
            ],
            [
              -73.5932,
              3.1618
            ],
            [
              -73.6172,
              3.1625
            ],
            [
              -73.6324,
              3.1696
            ],
            [
              -73.6496,
              3.1701
            ],
            [
              -73.6536,
              3.1763
            ],
            [
              -73.6736,
              3.1714
            ],
            [
              -73.6772,
              3.1776
            ],
            [
              -73.6925,
              3.1708
            ],
            [
              -73.7145,
              3.1798
            ],
            [
              -73.7451,
              3.1999
            ],
            [
              -73.7676,
              3.2011
            ],
            [
              -73.7961,
              3.2376
            ],
            [
              -73.8098,
              3.2473
            ],
            [
              -73.8528,
              3.2086
            ],
            [
              -73.8631,
              3.2133
            ],
            [
              -73.8894,
              3.2048
            ],
            [
              -73.897,
              3.1974
            ],
            [
              -73.9084,
              3.1771
            ],
            [
              -73.9274,
              3.1785
            ],
            [
              -73.9393,
              3.1681
            ],
            [
              -73.9681,
              3.1653
            ],
            [
              -73.972,
              3.1496
            ],
            [
              -73.9861,
              3.1417
            ],
            [
              -74.0003,
              3.1442
            ],
            [
              -74.0274,
              3.1329
            ],
            [
              -73.9955,
              3.0427
            ],
            [
              -73.9979,
              3.0278
            ],
            [
              -74.0076,
              3.0163
            ],
            [
              -74.0012,
              2.9952
            ],
            [
              -74.0066,
              2.9838
            ],
            [
              -73.992,
              2.9708
            ],
            [
              -74.0004,
              2.9533
            ],
            [
              -74.0112,
              2.9494
            ],
            [
              -74.0137,
              2.9384
            ],
            [
              -74.0074,
              2.9268
            ],
            [
              -74.0155,
              2.9196
            ],
            [
              -74.0192,
              2.9032
            ],
            [
              -74.0319,
              2.8974
            ],
            [
              -74.0399,
              2.8722
            ],
            [
              -74.0581,
              2.861
            ],
            [
              -74.0507,
              2.8281
            ],
            [
              -74.0419,
              2.8313
            ],
            [
              -74.0278,
              2.8253
            ],
            [
              -74.0081,
              2.8099
            ],
            [
              -74.0019,
              2.7989
            ],
            [
              -73.9823,
              2.7951
            ],
            [
              -73.9783,
              2.7871
            ],
            [
              -73.9869,
              2.7762
            ],
            [
              -73.9755,
              2.7695
            ],
            [
              -73.9759,
              2.7473
            ],
            [
              -73.9719,
              2.7332
            ],
            [
              -73.9894,
              2.7278
            ],
            [
              -74.004,
              2.7128
            ],
            [
              -73.9765,
              2.7083
            ],
            [
              -73.9688,
              2.6966
            ],
            [
              -73.9601,
              2.6686
            ],
            [
              -73.9507,
              2.654
            ],
            [
              -73.9525,
              2.6441
            ],
            [
              -73.9651,
              2.6432
            ],
            [
              -73.9584,
              2.6192
            ],
            [
              -73.9675,
              2.6078
            ],
            [
              -73.9636,
              2.5904
            ],
            [
              -73.9713,
              2.5816
            ],
            [
              -73.9721,
              2.5701
            ],
            [
              -73.9594,
              2.5547
            ],
            [
              -73.9463,
              2.5497
            ],
            [
              -73.9336,
              2.5388
            ],
            [
              -73.921,
              2.5404
            ],
            [
              -73.6646,
              2.6089
            ],
            [
              -73.6022,
              2.6246
            ],
            [
              -73.5591,
              2.6399
            ],
            [
              -73.5496,
              2.6264
            ],
            [
              -73.5423,
              2.6035
            ],
            [
              -73.5207,
              2.5826
            ],
            [
              -73.5087,
              2.5824
            ],
            [
              -73.5122,
              2.5687
            ],
            [
              -73.5007,
              2.5556
            ],
            [
              -73.4981,
              2.5378
            ],
            [
              -73.5045,
              2.5221
            ],
            [
              -73.502,
              2.499
            ],
            [
              -73.4862,
              2.5021
            ],
            [
              -73.4677,
              2.4983
            ],
            [
              -73.4535,
              2.4813
            ],
            [
              -73.4522,
              2.4575
            ],
            [
              -73.4438,
              2.447
            ],
            [
              -73.4544,
              2.4287
            ],
            [
              -73.4547,
              2.4169
            ],
            [
              -73.4464,
              2.386
            ],
            [
              -73.4385,
              2.3828
            ],
            [
              -73.4308,
              2.3592
            ],
            [
              -73.4393,
              2.3428
            ],
            [
              -73.4405,
              2.3318
            ],
            [
              -73.4241,
              2.3299
            ],
            [
              -73.4227,
              2.3519
            ],
            [
              -73.4116,
              2.3569
            ],
            [
              -73.3908,
              2.3515
            ],
            [
              -73.3881,
              2.3421
            ],
            [
              -73.396,
              2.3284
            ],
            [
              -73.3805,
              2.3244
            ],
            [
              -73.3747,
              2.3297
            ],
            [
              -73.374,
              2.3634
            ],
            [
              -73.3564,
              2.3685
            ],
            [
              -73.346,
              2.3597
            ],
            [
              -73.3455,
              2.3486
            ],
            [
              -73.3598,
              2.3342
            ],
            [
              -73.3559,
              2.3242
            ],
            [
              -73.3378,
              2.3288
            ],
            [
              -73.3298,
              2.3441
            ],
            [
              -73.3348,
              2.3584
            ],
            [
              -73.3196,
              2.3587
            ],
            [
              -73.3089,
              2.3432
            ],
            [
              -73.2991,
              2.3362
            ],
            [
              -73.2706,
              2.358
            ],
            [
              -73.257,
              2.3566
            ],
            [
              -73.2425,
              2.3473
            ],
            [
              -73.2386,
              2.366
            ],
            [
              -73.2531,
              2.3815
            ],
            [
              -73.2397,
              2.3888
            ],
            [
              -73.2247,
              2.3899
            ],
            [
              -73.2,
              2.3826
            ],
            [
              -73.1871,
              2.3878
            ],
            [
              -73.174,
              2.401
            ],
            [
              -73.164,
              2.3961
            ],
            [
              -73.1677,
              2.3701
            ],
            [
              -73.1531,
              2.3673
            ],
            [
              -73.1418,
              2.3773
            ],
            [
              -73.1241,
              2.3788
            ],
            [
              -73.1267,
              2.3881
            ],
            [
              -73.1406,
              2.3951
            ],
            [
              -73.1347,
              2.4076
            ],
            [
              -73.118,
              2.407
            ],
            [
              -73.1137,
              2.3815
            ],
            [
              -73.0965,
              2.3932
            ],
            [
              -73.0846,
              2.4084
            ],
            [
              -73.0738,
              2.4152
            ],
            [
              -73.0696,
              2.4251
            ],
            [
              -73.0814,
              2.4147
            ],
            [
              -73.0916,
              2.4157
            ],
            [
              -73.0963,
              2.4256
            ],
            [
              -73.1102,
              2.4344
            ],
            [
              -73.121,
              2.4258
            ],
            [
              -73.1449,
              2.4396
            ],
            [
              -73.1552,
              2.4382
            ],
            [
              -73.1634,
              2.4461
            ],
            [
              -73.1874,
              2.4577
            ],
            [
              -73.1941,
              2.4781
            ],
            [
              -73.2018,
              2.4832
            ],
            [
              -73.2162,
              2.5025
            ],
            [
              -73.2293,
              2.4879
            ],
            [
              -73.2429,
              2.4916
            ],
            [
              -73.2582,
              2.5011
            ],
            [
              -73.2706,
              2.5019
            ],
            [
              -73.2919,
              2.516
            ],
            [
              -73.3075,
              2.5116
            ],
            [
              -73.3347,
              2.5354
            ],
            [
              -73.3473,
              2.6023
            ],
            [
              -73.3537,
              2.6088
            ],
            [
              -73.3422,
              2.6299
            ],
            [
              -73.3442,
              2.6394
            ],
            [
              -73.3394,
              2.6658
            ],
            [
              -73.3513,
              2.6769
            ],
            [
              -73.3529,
              2.6892
            ],
            [
              -73.3467,
              2.7144
            ],
            [
              -73.3489,
              2.7288
            ],
            [
              -73.3583,
              2.7396
            ],
            [
              -73.3765,
              2.7491
            ],
            [
              -73.4063,
              2.7559
            ],
            [
              -73.4046,
              2.768
            ],
            [
              -73.4319,
              2.7859
            ],
            [
              -73.4462,
              2.7913
            ],
            [
              -73.46,
              2.8026
            ],
            [
              -73.4653,
              2.815
            ],
            [
              -73.477,
              2.8148
            ],
            [
              -73.4786,
              2.8269
            ],
            [
              -73.4881,
              2.8428
            ],
            [
              -73.5003,
              2.8556
            ],
            [
              -73.5191,
              2.8583
            ],
            [
              -73.5095,
              2.8885
            ],
            [
              -73.4834,
              2.9166
            ],
            [
              -73.4807,
              2.9285
            ],
            [
              -73.4342,
              2.9328
            ],
            [
              -73.4216,
              2.9274
            ],
            [
              -73.4401,
              2.9434
            ],
            [
              -73.4345,
              2.9607
            ],
            [
              -73.4382,
              2.9654
            ],
            [
              -73.4273,
              2.9896
            ],
            [
              -73.4253,
              3.0095
            ],
            [
              -73.4373,
              3.0342
            ],
            [
              -73.4502,
              3.0384
            ],
            [
              -73.4706,
              3.0601
            ],
            [
              -73.5006,
              3.0768
            ],
            [
              -73.5173,
              3.0922
            ],
            [
              -73.4753,
              3.123
            ]
          ]
        ]
      },
      "properties": {
        "OBJECTID": 715,
        "DPTO_CCDGO": "52",
        "MPIO_CCDGO": "711",
        "name": "52080",
        "MPIO_CRSLC": "Ordenanza 19  de Noviembre 29 de 1969",
        "MPIO_NANO_": 1993,
        "MPIO_NAREA": 5074.40878796,
        "MPIO_CSMBL": "4",
        "MPIO_CCNCT": "50711",
        "MPIO_NANO": 2012,
        "SHAPE_Leng": 5.77928725978,
        "SHAPE_Area": 0.412714521342,
        "NOMBRE": "VISTA HERMOSA",
        "DANE": {
          "dpto_ccdgo": "50",
          "mpio_ccdgo": "711",
          "mpio_cdpmp": "50711",
          "dpto_cnmbr": "META",
          "mpio_cnmbr": "VISTAHERMOSA",
          "mpio_crslc": "Ordenanza 19  de Noviembre 29 de 1969",
          "mpio_tipo": "MUNICIPIO",
          "mpio_narea": 4821.30006687,
          "mpio_nano": 2024,
          "shape_Leng": 5.78980253663,
          "shape_Area": 0.392123437245
        }
      }
    }
  ],
  "name": "52"
}