{
  "type": "FeatureCollection",
  "crs": {
    "type": "name",
    "properties": {
      "name": "urn:ogc:def:crs:OGC:1.3:CRS84"
    }
  },
  "features": [
    {
      "type": "Feature",
      "geometry": {
        "type": "Polygon",
        "coordinates": [
          [
            [
              -71.0775,
              2.8822
            ],
            [
              -71.0878,
              2.8831
            ],
            [
              -71.1094,
              2.8726
            ],
            [
              -71.1192,
              2.8789
            ],
            [
              -71.1353,
              2.9028
            ],
            [
              -71.1406,
              2.8796
            ],
            [
              -71.1538,
              2.8723
            ],
            [
              -71.1644,
              2.8817
            ],
            [
              -71.1728,
              2.8983
            ],
            [
              -71.1835,
              2.9048
            ],
            [
              -71.1881,
              2.8932
            ],
            [
              -71.2052,
              2.8916
            ],
            [
              -71.2132,
              2.8859
            ],
            [
              -71.2181,
              2.8686
            ],
            [
              -71.2406,
              2.8617
            ],
            [
              -71.2495,
              2.8657
            ],
            [
              -71.2497,
              2.8772
            ],
            [
              -71.2622,
              2.8856
            ],
            [
              -71.278,
              2.8678
            ],
            [
              -71.2945,
              2.8713
            ],
            [
              -71.3002,
              2.8775
            ],
            [
              -71.3005,
              2.9079
            ],
            [
              -71.3078,
              2.9222
            ],
            [
              -71.3242,
              2.9246
            ],
            [
              -71.3328,
              2.9102
            ],
            [
              -71.3285,
              2.893
            ],
            [
              -71.3464,
              2.8592
            ],
            [
              -71.3588,
              2.864
            ],
            [
              -71.3582,
              2.8864
            ],
            [
              -71.3661,
              2.8925
            ],
            [
              -71.3823,
              2.8878
            ],
            [
              -71.3792,
              2.8725
            ],
            [
              -71.3893,
              2.8448
            ],
            [
              -71.4015,
              2.8498
            ],
            [
              -71.42,
              2.8681
            ],
            [
              -71.4356,
              2.8737
            ],
            [
              -71.4602,
              2.8951
            ],
            [
              -71.4675,
              2.8821
            ],
            [
              -71.4652,
              2.8569
            ],
            [
              -71.48,
              2.8532
            ],
            [
              -71.4916,
              2.8703
            ],
            [
              -71.528,
              2.8793
            ],
            [
              -71.5459,
              2.8591
            ],
            [
              -71.5741,
              2.872
            ],
            [
              -71.5845,
              2.866
            ],
            [
              -71.5716,
              2.8509
            ],
            [
              -71.5856,
              2.843
            ],
            [
              -71.6079,
              2.8468
            ],
            [
              -71.6238,
              2.8408
            ],
            [
              -71.6334,
              2.8254
            ],
            [
              -71.6522,
              2.8202
            ],
            [
              -71.6726,
              2.8239
            ],
            [
              -71.6735,
              2.8316
            ],
            [
              -71.658,
              2.861
            ],
            [
              -71.662,
              2.8727
            ],
            [
              -71.6815,
              2.8717
            ],
            [
              -71.6826,
              2.8525
            ],
            [
              -71.6938,
              2.8382
            ],
            [
              -71.7001,
              2.8392
            ],
            [
              -71.7291,
              2.8606
            ],
            [
              -71.7417,
              2.8843
            ],
            [
              -71.7557,
              2.8968
            ],
            [
              -71.7676,
              2.8927
            ],
            [
              -71.7596,
              2.8724
            ],
            [
              -71.7584,
              2.8512
            ],
            [
              -71.769,
              2.8312
            ],
            [
              -71.78,
              2.8178
            ],
            [
              -71.7892,
              2.8219
            ],
            [
              -71.7843,
              2.85
            ],
            [
              -71.79,
              2.8713
            ],
            [
              -71.8043,
              2.8775
            ],
            [
              -71.824,
              2.8788
            ],
            [
              -71.8486,
              2.8737
            ],
            [
              -71.8465,
              2.8686
            ],
            [
              -71.8239,
              2.871
            ],
            [
              -71.8187,
              2.8578
            ],
            [
              -71.8289,
              2.8371
            ],
            [
              -71.8582,
              2.8425
            ],
            [
              -71.8887,
              2.8328
            ],
            [
              -71.9118,
              2.8278
            ],
            [
              -71.9403,
              2.8333
            ],
            [
              -71.9565,
              2.8309
            ],
            [
              -71.9673,
              2.8219
            ],
            [
              -71.9814,
              2.8014
            ],
            [
              -71.9938,
              2.8249
            ],
            [
              -72.0075,
              2.8299
            ],
            [
              -72.0262,
              2.8281
            ],
            [
              -72.05,
              2.8169
            ],
            [
              -72.0802,
              2.8249
            ],
            [
              -72.0961,
              2.8361
            ],
            [
              -72.1124,
              2.8754
            ],
            [
              -72.1269,
              2.8886
            ],
            [
              -72.1388,
              2.8834
            ],
            [
              -72.142,
              2.8666
            ],
            [
              -72.1585,
              2.8666
            ],
            [
              -72.1741,
              2.8733
            ],
            [
              -72.1895,
              2.8743
            ],
            [
              -72.2044,
              2.8589
            ],
            [
              -72.2078,
              2.8363
            ],
            [
              -72.2044,
              2.8127
            ],
            [
              -72.1874,
              2.7988
            ],
            [
              -72.184,
              2.7903
            ],
            [
              -72.1894,
              2.7749
            ],
            [
              -72.1984,
              2.7703
            ],
            [
              -72.2123,
              2.774
            ],
            [
              -72.2261,
              2.7844
            ],
            [
              -72.2517,
              2.823
            ],
            [
              -72.2647,
              2.8228
            ],
            [
              -72.2716,
              2.8078
            ],
            [
              -72.2651,
              2.7965
            ],
            [
              -72.2729,
              2.7796
            ],
            [
              -72.2945,
              2.7738
            ],
            [
              -72.306,
              2.7947
            ],
            [
              -72.3164,
              2.7997
            ],
            [
              -72.3355,
              2.7967
            ],
            [
              -72.3584,
              2.7811
            ],
            [
              -72.3725,
              2.7574
            ],
            [
              -72.3897,
              2.7365
            ],
            [
              -72.4067,
              2.726
            ],
            [
              -72.4359,
              2.74
            ],
            [
              -72.4432,
              2.7349
            ],
            [
              -72.4696,
              2.7343
            ],
            [
              -72.4641,
              2.717
            ],
            [
              -72.4652,
              2.6967
            ],
            [
              -72.4722,
              2.6893
            ],
            [
              -72.4856,
              2.6861
            ],
            [
              -72.5099,
              2.691
            ],
            [
              -72.5306,
              2.7031
            ],
            [
              -72.5387,
              2.6985
            ],
            [
              -72.5357,
              2.6854
            ],
            [
              -72.5484,
              2.6789
            ],
            [
              -72.5651,
              2.682
            ],
            [
              -72.5711,
              2.6663
            ],
            [
              -72.5592,
              2.6628
            ],
            [
              -72.5616,
              2.6469
            ],
            [
              -72.5841,
              2.6429
            ],
            [
              -72.5874,
              2.631
            ],
            [
              -72.5818,
              2.6131
            ],
            [
              -72.5832,
              2.5854
            ],
            [
              -72.5975,
              2.5845
            ],
            [
              -72.5994,
              2.6144
            ],
            [
              -72.6063,
              2.6228
            ],
            [
              -72.6247,
              2.6269
            ],
            [
              -72.6466,
              2.5963
            ],
            [
              -72.643,
              2.5835
            ],
            [
              -72.653,
              2.5715
            ],
            [
              -72.6637,
              2.5758
            ],
            [
              -72.6629,
              2.5918
            ],
            [
              -72.6671,
              2.6107
            ],
            [
              -72.6794,
              2.6222
            ],
            [
              -72.697,
              2.6212
            ],
            [
              -72.706,
              2.613
            ],
            [
              -72.7197,
              2.5847
            ],
            [
              -72.7362,
              2.571
            ],
            [
              -72.7616,
              2.5731
            ],
            [
              -72.7872,
              2.5877
            ],
            [
              -72.7958,
              2.6081
            ],
            [
              -72.8165,
              2.6146
            ],
            [
              -72.8486,
              2.5968
            ],
            [
              -72.8678,
              2.5785
            ],
            [
              -72.8794,
              2.5775
            ],
            [
              -72.8981,
              2.5632
            ],
            [
              -72.9109,
              2.5671
            ],
            [
              -72.9218,
              2.5605
            ],
            [
              -72.921,
              2.5344
            ],
            [
              -72.9288,
              2.5263
            ],
            [
              -72.9417,
              2.5249
            ],
            [
              -72.9573,
              2.5122
            ],
            [
              -72.9587,
              2.503
            ],
            [
              -72.9507,
              2.4953
            ],
            [
              -72.9363,
              2.5027
            ],
            [
              -72.9276,
              2.4796
            ],
            [
              -72.9382,
              2.4647
            ],
            [
              -72.9531,
              2.4793
            ],
            [
              -72.9612,
              2.4807
            ],
            [
              -72.9706,
              2.4715
            ],
            [
              -72.9756,
              2.4531
            ],
            [
              -73.0118,
              2.4335
            ],
            [
              -73.0287,
              2.4148
            ],
            [
              -73.0352,
              2.4137
            ],
            [
              -73.0379,
              2.4329
            ],
            [
              -73.0431,
              2.438
            ],
            [
              -73.0558,
              2.4264
            ],
            [
              -73.0696,
              2.4251
            ],
            [
              -73.0738,
              2.4152
            ],
            [
              -73.0846,
              2.4084
            ],
            [
              -73.0965,
              2.3932
            ],
            [
              -73.1137,
              2.3815
            ],
            [
              -73.118,
              2.407
            ],
            [
              -73.1347,
              2.4076
            ],
            [
              -73.1406,
              2.3951
            ],
            [
              -73.1267,
              2.3881
            ],
            [
              -73.1241,
              2.3788
            ],
            [
              -73.1418,
              2.3773
            ],
            [
              -73.1531,
              2.3673
            ],
            [
              -73.1677,
              2.3701
            ],
            [
              -73.164,
              2.3961
            ],
            [
              -73.174,
              2.401
            ],
            [
              -73.1871,
              2.3878
            ],
            [
              -73.2,
              2.3826
            ],
            [
              -73.2247,
              2.3899
            ],
            [
              -73.2397,
              2.3888
            ],
            [
              -73.2531,
              2.3815
            ],
            [
              -73.2386,
              2.366
            ],
            [
              -73.2425,
              2.3473
            ],
            [
              -73.257,
              2.3566
            ],
            [
              -73.2706,
              2.358
            ],
            [
              -73.2991,
              2.3362
            ],
            [
              -73.3089,
              2.3432
            ],
            [
              -73.3196,
              2.3587
            ],
            [
              -73.3348,
              2.3584
            ],
            [
              -73.3298,
              2.3441
            ],
            [
              -73.3378,
              2.3288
            ],
            [
              -73.3559,
              2.3242
            ],
            [
              -73.3598,
              2.3342
            ],
            [
              -73.3455,
              2.3486
            ],
            [
              -73.346,
              2.3597
            ],
            [
              -73.3564,
              2.3685
            ],
            [
              -73.374,
              2.3634
            ],
            [
              -73.3747,
              2.3297
            ],
            [
              -73.3805,
              2.3244
            ],
            [
              -73.396,
              2.3284
            ],
            [
              -73.3881,
              2.3421
            ],
            [
              -73.3908,
              2.3515
            ],
            [
              -73.4116,
              2.3569
            ],
            [
              -73.4227,
              2.3519
            ],
            [
              -73.4241,
              2.3299
            ],
            [
              -73.4405,
              2.3318
            ],
            [
              -73.4393,
              2.3428
            ],
            [
              -73.4308,
              2.3592
            ],
            [
              -73.4385,
              2.3828
            ],
            [
              -73.4464,
              2.386
            ],
            [
              -73.4557,
              2.3824
            ],
            [
              -73.4458,
              2.348
            ],
            [
              -73.4589,
              2.3382
            ],
            [
              -73.4631,
              2.3531
            ],
            [
              -73.474,
              2.3618
            ],
            [
              -73.4854,
              2.3569
            ],
            [
              -73.5067,
              2.3557
            ],
            [
              -73.5064,
              2.3352
            ],
            [
              -73.5187,
              2.3371
            ],
            [
              -73.5142,
              2.3523
            ],
            [
              -73.5227,
              2.3678
            ],
            [
              -73.524,
              2.3834
            ],
            [
              -73.5312,
              2.3879
            ],
            [
              -73.5417,
              2.3761
            ],
            [
              -73.5583,
              2.3686
            ],
            [
              -73.5738,
              2.3549
            ],
            [
              -73.588,
              2.3662
            ],
            [
              -73.5827,
              2.3758
            ],
            [
              -73.589,
              2.3901
            ],
            [
              -73.5991,
              2.3806
            ],
            [
              -73.6185,
              2.3767
            ],
            [
              -73.6315,
              2.3638
            ],
            [
              -73.6277,
              2.3497
            ],
            [
              -73.6157,
              2.345
            ],
            [
              -73.6187,
              2.333
            ],
            [
              -73.6304,
              2.3309
            ],
            [
              -73.6356,
              2.3214
            ],
            [
              -73.6289,
              2.2996
            ],
            [
              -73.6334,
              2.2883
            ],
            [
              -73.6462,
              2.2844
            ],
            [
              -73.6569,
              2.2945
            ],
            [
              -73.6568,
              2.0636
            ],
            [
              -73.6364,
              2.0705
            ],
            [
              -73.617,
              2.069
            ],
            [
              -73.6019,
              2.0621
            ],
            [
              -73.5867,
              2.0655
            ],
            [
              -73.5659,
              2.0649
            ],
            [
              -73.5591,
              2.0447
            ],
            [
              -73.5229,
              2.0404
            ],
            [
              -73.5232,
              2.0256
            ],
            [
              -73.5102,
              2.0141
            ],
            [
              -73.5007,
              2.0148
            ],
            [
              -73.5043,
              2.0314
            ],
            [
              -73.4873,
              2.0448
            ],
            [
              -73.4764,
              2.0431
            ],
            [
              -73.4482,
              2.0578
            ],
            [
              -73.4392,
              2.0704
            ],
            [
              -73.4288,
              2.0639
            ],
            [
              -73.4136,
              2.0683
            ],
            [
              -73.3827,
              2.0636
            ],
            [
              -73.3479,
              2.0632
            ],
            [
              -73.3211,
              2.0597
            ],
            [
              -73.3082,
              2.0544
            ],
            [
              -73.3114,
              2.0354
            ],
            [
              -73.2865,
              2.0233
            ],
            [
              -73.2805,
              2.0298
            ],
            [
              -73.2539,
              2.0353
            ],
            [
              -73.2439,
              2.0455
            ],
            [
              -73.2324,
              2.0494
            ],
            [
              -73.2141,
              2.0442
            ],
            [
              -73.1846,
              2.0483
            ],
            [
              -73.1745,
              2.072
            ],
            [
              -73.1632,
              2.0771
            ],
            [
              -73.1497,
              2.0693
            ],
            [
              -73.1558,
              2.0538
            ],
            [
              -73.1493,
              2.0417
            ],
            [
              -73.1301,
              2.0427
            ],
            [
              -73.1108,
              2.0224
            ],
            [
              -73.0753,
              2.0386
            ],
            [
              -73.0431,
              2.0603
            ],
            [
              -73.0275,
              2.084
            ],
            [
              -73.015,
              2.096
            ],
            [
              -73.0237,
              2.1121
            ],
            [
              -72.9899,
              2.1564
            ],
            [
              -72.9932,
              2.1798
            ],
            [
              -72.9858,
              2.1904
            ],
            [
              -72.9718,
              2.1964
            ],
            [
              -72.9629,
              2.2201
            ],
            [
              -72.943,
              2.2555
            ],
            [
              -72.9309,
              2.2537
            ],
            [
              -72.9162,
              2.2603
            ],
            [
              -72.8989,
              2.2599
            ],
            [
              -72.8894,
              2.278
            ],
            [
              -72.8787,
              2.2864
            ],
            [
              -72.8394,
              2.2783
            ],
            [
              -72.8224,
              2.2647
            ],
            [
              -72.8125,
              2.2699
            ],
            [
              -72.7978,
              2.2952
            ],
            [
              -72.7974,
              2.3151
            ],
            [
              -72.7843,
              2.3278
            ],
            [
              -72.7824,
              2.3603
            ],
            [
              -72.7754,
              2.3721
            ],
            [
              -72.7728,
              2.3886
            ],
            [
              -72.7621,
              2.4033
            ],
            [
              -72.7571,
              2.4244
            ],
            [
              -72.7497,
              2.4309
            ],
            [
              -72.7349,
              2.4303
            ],
            [
              -72.7263,
              2.4247
            ],
            [
              -72.6788,
              2.4257
            ],
            [
              -72.666,
              2.4225
            ],
            [
              -72.6312,
              2.425
            ],
            [
              -72.612,
              2.4177
            ],
            [
              -72.5723,
              2.4102
            ],
            [
              -72.5606,
              2.4153
            ],
            [
              -72.5456,
              2.4058
            ],
            [
              -72.5295,
              2.4088
            ],
            [
              -72.5177,
              2.396
            ],
            [
              -72.4985,
              2.3906
            ],
            [
              -72.4872,
              2.3927
            ],
            [
              -72.4727,
              2.3728
            ],
            [
              -72.2329,
              2.3687
            ],
            [
              -72.2044,
              2.3631
            ],
            [
              -72.2046,
              2.3509
            ],
            [
              -72.1913,
              2.3552
            ],
            [
              -72.1769,
              2.3511
            ],
            [
              -72.1622,
              2.3387
            ],
            [
              -72.1331,
              2.3387
            ],
            [
              -72.1079,
              2.3445
            ],
            [
              -72.0763,
              2.334
            ],
            [
              -72.0691,
              2.3132
            ],
            [
              -72.0541,
              2.2962
            ],
            [
              -72.022,
              2.3012
            ],
            [
              -72.017,
              2.2822
            ],
            [
              -71.9935,
              2.2804
            ],
            [
              -71.9796,
              2.271
            ],
            [
              -71.9723,
              2.2519
            ],
            [
              -71.9627,
              2.2452
            ],
            [
              -71.94,
              2.2154
            ],
            [
              -71.93,
              2.2144
            ],
            [
              -71.9036,
              2.2027
            ],
            [
              -71.8981,
              2.2077
            ],
            [
              -71.8751,
              2.2141
            ],
            [
              -71.8634,
              2.2419
            ],
            [
              -71.8343,
              2.2296
            ],
            [
              -71.8125,
              2.2663
            ],
            [
              -71.7952,
              2.2769
            ],
            [
              -71.7908,
              2.2845
            ],
            [
              -71.7998,
              2.3024
            ],
            [
              -71.7866,
              2.3101
            ],
            [
              -71.779,
              2.2733
            ],
            [
              -71.7591,
              2.2694
            ],
            [
              -71.7407,
              2.2598
            ],
            [
              -71.7239,
              2.2368
            ],
            [
              -71.6967,
              2.2432
            ],
            [
              -71.6721,
              2.2425
            ],
            [
              -71.6584,
              2.2389
            ],
            [
              -71.6571,
              2.2059
            ],
            [
              -71.6459,
              2.2028
            ],
            [
              -71.6415,
              2.1865
            ],
            [
              -71.6277,
              2.1797
            ],
            [
              -71.6112,
              2.1966
            ],
            [
              -71.6104,
              2.1794
            ],
            [
              -71.6144,
              2.1526
            ],
            [
              -71.6009,
              2.1419
            ],
            [
              -71.5934,
              2.1447
            ],
            [
              -71.5527,
              2.1182
            ],
            [
              -71.5464,
              2.1202
            ],
            [
              -71.5432,
              2.138
            ],
            [
              -71.5593,
              2.144
            ],
            [
              -71.5669,
              2.1521
            ],
            [
              -71.562,
              2.1603
            ],
            [
              -71.5511,
              2.1599
            ],
            [
              -71.5435,
              2.1462
            ],
            [
              -71.5308,
              2.1544
            ],
            [
              -71.5338,
              2.1671
            ],
            [
              -71.5308,
              2.1843
            ],
            [
              -71.5423,
              2.1919
            ],
            [
              -71.5407,
              2.2075
            ],
            [
              -71.5475,
              2.2189
            ],
            [
              -71.5356,
              2.2313
            ],
            [
              -71.5247,
              2.2258
            ],
            [
              -71.4531,
              2.2167
            ],
            [
              -71.4426,
              2.2262
            ],
            [
              -71.4268,
              2.2317
            ],
            [
              -71.4197,
              2.2236
            ],
            [
              -71.4059,
              2.2331
            ],
            [
              -71.4119,
              2.2418
            ],
            [
              -71.3927,
              2.258
            ],
            [
              -71.3961,
              2.2721
            ],
            [
              -71.373,
              2.2772
            ],
            [
              -71.3602,
              2.2911
            ],
            [
              -71.3354,
              2.2754
            ],
            [
              -71.3334,
              2.295
            ],
            [
              -71.3122,
              2.3192
            ],
            [
              -71.2892,
              2.3175
            ],
            [
              -71.2772,
              2.335
            ],
            [
              -71.2527,
              2.3435
            ],
            [
              -71.2447,
              2.3433
            ],
            [
              -71.2331,
              2.3301
            ],
            [
              -71.2377,
              2.3073
            ],
            [
              -71.2627,
              2.2793
            ],
            [
              -71.233,
              2.2421
            ],
            [
              -71.2535,
              2.2254
            ],
            [
              -71.2421,
              2.2095
            ],
            [
              -71.2226,
              2.197
            ],
            [
              -71.209,
              2.2079
            ],
            [
              -71.2,
              2.2043
            ],
            [
              -71.1738,
              2.1861
            ],
            [
              -71.1593,
              2.1896
            ],
            [
              -71.1657,
              2.2137
            ],
            [
              -71.1671,
              2.2317
            ],
            [
              -71.1581,
              2.2305
            ],
            [
              -71.1376,
              2.2097
            ],
            [
              -71.1167,
              2.2097
            ],
            [
              -71.1121,
              2.2215
            ],
            [
              -71.096,
              2.2179
            ],
            [
              -71.0939,
              2.2059
            ],
            [
              -71.0814,
              2.1951
            ],
            [
              -71.0784,
              2.182
            ],
            [
              -71.0833,
              2.167
            ],
            [
              -71.0775,
              2.1621
            ],
            [
              -71.0644,
              2.1683
            ],
            [
              -71.0653,
              2.1871
            ],
            [
              -71.0482,
              2.1944
            ],
            [
              -71.0207,
              2.1703
            ],
            [
              -71.0113,
              2.1824
            ],
            [
              -71.0322,
              2.1979
            ],
            [
              -71.0427,
              2.2161
            ],
            [
              -71.0181,
              2.2304
            ],
            [
              -71.0143,
              2.2165
            ],
            [
              -70.9848,
              2.2094
            ],
            [
              -70.9662,
              2.215
            ],
            [
              -70.9466,
              2.2152
            ],
            [
              -70.9393,
              2.2076
            ],
            [
              -70.9351,
              2.1904
            ],
            [
              -70.9267,
              2.1854
            ],
            [
              -70.9136,
              2.1925
            ],
            [
              -70.8945,
              2.1881
            ],
            [
              -70.8854,
              2.167
            ],
            [
              -70.8864,
              2.1559
            ],
            [
              -70.8715,
              2.1554
            ],
            [
              -70.8725,
              2.1693
            ],
            [
              -70.8595,
              2.1762
            ],
            [
              -70.8462,
              2.1758
            ],
            [
              -70.8512,
              2.1997
            ],
            [
              -70.832,
              2.2093
            ],
            [
              -70.8273,
              2.1841
            ],
            [
              -70.8055,
              2.1878
            ],
            [
              -70.8101,
              2.1981
            ],
            [
              -70.7869,
              2.1999
            ],
            [
              -70.7818,
              2.1899
            ],
            [
              -70.7725,
              2.1935
            ],
            [
              -70.7639,
              2.205
            ],
            [
              -70.7344,
              2.2009
            ],
            [
              -70.6988,
              2.2354
            ],
            [
              -70.6977,
              2.2466
            ],
            [
              -70.6729,
              2.2577
            ],
            [
              -70.6524,
              2.2496
            ],
            [
              -70.6345,
              2.229
            ],
            [
              -70.6276,
              2.2349
            ],
            [
              -70.5957,
              2.2484
            ],
            [
              -70.6013,
              2.2608
            ],
            [
              -70.5986,
              2.2716
            ],
            [
              -70.5834,
              2.2763
            ],
            [
              -70.5717,
              2.2516
            ],
            [
              -70.5571,
              2.2518
            ],
            [
              -70.5494,
              2.2436
            ],
            [
              -70.5416,
              2.2587
            ],
            [
              -70.5437,
              2.2798
            ],
            [
              -70.5619,
              2.293
            ],
            [
              -70.5813,
              2.2886
            ],
            [
              -70.6039,
              2.2964
            ],
            [
              -70.6147,
              2.306
            ],
            [
              -70.63,
              2.3129
            ],
            [
              -70.6353,
              2.3482
            ],
            [
              -70.642,
              2.3527
            ],
            [
              -70.6549,
              2.3805
            ],
            [
              -70.6658,
              2.3943
            ],
            [
              -70.6677,
              2.4043
            ],
            [
              -70.6798,
              2.4202
            ],
            [
              -70.6767,
              2.4339
            ],
            [
              -70.6903,
              2.4441
            ],
            [
              -70.7069,
              2.4717
            ],
            [
              -70.7266,
              2.4793
            ],
            [
              -70.7435,
              2.4998
            ],
            [
              -70.743,
              2.5141
            ],
            [
              -70.7504,
              2.534
            ],
            [
              -70.7658,
              2.5396
            ],
            [
              -70.7793,
              2.5348
            ],
            [
              -70.7925,
              2.5201
            ],
            [
              -70.8097,
              2.5291
            ],
            [
              -70.8293,
              2.5327
            ],
            [
              -70.8299,
              2.5411
            ],
            [
              -70.8481,
              2.5681
            ],
            [
              -70.8706,
              2.5659
            ],
            [
              -70.8881,
              2.5575
            ],
            [
              -70.902,
              2.5666
            ],
            [
              -70.9168,
              2.56
            ],
            [
              -70.93,
              2.5732
            ],
            [
              -70.9425,
              2.6067
            ],
            [
              -70.8169,
              2.6582
            ],
            [
              -70.6203,
              2.739
            ],
            [
              -70.5012,
              2.788
            ],
            [
              -70.5092,
              2.7884
            ],
            [
              -70.5275,
              2.8036
            ],
            [
              -70.5537,
              2.8171
            ],
            [
              -70.5699,
              2.8327
            ],
            [
              -70.5833,
              2.84
            ],
            [
              -70.5972,
              2.8363
            ],
            [
              -70.6055,
              2.8011
            ],
            [
              -70.6183,
              2.7917
            ],
            [
              -70.6318,
              2.808
            ],
            [
              -70.634,
              2.846
            ],
            [
              -70.6446,
              2.8546
            ],
            [
              -70.6601,
              2.8574
            ],
            [
              -70.6603,
              2.8401
            ],
            [
              -70.6426,
              2.8254
            ],
            [
              -70.6392,
              2.8178
            ],
            [
              -70.6421,
              2.7993
            ],
            [
              -70.6578,
              2.7809
            ],
            [
              -70.6802,
              2.779
            ],
            [
              -70.6915,
              2.7539
            ],
            [
              -70.703,
              2.7398
            ],
            [
              -70.7108,
              2.7374
            ],
            [
              -70.7205,
              2.7498
            ],
            [
              -70.7168,
              2.7809
            ],
            [
              -70.7199,
              2.7912
            ],
            [
              -70.7306,
              2.7934
            ],
            [
              -70.7463,
              2.7759
            ],
            [
              -70.7621,
              2.7672
            ],
            [
              -70.7787,
              2.768
            ],
            [
              -70.7998,
              2.7602
            ],
            [
              -70.8113,
              2.76
            ],
            [
              -70.8153,
              2.7679
            ],
            [
              -70.799,
              2.7757
            ],
            [
              -70.7943,
              2.7832
            ],
            [
              -70.7968,
              2.7964
            ],
            [
              -70.8097,
              2.8123
            ],
            [
              -70.8224,
              2.813
            ],
            [
              -70.8463,
              2.7999
            ],
            [
              -70.8574,
              2.7821
            ],
            [
              -70.8668,
              2.7758
            ],
            [
              -70.8754,
              2.7839
            ],
            [
              -70.8621,
              2.8128
            ],
            [
              -70.8554,
              2.8185
            ],
            [
              -70.8606,
              2.8372
            ],
            [
              -70.8753,
              2.8471
            ],
            [
              -70.8833,
              2.8402
            ],
            [
              -70.8824,
              2.8296
            ],
            [
              -70.871,
              2.8094
            ],
            [
              -70.8716,
              2.7957
            ],
            [
              -70.8882,
              2.7937
            ],
            [
              -70.9003,
              2.8117
            ],
            [
              -70.9097,
              2.8474
            ],
            [
              -70.9364,
              2.8581
            ],
            [
              -70.9417,
              2.8396
            ],
            [
              -70.9255,
              2.8214
            ],
            [
              -70.9281,
              2.8025
            ],
            [
              -70.9364,
              2.788
            ],
            [
              -70.9524,
              2.7886
            ],
            [
              -70.9604,
              2.8048
            ],
            [
              -70.9479,
              2.818
            ],
            [
              -70.9475,
              2.8322
            ],
            [
              -70.9546,
              2.8421
            ],
            [
              -70.9728,
              2.8328
            ],
            [
              -70.9902,
              2.8299
            ],
            [
              -71.0055,
              2.8527
            ],
            [
              -71.0169,
              2.8569
            ],
            [
              -71.0262,
              2.8465
            ],
            [
              -71.0581,
              2.8528
            ],
            [
              -71.0654,
              2.8619
            ],
            [
              -71.0656,
              2.8735
            ],
            [
              -71.0775,
              2.8822
            ]
          ]
        ]
      },
      "properties": {
        "OBJECTID": 1108,
        "DPTO_CCDGO": "54",
        "MPIO_CCDGO": "001",
        "name": "54001",
        "MPIO_CRSLC": "Decreto Nal 1165 del 7 de Junio de 1976",
        "MPIO_NANO_": 1993,
        "MPIO_NAREA": 16359.5359754,
        "MPIO_CSMBL": "4",
        "MPIO_CCNCT": "95001",
        "MPIO_NANO": 2012,
        "SHAPE_Leng": 13.1733724494,
        "SHAPE_Area": 1.32977718683,
        "NOMBRE": "SAN JOSE DEL GUAVIARE",
        "DANE": {
          "dpto_ccdgo": "95",
          "mpio_ccdgo": "001",
          "mpio_cdpmp": "95001",
          "dpto_cnmbr": "GUAVIARE",
          "mpio_cnmbr": "SAN JOSÉ DEL GUAVIARE",
          "mpio_crslc": "Decreto Nal 1165 del 7 de Junio de 1976",
          "mpio_tipo": "MUNICIPIO",
          "mpio_narea": 16757.0844302,
          "mpio_nano": 2024,
          "shape_Leng": 14.0859968279,
          "shape_Area": 1.36039271729
        }
      }
    },
    {
      "type": "Feature",
      "geometry": {
        "type": "Polygon",
        "coordinates": [
          [
            [
              -72.4359,
              1.8548
            ],
            [
              -72.4403,
              1.8637
            ],
            [
              -72.4394,
              1.89
            ],
            [
              -72.4281,
              1.9022
            ],
            [
              -72.4321,
              1.9182
            ],
            [
              -72.4467,
              1.9219
            ],
            [
              -72.4563,
              1.9406
            ],
            [
              -72.4568,
              1.9556
            ],
            [
              -72.483,
              1.9798
            ],
            [
              -72.5178,
              2.0189
            ],
            [
              -72.5256,
              2.0153
            ],
            [
              -72.5483,
              2.024
            ],
            [
              -72.5546,
              2.0342
            ],
            [
              -72.5527,
              2.0447
            ],
            [
              -72.5661,
              2.0586
            ],
            [
              -72.5824,
              2.0615
            ],
            [
              -72.6035,
              2.0831
            ],
            [
              -72.6062,
              2.114
            ],
            [
              -72.6136,
              2.1235
            ],
            [
              -72.6304,
              2.1139
            ],
            [
              -72.6455,
              2.1122
            ],
            [
              -72.6634,
              2.1191
            ],
            [
              -72.6747,
              2.1274
            ],
            [
              -72.6799,
              2.1119
            ],
            [
              -72.6924,
              2.1117
            ],
            [
              -72.7149,
              2.0845
            ],
            [
              -72.7185,
              2.0639
            ],
            [
              -72.7106,
              2.0559
            ],
            [
              -72.7101,
              2.0228
            ],
            [
              -72.7216,
              2.0182
            ],
            [
              -72.7276,
              2.0284
            ],
            [
              -72.7247,
              2.0446
            ],
            [
              -72.7397,
              2.0556
            ],
            [
              -72.7533,
              2.0715
            ],
            [
              -72.7547,
              2.0811
            ],
            [
              -72.766,
              2.0912
            ],
            [
              -72.7641,
              2.105
            ],
            [
              -72.7885,
              2.1365
            ],
            [
              -72.7843,
              2.1456
            ],
            [
              -72.8023,
              2.1605
            ],
            [
              -72.8043,
              2.1783
            ],
            [
              -72.821,
              2.1734
            ],
            [
              -72.8348,
              2.1841
            ],
            [
              -72.8517,
              2.1914
            ],
            [
              -72.8631,
              2.1913
            ],
            [
              -72.8819,
              2.1809
            ],
            [
              -72.8961,
              2.168
            ],
            [
              -72.9021,
              2.175
            ],
            [
              -72.9195,
              2.1772
            ],
            [
              -72.9341,
              2.1735
            ],
            [
              -72.9484,
              2.1757
            ],
            [
              -72.9798,
              2.1702
            ],
            [
              -72.9899,
              2.1564
            ],
            [
              -73.0237,
              2.1121
            ],
            [
              -73.015,
              2.096
            ],
            [
              -73.0275,
              2.084
            ],
            [
              -73.0431,
              2.0603
            ],
            [
              -73.0753,
              2.0386
            ],
            [
              -73.1108,
              2.0224
            ],
            [
              -73.1301,
              2.0427
            ],
            [
              -73.1493,
              2.0417
            ],
            [
              -73.1558,
              2.0538
            ],
            [
              -73.1497,
              2.0693
            ],
            [
              -73.1632,
              2.0771
            ],
            [
              -73.1745,
              2.072
            ],
            [
              -73.1846,
              2.0483
            ],
            [
              -73.2141,
              2.0442
            ],
            [
              -73.2324,
              2.0494
            ],
            [
              -73.2439,
              2.0455
            ],
            [
              -73.2539,
              2.0353
            ],
            [
              -73.2805,
              2.0298
            ],
            [
              -73.2865,
              2.0233
            ],
            [
              -73.3114,
              2.0354
            ],
            [
              -73.3082,
              2.0544
            ],
            [
              -73.3211,
              2.0597
            ],
            [
              -73.3479,
              2.0632
            ],
            [
              -73.3827,
              2.0636
            ],
            [
              -73.4136,
              2.0683
            ],
            [
              -73.4288,
              2.0639
            ],
            [
              -73.4392,
              2.0704
            ],
            [
              -73.4482,
              2.0578
            ],
            [
              -73.4764,
              2.0431
            ],
            [
              -73.4873,
              2.0448
            ],
            [
              -73.5043,
              2.0314
            ],
            [
              -73.5007,
              2.0148
            ],
            [
              -73.5102,
              2.0141
            ],
            [
              -73.5232,
              2.0256
            ],
            [
              -73.5229,
              2.0404
            ],
            [
              -73.5591,
              2.0447
            ],
            [
              -73.5659,
              2.0649
            ],
            [
              -73.5867,
              2.0655
            ],
            [
              -73.6019,
              2.0621
            ],
            [
              -73.617,
              2.069
            ],
            [
              -73.6364,
              2.0705
            ],
            [
              -73.6568,
              2.0636
            ],
            [
              -73.6567,
              1.825
            ],
            [
              -73.6567,
              1.6177
            ],
            [
              -73.6637,
              1.5965
            ],
            [
              -73.6583,
              1.5764
            ],
            [
              -73.6492,
              1.5681
            ],
            [
              -73.638,
              1.5456
            ],
            [
              -73.6267,
              1.5391
            ],
            [
              -73.6136,
              1.5237
            ],
            [
              -73.6112,
              1.5109
            ],
            [
              -73.5934,
              1.4899
            ],
            [
              -73.5824,
              1.4838
            ],
            [
              -73.5787,
              1.4698
            ],
            [
              -73.5556,
              1.449
            ],
            [
              -73.5466,
              1.4365
            ],
            [
              -73.5481,
              1.4072
            ],
            [
              -73.5351,
              1.3899
            ],
            [
              -73.5102,
              1.3869
            ],
            [
              -73.5033,
              1.3702
            ],
            [
              -73.4766,
              1.3617
            ],
            [
              -73.4701,
              1.341
            ],
            [
              -73.4573,
              1.3231
            ],
            [
              -73.4597,
              1.3118
            ],
            [
              -73.447,
              1.2908
            ],
            [
              -73.4282,
              1.2958
            ],
            [
              -73.424,
              1.2812
            ],
            [
              -73.4253,
              1.2648
            ],
            [
              -73.414,
              1.2456
            ],
            [
              -73.4162,
              1.2273
            ],
            [
              -73.4225,
              1.2183
            ],
            [
              -73.4149,
              1.2118
            ],
            [
              -73.4182,
              1.1982
            ],
            [
              -73.4118,
              1.1749
            ],
            [
              -73.3963,
              1.1702
            ],
            [
              -73.3927,
              1.1471
            ],
            [
              -73.3746,
              1.1415
            ],
            [
              -73.3732,
              1.1312
            ],
            [
              -73.3579,
              1.1285
            ],
            [
              -73.334,
              1.1103
            ],
            [
              -73.3346,
              1.0941
            ],
            [
              -73.3226,
              1.0807
            ],
            [
              -73.3013,
              1.0753
            ],
            [
              -73.3021,
              1.0702
            ],
            [
              -73.2808,
              1.0598
            ],
            [
              -73.2773,
              1.0466
            ],
            [
              -73.2647,
              1.0482
            ],
            [
              -73.2393,
              1.0326
            ],
            [
              -73.248,
              1.0224
            ],
            [
              -73.2351,
              1.0089
            ],
            [
              -73.2127,
              0.9998
            ],
            [
              -73.1827,
              1.0025
            ],
            [
              -73.1716,
              0.9918
            ],
            [
              -73.1824,
              0.9712
            ],
            [
              -73.1788,
              0.9569
            ],
            [
              -73.1682,
              0.9552
            ],
            [
              -73.1644,
              0.9453
            ],
            [
              -73.1485,
              0.9409
            ],
            [
              -73.1394,
              0.9178
            ],
            [
              -73.13,
              0.9146
            ],
            [
              -73.1224,
              0.922
            ],
            [
              -73.1029,
              0.9123
            ],
            [
              -73.0873,
              0.9105
            ],
            [
              -73.0815,
              0.8973
            ],
            [
              -73.0737,
              0.8956
            ],
            [
              -73.0522,
              0.9117
            ],
            [
              -73.0456,
              0.9062
            ],
            [
              -73.0249,
              0.9214
            ],
            [
              -73.0131,
              0.9115
            ],
            [
              -73.006,
              0.9196
            ],
            [
              -73.0069,
              0.9319
            ],
            [
              -72.9871,
              0.9324
            ],
            [
              -72.9914,
              0.9492
            ],
            [
              -72.9602,
              0.9611
            ],
            [
              -72.9527,
              0.9789
            ],
            [
              -72.9403,
              0.98
            ],
            [
              -72.9289,
              1.0019
            ],
            [
              -72.9279,
              1.0161
            ],
            [
              -72.9094,
              1.0087
            ],
            [
              -72.8848,
              1.0241
            ],
            [
              -72.8671,
              1.0256
            ],
            [
              -72.8745,
              1.0364
            ],
            [
              -72.8574,
              1.0455
            ],
            [
              -72.8608,
              1.0719
            ],
            [
              -72.8721,
              1.0768
            ],
            [
              -72.87,
              1.0877
            ],
            [
              -72.8753,
              1.1008
            ],
            [
              -72.8638,
              1.1082
            ],
            [
              -72.8721,
              1.1354
            ],
            [
              -72.8705,
              1.1456
            ],
            [
              -72.8494,
              1.1453
            ],
            [
              -72.8509,
              1.1582
            ],
            [
              -72.8359,
              1.1558
            ],
            [
              -72.8162,
              1.1681
            ],
            [
              -72.8226,
              1.1787
            ],
            [
              -72.8052,
              1.1827
            ],
            [
              -72.7976,
              1.1761
            ],
            [
              -72.7692,
              1.1771
            ],
            [
              -72.7775,
              1.1646
            ],
            [
              -72.778,
              1.1479
            ],
            [
              -72.7645,
              1.1326
            ],
            [
              -72.7508,
              1.1288
            ],
            [
              -72.7419,
              1.1336
            ],
            [
              -72.7425,
              1.1467
            ],
            [
              -72.734,
              1.1533
            ],
            [
              -72.7267,
              1.1681
            ],
            [
              -72.7262,
              1.1858
            ],
            [
              -72.6338,
              1.3722
            ],
            [
              -72.5779,
              1.4852
            ],
            [
              -72.571,
              1.4728
            ],
            [
              -72.5542,
              1.4638
            ],
            [
              -72.547,
              1.4684
            ],
            [
              -72.5317,
              1.4611
            ],
            [
              -72.5242,
              1.4445
            ],
            [
              -72.5039,
              1.4398
            ],
            [
              -72.4934,
              1.444
            ],
            [
              -72.4807,
              1.4407
            ],
            [
              -72.4732,
              1.4318
            ],
            [
              -72.4562,
              1.4322
            ],
            [
              -72.4351,
              1.4404
            ],
            [
              -72.3984,
              1.4414
            ],
            [
              -72.3797,
              1.4719
            ],
            [
              -72.378,
              1.4882
            ],
            [
              -72.3677,
              1.508
            ],
            [
              -72.3499,
              1.5126
            ],
            [
              -72.3408,
              1.5077
            ],
            [
              -72.3343,
              1.5218
            ],
            [
              -72.3169,
              1.5334
            ],
            [
              -72.3004,
              1.5272
            ],
            [
              -72.3034,
              1.5583
            ],
            [
              -72.3132,
              1.5751
            ],
            [
              -72.3061,
              1.5853
            ],
            [
              -72.3246,
              1.6
            ],
            [
              -72.3434,
              1.5893
            ],
            [
              -72.3678,
              1.5929
            ],
            [
              -72.3695,
              1.6071
            ],
            [
              -72.379,
              1.6175
            ],
            [
              -72.3999,
              1.6143
            ],
            [
              -72.4061,
              1.6224
            ],
            [
              -72.4005,
              1.6321
            ],
            [
              -72.405,
              1.6631
            ],
            [
              -72.391,
              1.6853
            ],
            [
              -72.3958,
              1.6897
            ],
            [
              -72.3963,
              1.7153
            ],
            [
              -72.404,
              1.7243
            ],
            [
              -72.3971,
              1.7335
            ],
            [
              -72.407,
              1.7406
            ],
            [
              -72.3988,
              1.7625
            ],
            [
              -72.3748,
              1.7717
            ],
            [
              -72.3637,
              1.7876
            ],
            [
              -72.3834,
              1.8123
            ],
            [
              -72.401,
              1.8246
            ],
            [
              -72.4181,
              1.8263
            ],
            [
              -72.4209,
              1.8378
            ],
            [
              -72.431,
              1.8425
            ],
            [
              -72.4359,
              1.8548
            ]
          ]
        ]
      },
      "properties": {
        "OBJECTID": 1109,
        "DPTO_CCDGO": "54",
        "MPIO_CCDGO": "015",
        "name": "54003",
        "MPIO_CRSLC": "Ordenanza 001 del 7 de Agosto de 1992",
        "MPIO_NANO_": 1993,
        "MPIO_NAREA": 14100.1395545,
        "MPIO_CSMBL": "4",
        "MPIO_CCNCT": "95015",
        "MPIO_NANO": 2012,
        "SHAPE_Leng": 6.91078786129,
        "SHAPE_Area": 1.1455610528,
        "NOMBRE": "CALAMAR",
        "DANE": {
          "dpto_ccdgo": "95",
          "mpio_ccdgo": "015",
          "mpio_cdpmp": "95015",
          "dpto_cnmbr": "GUAVIARE",
          "mpio_cnmbr": "CALAMAR",
          "mpio_crslc": "Ordenanza 001 del 7 de Agosto de 1992",
          "mpio_tipo": "MUNICIPIO",
          "mpio_narea": 13536.4802535,
          "mpio_nano": 2024,
          "shape_Leng": 7.42855678532,
          "shape_Area": 1.09975160533
        }
      }
    },
    {
      "type": "Feature",
      "geometry": {
        "type": "Polygon",
        "coordinates": [
          [
            [
              -72.9899,
              2.1564
            ],
            [
              -72.9798,
              2.1702
            ],
            [
              -72.9484,
              2.1757
            ],
            [
              -72.9341,
              2.1735
            ],
            [
              -72.9195,
              2.1772
            ],
            [
              -72.9021,
              2.175
            ],
            [
              -72.8961,
              2.168
            ],
            [
              -72.8819,
              2.1809
            ],
            [
              -72.8631,
              2.1913
            ],
            [
              -72.8517,
              2.1914
            ],
            [
              -72.8348,
              2.1841
            ],
            [
              -72.821,
              2.1734
            ],
            [
              -72.8043,
              2.1783
            ],
            [
              -72.8023,
              2.1605
            ],
            [
              -72.7843,
              2.1456
            ],
            [
              -72.7885,
              2.1365
            ],
            [
              -72.7641,
              2.105
            ],
            [
              -72.766,
              2.0912
            ],
            [
              -72.7547,
              2.0811
            ],
            [
              -72.7533,
              2.0715
            ],
            [
              -72.7397,
              2.0556
            ],
            [
              -72.7247,
              2.0446
            ],
            [
              -72.7276,
              2.0284
            ],
            [
              -72.7216,
              2.0182
            ],
            [
              -72.7101,
              2.0228
            ],
            [
              -72.7106,
              2.0559
            ],
            [
              -72.7185,
              2.0639
            ],
            [
              -72.7149,
              2.0845
            ],
            [
              -72.6924,
              2.1117
            ],
            [
              -72.6799,
              2.1119
            ],
            [
              -72.6747,
              2.1274
            ],
            [
              -72.6634,
              2.1191
            ],
            [
              -72.6455,
              2.1122
            ],
            [
              -72.6304,
              2.1139
            ],
            [
              -72.6136,
              2.1235
            ],
            [
              -72.6062,
              2.114
            ],
            [
              -72.6035,
              2.0831
            ],
            [
              -72.5824,
              2.0615
            ],
            [
              -72.5661,
              2.0586
            ],
            [
              -72.5527,
              2.0447
            ],
            [
              -72.5546,
              2.0342
            ],
            [
              -72.5483,
              2.024
            ],
            [
              -72.5256,
              2.0153
            ],
            [
              -72.5178,
              2.0189
            ],
            [
              -72.483,
              1.9798
            ],
            [
              -72.4568,
              1.9556
            ],
            [
              -72.4563,
              1.9406
            ],
            [
              -72.4467,
              1.9219
            ],
            [
              -72.4321,
              1.9182
            ],
            [
              -72.4281,
              1.9022
            ],
            [
              -72.4394,
              1.89
            ],
            [
              -72.4403,
              1.8637
            ],
            [
              -72.4359,
              1.8548
            ],
            [
              -72.1559,
              1.9468
            ],
            [
              -72.0784,
              1.971
            ],
            [
              -72.0717,
              1.9759
            ],
            [
              -72.0561,
              1.9708
            ],
            [
              -72.0295,
              1.9951
            ],
            [
              -72.008,
              1.9966
            ],
            [
              -71.9703,
              1.9866
            ],
            [
              -71.9641,
              1.9902
            ],
            [
              -71.9543,
              1.9652
            ],
            [
              -71.9488,
              1.9704
            ],
            [
              -71.9352,
              1.9601
            ],
            [
              -71.9115,
              1.9578
            ],
            [
              -71.9083,
              1.944
            ],
            [
              -71.8995,
              1.94
            ],
            [
              -71.8887,
              1.9237
            ],
            [
              -71.8803,
              1.8991
            ],
            [
              -71.8692,
              1.8861
            ],
            [
              -71.848,
              1.8758
            ],
            [
              -71.8411,
              1.8794
            ],
            [
              -71.8237,
              1.8688
            ],
            [
              -71.8048,
              1.8733
            ],
            [
              -71.786,
              1.8728
            ],
            [
              -71.767,
              1.8658
            ],
            [
              -71.7638,
              1.8599
            ],
            [
              -71.7437,
              1.8517
            ],
            [
              -71.7357,
              1.8421
            ],
            [
              -71.7151,
              1.8587
            ],
            [
              -71.7063,
              1.8514
            ],
            [
              -71.703,
              1.8289
            ],
            [
              -71.6895,
              1.8213
            ],
            [
              -71.6772,
              1.8197
            ],
            [
              -71.6596,
              1.8091
            ],
            [
              -71.6283,
              1.8089
            ],
            [
              -71.5818,
              1.8003
            ],
            [
              -71.5256,
              1.7855
            ],
            [
              -71.476,
              1.7686
            ],
            [
              -71.3922,
              1.7355
            ],
            [
              -71.3736,
              1.7358
            ],
            [
              -71.3513,
              1.7267
            ],
            [
              -71.3449,
              1.716
            ],
            [
              -71.3304,
              1.7051
            ],
            [
              -71.3151,
              1.7144
            ],
            [
              -71.3059,
              1.701
            ],
            [
              -71.2977,
              1.6986
            ],
            [
              -71.2841,
              1.684
            ],
            [
              -71.2536,
              1.6707
            ],
            [
              -71.2461,
              1.6722
            ],
            [
              -71.2385,
              1.6849
            ],
            [
              -71.2148,
              1.7027
            ],
            [
              -71.1982,
              1.7228
            ],
            [
              -71.1986,
              1.7271
            ],
            [
              -71.1654,
              1.7554
            ],
            [
              -71.1438,
              1.7604
            ],
            [
              -71.1279,
              1.7714
            ],
            [
              -71.1258,
              1.7831
            ],
            [
              -71.0972,
              1.7835
            ],
            [
              -71.082,
              1.7979
            ],
            [
              -71.068,
              1.8054
            ],
            [
              -71.0527,
              1.8026
            ],
            [
              -71.0369,
              1.8114
            ],
            [
              -71.0136,
              1.8144
            ],
            [
              -71.0053,
              1.8245
            ],
            [
              -70.9867,
              1.825
            ],
            [
              -70.9793,
              1.8407
            ],
            [
              -70.9646,
              1.8406
            ],
            [
              -70.929,
              1.8726
            ],
            [
              -70.9176,
              1.8853
            ],
            [
              -70.9028,
              1.8881
            ],
            [
              -70.89,
              1.9223
            ],
            [
              -70.8698,
              1.9203
            ],
            [
              -70.8666,
              1.9089
            ],
            [
              -70.8476,
              1.9204
            ],
            [
              -70.8321,
              1.9105
            ],
            [
              -70.8196,
              1.9089
            ],
            [
              -70.7965,
              1.917
            ],
            [
              -70.781,
              1.9121
            ],
            [
              -70.7701,
              1.9276
            ],
            [
              -70.7604,
              1.9101
            ],
            [
              -70.748,
              1.9127
            ],
            [
              -70.7434,
              1.9221
            ],
            [
              -70.7218,
              1.9193
            ],
            [
              -70.6901,
              1.8979
            ],
            [
              -70.656,
              1.9121
            ],
            [
              -70.647,
              1.9045
            ],
            [
              -70.6352,
              1.904
            ],
            [
              -70.6345,
              1.9187
            ],
            [
              -70.6228,
              1.9284
            ],
            [
              -70.6021,
              1.9269
            ],
            [
              -70.5908,
              1.9387
            ],
            [
              -70.566,
              1.9327
            ],
            [
              -70.55,
              1.9379
            ],
            [
              -70.5363,
              1.9539
            ],
            [
              -70.5138,
              1.9568
            ],
            [
              -70.5001,
              1.9498
            ],
            [
              -70.4865,
              1.949
            ],
            [
              -70.4859,
              1.9623
            ],
            [
              -70.4685,
              1.9684
            ],
            [
              -70.466,
              1.9823
            ],
            [
              -70.4412,
              1.9873
            ],
            [
              -70.4413,
              1.9945
            ],
            [
              -70.4146,
              1.9867
            ],
            [
              -70.3987,
              1.9989
            ],
            [
              -70.3901,
              1.9861
            ],
            [
              -70.3785,
              2.0046
            ],
            [
              -70.3681,
              2.0036
            ],
            [
              -70.3637,
              1.985
            ],
            [
              -70.3508,
              1.9833
            ],
            [
              -70.3358,
              1.9957
            ],
            [
              -70.3247,
              1.9976
            ],
            [
              -70.3182,
              2.0107
            ],
            [
              -70.2991,
              2.0159
            ],
            [
              -70.2607,
              2.0141
            ],
            [
              -70.2296,
              2.0343
            ],
            [
              -70.2156,
              2.0207
            ],
            [
              -70.193,
              2.0256
            ],
            [
              -70.1804,
              2.0252
            ],
            [
              -70.1709,
              2.0464
            ],
            [
              -70.1628,
              2.0459
            ],
            [
              -70.1598,
              2.0611
            ],
            [
              -70.1481,
              2.0702
            ],
            [
              -70.1306,
              2.0687
            ],
            [
              -70.1096,
              2.0801
            ],
            [
              -70.1097,
              2.0988
            ],
            [
              -70.117,
              2.1126
            ],
            [
              -70.0739,
              2.1389
            ],
            [
              -70.0584,
              2.1457
            ],
            [
              -70.0522,
              2.1563
            ],
            [
              -70.0376,
              2.1632
            ],
            [
              -70.0287,
              2.1746
            ],
            [
              -70.0138,
              2.1853
            ],
            [
              -70.0018,
              2.2079
            ],
            [
              -69.9969,
              2.225
            ],
            [
              -70.0241,
              2.2353
            ],
            [
              -70.0268,
              2.2649
            ],
            [
              -70.0378,
              2.2667
            ],
            [
              -70.0541,
              2.2814
            ],
            [
              -70.0447,
              2.2896
            ],
            [
              -70.0627,
              2.2954
            ],
            [
              -70.0711,
              2.2919
            ],
            [
              -70.0732,
              2.2765
            ],
            [
              -70.087,
              2.263
            ],
            [
              -70.108,
              2.2685
            ],
            [
              -70.1209,
              2.2631
            ],
            [
              -70.1414,
              2.2769
            ],
            [
              -70.1505,
              2.2657
            ],
            [
              -70.1375,
              2.2616
            ],
            [
              -70.1564,
              2.2408
            ],
            [
              -70.1721,
              2.2374
            ],
            [
              -70.1827,
              2.2401
            ],
            [
              -70.189,
              2.2314
            ],
            [
              -70.1995,
              2.2307
            ],
            [
              -70.2028,
              2.2406
            ],
            [
              -70.2147,
              2.234
            ],
            [
              -70.2233,
              2.246
            ],
            [
              -70.2354,
              2.24
            ],
            [
              -70.2473,
              2.2433
            ],
            [
              -70.2473,
              2.2654
            ],
            [
              -70.2588,
              2.2567
            ],
            [
              -70.2704,
              2.2401
            ],
            [
              -70.2768,
              2.2376
            ],
            [
              -70.3,
              2.2535
            ],
            [
              -70.2936,
              2.2253
            ],
            [
              -70.31,
              2.2088
            ],
            [
              -70.325,
              2.2233
            ],
            [
              -70.3413,
              2.2332
            ],
            [
              -70.3472,
              2.2474
            ],
            [
              -70.3615,
              2.2344
            ],
            [
              -70.3828,
              2.2451
            ],
            [
              -70.4041,
              2.2654
            ],
            [
              -70.4156,
              2.2546
            ],
            [
              -70.4208,
              2.2686
            ],
            [
              -70.4348,
              2.2605
            ],
            [
              -70.4582,
              2.2573
            ],
            [
              -70.4559,
              2.2461
            ],
            [
              -70.466,
              2.234
            ],
            [
              -70.4747,
              2.2434
            ],
            [
              -70.484,
              2.2347
            ],
            [
              -70.4968,
              2.2337
            ],
            [
              -70.5137,
              2.2444
            ],
            [
              -70.5123,
              2.2708
            ],
            [
              -70.5307,
              2.2684
            ],
            [
              -70.5437,
              2.2798
            ],
            [
              -70.5416,
              2.2587
            ],
            [
              -70.5494,
              2.2436
            ],
            [
              -70.5571,
              2.2518
            ],
            [
              -70.5717,
              2.2516
            ],
            [
              -70.5834,
              2.2763
            ],
            [
              -70.5986,
              2.2716
            ],
            [
              -70.6013,
              2.2608
            ],
            [
              -70.5957,
              2.2484
            ],
            [
              -70.6276,
              2.2349
            ],
            [
              -70.6345,
              2.229
            ],
            [
              -70.6524,
              2.2496
            ],
            [
              -70.6729,
              2.2577
            ],
            [
              -70.6977,
              2.2466
            ],
            [
              -70.6988,
              2.2354
            ],
            [
              -70.7344,
              2.2009
            ],
            [
              -70.7639,
              2.205
            ],
            [
              -70.7725,
              2.1935
            ],
            [
              -70.7818,
              2.1899
            ],
            [
              -70.7869,
              2.1999
            ],
            [
              -70.8101,
              2.1981
            ],
            [
              -70.8055,
              2.1878
            ],
            [
              -70.8273,
              2.1841
            ],
            [
              -70.832,
              2.2093
            ],
            [
              -70.8512,
              2.1997
            ],
            [
              -70.8462,
              2.1758
            ],
            [
              -70.8595,
              2.1762
            ],
            [
              -70.8725,
              2.1693
            ],
            [
              -70.8715,
              2.1554
            ],
            [
              -70.8864,
              2.1559
            ],
            [
              -70.8854,
              2.167
            ],
            [
              -70.8945,
              2.1881
            ],
            [
              -70.9136,
              2.1925
            ],
            [
              -70.9267,
              2.1854
            ],
            [
              -70.9351,
              2.1904
            ],
            [
              -70.9393,
              2.2076
            ],
            [
              -70.9466,
              2.2152
            ],
            [
              -70.9662,
              2.215
            ],
            [
              -70.9848,
              2.2094
            ],
            [
              -71.0143,
              2.2165
            ],
            [
              -71.0181,
              2.2304
            ],
            [
              -71.0427,
              2.2161
            ],
            [
              -71.0322,
              2.1979
            ],
            [
              -71.0113,
              2.1824
            ],
            [
              -71.0207,
              2.1703
            ],
            [
              -71.0482,
              2.1944
            ],
            [
              -71.0653,
              2.1871
            ],
            [
              -71.0644,
              2.1683
            ],
            [
              -71.0775,
              2.1621
            ],
            [
              -71.0833,
              2.167
            ],
            [
              -71.0784,
              2.182
            ],
            [
              -71.0814,
              2.1951
            ],
            [
              -71.0939,
              2.2059
            ],
            [
              -71.096,
              2.2179
            ],
            [
              -71.1121,
              2.2215
            ],
            [
              -71.1167,
              2.2097
            ],
            [
              -71.1376,
              2.2097
            ],
            [
              -71.1581,
              2.2305
            ],
            [
              -71.1671,
              2.2317
            ],
            [
              -71.1657,
              2.2137
            ],
            [
              -71.1593,
              2.1896
            ],
            [
              -71.1738,
              2.1861
            ],
            [
              -71.2,
              2.2043
            ],
            [
              -71.209,
              2.2079
            ],
            [
              -71.2226,
              2.197
            ],
            [
              -71.2421,
              2.2095
            ],
            [
              -71.2535,
              2.2254
            ],
            [
              -71.233,
              2.2421
            ],
            [
              -71.2627,
              2.2793
            ],
            [
              -71.2377,
              2.3073
            ],
            [
              -71.2331,
              2.3301
            ],
            [
              -71.2447,
              2.3433
            ],
            [
              -71.2527,
              2.3435
            ],
            [
              -71.2772,
              2.335
            ],
            [
              -71.2892,
              2.3175
            ],
            [
              -71.3122,
              2.3192
            ],
            [
              -71.3334,
              2.295
            ],
            [
              -71.3354,
              2.2754
            ],
            [
              -71.3602,
              2.2911
            ],
            [
              -71.373,
              2.2772
            ],
            [
              -71.3961,
              2.2721
            ],
            [
              -71.3927,
              2.258
            ],
            [
              -71.4119,
              2.2418
            ],
            [
              -71.4059,
              2.2331
            ],
            [
              -71.4197,
              2.2236
            ],
            [
              -71.4268,
              2.2317
            ],
            [
              -71.4426,
              2.2262
            ],
            [
              -71.4531,
              2.2167
            ],
            [
              -71.5247,
              2.2258
            ],
            [
              -71.5356,
              2.2313
            ],
            [
              -71.5475,
              2.2189
            ],
            [
              -71.5407,
              2.2075
            ],
            [
              -71.5423,
              2.1919
            ],
            [
              -71.5308,
              2.1843
            ],
            [
              -71.5338,
              2.1671
            ],
            [
              -71.5308,
              2.1544
            ],
            [
              -71.5435,
              2.1462
            ],
            [
              -71.5511,
              2.1599
            ],
            [
              -71.562,
              2.1603
            ],
            [
              -71.5669,
              2.1521
            ],
            [
              -71.5593,
              2.144
            ],
            [
              -71.5432,
              2.138
            ],
            [
              -71.5464,
              2.1202
            ],
            [
              -71.5527,
              2.1182
            ],
            [
              -71.5934,
              2.1447
            ],
            [
              -71.6009,
              2.1419
            ],
            [
              -71.6144,
              2.1526
            ],
            [
              -71.6104,
              2.1794
            ],
            [
              -71.6112,
              2.1966
            ],
            [
              -71.6277,
              2.1797
            ],
            [
              -71.6415,
              2.1865
            ],
            [
              -71.6459,
              2.2028
            ],
            [
              -71.6571,
              2.2059
            ],
            [
              -71.6584,
              2.2389
            ],
            [
              -71.6721,
              2.2425
            ],
            [
              -71.6967,
              2.2432
            ],
            [
              -71.7239,
              2.2368
            ],
            [
              -71.7407,
              2.2598
            ],
            [
              -71.7591,
              2.2694
            ],
            [
              -71.779,
              2.2733
            ],
            [
              -71.7866,
              2.3101
            ],
            [
              -71.7998,
              2.3024
            ],
            [
              -71.7908,
              2.2845
            ],
            [
              -71.7952,
              2.2769
            ],
            [
              -71.8125,
              2.2663
            ],
            [
              -71.8343,
              2.2296
            ],
            [
              -71.8634,
              2.2419
            ],
            [
              -71.8751,
              2.2141
            ],
            [
              -71.8981,
              2.2077
            ],
            [
              -71.9036,
              2.2027
            ],
            [
              -71.93,
              2.2144
            ],
            [
              -71.94,
              2.2154
            ],
            [
              -71.9627,
              2.2452
            ],
            [
              -71.9723,
              2.2519
            ],
            [
              -71.9796,
              2.271
            ],
            [
              -71.9935,
              2.2804
            ],
            [
              -72.017,
              2.2822
            ],
            [
              -72.022,
              2.3012
            ],
            [
              -72.0541,
              2.2962
            ],
            [
              -72.0691,
              2.3132
            ],
            [
              -72.0763,
              2.334
            ],
            [
              -72.1079,
              2.3445
            ],
            [
              -72.1331,
              2.3387
            ],
            [
              -72.1622,
              2.3387
            ],
            [
              -72.1769,
              2.3511
            ],
            [
              -72.1913,
              2.3552
            ],
            [
              -72.2046,
              2.3509
            ],
            [
              -72.2044,
              2.3631
            ],
            [
              -72.2329,
              2.3687
            ],
            [
              -72.4727,
              2.3728
            ],
            [
              -72.4872,
              2.3927
            ],
            [
              -72.4985,
              2.3906
            ],
            [
              -72.5177,
              2.396
            ],
            [
              -72.5295,
              2.4088
            ],
            [
              -72.5456,
              2.4058
            ],
            [
              -72.5606,
              2.4153
            ],
            [
              -72.5723,
              2.4102
            ],
            [
              -72.612,
              2.4177
            ],
            [
              -72.6312,
              2.425
            ],
            [
              -72.666,
              2.4225
            ],
            [
              -72.6788,
              2.4257
            ],
            [
              -72.7263,
              2.4247
            ],
            [
              -72.7349,
              2.4303
            ],
            [
              -72.7497,
              2.4309
            ],
            [
              -72.7571,
              2.4244
            ],
            [
              -72.7621,
              2.4033
            ],
            [
              -72.7728,
              2.3886
            ],
            [
              -72.7754,
              2.3721
            ],
            [
              -72.7824,
              2.3603
            ],
            [
              -72.7843,
              2.3278
            ],
            [
              -72.7974,
              2.3151
            ],
            [
              -72.7978,
              2.2952
            ],
            [
              -72.8125,
              2.2699
            ],
            [
              -72.8224,
              2.2647
            ],
            [
              -72.8394,
              2.2783
            ],
            [
              -72.8787,
              2.2864
            ],
            [
              -72.8894,
              2.278
            ],
            [
              -72.8989,
              2.2599
            ],
            [
              -72.9162,
              2.2603
            ],
            [
              -72.9309,
              2.2537
            ],
            [
              -72.943,
              2.2555
            ],
            [
              -72.9629,
              2.2201
            ],
            [
              -72.9718,
              2.1964
            ],
            [
              -72.9858,
              2.1904
            ],
            [
              -72.9932,
              2.1798
            ],
            [
              -72.9899,
              2.1564
            ]
          ]
        ]
      },
      "properties": {
        "OBJECTID": 1110,
        "DPTO_CCDGO": "54",
        "MPIO_CCDGO": "025",
        "name": "54007",
        "MPIO_CRSLC": "Ordenanza 001 del 7 de Agosto de 1992",
        "MPIO_NANO_": 1993,
        "MPIO_NAREA": 12338.1283268,
        "MPIO_CSMBL": "4",
        "MPIO_CCNCT": "95025",
        "MPIO_NANO": 2012,
        "SHAPE_Leng": 11.5274368951,
        "SHAPE_Area": 1.00278492428,
        "NOMBRE": "EL RETORNO",
        "DANE": {
          "dpto_ccdgo": "95",
          "mpio_ccdgo": "025",
          "mpio_cdpmp": "95025",
          "dpto_cnmbr": "GUAVIARE",
          "mpio_cnmbr": "EL RETORNO",
          "mpio_crslc": "Ordenanza 001 del 7 de Agosto de 1992",
          "mpio_tipo": "MUNICIPIO",
          "mpio_narea": 12442.225772,
          "mpio_nano": 2024,
          "shape_Leng": 12.0048287599,
          "shape_Area": 1.00930114017
        }
      }
    },
    {
      "type": "Feature",
      "geometry": {
        "type": "Polygon",
        "coordinates": [
          [
            [
              -71.3922,
              1.7355
            ],
            [
              -71.476,
              1.7686
            ],
            [
              -71.5256,
              1.7855
            ],
            [
              -71.5818,
              1.8003
            ],
            [
              -71.6283,
              1.8089
            ],
            [
              -71.6596,
              1.8091
            ],
            [
              -71.6772,
              1.8197
            ],
            [
              -71.6895,
              1.8213
            ],
            [
              -71.703,
              1.8289
            ],
            [
              -71.7063,
              1.8514
            ],
            [
              -71.7151,
              1.8587
            ],
            [
              -71.7357,
              1.8421
            ],
            [
              -71.7437,
              1.8517
            ],
            [
              -71.7638,
              1.8599
            ],
            [
              -71.767,
              1.8658
            ],
            [
              -71.786,
              1.8728
            ],
            [
              -71.8048,
              1.8733
            ],
            [
              -71.8237,
              1.8688
            ],
            [
              -71.8411,
              1.8794
            ],
            [
              -71.848,
              1.8758
            ],
            [
              -71.8692,
              1.8861
            ],
            [
              -71.8803,
              1.8991
            ],
            [
              -71.8887,
              1.9237
            ],
            [
              -71.8995,
              1.94
            ],
            [
              -71.9083,
              1.944
            ],
            [
              -71.9115,
              1.9578
            ],
            [
              -71.9352,
              1.9601
            ],
            [
              -71.9488,
              1.9704
            ],
            [
              -71.9543,
              1.9652
            ],
            [
              -71.9641,
              1.9902
            ],
            [
              -71.9703,
              1.9866
            ],
            [
              -72.008,
              1.9966
            ],
            [
              -72.0295,
              1.9951
            ],
            [
              -72.0561,
              1.9708
            ],
            [
              -72.0717,
              1.9759
            ],
            [
              -72.0784,
              1.971
            ],
            [
              -72.1559,
              1.9468
            ],
            [
              -72.4359,
              1.8548
            ],
            [
              -72.431,
              1.8425
            ],
            [
              -72.4209,
              1.8378
            ],
            [
              -72.4181,
              1.8263
            ],
            [
              -72.401,
              1.8246
            ],
            [
              -72.3834,
              1.8123
            ],
            [
              -72.3637,
              1.7876
            ],
            [
              -72.3748,
              1.7717
            ],
            [
              -72.3988,
              1.7625
            ],
            [
              -72.407,
              1.7406
            ],
            [
              -72.3971,
              1.7335
            ],
            [
              -72.404,
              1.7243
            ],
            [
              -72.3963,
              1.7153
            ],
            [
              -72.3958,
              1.6897
            ],
            [
              -72.391,
              1.6853
            ],
            [
              -72.405,
              1.6631
            ],
            [
              -72.4005,
              1.6321
            ],
            [
              -72.4061,
              1.6224
            ],
            [
              -72.3999,
              1.6143
            ],
            [
              -72.379,
              1.6175
            ],
            [
              -72.3695,
              1.6071
            ],
            [
              -72.3678,
              1.5929
            ],
            [
              -72.3434,
              1.5893
            ],
            [
              -72.3246,
              1.6
            ],
            [
              -72.3061,
              1.5853
            ],
            [
              -72.3132,
              1.5751
            ],
            [
              -72.3034,
              1.5583
            ],
            [
              -72.3004,
              1.5272
            ],
            [
              -72.3169,
              1.5334
            ],
            [
              -72.3343,
              1.5218
            ],
            [
              -72.3408,
              1.5077
            ],
            [
              -72.3499,
              1.5126
            ],
            [
              -72.3677,
              1.508
            ],
            [
              -72.378,
              1.4882
            ],
            [
              -72.3797,
              1.4719
            ],
            [
              -72.3984,
              1.4414
            ],
            [
              -72.4351,
              1.4404
            ],
            [
              -72.4562,
              1.4322
            ],
            [
              -72.4732,
              1.4318
            ],
            [
              -72.4807,
              1.4407
            ],
            [
              -72.4934,
              1.444
            ],
            [
              -72.5039,
              1.4398
            ],
            [
              -72.5242,
              1.4445
            ],
            [
              -72.5317,
              1.4611
            ],
            [
              -72.547,
              1.4684
            ],
            [
              -72.5542,
              1.4638
            ],
            [
              -72.571,
              1.4728
            ],
            [
              -72.5779,
              1.4852
            ],
            [
              -72.6338,
              1.3722
            ],
            [
              -72.7262,
              1.1858
            ],
            [
              -72.719,
              1.1879
            ],
            [
              -72.6962,
              1.18
            ],
            [
              -72.6937,
              1.1636
            ],
            [
              -72.6708,
              1.1638
            ],
            [
              -72.6578,
              1.1518
            ],
            [
              -72.6514,
              1.1717
            ],
            [
              -72.6367,
              1.1594
            ],
            [
              -72.6352,
              1.1491
            ],
            [
              -72.6192,
              1.1341
            ],
            [
              -72.6032,
              1.1315
            ],
            [
              -72.5897,
              1.1249
            ],
            [
              -72.5875,
              1.1172
            ],
            [
              -72.5749,
              1.1139
            ],
            [
              -72.557,
              1.0936
            ],
            [
              -72.5346,
              1.0837
            ],
            [
              -72.5189,
              1.08
            ],
            [
              -72.508,
              1.0676
            ],
            [
              -72.5002,
              1.0733
            ],
            [
              -72.4841,
              1.0716
            ],
            [
              -72.4678,
              1.0839
            ],
            [
              -72.4569,
              1.0804
            ],
            [
              -72.4551,
              1.0705
            ],
            [
              -72.4262,
              1.0373
            ],
            [
              -72.4237,
              1.0227
            ],
            [
              -72.4006,
              1.0054
            ],
            [
              -72.4034,
              0.9922
            ],
            [
              -72.4103,
              0.9874
            ],
            [
              -72.4005,
              0.9674
            ],
            [
              -72.377,
              0.9576
            ],
            [
              -72.3923,
              0.9233
            ],
            [
              -72.374,
              0.9174
            ],
            [
              -72.3544,
              0.9351
            ],
            [
              -72.3398,
              0.9241
            ],
            [
              -72.3462,
              0.8996
            ],
            [
              -72.3324,
              0.8804
            ],
            [
              -72.3432,
              0.8707
            ],
            [
              -72.3311,
              0.8508
            ],
            [
              -72.3168,
              0.8544
            ],
            [
              -72.3247,
              0.8658
            ],
            [
              -72.3239,
              0.8754
            ],
            [
              -72.3089,
              0.8763
            ],
            [
              -72.3001,
              0.8821
            ],
            [
              -72.2885,
              0.8732
            ],
            [
              -72.287,
              0.8623
            ],
            [
              -72.2966,
              0.854
            ],
            [
              -72.3001,
              0.8378
            ],
            [
              -72.288,
              0.8238
            ],
            [
              -72.3033,
              0.8174
            ],
            [
              -72.3101,
              0.8093
            ],
            [
              -72.2934,
              0.7824
            ],
            [
              -72.2697,
              0.7631
            ],
            [
              -72.2611,
              0.7669
            ],
            [
              -72.2662,
              0.7947
            ],
            [
              -72.2504,
              0.7902
            ],
            [
              -72.2387,
              0.7681
            ],
            [
              -72.2262,
              0.7575
            ],
            [
              -72.2219,
              0.7473
            ],
            [
              -72.2303,
              0.7162
            ],
            [
              -72.2101,
              0.7001
            ],
            [
              -72.2004,
              0.702
            ],
            [
              -72.1908,
              0.727
            ],
            [
              -72.1625,
              0.7143
            ],
            [
              -72.1593,
              0.7329
            ],
            [
              -72.1403,
              0.7181
            ],
            [
              -72.1289,
              0.7398
            ],
            [
              -72.1195,
              0.7344
            ],
            [
              -72.1214,
              0.7217
            ],
            [
              -72.1098,
              0.7049
            ],
            [
              -72.094,
              0.6988
            ],
            [
              -72.0811,
              0.7049
            ],
            [
              -72.0717,
              0.6949
            ],
            [
              -72.0669,
              0.6812
            ],
            [
              -72.0725,
              0.6662
            ],
            [
              -72.0828,
              0.6571
            ],
            [
              -72.0486,
              0.6562
            ],
            [
              -72.0332,
              0.6643
            ],
            [
              -71.9157,
              0.7787
            ],
            [
              -71.8034,
              0.8881
            ],
            [
              -71.7869,
              0.8954
            ],
            [
              -71.7741,
              0.9061
            ],
            [
              -71.7675,
              0.9311
            ],
            [
              -71.7698,
              0.9517
            ],
            [
              -71.7584,
              0.962
            ],
            [
              -71.7399,
              0.985
            ],
            [
              -71.7286,
              0.9837
            ],
            [
              -71.7105,
              0.9904
            ],
            [
              -71.6919,
              0.9824
            ],
            [
              -71.6883,
              0.9703
            ],
            [
              -71.6646,
              0.9733
            ],
            [
              -71.6496,
              0.9843
            ],
            [
              -71.6159,
              1.037
            ],
            [
              -71.5987,
              1.0454
            ],
            [
              -71.5744,
              1.0813
            ],
            [
              -71.58,
              1.0849
            ],
            [
              -71.5828,
              1.1027
            ],
            [
              -71.5751,
              1.1083
            ],
            [
              -71.5738,
              1.1226
            ],
            [
              -71.5625,
              1.1292
            ],
            [
              -71.5504,
              1.1118
            ],
            [
              -71.5402,
              1.1204
            ],
            [
              -71.557,
              1.1443
            ],
            [
              -71.5562,
              1.1555
            ],
            [
              -71.5355,
              1.1625
            ],
            [
              -71.5301,
              1.1558
            ],
            [
              -71.5355,
              1.1241
            ],
            [
              -71.5239,
              1.114
            ],
            [
              -71.5027,
              1.1033
            ],
            [
              -71.4834,
              1.112
            ],
            [
              -71.4928,
              1.1312
            ],
            [
              -71.5056,
              1.1358
            ],
            [
              -71.5155,
              1.1716
            ],
            [
              -71.5313,
              1.1792
            ],
            [
              -71.531,
              1.1991
            ],
            [
              -71.5514,
              1.2053
            ],
            [
              -71.5516,
              1.2194
            ],
            [
              -71.5389,
              1.2299
            ],
            [
              -71.5472,
              1.2702
            ],
            [
              -71.5312,
              1.278
            ],
            [
              -71.5307,
              1.2954
            ],
            [
              -71.5208,
              1.301
            ],
            [
              -71.5223,
              1.3155
            ],
            [
              -71.5049,
              1.3421
            ],
            [
              -71.5029,
              1.3628
            ],
            [
              -71.4839,
              1.3912
            ],
            [
              -71.4785,
              1.4067
            ],
            [
              -71.4794,
              1.4463
            ],
            [
              -71.4552,
              1.4652
            ],
            [
              -71.4541,
              1.4853
            ],
            [
              -71.4473,
              1.4916
            ],
            [
              -71.438,
              1.5258
            ],
            [
              -71.4396,
              1.5447
            ],
            [
              -71.422,
              1.5684
            ],
            [
              -71.412,
              1.5706
            ],
            [
              -71.3901,
              1.5986
            ],
            [
              -71.3925,
              1.6165
            ],
            [
              -71.3983,
              1.6292
            ],
            [
              -71.3888,
              1.6571
            ],
            [
              -71.3967,
              1.6725
            ],
            [
              -71.4017,
              1.7007
            ],
            [
              -71.4031,
              1.7226
            ],
            [
              -71.3922,
              1.7355
            ]
          ]
        ]
      },
      "properties": {
        "OBJECTID": 1111,
        "DPTO_CCDGO": "54",
        "MPIO_CCDGO": "200",
        "name": "54012",
        "MPIO_CRSLC": "Ordenanza 001 del 7 de Agosto de 1992",
        "MPIO_NANO_": 1993,
        "MPIO_NAREA": 12594.3733272,
        "MPIO_CSMBL": "4",
        "MPIO_CCNCT": "95200",
        "MPIO_NANO": 2012,
        "SHAPE_Leng": 6.73830797515,
        "SHAPE_Area": 1.02316748422,
        "NOMBRE": "MIRAFLORES",
        "DANE": {
          "dpto_ccdgo": "95",
          "mpio_ccdgo": "200",
          "mpio_cdpmp": "95200",
          "dpto_cnmbr": "GUAVIARE",
          "mpio_cnmbr": "MIRAFLORES",
          "mpio_crslc": "Ordenanza 001 del 7 de Agosto de 1992",
          "mpio_tipo": "MUNICIPIO",
          "mpio_narea": 12808.0770569,
          "mpio_nano": 2024,
          "shape_Leng": 7.38542441085,
          "shape_Area": 1.03946228701
        }
      }
    }
  ],
  "name": "54"
}