{
  "type": "FeatureCollection",
  "crs": {
    "type": "name",
    "properties": {
      "name": "urn:ogc:def:crs:OGC:1.3:CRS84"
    }
  },
  "features": [
    {
      "type": "Feature",
      "geometry": {
        "type": "Polygon",
        "coordinates": [
          [
            [
              -67.814,
              5.3426
            ],
            [
              -67.8009,
              5.3576
            ],
            [
              -67.772,
              5.3708
            ],
            [
              -67.7508,
              5.387
            ],
            [
              -67.7254,
              5.3983
            ],
            [
              -67.7159,
              5.4121
            ],
            [
              -67.7013,
              5.4227
            ],
            [
              -67.6831,
              5.4268
            ],
            [
              -67.6249,
              5.4762
            ],
            [
              -67.6181,
              5.5149
            ],
            [
              -67.6029,
              5.5293
            ],
            [
              -67.5989,
              5.5443
            ],
            [
              -67.6199,
              5.5655
            ],
            [
              -67.6202,
              5.5895
            ],
            [
              -67.6289,
              5.6134
            ],
            [
              -67.6306,
              5.6324
            ],
            [
              -67.637,
              5.645
            ],
            [
              -67.638,
              5.6737
            ],
            [
              -67.6347,
              5.687
            ],
            [
              -67.6305,
              5.7338
            ],
            [
              -67.6194,
              5.7482
            ],
            [
              -67.6108,
              5.7763
            ],
            [
              -67.6087,
              5.7954
            ],
            [
              -67.6018,
              5.8061
            ],
            [
              -67.5968,
              5.829
            ],
            [
              -67.5889,
              5.8389
            ],
            [
              -67.5632,
              5.8595
            ],
            [
              -67.5569,
              5.8731
            ],
            [
              -67.5348,
              5.9021
            ],
            [
              -67.5228,
              5.9118
            ],
            [
              -67.502,
              5.9211
            ],
            [
              -67.4753,
              5.9395
            ],
            [
              -67.4636,
              5.9583
            ],
            [
              -67.4451,
              5.9711
            ],
            [
              -67.4182,
              5.983
            ],
            [
              -67.4099,
              5.9956
            ],
            [
              -67.412,
              6.0108
            ],
            [
              -67.4238,
              6.021
            ],
            [
              -67.4284,
              6.0393
            ],
            [
              -67.4591,
              6.0621
            ],
            [
              -67.472,
              6.0818
            ],
            [
              -67.4755,
              6.0985
            ],
            [
              -67.4933,
              6.127
            ],
            [
              -67.492,
              6.1479
            ],
            [
              -67.4855,
              6.1642
            ],
            [
              -67.4566,
              6.1888
            ],
            [
              -67.4571,
              6.1946
            ],
            [
              -67.4747,
              6.212
            ],
            [
              -67.5115,
              6.2339
            ],
            [
              -67.5341,
              6.2594
            ],
            [
              -67.5552,
              6.2671
            ],
            [
              -67.5848,
              6.2621
            ],
            [
              -67.5951,
              6.2668
            ],
            [
              -67.6068,
              6.2813
            ],
            [
              -67.6242,
              6.2912
            ],
            [
              -67.6668,
              6.2907
            ],
            [
              -67.6969,
              6.2935
            ],
            [
              -67.7167,
              6.3001
            ],
            [
              -67.7566,
              6.2914
            ],
            [
              -67.7691,
              6.2942
            ],
            [
              -67.7962,
              6.3201
            ],
            [
              -67.8103,
              6.3243
            ],
            [
              -67.8351,
              6.3176
            ],
            [
              -67.8475,
              6.3104
            ],
            [
              -67.8566,
              6.2984
            ],
            [
              -67.9021,
              6.2676
            ],
            [
              -67.9245,
              6.2401
            ],
            [
              -67.9644,
              6.2197
            ],
            [
              -67.9788,
              6.2079
            ],
            [
              -67.9973,
              6.2088
            ],
            [
              -68.0262,
              6.1963
            ],
            [
              -68.0472,
              6.2017
            ],
            [
              -68.064,
              6.22
            ],
            [
              -68.0931,
              6.2313
            ],
            [
              -68.1173,
              6.2259
            ],
            [
              -68.1394,
              6.2288
            ],
            [
              -68.1711,
              6.2196
            ],
            [
              -68.1863,
              6.2104
            ],
            [
              -68.214,
              6.2075
            ],
            [
              -68.2395,
              6.1977
            ],
            [
              -68.2579,
              6.1968
            ],
            [
              -68.2682,
              6.1848
            ],
            [
              -68.2961,
              6.1661
            ],
            [
              -68.3129,
              6.1622
            ],
            [
              -68.3286,
              6.164
            ],
            [
              -68.3551,
              6.1792
            ],
            [
              -68.3747,
              6.186
            ],
            [
              -68.3974,
              6.1823
            ],
            [
              -68.4132,
              6.1854
            ],
            [
              -68.4269,
              6.1821
            ],
            [
              -68.4461,
              6.1878
            ],
            [
              -68.5123,
              6.1775
            ],
            [
              -68.5229,
              6.1591
            ],
            [
              -68.5335,
              6.1516
            ],
            [
              -68.5511,
              6.1496
            ],
            [
              -68.5738,
              6.1653
            ],
            [
              -68.5964,
              6.1636
            ],
            [
              -68.6155,
              6.1508
            ],
            [
              -68.6316,
              6.1349
            ],
            [
              -68.643,
              6.1293
            ],
            [
              -68.6869,
              6.132
            ],
            [
              -68.6957,
              6.1473
            ],
            [
              -68.7067,
              6.1521
            ],
            [
              -68.7276,
              6.1519
            ],
            [
              -68.7461,
              6.1569
            ],
            [
              -68.7937,
              6.1478
            ],
            [
              -68.7988,
              6.1585
            ],
            [
              -68.8135,
              6.1729
            ],
            [
              -68.8148,
              5.8582
            ],
            [
              -68.8153,
              5.7172
            ],
            [
              -68.8165,
              5.4189
            ],
            [
              -68.808,
              5.4045
            ],
            [
              -68.7961,
              5.406
            ],
            [
              -68.7925,
              5.4183
            ],
            [
              -68.7825,
              5.4166
            ],
            [
              -68.7701,
              5.4012
            ],
            [
              -68.75,
              5.3929
            ],
            [
              -68.7376,
              5.4065
            ],
            [
              -68.7412,
              5.4191
            ],
            [
              -68.7278,
              5.4191
            ],
            [
              -68.7111,
              5.4347
            ],
            [
              -68.7113,
              5.4471
            ],
            [
              -68.6984,
              5.4466
            ],
            [
              -68.6884,
              5.4644
            ],
            [
              -68.6665,
              5.47
            ],
            [
              -68.6577,
              5.458
            ],
            [
              -68.6445,
              5.4511
            ],
            [
              -68.6324,
              5.4546
            ],
            [
              -68.6361,
              5.4833
            ],
            [
              -68.6315,
              5.5073
            ],
            [
              -68.6154,
              5.5048
            ],
            [
              -68.5815,
              5.5136
            ],
            [
              -68.5737,
              5.5246
            ],
            [
              -68.5601,
              5.5244
            ],
            [
              -68.5558,
              5.5383
            ],
            [
              -68.5399,
              5.5135
            ],
            [
              -68.5373,
              5.5041
            ],
            [
              -68.5217,
              5.5064
            ],
            [
              -68.5118,
              5.5142
            ],
            [
              -68.5154,
              5.5264
            ],
            [
              -68.5261,
              5.532
            ],
            [
              -68.5173,
              5.5518
            ],
            [
              -68.499,
              5.5558
            ],
            [
              -68.4906,
              5.5504
            ],
            [
              -68.4771,
              5.5628
            ],
            [
              -68.4687,
              5.5589
            ],
            [
              -68.4722,
              5.5438
            ],
            [
              -68.4643,
              5.5257
            ],
            [
              -68.4566,
              5.5237
            ],
            [
              -68.4331,
              5.5388
            ],
            [
              -68.422,
              5.5238
            ],
            [
              -68.4126,
              5.5234
            ],
            [
              -68.4044,
              5.5386
            ],
            [
              -68.387,
              5.5444
            ],
            [
              -68.379,
              5.5157
            ],
            [
              -68.3712,
              5.5107
            ],
            [
              -68.3491,
              5.5135
            ],
            [
              -68.3297,
              5.5041
            ],
            [
              -68.3306,
              5.493
            ],
            [
              -68.3261,
              5.4692
            ],
            [
              -68.3124,
              5.4714
            ],
            [
              -68.3032,
              5.4638
            ],
            [
              -68.3006,
              5.4405
            ],
            [
              -68.2868,
              5.4294
            ],
            [
              -68.2725,
              5.4237
            ],
            [
              -68.2654,
              5.4281
            ],
            [
              -68.2722,
              5.4673
            ],
            [
              -68.2631,
              5.4712
            ],
            [
              -68.2535,
              5.4651
            ],
            [
              -68.2466,
              5.443
            ],
            [
              -68.223,
              5.4378
            ],
            [
              -68.2068,
              5.4171
            ],
            [
              -68.1958,
              5.3923
            ],
            [
              -68.1857,
              5.388
            ],
            [
              -68.1751,
              5.3924
            ],
            [
              -68.1825,
              5.4122
            ],
            [
              -68.1989,
              5.4193
            ],
            [
              -68.2034,
              5.4325
            ],
            [
              -68.1866,
              5.4354
            ],
            [
              -68.1547,
              5.433
            ],
            [
              -68.1421,
              5.4277
            ],
            [
              -68.1388,
              5.4149
            ],
            [
              -68.1302,
              5.4046
            ],
            [
              -68.1129,
              5.4055
            ],
            [
              -68.1071,
              5.4153
            ],
            [
              -68.1219,
              5.4329
            ],
            [
              -68.1051,
              5.437
            ],
            [
              -68.0892,
              5.4233
            ],
            [
              -68.0881,
              5.3762
            ],
            [
              -68.0614,
              5.3601
            ],
            [
              -68.0543,
              5.3739
            ],
            [
              -68.0672,
              5.384
            ],
            [
              -68.0624,
              5.3932
            ],
            [
              -68.043,
              5.3783
            ],
            [
              -68.0214,
              5.3561
            ],
            [
              -67.9947,
              5.3663
            ],
            [
              -67.9814,
              5.356
            ],
            [
              -67.9751,
              5.3307
            ],
            [
              -67.9587,
              5.3048
            ],
            [
              -67.945,
              5.3075
            ],
            [
              -67.9304,
              5.343
            ],
            [
              -67.9158,
              5.3414
            ],
            [
              -67.9121,
              5.3621
            ],
            [
              -67.8875,
              5.372
            ],
            [
              -67.8518,
              5.3781
            ],
            [
              -67.8524,
              5.3536
            ],
            [
              -67.8443,
              5.3465
            ],
            [
              -67.8242,
              5.3489
            ],
            [
              -67.814,
              5.3426
            ]
          ]
        ]
      },
      "properties": {
        "OBJECTID": 1118,
        "DPTO_CCDGO": "72",
        "MPIO_CCDGO": "001",
        "name": "72001",
        "MPIO_CRSLC": "Decreto 1594 de Ago 5  de 1974",
        "MPIO_NANO_": 1993,
        "MPIO_NAREA": 12110.8706516,
        "MPIO_CSMBL": "4",
        "MPIO_CCNCT": "99001",
        "MPIO_NANO": 2012,
        "SHAPE_Leng": 5.52441598716,
        "SHAPE_Area": 0.988850875504,
        "NOMBRE": "PUERTO CARREÑO",
        "DANE": {
          "dpto_ccdgo": "99",
          "mpio_ccdgo": "001",
          "mpio_cdpmp": "99001",
          "dpto_cnmbr": "VICHADA",
          "mpio_cnmbr": "PUERTO CARREÑO",
          "mpio_crslc": "Decreto 1594 de Ago 5  de 1974",
          "mpio_tipo": "MUNICIPIO",
          "mpio_narea": 12204.9132033,
          "mpio_nano": 2024,
          "shape_Leng": 5.47514536395,
          "shape_Area": 0.985913834602
        }
      }
    },
    {
      "type": "Feature",
      "geometry": {
        "type": "Polygon",
        "coordinates": [
          [
            [
              -68.8135,
              6.1729
            ],
            [
              -68.8304,
              6.18
            ],
            [
              -68.8575,
              6.1771
            ],
            [
              -68.8657,
              6.1704
            ],
            [
              -68.8865,
              6.1679
            ],
            [
              -68.9173,
              6.1772
            ],
            [
              -68.9339,
              6.1768
            ],
            [
              -68.9798,
              6.1965
            ],
            [
              -69.0059,
              6.1917
            ],
            [
              -69.0176,
              6.1945
            ],
            [
              -69.0307,
              6.2167
            ],
            [
              -69.0435,
              6.2216
            ],
            [
              -69.0692,
              6.2171
            ],
            [
              -69.089,
              6.21
            ],
            [
              -69.1028,
              6.1938
            ],
            [
              -69.1228,
              6.1915
            ],
            [
              -69.139,
              6.175
            ],
            [
              -69.1517,
              6.1499
            ],
            [
              -69.1777,
              6.1473
            ],
            [
              -69.212,
              6.1179
            ],
            [
              -69.2173,
              6.102
            ],
            [
              -69.2375,
              6.0799
            ],
            [
              -69.2598,
              6.0829
            ],
            [
              -69.2782,
              6.0818
            ],
            [
              -69.2875,
              6.0871
            ],
            [
              -69.3104,
              6.0909
            ],
            [
              -69.3293,
              6.132
            ],
            [
              -69.3447,
              6.1444
            ],
            [
              -69.361,
              6.14
            ],
            [
              -69.3844,
              6.1255
            ],
            [
              -69.4043,
              6.1256
            ],
            [
              -69.4171,
              6.1124
            ],
            [
              -69.4276,
              6.1073
            ],
            [
              -69.4359,
              6.1046
            ],
            [
              -69.4532,
              6.083
            ],
            [
              -69.4855,
              6.07
            ],
            [
              -69.5028,
              6.0592
            ],
            [
              -69.5357,
              6.0452
            ],
            [
              -69.571,
              6.0445
            ],
            [
              -69.614,
              6.0363
            ],
            [
              -69.6395,
              6.0366
            ],
            [
              -69.6578,
              6.0398
            ],
            [
              -69.6826,
              6.0384
            ],
            [
              -69.7045,
              6.0457
            ],
            [
              -69.7439,
              6.043
            ],
            [
              -69.7843,
              6.0586
            ],
            [
              -69.8042,
              6.0554
            ],
            [
              -69.8359,
              6.0413
            ],
            [
              -69.8428,
              6.0327
            ],
            [
              -69.848,
              5.9987
            ],
            [
              -69.8543,
              5.9845
            ],
            [
              -69.8652,
              5.9748
            ],
            [
              -69.8828,
              5.9698
            ],
            [
              -69.8905,
              5.9519
            ],
            [
              -69.9008,
              5.9397
            ],
            [
              -69.9028,
              5.9293
            ],
            [
              -69.9243,
              5.9107
            ],
            [
              -69.9344,
              5.8749
            ],
            [
              -69.9607,
              5.8654
            ],
            [
              -69.9688,
              5.8563
            ],
            [
              -69.9673,
              5.8259
            ],
            [
              -69.991,
              5.7909
            ],
            [
              -70.0113,
              5.7672
            ],
            [
              -70.0443,
              5.7448
            ],
            [
              -70.0475,
              5.7207
            ],
            [
              -70.0577,
              5.7025
            ],
            [
              -70.0789,
              5.6871
            ],
            [
              -70.1061,
              5.652
            ],
            [
              -70.1144,
              5.6321
            ],
            [
              -70.1531,
              5.6009
            ],
            [
              -70.1711,
              5.6036
            ],
            [
              -70.1859,
              5.5994
            ],
            [
              -70.2002,
              5.6006
            ],
            [
              -70.2155,
              5.5834
            ],
            [
              -70.2303,
              5.5789
            ],
            [
              -70.2646,
              5.5635
            ],
            [
              -70.2984,
              5.5773
            ],
            [
              -70.3154,
              5.5741
            ],
            [
              -70.3367,
              5.5747
            ],
            [
              -70.3558,
              5.5868
            ],
            [
              -70.3908,
              5.5608
            ],
            [
              -70.4012,
              5.5597
            ],
            [
              -70.4187,
              5.546
            ],
            [
              -70.4202,
              5.535
            ],
            [
              -70.4455,
              5.5308
            ],
            [
              -70.4656,
              5.5159
            ],
            [
              -70.5013,
              5.4937
            ],
            [
              -70.5112,
              5.4762
            ],
            [
              -70.5316,
              5.4715
            ],
            [
              -70.5601,
              5.4499
            ],
            [
              -70.5856,
              5.427
            ],
            [
              -70.6043,
              5.4222
            ],
            [
              -70.6206,
              5.4004
            ],
            [
              -70.6497,
              5.3798
            ],
            [
              -70.652,
              5.3738
            ],
            [
              -70.6416,
              5.3698
            ],
            [
              -70.6485,
              5.3533
            ],
            [
              -70.6362,
              5.3348
            ],
            [
              -70.6192,
              5.3357
            ],
            [
              -70.6132,
              5.3236
            ],
            [
              -70.6146,
              5.3008
            ],
            [
              -70.5935,
              5.3103
            ],
            [
              -70.5807,
              5.2863
            ],
            [
              -70.562,
              5.2663
            ],
            [
              -70.5682,
              5.2518
            ],
            [
              -70.5921,
              5.2727
            ],
            [
              -70.602,
              5.2518
            ],
            [
              -70.5842,
              5.2507
            ],
            [
              -70.5755,
              5.2461
            ],
            [
              -70.5796,
              5.2279
            ],
            [
              -70.564,
              5.2099
            ],
            [
              -70.5595,
              5.1887
            ],
            [
              -70.5111,
              5.1642
            ],
            [
              -70.4814,
              5.1751
            ],
            [
              -70.4835,
              5.1634
            ],
            [
              -70.5159,
              5.136
            ],
            [
              -70.5339,
              5.132
            ],
            [
              -70.5443,
              5.1555
            ],
            [
              -70.5525,
              5.1326
            ],
            [
              -70.5508,
              5.1091
            ],
            [
              -70.542,
              5.1054
            ],
            [
              -70.5188,
              5.1163
            ],
            [
              -70.4925,
              5.0844
            ],
            [
              -70.4764,
              5.093
            ],
            [
              -70.4697,
              5.078
            ],
            [
              -70.4502,
              5.0471
            ],
            [
              -70.4256,
              5.0582
            ],
            [
              -70.4047,
              5.0589
            ],
            [
              -70.372,
              5.0734
            ],
            [
              -70.3672,
              5.0499
            ],
            [
              -70.3557,
              5.0499
            ],
            [
              -70.3381,
              5.0269
            ],
            [
              -70.3346,
              5.0179
            ],
            [
              -70.3201,
              5.0137
            ],
            [
              -70.3169,
              5.0043
            ],
            [
              -70.32,
              4.9887
            ],
            [
              -70.3038,
              4.9733
            ],
            [
              -70.2834,
              4.9646
            ],
            [
              -70.2447,
              4.9596
            ],
            [
              -70.215,
              4.9328
            ],
            [
              -70.197,
              4.884
            ],
            [
              -70.1834,
              4.8941
            ],
            [
              -70.1791,
              4.8882
            ],
            [
              -70.1475,
              4.8898
            ],
            [
              -70.1453,
              4.8967
            ],
            [
              -70.1273,
              4.9009
            ],
            [
              -70.1239,
              4.8894
            ],
            [
              -70.1115,
              4.8993
            ],
            [
              -70.105,
              4.8903
            ],
            [
              -70.085,
              4.9005
            ],
            [
              -70.0848,
              4.9196
            ],
            [
              -70.0617,
              4.9175
            ],
            [
              -70.0627,
              4.9302
            ],
            [
              -70.0428,
              4.9295
            ],
            [
              -70.017,
              4.9229
            ],
            [
              -70.0076,
              4.9364
            ],
            [
              -69.9927,
              4.932
            ],
            [
              -69.9757,
              4.9329
            ],
            [
              -69.9675,
              4.9517
            ],
            [
              -69.9493,
              4.9449
            ],
            [
              -69.938,
              4.9534
            ],
            [
              -69.9242,
              4.9562
            ],
            [
              -69.9195,
              4.9671
            ],
            [
              -69.9087,
              4.9584
            ],
            [
              -69.8986,
              4.9846
            ],
            [
              -69.8859,
              4.9856
            ],
            [
              -69.8899,
              4.9641
            ],
            [
              -69.8748,
              4.9692
            ],
            [
              -69.8604,
              4.9487
            ],
            [
              -69.8599,
              4.9677
            ],
            [
              -69.8476,
              4.9666
            ],
            [
              -69.8399,
              4.9489
            ],
            [
              -69.8273,
              4.9639
            ],
            [
              -69.8224,
              4.9529
            ],
            [
              -69.8106,
              4.9466
            ],
            [
              -69.8086,
              4.933
            ],
            [
              -69.8128,
              4.9195
            ],
            [
              -69.8053,
              4.9083
            ],
            [
              -69.8053,
              4.8935
            ],
            [
              -69.7877,
              4.8857
            ],
            [
              -69.7799,
              4.891
            ],
            [
              -69.7459,
              4.8796
            ],
            [
              -69.7322,
              4.8801
            ],
            [
              -69.7292,
              4.8951
            ],
            [
              -69.7176,
              4.8881
            ],
            [
              -69.7008,
              4.8989
            ],
            [
              -69.6864,
              4.9005
            ],
            [
              -69.6722,
              4.8851
            ],
            [
              -69.6613,
              4.8975
            ],
            [
              -69.6648,
              4.9148
            ],
            [
              -69.6493,
              4.9203
            ],
            [
              -69.6519,
              4.9411
            ],
            [
              -69.6302,
              4.9257
            ],
            [
              -69.6285,
              4.9191
            ],
            [
              -69.6126,
              4.9139
            ],
            [
              -69.5896,
              4.9177
            ],
            [
              -69.5865,
              4.9276
            ],
            [
              -69.565,
              4.9148
            ],
            [
              -69.5577,
              4.9348
            ],
            [
              -69.5482,
              4.9315
            ],
            [
              -69.5403,
              4.9444
            ],
            [
              -69.5241,
              4.9537
            ],
            [
              -69.53,
              4.965
            ],
            [
              -69.5253,
              4.9743
            ],
            [
              -69.5131,
              4.983
            ],
            [
              -69.4898,
              4.9773
            ],
            [
              -69.4929,
              4.993
            ],
            [
              -69.4808,
              5.0078
            ],
            [
              -69.4652,
              5.0085
            ],
            [
              -69.4592,
              5.0223
            ],
            [
              -69.431,
              5.032
            ],
            [
              -69.4225,
              5.0446
            ],
            [
              -69.4232,
              5.0697
            ],
            [
              -69.4138,
              5.0859
            ],
            [
              -69.4109,
              5.106
            ],
            [
              -69.4205,
              5.1113
            ],
            [
              -69.4132,
              5.1462
            ],
            [
              -69.4245,
              5.1466
            ],
            [
              -69.4241,
              5.1841
            ],
            [
              -69.3981,
              5.1894
            ],
            [
              -69.3953,
              5.1724
            ],
            [
              -69.3813,
              5.1723
            ],
            [
              -69.37,
              5.1828
            ],
            [
              -69.3338,
              5.1887
            ],
            [
              -69.3379,
              5.1734
            ],
            [
              -69.3261,
              5.1723
            ],
            [
              -69.3137,
              5.1794
            ],
            [
              -69.3123,
              5.1652
            ],
            [
              -69.2938,
              5.1672
            ],
            [
              -69.2697,
              5.1911
            ],
            [
              -69.2569,
              5.1866
            ],
            [
              -69.2315,
              5.1863
            ],
            [
              -69.2252,
              5.1925
            ],
            [
              -69.2031,
              5.1796
            ],
            [
              -69.1898,
              5.1805
            ],
            [
              -69.1914,
              5.1925
            ],
            [
              -69.1812,
              5.1964
            ],
            [
              -69.1726,
              5.1897
            ],
            [
              -69.1714,
              5.1781
            ],
            [
              -69.1565,
              5.1741
            ],
            [
              -69.1461,
              5.1814
            ],
            [
              -69.1408,
              5.1962
            ],
            [
              -69.1533,
              5.2021
            ],
            [
              -69.1521,
              5.2146
            ],
            [
              -69.1395,
              5.2231
            ],
            [
              -69.1124,
              5.2263
            ],
            [
              -69.1121,
              5.2351
            ],
            [
              -69.1242,
              5.2427
            ],
            [
              -69.1281,
              5.2541
            ],
            [
              -69.0937,
              5.2482
            ],
            [
              -69.0953,
              5.2701
            ],
            [
              -69.075,
              5.2823
            ],
            [
              -69.0653,
              5.2744
            ],
            [
              -69.0514,
              5.2793
            ],
            [
              -69.0493,
              5.286
            ],
            [
              -69.0652,
              5.301
            ],
            [
              -69.0733,
              5.2949
            ],
            [
              -69.0904,
              5.2983
            ],
            [
              -69.0861,
              5.3132
            ],
            [
              -69.073,
              5.3111
            ],
            [
              -69.0663,
              5.3201
            ],
            [
              -69.0447,
              5.3128
            ],
            [
              -69.0234,
              5.3259
            ],
            [
              -69.0087,
              5.3046
            ],
            [
              -68.9984,
              5.3072
            ],
            [
              -68.9903,
              5.3257
            ],
            [
              -68.9809,
              5.3312
            ],
            [
              -68.9659,
              5.3234
            ],
            [
              -68.9517,
              5.333
            ],
            [
              -68.947,
              5.3514
            ],
            [
              -68.9393,
              5.3487
            ],
            [
              -68.9285,
              5.334
            ],
            [
              -68.9208,
              5.3362
            ],
            [
              -68.9202,
              5.3515
            ],
            [
              -68.9041,
              5.3486
            ],
            [
              -68.8824,
              5.3841
            ],
            [
              -68.8665,
              5.3951
            ],
            [
              -68.8466,
              5.384
            ],
            [
              -68.8429,
              5.3965
            ],
            [
              -68.8478,
              5.4092
            ],
            [
              -68.8265,
              5.4098
            ],
            [
              -68.8165,
              5.4189
            ],
            [
              -68.8153,
              5.7172
            ],
            [
              -68.8148,
              5.8582
            ],
            [
              -68.8135,
              6.1729
            ]
          ]
        ]
      },
      "properties": {
        "OBJECTID": 1119,
        "DPTO_CCDGO": "72",
        "MPIO_CCDGO": "524",
        "name": "72008",
        "MPIO_CRSLC": "Decreto 676 de Abril13 de 1987",
        "MPIO_NANO_": 1993,
        "MPIO_NAREA": 20109.7269533,
        "MPIO_CSMBL": "4",
        "MPIO_CCNCT": "99524",
        "MPIO_NANO": 2012,
        "SHAPE_Leng": 8.28400371875,
        "SHAPE_Area": 1.63995530289,
        "NOMBRE": "LA PRIMAVERA",
        "DANE": {
          "dpto_ccdgo": "99",
          "mpio_ccdgo": "524",
          "mpio_cdpmp": "99524",
          "dpto_cnmbr": "VICHADA",
          "mpio_cnmbr": "LA PRIMAVERA",
          "mpio_crslc": "Decreto 676 de Abril13 de 1987",
          "mpio_tipo": "MUNICIPIO",
          "mpio_narea": 18569.3376541,
          "mpio_nano": 2024,
          "shape_Leng": 8.08006148305,
          "shape_Area": 1.50622353388
        }
      }
    },
    {
      "type": "Feature",
      "geometry": {
        "type": "Polygon",
        "coordinates": [
          [
            [
              -70.652,
              5.3738
            ],
            [
              -70.6659,
              5.3739
            ],
            [
              -70.6779,
              5.364
            ],
            [
              -70.6814,
              5.348
            ],
            [
              -70.6741,
              5.3155
            ],
            [
              -70.6938,
              5.2835
            ],
            [
              -70.7457,
              5.2449
            ],
            [
              -70.7635,
              5.2255
            ],
            [
              -70.8236,
              5.1863
            ],
            [
              -70.83,
              5.1746
            ],
            [
              -70.8459,
              5.1571
            ],
            [
              -70.8658,
              5.1436
            ],
            [
              -70.8771,
              5.1481
            ],
            [
              -70.8855,
              5.144
            ],
            [
              -70.9135,
              5.1406
            ],
            [
              -70.9422,
              5.1256
            ],
            [
              -70.9538,
              5.111
            ],
            [
              -70.9559,
              5.0961
            ],
            [
              -70.9745,
              5.0798
            ],
            [
              -70.9677,
              5.0583
            ],
            [
              -70.9868,
              5.0437
            ],
            [
              -70.985,
              5.0356
            ],
            [
              -70.9983,
              4.9994
            ],
            [
              -71.0023,
              4.9802
            ],
            [
              -71.0124,
              4.9781
            ],
            [
              -71.0235,
              4.9561
            ],
            [
              -71.0387,
              4.9415
            ],
            [
              -71.0417,
              4.9247
            ],
            [
              -71.0562,
              4.9067
            ],
            [
              -71.0681,
              4.906
            ],
            [
              -71.0779,
              4.8991
            ],
            [
              -71.0776,
              4.7266
            ],
            [
              -71.0714,
              4.726
            ],
            [
              -71.047,
              4.7424
            ],
            [
              -71.0297,
              4.7407
            ],
            [
              -70.9993,
              4.7487
            ],
            [
              -70.9836,
              4.7331
            ],
            [
              -70.9673,
              4.7405
            ],
            [
              -70.9726,
              4.7774
            ],
            [
              -70.9586,
              4.7882
            ],
            [
              -70.9354,
              4.7872
            ],
            [
              -70.9228,
              4.8034
            ],
            [
              -70.9053,
              4.8154
            ],
            [
              -70.8912,
              4.8176
            ],
            [
              -70.8636,
              4.81
            ],
            [
              -70.8395,
              4.8129
            ],
            [
              -70.8174,
              4.8038
            ],
            [
              -70.8124,
              4.7929
            ],
            [
              -70.8008,
              4.784
            ],
            [
              -70.7818,
              4.7961
            ],
            [
              -70.7711,
              4.8111
            ],
            [
              -70.7382,
              4.8133
            ],
            [
              -70.7135,
              4.8101
            ],
            [
              -70.7047,
              4.8155
            ],
            [
              -70.691,
              4.8066
            ],
            [
              -70.6851,
              4.7745
            ],
            [
              -70.668,
              4.7679
            ],
            [
              -70.6471,
              4.7677
            ],
            [
              -70.6396,
              4.7718
            ],
            [
              -70.6085,
              4.758
            ],
            [
              -70.5988,
              4.7581
            ],
            [
              -70.586,
              4.7484
            ],
            [
              -70.5508,
              4.7332
            ],
            [
              -70.5323,
              4.7358
            ],
            [
              -70.5176,
              4.7305
            ],
            [
              -70.515,
              4.7206
            ],
            [
              -70.5005,
              4.7147
            ],
            [
              -70.4776,
              4.7208
            ],
            [
              -70.4644,
              4.7141
            ],
            [
              -70.4536,
              4.7232
            ],
            [
              -70.4392,
              4.7229
            ],
            [
              -70.4457,
              4.7368
            ],
            [
              -70.4311,
              4.7413
            ],
            [
              -70.4171,
              4.7675
            ],
            [
              -70.4041,
              4.76
            ],
            [
              -70.3877,
              4.7617
            ],
            [
              -70.3537,
              4.7477
            ],
            [
              -70.3452,
              4.7604
            ],
            [
              -70.3223,
              4.7859
            ],
            [
              -70.2987,
              4.7901
            ],
            [
              -70.2963,
              4.8004
            ],
            [
              -70.2807,
              4.8013
            ],
            [
              -70.2814,
              4.8102
            ],
            [
              -70.2566,
              4.834
            ],
            [
              -70.2453,
              4.8268
            ],
            [
              -70.2084,
              4.8612
            ],
            [
              -70.211,
              4.8758
            ],
            [
              -70.197,
              4.884
            ],
            [
              -70.215,
              4.9328
            ],
            [
              -70.2447,
              4.9596
            ],
            [
              -70.2834,
              4.9646
            ],
            [
              -70.3038,
              4.9733
            ],
            [
              -70.32,
              4.9887
            ],
            [
              -70.3169,
              5.0043
            ],
            [
              -70.3201,
              5.0137
            ],
            [
              -70.3346,
              5.0179
            ],
            [
              -70.3381,
              5.0269
            ],
            [
              -70.3557,
              5.0499
            ],
            [
              -70.3672,
              5.0499
            ],
            [
              -70.372,
              5.0734
            ],
            [
              -70.4047,
              5.0589
            ],
            [
              -70.4256,
              5.0582
            ],
            [
              -70.4502,
              5.0471
            ],
            [
              -70.4697,
              5.078
            ],
            [
              -70.4764,
              5.093
            ],
            [
              -70.4925,
              5.0844
            ],
            [
              -70.5188,
              5.1163
            ],
            [
              -70.542,
              5.1054
            ],
            [
              -70.5508,
              5.1091
            ],
            [
              -70.5525,
              5.1326
            ],
            [
              -70.5443,
              5.1555
            ],
            [
              -70.5339,
              5.132
            ],
            [
              -70.5159,
              5.136
            ],
            [
              -70.4835,
              5.1634
            ],
            [
              -70.4814,
              5.1751
            ],
            [
              -70.5111,
              5.1642
            ],
            [
              -70.5595,
              5.1887
            ],
            [
              -70.564,
              5.2099
            ],
            [
              -70.5796,
              5.2279
            ],
            [
              -70.5755,
              5.2461
            ],
            [
              -70.5842,
              5.2507
            ],
            [
              -70.602,
              5.2518
            ],
            [
              -70.5921,
              5.2727
            ],
            [
              -70.5682,
              5.2518
            ],
            [
              -70.562,
              5.2663
            ],
            [
              -70.5807,
              5.2863
            ],
            [
              -70.5935,
              5.3103
            ],
            [
              -70.6146,
              5.3008
            ],
            [
              -70.6132,
              5.3236
            ],
            [
              -70.6192,
              5.3357
            ],
            [
              -70.6362,
              5.3348
            ],
            [
              -70.6485,
              5.3533
            ],
            [
              -70.6416,
              5.3698
            ],
            [
              -70.652,
              5.3738
            ]
          ]
        ]
      },
      "properties": {
        "OBJECTID": 1120,
        "DPTO_CCDGO": "72",
        "MPIO_CCDGO": "624",
        "name": "72002",
        "MPIO_CRSLC": "Ordenanza 19 de Noviembre 26 de 1993",
        "MPIO_NANO_": 1993,
        "MPIO_NAREA": 1984.4597127,
        "MPIO_CSMBL": "4",
        "MPIO_CCNCT": "99624",
        "MPIO_NANO": 2012,
        "SHAPE_Leng": 2.31384883496,
        "SHAPE_Area": 0.161812464422,
        "NOMBRE": "SANTA ROSALIA",
        "DANE": {
          "dpto_ccdgo": "99",
          "mpio_ccdgo": "624",
          "mpio_cdpmp": "99624",
          "dpto_cnmbr": "VICHADA",
          "mpio_cnmbr": "SANTA ROSALÍA",
          "mpio_crslc": "Ordenanza 19 de Noviembre 26 de 1993",
          "mpio_tipo": "MUNICIPIO",
          "mpio_narea": 3691.8691786,
          "mpio_nano": 2024,
          "shape_Leng": 3.80584720981,
          "shape_Area": 0.299959746962
        }
      }
    },
    {
      "type": "Feature",
      "geometry": {
        "type": "Polygon",
        "coordinates": [
          [
            [
              -67.814,
              5.3426
            ],
            [
              -67.8242,
              5.3489
            ],
            [
              -67.8443,
              5.3465
            ],
            [
              -67.8524,
              5.3536
            ],
            [
              -67.8518,
              5.3781
            ],
            [
              -67.8875,
              5.372
            ],
            [
              -67.9121,
              5.3621
            ],
            [
              -67.9158,
              5.3414
            ],
            [
              -67.9304,
              5.343
            ],
            [
              -67.945,
              5.3075
            ],
            [
              -67.9587,
              5.3048
            ],
            [
              -67.9751,
              5.3307
            ],
            [
              -67.9814,
              5.356
            ],
            [
              -67.9947,
              5.3663
            ],
            [
              -68.0214,
              5.3561
            ],
            [
              -68.043,
              5.3783
            ],
            [
              -68.0624,
              5.3932
            ],
            [
              -68.0672,
              5.384
            ],
            [
              -68.0543,
              5.3739
            ],
            [
              -68.0614,
              5.3601
            ],
            [
              -68.0881,
              5.3762
            ],
            [
              -68.0892,
              5.4233
            ],
            [
              -68.1051,
              5.437
            ],
            [
              -68.1219,
              5.4329
            ],
            [
              -68.1071,
              5.4153
            ],
            [
              -68.1129,
              5.4055
            ],
            [
              -68.1302,
              5.4046
            ],
            [
              -68.1388,
              5.4149
            ],
            [
              -68.1421,
              5.4277
            ],
            [
              -68.1547,
              5.433
            ],
            [
              -68.1866,
              5.4354
            ],
            [
              -68.2034,
              5.4325
            ],
            [
              -68.1989,
              5.4193
            ],
            [
              -68.1825,
              5.4122
            ],
            [
              -68.1751,
              5.3924
            ],
            [
              -68.1857,
              5.388
            ],
            [
              -68.1958,
              5.3923
            ],
            [
              -68.2068,
              5.4171
            ],
            [
              -68.223,
              5.4378
            ],
            [
              -68.2466,
              5.443
            ],
            [
              -68.2535,
              5.4651
            ],
            [
              -68.2631,
              5.4712
            ],
            [
              -68.2722,
              5.4673
            ],
            [
              -68.2654,
              5.4281
            ],
            [
              -68.2725,
              5.4237
            ],
            [
              -68.2868,
              5.4294
            ],
            [
              -68.3006,
              5.4405
            ],
            [
              -68.3032,
              5.4638
            ],
            [
              -68.3124,
              5.4714
            ],
            [
              -68.3261,
              5.4692
            ],
            [
              -68.3306,
              5.493
            ],
            [
              -68.3297,
              5.5041
            ],
            [
              -68.3491,
              5.5135
            ],
            [
              -68.3712,
              5.5107
            ],
            [
              -68.379,
              5.5157
            ],
            [
              -68.387,
              5.5444
            ],
            [
              -68.4044,
              5.5386
            ],
            [
              -68.4126,
              5.5234
            ],
            [
              -68.422,
              5.5238
            ],
            [
              -68.4331,
              5.5388
            ],
            [
              -68.4566,
              5.5237
            ],
            [
              -68.4643,
              5.5257
            ],
            [
              -68.4722,
              5.5438
            ],
            [
              -68.4687,
              5.5589
            ],
            [
              -68.4771,
              5.5628
            ],
            [
              -68.4906,
              5.5504
            ],
            [
              -68.499,
              5.5558
            ],
            [
              -68.5173,
              5.5518
            ],
            [
              -68.5261,
              5.532
            ],
            [
              -68.5154,
              5.5264
            ],
            [
              -68.5118,
              5.5142
            ],
            [
              -68.5217,
              5.5064
            ],
            [
              -68.5373,
              5.5041
            ],
            [
              -68.5399,
              5.5135
            ],
            [
              -68.5558,
              5.5383
            ],
            [
              -68.5601,
              5.5244
            ],
            [
              -68.5737,
              5.5246
            ],
            [
              -68.5815,
              5.5136
            ],
            [
              -68.6154,
              5.5048
            ],
            [
              -68.6315,
              5.5073
            ],
            [
              -68.6361,
              5.4833
            ],
            [
              -68.6324,
              5.4546
            ],
            [
              -68.6445,
              5.4511
            ],
            [
              -68.6577,
              5.458
            ],
            [
              -68.6665,
              5.47
            ],
            [
              -68.6884,
              5.4644
            ],
            [
              -68.6984,
              5.4466
            ],
            [
              -68.7113,
              5.4471
            ],
            [
              -68.7111,
              5.4347
            ],
            [
              -68.7278,
              5.4191
            ],
            [
              -68.7412,
              5.4191
            ],
            [
              -68.7376,
              5.4065
            ],
            [
              -68.75,
              5.3929
            ],
            [
              -68.7701,
              5.4012
            ],
            [
              -68.7825,
              5.4166
            ],
            [
              -68.7925,
              5.4183
            ],
            [
              -68.7961,
              5.406
            ],
            [
              -68.808,
              5.4045
            ],
            [
              -68.8165,
              5.4189
            ],
            [
              -68.8265,
              5.4098
            ],
            [
              -68.8478,
              5.4092
            ],
            [
              -68.8429,
              5.3965
            ],
            [
              -68.8466,
              5.384
            ],
            [
              -68.8665,
              5.3951
            ],
            [
              -68.8824,
              5.3841
            ],
            [
              -68.9041,
              5.3486
            ],
            [
              -68.9202,
              5.3515
            ],
            [
              -68.9208,
              5.3362
            ],
            [
              -68.9285,
              5.334
            ],
            [
              -68.9393,
              5.3487
            ],
            [
              -68.947,
              5.3514
            ],
            [
              -68.9517,
              5.333
            ],
            [
              -68.9659,
              5.3234
            ],
            [
              -68.9809,
              5.3312
            ],
            [
              -68.9903,
              5.3257
            ],
            [
              -68.9984,
              5.3072
            ],
            [
              -69.0087,
              5.3046
            ],
            [
              -69.0234,
              5.3259
            ],
            [
              -69.0447,
              5.3128
            ],
            [
              -69.0663,
              5.3201
            ],
            [
              -69.073,
              5.3111
            ],
            [
              -69.0861,
              5.3132
            ],
            [
              -69.0904,
              5.2983
            ],
            [
              -69.0733,
              5.2949
            ],
            [
              -69.0652,
              5.301
            ],
            [
              -69.0493,
              5.286
            ],
            [
              -69.0514,
              5.2793
            ],
            [
              -69.0653,
              5.2744
            ],
            [
              -69.075,
              5.2823
            ],
            [
              -69.0953,
              5.2701
            ],
            [
              -69.0937,
              5.2482
            ],
            [
              -69.1281,
              5.2541
            ],
            [
              -69.1242,
              5.2427
            ],
            [
              -69.1121,
              5.2351
            ],
            [
              -69.1124,
              5.2263
            ],
            [
              -69.1395,
              5.2231
            ],
            [
              -69.1521,
              5.2146
            ],
            [
              -69.1533,
              5.2021
            ],
            [
              -69.1408,
              5.1962
            ],
            [
              -69.1461,
              5.1814
            ],
            [
              -69.1565,
              5.1741
            ],
            [
              -69.1714,
              5.1781
            ],
            [
              -69.1726,
              5.1897
            ],
            [
              -69.1812,
              5.1964
            ],
            [
              -69.1914,
              5.1925
            ],
            [
              -69.1898,
              5.1805
            ],
            [
              -69.2031,
              5.1796
            ],
            [
              -69.2252,
              5.1925
            ],
            [
              -69.2315,
              5.1863
            ],
            [
              -69.2569,
              5.1866
            ],
            [
              -69.2697,
              5.1911
            ],
            [
              -69.2938,
              5.1672
            ],
            [
              -69.3123,
              5.1652
            ],
            [
              -69.3137,
              5.1794
            ],
            [
              -69.3261,
              5.1723
            ],
            [
              -69.3379,
              5.1734
            ],
            [
              -69.3338,
              5.1887
            ],
            [
              -69.37,
              5.1828
            ],
            [
              -69.3813,
              5.1723
            ],
            [
              -69.3953,
              5.1724
            ],
            [
              -69.3981,
              5.1894
            ],
            [
              -69.4241,
              5.1841
            ],
            [
              -69.4245,
              5.1466
            ],
            [
              -69.4132,
              5.1462
            ],
            [
              -69.4205,
              5.1113
            ],
            [
              -69.4109,
              5.106
            ],
            [
              -69.4138,
              5.0859
            ],
            [
              -69.4232,
              5.0697
            ],
            [
              -69.4225,
              5.0446
            ],
            [
              -69.431,
              5.032
            ],
            [
              -69.4592,
              5.0223
            ],
            [
              -69.4652,
              5.0085
            ],
            [
              -69.4808,
              5.0078
            ],
            [
              -69.4929,
              4.993
            ],
            [
              -69.4898,
              4.9773
            ],
            [
              -69.5131,
              4.983
            ],
            [
              -69.5253,
              4.9743
            ],
            [
              -69.53,
              4.965
            ],
            [
              -69.5241,
              4.9537
            ],
            [
              -69.5403,
              4.9444
            ],
            [
              -69.5482,
              4.9315
            ],
            [
              -69.5577,
              4.9348
            ],
            [
              -69.565,
              4.9148
            ],
            [
              -69.5865,
              4.9276
            ],
            [
              -69.5896,
              4.9177
            ],
            [
              -69.6126,
              4.9139
            ],
            [
              -69.6285,
              4.9191
            ],
            [
              -69.6302,
              4.9257
            ],
            [
              -69.6519,
              4.9411
            ],
            [
              -69.6493,
              4.9203
            ],
            [
              -69.6648,
              4.9148
            ],
            [
              -69.6613,
              4.8975
            ],
            [
              -69.6722,
              4.8851
            ],
            [
              -69.6864,
              4.9005
            ],
            [
              -69.7008,
              4.8989
            ],
            [
              -69.7176,
              4.8881
            ],
            [
              -69.7292,
              4.8951
            ],
            [
              -69.7322,
              4.8801
            ],
            [
              -69.7459,
              4.8796
            ],
            [
              -69.7799,
              4.891
            ],
            [
              -69.7877,
              4.8857
            ],
            [
              -69.8053,
              4.8935
            ],
            [
              -69.8053,
              4.9083
            ],
            [
              -69.8128,
              4.9195
            ],
            [
              -69.8086,
              4.933
            ],
            [
              -69.8106,
              4.9466
            ],
            [
              -69.8224,
              4.9529
            ],
            [
              -69.8273,
              4.9639
            ],
            [
              -69.8399,
              4.9489
            ],
            [
              -69.8476,
              4.9666
            ],
            [
              -69.8599,
              4.9677
            ],
            [
              -69.8604,
              4.9487
            ],
            [
              -69.8748,
              4.9692
            ],
            [
              -69.8899,
              4.9641
            ],
            [
              -69.8859,
              4.9856
            ],
            [
              -69.8986,
              4.9846
            ],
            [
              -69.9087,
              4.9584
            ],
            [
              -69.9195,
              4.9671
            ],
            [
              -69.9242,
              4.9562
            ],
            [
              -69.938,
              4.9534
            ],
            [
              -69.9493,
              4.9449
            ],
            [
              -69.9675,
              4.9517
            ],
            [
              -69.9757,
              4.9329
            ],
            [
              -69.9927,
              4.932
            ],
            [
              -70.0076,
              4.9364
            ],
            [
              -70.017,
              4.9229
            ],
            [
              -70.0428,
              4.9295
            ],
            [
              -70.0627,
              4.9302
            ],
            [
              -70.0617,
              4.9175
            ],
            [
              -70.0848,
              4.9196
            ],
            [
              -70.085,
              4.9005
            ],
            [
              -70.105,
              4.8903
            ],
            [
              -70.1115,
              4.8993
            ],
            [
              -70.1239,
              4.8894
            ],
            [
              -70.1273,
              4.9009
            ],
            [
              -70.1453,
              4.8967
            ],
            [
              -70.1475,
              4.8898
            ],
            [
              -70.1791,
              4.8882
            ],
            [
              -70.1834,
              4.8941
            ],
            [
              -70.197,
              4.884
            ],
            [
              -70.211,
              4.8758
            ],
            [
              -70.2084,
              4.8612
            ],
            [
              -70.2453,
              4.8268
            ],
            [
              -70.2566,
              4.834
            ],
            [
              -70.2814,
              4.8102
            ],
            [
              -70.2807,
              4.8013
            ],
            [
              -70.2963,
              4.8004
            ],
            [
              -70.2987,
              4.7901
            ],
            [
              -70.3223,
              4.7859
            ],
            [
              -70.3452,
              4.7604
            ],
            [
              -70.3537,
              4.7477
            ],
            [
              -70.3877,
              4.7617
            ],
            [
              -70.4041,
              4.76
            ],
            [
              -70.4171,
              4.7675
            ],
            [
              -70.4311,
              4.7413
            ],
            [
              -70.4457,
              4.7368
            ],
            [
              -70.4392,
              4.7229
            ],
            [
              -70.4536,
              4.7232
            ],
            [
              -70.4644,
              4.7141
            ],
            [
              -70.4776,
              4.7208
            ],
            [
              -70.5005,
              4.7147
            ],
            [
              -70.515,
              4.7206
            ],
            [
              -70.5176,
              4.7305
            ],
            [
              -70.5323,
              4.7358
            ],
            [
              -70.5508,
              4.7332
            ],
            [
              -70.586,
              4.7484
            ],
            [
              -70.5988,
              4.7581
            ],
            [
              -70.6085,
              4.758
            ],
            [
              -70.6396,
              4.7718
            ],
            [
              -70.6471,
              4.7677
            ],
            [
              -70.668,
              4.7679
            ],
            [
              -70.6851,
              4.7745
            ],
            [
              -70.691,
              4.8066
            ],
            [
              -70.7047,
              4.8155
            ],
            [
              -70.7135,
              4.8101
            ],
            [
              -70.7382,
              4.8133
            ],
            [
              -70.7711,
              4.8111
            ],
            [
              -70.7818,
              4.7961
            ],
            [
              -70.8008,
              4.784
            ],
            [
              -70.8124,
              4.7929
            ],
            [
              -70.8174,
              4.8038
            ],
            [
              -70.8395,
              4.8129
            ],
            [
              -70.8636,
              4.81
            ],
            [
              -70.8912,
              4.8176
            ],
            [
              -70.9053,
              4.8154
            ],
            [
              -70.9228,
              4.8034
            ],
            [
              -70.9354,
              4.7872
            ],
            [
              -70.9586,
              4.7882
            ],
            [
              -70.9726,
              4.7774
            ],
            [
              -70.9673,
              4.7405
            ],
            [
              -70.9836,
              4.7331
            ],
            [
              -70.9993,
              4.7487
            ],
            [
              -71.0297,
              4.7407
            ],
            [
              -71.047,
              4.7424
            ],
            [
              -71.0714,
              4.726
            ],
            [
              -71.0776,
              4.7266
            ],
            [
              -71.0777,
              4.4951
            ],
            [
              -71.0776,
              4.3692
            ],
            [
              -71.0776,
              4.1757
            ],
            [
              -71.0776,
              3.8934
            ],
            [
              -71.0776,
              3.7404
            ],
            [
              -71.0776,
              3.5251
            ],
            [
              -71.0776,
              3.3555
            ],
            [
              -71.0775,
              3.0522
            ],
            [
              -71.0775,
              2.8822
            ],
            [
              -71.0656,
              2.8735
            ],
            [
              -71.0654,
              2.8619
            ],
            [
              -71.0581,
              2.8528
            ],
            [
              -71.0262,
              2.8465
            ],
            [
              -71.0169,
              2.8569
            ],
            [
              -71.0055,
              2.8527
            ],
            [
              -70.9902,
              2.8299
            ],
            [
              -70.9728,
              2.8328
            ],
            [
              -70.9546,
              2.8421
            ],
            [
              -70.9475,
              2.8322
            ],
            [
              -70.9479,
              2.818
            ],
            [
              -70.9604,
              2.8048
            ],
            [
              -70.9524,
              2.7886
            ],
            [
              -70.9364,
              2.788
            ],
            [
              -70.9281,
              2.8025
            ],
            [
              -70.9255,
              2.8214
            ],
            [
              -70.9417,
              2.8396
            ],
            [
              -70.9364,
              2.8581
            ],
            [
              -70.9097,
              2.8474
            ],
            [
              -70.9003,
              2.8117
            ],
            [
              -70.8882,
              2.7937
            ],
            [
              -70.8716,
              2.7957
            ],
            [
              -70.871,
              2.8094
            ],
            [
              -70.8824,
              2.8296
            ],
            [
              -70.8833,
              2.8402
            ],
            [
              -70.8753,
              2.8471
            ],
            [
              -70.8606,
              2.8372
            ],
            [
              -70.8554,
              2.8185
            ],
            [
              -70.8621,
              2.8128
            ],
            [
              -70.8754,
              2.7839
            ],
            [
              -70.8668,
              2.7758
            ],
            [
              -70.8574,
              2.7821
            ],
            [
              -70.8463,
              2.7999
            ],
            [
              -70.8224,
              2.813
            ],
            [
              -70.8097,
              2.8123
            ],
            [
              -70.7968,
              2.7964
            ],
            [
              -70.7943,
              2.7832
            ],
            [
              -70.799,
              2.7757
            ],
            [
              -70.8153,
              2.7679
            ],
            [
              -70.8113,
              2.76
            ],
            [
              -70.7998,
              2.7602
            ],
            [
              -70.7787,
              2.768
            ],
            [
              -70.7621,
              2.7672
            ],
            [
              -70.7463,
              2.7759
            ],
            [
              -70.7306,
              2.7934
            ],
            [
              -70.7199,
              2.7912
            ],
            [
              -70.7168,
              2.7809
            ],
            [
              -70.7205,
              2.7498
            ],
            [
              -70.7108,
              2.7374
            ],
            [
              -70.703,
              2.7398
            ],
            [
              -70.6915,
              2.7539
            ],
            [
              -70.6802,
              2.779
            ],
            [
              -70.6578,
              2.7809
            ],
            [
              -70.6421,
              2.7993
            ],
            [
              -70.6392,
              2.8178
            ],
            [
              -70.6426,
              2.8254
            ],
            [
              -70.6603,
              2.8401
            ],
            [
              -70.6601,
              2.8574
            ],
            [
              -70.6446,
              2.8546
            ],
            [
              -70.634,
              2.846
            ],
            [
              -70.6318,
              2.808
            ],
            [
              -70.6183,
              2.7917
            ],
            [
              -70.6055,
              2.8011
            ],
            [
              -70.5972,
              2.8363
            ],
            [
              -70.5833,
              2.84
            ],
            [
              -70.5699,
              2.8327
            ],
            [
              -70.5537,
              2.8171
            ],
            [
              -70.5275,
              2.8036
            ],
            [
              -70.5092,
              2.7884
            ],
            [
              -70.5012,
              2.788
            ],
            [
              -70.4988,
              2.8084
            ],
            [
              -70.4673,
              2.8168
            ],
            [
              -70.448,
              2.8194
            ],
            [
              -70.4046,
              2.8309
            ],
            [
              -70.3739,
              2.8492
            ],
            [
              -70.3587,
              2.8519
            ],
            [
              -70.3515,
              2.8598
            ],
            [
              -70.3488,
              2.8784
            ],
            [
              -70.3561,
              2.9042
            ],
            [
              -70.3509,
              2.9162
            ],
            [
              -70.324,
              2.9134
            ],
            [
              -70.2986,
              2.9307
            ],
            [
              -70.2798,
              2.9343
            ],
            [
              -70.2778,
              2.9547
            ],
            [
              -70.2801,
              2.9803
            ],
            [
              -70.2849,
              3.0008
            ],
            [
              -70.3018,
              3.0262
            ],
            [
              -70.2951,
              3.0354
            ],
            [
              -70.2719,
              3.0308
            ],
            [
              -70.2557,
              3.0385
            ],
            [
              -70.2584,
              3.0493
            ],
            [
              -70.2727,
              3.0661
            ],
            [
              -70.2855,
              3.0714
            ],
            [
              -70.3113,
              3.0698
            ],
            [
              -70.3216,
              3.0832
            ],
            [
              -70.3132,
              3.0901
            ],
            [
              -70.2825,
              3.0924
            ],
            [
              -70.2787,
              3.0996
            ],
            [
              -70.2879,
              3.124
            ],
            [
              -70.2599,
              3.1436
            ],
            [
              -70.2473,
              3.1765
            ],
            [
              -70.2338,
              3.1824
            ],
            [
              -70.2127,
              3.1682
            ],
            [
              -70.2052,
              3.1783
            ],
            [
              -70.2081,
              3.188
            ],
            [
              -70.2202,
              3.197
            ],
            [
              -70.2097,
              3.2072
            ],
            [
              -70.1996,
              3.1949
            ],
            [
              -70.194,
              3.1744
            ],
            [
              -70.1725,
              3.1755
            ],
            [
              -70.1582,
              3.19
            ],
            [
              -70.1607,
              3.1991
            ],
            [
              -70.1778,
              3.2169
            ],
            [
              -70.1783,
              3.2308
            ],
            [
              -70.1673,
              3.2367
            ],
            [
              -70.1535,
              3.2207
            ],
            [
              -70.1523,
              3.1975
            ],
            [
              -70.1422,
              3.19
            ],
            [
              -70.1277,
              3.2031
            ],
            [
              -70.1277,
              3.222
            ],
            [
              -70.1318,
              3.2441
            ],
            [
              -70.1537,
              3.2545
            ],
            [
              -70.1579,
              3.26
            ],
            [
              -70.1579,
              3.2816
            ],
            [
              -70.1476,
              3.2911
            ],
            [
              -70.1327,
              3.2929
            ],
            [
              -70.1184,
              3.2795
            ],
            [
              -70.1085,
              3.2924
            ],
            [
              -70.1428,
              3.3206
            ],
            [
              -70.1534,
              3.3245
            ],
            [
              -70.1719,
              3.3448
            ],
            [
              -70.1703,
              3.3534
            ],
            [
              -70.1334,
              3.3651
            ],
            [
              -70.1284,
              3.3761
            ],
            [
              -70.1305,
              3.3959
            ],
            [
              -70.1191,
              3.4031
            ],
            [
              -70.1084,
              3.3845
            ],
            [
              -70.073,
              3.388
            ],
            [
              -70.0497,
              3.4004
            ],
            [
              -70.043,
              3.411
            ],
            [
              -70.0312,
              3.4182
            ],
            [
              -70.0222,
              3.4157
            ],
            [
              -70.0139,
              3.4002
            ],
            [
              -70.0169,
              3.3839
            ],
            [
              -69.999,
              3.373
            ],
            [
              -69.9694,
              3.3885
            ],
            [
              -69.9435,
              3.3948
            ],
            [
              -69.9392,
              3.4031
            ],
            [
              -69.942,
              3.4201
            ],
            [
              -69.9612,
              3.4376
            ],
            [
              -69.9603,
              3.4569
            ],
            [
              -69.9459,
              3.4592
            ],
            [
              -69.915,
              3.447
            ],
            [
              -69.905,
              3.4263
            ],
            [
              -69.8863,
              3.4263
            ],
            [
              -69.8742,
              3.4335
            ],
            [
              -69.8706,
              3.4445
            ],
            [
              -69.8717,
              3.4619
            ],
            [
              -69.8617,
              3.4754
            ],
            [
              -69.8756,
              3.4987
            ],
            [
              -69.8955,
              3.5172
            ],
            [
              -69.8971,
              3.5329
            ],
            [
              -69.8896,
              3.5394
            ],
            [
              -69.8724,
              3.5358
            ],
            [
              -69.8582,
              3.503
            ],
            [
              -69.8473,
              3.4877
            ],
            [
              -69.8221,
              3.4769
            ],
            [
              -69.8162,
              3.4894
            ],
            [
              -69.8332,
              3.5089
            ],
            [
              -69.8449,
              3.5317
            ],
            [
              -69.8439,
              3.549
            ],
            [
              -69.8341,
              3.5566
            ],
            [
              -69.8208,
              3.5554
            ],
            [
              -69.813,
              3.5391
            ],
            [
              -69.8154,
              3.5159
            ],
            [
              -69.8056,
              3.5069
            ],
            [
              -69.7982,
              3.5098
            ],
            [
              -69.7866,
              3.5243
            ],
            [
              -69.7895,
              3.5503
            ],
            [
              -69.7773,
              3.5646
            ],
            [
              -69.7576,
              3.5613
            ],
            [
              -69.734,
              3.5429
            ],
            [
              -69.7227,
              3.5428
            ],
            [
              -69.7131,
              3.5507
            ],
            [
              -69.7207,
              3.5693
            ],
            [
              -69.7416,
              3.5751
            ],
            [
              -69.7448,
              3.5863
            ],
            [
              -69.7294,
              3.5915
            ],
            [
              -69.7106,
              3.5775
            ],
            [
              -69.7018,
              3.5596
            ],
            [
              -69.7015,
              3.5424
            ],
            [
              -69.6909,
              3.544
            ],
            [
              -69.6807,
              3.558
            ],
            [
              -69.6737,
              3.5792
            ],
            [
              -69.6624,
              3.5855
            ],
            [
              -69.6539,
              3.5833
            ],
            [
              -69.6422,
              3.5707
            ],
            [
              -69.6248,
              3.5701
            ],
            [
              -69.6204,
              3.5907
            ],
            [
              -69.6125,
              3.5955
            ],
            [
              -69.6015,
              3.5882
            ],
            [
              -69.5926,
              3.5677
            ],
            [
              -69.5783,
              3.6034
            ],
            [
              -69.5774,
              3.6288
            ],
            [
              -69.5817,
              3.6381
            ],
            [
              -69.579,
              3.6594
            ],
            [
              -69.5711,
              3.6672
            ],
            [
              -69.5738,
              3.6766
            ],
            [
              -69.5598,
              3.6782
            ],
            [
              -69.5328,
              3.6747
            ],
            [
              -69.5104,
              3.6792
            ],
            [
              -69.4968,
              3.6706
            ],
            [
              -69.4997,
              3.6552
            ],
            [
              -69.4855,
              3.6601
            ],
            [
              -69.4875,
              3.6744
            ],
            [
              -69.4779,
              3.6961
            ],
            [
              -69.4618,
              3.7092
            ],
            [
              -69.4444,
              3.7066
            ],
            [
              -69.4316,
              3.6872
            ],
            [
              -69.4275,
              3.6725
            ],
            [
              -69.4146,
              3.6605
            ],
            [
              -69.4036,
              3.6615
            ],
            [
              -69.3954,
              3.6804
            ],
            [
              -69.3841,
              3.6849
            ],
            [
              -69.3777,
              3.6693
            ],
            [
              -69.3664,
              3.6655
            ],
            [
              -69.3574,
              3.6749
            ],
            [
              -69.329,
              3.6935
            ],
            [
              -69.3205,
              3.6959
            ],
            [
              -69.3129,
              3.7125
            ],
            [
              -69.3056,
              3.7173
            ],
            [
              -69.2918,
              3.7095
            ],
            [
              -69.2915,
              3.6899
            ],
            [
              -69.3037,
              3.6658
            ],
            [
              -69.3057,
              3.6522
            ],
            [
              -69.292,
              3.6448
            ],
            [
              -69.2814,
              3.6524
            ],
            [
              -69.2685,
              3.6785
            ],
            [
              -69.2709,
              3.6964
            ],
            [
              -69.2843,
              3.7072
            ],
            [
              -69.2871,
              3.7227
            ],
            [
              -69.2797,
              3.7263
            ],
            [
              -69.2505,
              3.7181
            ],
            [
              -69.242,
              3.7057
            ],
            [
              -69.2418,
              3.6839
            ],
            [
              -69.233,
              3.6735
            ],
            [
              -69.2204,
              3.6793
            ],
            [
              -69.2105,
              3.7014
            ],
            [
              -69.1968,
              3.6916
            ],
            [
              -69.2029,
              3.6748
            ],
            [
              -69.1971,
              3.6677
            ],
            [
              -69.18,
              3.6758
            ],
            [
              -69.1684,
              3.6722
            ],
            [
              -69.1704,
              3.6557
            ],
            [
              -69.1876,
              3.6419
            ],
            [
              -69.1867,
              3.6339
            ],
            [
              -69.1677,
              3.6342
            ],
            [
              -69.1519,
              3.643
            ],
            [
              -69.1413,
              3.6535
            ],
            [
              -69.1276,
              3.6737
            ],
            [
              -69.1138,
              3.6748
            ],
            [
              -69.109,
              3.6521
            ],
            [
              -69.0985,
              3.637
            ],
            [
              -69.0868,
              3.6394
            ],
            [
              -69.0818,
              3.6548
            ],
            [
              -69.071,
              3.6532
            ],
            [
              -69.0653,
              3.6419
            ],
            [
              -69.0559,
              3.6387
            ],
            [
              -69.012,
              3.682
            ],
            [
              -69.0007,
              3.6896
            ],
            [
              -68.9833,
              3.6938
            ],
            [
              -68.9719,
              3.691
            ],
            [
              -68.9587,
              3.6806
            ],
            [
              -68.9414,
              3.6834
            ],
            [
              -68.9354,
              3.6973
            ],
            [
              -68.9383,
              3.7139
            ],
            [
              -68.947,
              3.7364
            ],
            [
              -68.937,
              3.7423
            ],
            [
              -68.9251,
              3.7294
            ],
            [
              -68.9291,
              3.7113
            ],
            [
              -68.9268,
              3.6878
            ],
            [
              -68.9138,
              3.6822
            ],
            [
              -68.8997,
              3.6866
            ],
            [
              -68.8876,
              3.6994
            ],
            [
              -68.8754,
              3.7055
            ],
            [
              -68.8543,
              3.7026
            ],
            [
              -68.8376,
              3.6706
            ],
            [
              -68.83,
              3.6839
            ],
            [
              -68.8386,
              3.701
            ],
            [
              -68.8521,
              3.7183
            ],
            [
              -68.8526,
              3.7378
            ],
            [
              -68.8378,
              3.7441
            ],
            [
              -68.8099,
              3.719
            ],
            [
              -68.7822,
              3.7285
            ],
            [
              -68.769,
              3.747
            ],
            [
              -68.7695,
              3.7634
            ],
            [
              -68.7601,
              3.7803
            ],
            [
              -68.7427,
              3.7807
            ],
            [
              -68.721,
              3.769
            ],
            [
              -68.7017,
              3.7674
            ],
            [
              -68.6828,
              3.7756
            ],
            [
              -68.6705,
              3.7759
            ],
            [
              -68.6566,
              3.7635
            ],
            [
              -68.6451,
              3.7728
            ],
            [
              -68.6572,
              3.7837
            ],
            [
              -68.674,
              3.7889
            ],
            [
              -68.6813,
              3.8038
            ],
            [
              -68.6702,
              3.8117
            ],
            [
              -68.6548,
              3.8044
            ],
            [
              -68.6449,
              3.784
            ],
            [
              -68.6359,
              3.7742
            ],
            [
              -68.6267,
              3.7728
            ],
            [
              -68.6113,
              3.7829
            ],
            [
              -68.6017,
              3.784
            ],
            [
              -68.5895,
              3.777
            ],
            [
              -68.58,
              3.7898
            ],
            [
              -68.5678,
              3.7859
            ],
            [
              -68.5576,
              3.7678
            ],
            [
              -68.5476,
              3.7714
            ],
            [
              -68.5551,
              3.7845
            ],
            [
              -68.5713,
              3.7994
            ],
            [
              -68.5738,
              3.8107
            ],
            [
              -68.5624,
              3.8199
            ],
            [
              -68.5502,
              3.8128
            ],
            [
              -68.5271,
              3.7854
            ],
            [
              -68.5072,
              3.7803
            ],
            [
              -68.5024,
              3.7918
            ],
            [
              -68.5153,
              3.8116
            ],
            [
              -68.511,
              3.8282
            ],
            [
              -68.4836,
              3.8493
            ],
            [
              -68.466,
              3.8503
            ],
            [
              -68.4542,
              3.8388
            ],
            [
              -68.4425,
              3.8406
            ],
            [
              -68.4402,
              3.8538
            ],
            [
              -68.4503,
              3.8683
            ],
            [
              -68.4468,
              3.8844
            ],
            [
              -68.4334,
              3.8838
            ],
            [
              -68.4144,
              3.8529
            ],
            [
              -68.4044,
              3.8474
            ],
            [
              -68.3933,
              3.8521
            ],
            [
              -68.3903,
              3.864
            ],
            [
              -68.3975,
              3.8779
            ],
            [
              -68.4296,
              3.8959
            ],
            [
              -68.4376,
              3.9076
            ],
            [
              -68.4332,
              3.9201
            ],
            [
              -68.4204,
              3.9267
            ],
            [
              -68.4041,
              3.9245
            ],
            [
              -68.3843,
              3.9128
            ],
            [
              -68.3647,
              3.9208
            ],
            [
              -68.3467,
              3.9241
            ],
            [
              -68.3423,
              3.9356
            ],
            [
              -68.3545,
              3.9477
            ],
            [
              -68.3539,
              3.9601
            ],
            [
              -68.3471,
              3.9699
            ],
            [
              -68.3489,
              3.9863
            ],
            [
              -68.3446,
              3.9932
            ],
            [
              -68.3286,
              3.9902
            ],
            [
              -68.3139,
              3.9778
            ],
            [
              -68.2819,
              3.9796
            ],
            [
              -68.2316,
              3.9729
            ],
            [
              -68.2128,
              3.9592
            ],
            [
              -68.2025,
              3.958
            ],
            [
              -68.1996,
              3.981
            ],
            [
              -68.2072,
              3.9908
            ],
            [
              -68.2,
              3.9971
            ],
            [
              -68.1869,
              3.9875
            ],
            [
              -68.1706,
              3.9863
            ],
            [
              -68.1472,
              3.9986
            ],
            [
              -68.1269,
              3.9995
            ],
            [
              -68.1195,
              3.9821
            ],
            [
              -68.1232,
              3.9703
            ],
            [
              -68.1345,
              3.9582
            ],
            [
              -68.1328,
              3.9465
            ],
            [
              -68.1206,
              3.9393
            ],
            [
              -68.1053,
              3.9497
            ],
            [
              -68.0983,
              3.9746
            ],
            [
              -68.0784,
              3.9805
            ],
            [
              -68.0724,
              3.9632
            ],
            [
              -68.0828,
              3.9481
            ],
            [
              -68.0734,
              3.9384
            ],
            [
              -68.0558,
              3.9773
            ],
            [
              -68.051,
              3.9975
            ],
            [
              -68.043,
              4.0115
            ],
            [
              -68.031,
              4.0088
            ],
            [
              -68.0319,
              3.9838
            ],
            [
              -68.0192,
              3.9738
            ],
            [
              -67.9935,
              3.9803
            ],
            [
              -67.9835,
              3.9701
            ],
            [
              -67.9608,
              3.9625
            ],
            [
              -67.9448,
              3.9654
            ],
            [
              -67.9307,
              3.9565
            ],
            [
              -67.9249,
              3.9453
            ],
            [
              -67.9177,
              3.9092
            ],
            [
              -67.8796,
              3.917
            ],
            [
              -67.8598,
              3.9343
            ],
            [
              -67.8193,
              3.9797
            ],
            [
              -67.7854,
              4.0034
            ],
            [
              -67.7522,
              4.0233
            ],
            [
              -67.7194,
              4.0368
            ],
            [
              -67.7076,
              4.045
            ],
            [
              -67.7185,
              4.0627
            ],
            [
              -67.7229,
              4.0862
            ],
            [
              -67.7332,
              4.1229
            ],
            [
              -67.742,
              4.1392
            ],
            [
              -67.7684,
              4.1623
            ],
            [
              -67.7757,
              4.1826
            ],
            [
              -67.7766,
              4.2042
            ],
            [
              -67.797,
              4.2297
            ],
            [
              -67.7985,
              4.2418
            ],
            [
              -67.7913,
              4.2766
            ],
            [
              -67.8057,
              4.3152
            ],
            [
              -67.804,
              4.3273
            ],
            [
              -67.791,
              4.34
            ],
            [
              -67.7734,
              4.3377
            ],
            [
              -67.7638,
              4.3411
            ],
            [
              -67.7639,
              4.3617
            ],
            [
              -67.7788,
              4.3794
            ],
            [
              -67.7815,
              4.3924
            ],
            [
              -67.7732,
              4.419
            ],
            [
              -67.7871,
              4.425
            ],
            [
              -67.7978,
              4.4371
            ],
            [
              -67.7918,
              4.467
            ],
            [
              -67.8084,
              4.4894
            ],
            [
              -67.8227,
              4.4991
            ],
            [
              -67.8398,
              4.5054
            ],
            [
              -67.8572,
              4.5247
            ],
            [
              -67.8552,
              4.539
            ],
            [
              -67.8405,
              4.5545
            ],
            [
              -67.8401,
              4.5693
            ],
            [
              -67.8461,
              4.5938
            ],
            [
              -67.8438,
              4.6152
            ],
            [
              -67.8449,
              4.6451
            ],
            [
              -67.8387,
              4.6623
            ],
            [
              -67.8227,
              4.6924
            ],
            [
              -67.8178,
              4.7072
            ],
            [
              -67.8238,
              4.7337
            ],
            [
              -67.8263,
              4.7874
            ],
            [
              -67.8223,
              4.8065
            ],
            [
              -67.8233,
              4.8399
            ],
            [
              -67.8283,
              4.8644
            ],
            [
              -67.8357,
              4.8816
            ],
            [
              -67.8376,
              4.9469
            ],
            [
              -67.8247,
              4.9711
            ],
            [
              -67.8203,
              5.0004
            ],
            [
              -67.8214,
              5.0222
            ],
            [
              -67.8097,
              5.0421
            ],
            [
              -67.8059,
              5.055
            ],
            [
              -67.8219,
              5.0659
            ],
            [
              -67.8221,
              5.0839
            ],
            [
              -67.8374,
              5.1101
            ],
            [
              -67.8506,
              5.1261
            ],
            [
              -67.8546,
              5.1379
            ],
            [
              -67.8379,
              5.1779
            ],
            [
              -67.8244,
              5.1961
            ],
            [
              -67.8308,
              5.224
            ],
            [
              -67.8239,
              5.251
            ],
            [
              -67.8314,
              5.2617
            ],
            [
              -67.8469,
              5.2695
            ],
            [
              -67.8513,
              5.2808
            ],
            [
              -67.8495,
              5.304
            ],
            [
              -67.8353,
              5.3231
            ],
            [
              -67.814,
              5.3426
            ]
          ]
        ]
      },
      "properties": {
        "OBJECTID": 1121,
        "DPTO_CCDGO": "72",
        "MPIO_CCDGO": "773",
        "name": "72006",
        "MPIO_CRSLC": "Ordenanza 66 de Noviembre 22 de 1996",
        "MPIO_NANO_": 1993,
        "MPIO_NAREA": 65194.4740425,
        "MPIO_CSMBL": "4",
        "MPIO_CCNCT": "99773",
        "MPIO_NANO": 2012,
        "SHAPE_Leng": 18.3995873273,
        "SHAPE_Area": 5.30561856611,
        "NOMBRE": "CUMARIBO",
        "DANE": {
          "dpto_ccdgo": "99",
          "mpio_ccdgo": "773",
          "mpio_cdpmp": "99773",
          "dpto_cnmbr": "VICHADA",
          "mpio_cnmbr": "CUMARIBO",
          "mpio_crslc": "Ordenanza 66 de Noviembre 22 de 1996",
          "mpio_tipo": "MUNICIPIO",
          "mpio_narea": 65597.250557,
          "mpio_nano": 2024,
          "shape_Leng": 18.7946766348,
          "shape_Area": 5.30858337607
        }
      }
    }
  ],
  "name": "72"
}